Waktu;Hari;Kelompok_Umur_Pengemudi;Jenis_Kelamin_Pengemudi;Pendidikan;Hubungan_Pengemudi_Kendaraan;Pengalaman_Mengemudi;Jenis_Kendaraan;Pemilik_Kendaraan;Usia_Kendaraan;Kerusakan_Kendaraan;Lokasi_Kecelakaan;Jalur_atau_Median;Kondisi_Jalan;Jenis_Persimpangan;Jenis_Permukaan_Jalan;Kondisi_Permukaan_Jalan;Kondisi_Pencahayaan;Kondisi_Cuaca;Jenis_Tabrakan;Jumlah_Kendaraan_Terlibat;Jumlah_Korban;Pergerakan_Kendaraan;Kelas_Korban;Jenis_Kelamin_Korban;Kelompok_Umur_Korban;Keparahan_Korban;Pekerjaan_Korban;Kondisi_Korban;Pergerakan_Pejalan_Kaki;Penyebab_Kecelakaan;Tingkat_Keparahan_Kecelakaan
418;6;0;0;0;0;0;3;1;4;2;9;2;2;6;0;3;3;6;4;2.0;2.0;1;3;2;3;3;3;3;4;13;1
418;6;1;0;2;0;4;0;1;2;2;8;0;2;6;0;3;3;6;2;2.0;2.0;1;3;2;3;3;3;3;4;11;1
418;6;0;0;2;0;0;13;1;5;2;1;5;2;6;0;3;3;6;6;2.0;2.0;1;1;0;1;2;3;3;4;1;0
592;2;0;0;2;0;2;0;3;5;2;8;5;0;4;3;3;2;6;2;2.0;2.0;1;0;1;0;2;3;3;4;0;1
592;2;0;0;2;0;1;3;1;2;2;4;5;2;4;0;3;2;6;2;2.0;2.0;1;3;2;3;3;3;3;4;11;1
264;0;1;0;2;3;2;3;1;5;2;12;2;2;4;0;3;3;6;2;1.0;1.0;11;1;0;1;2;3;3;4;12;1
446;3;0;0;2;0;1;3;1;5;2;9;0;2;5;0;3;3;6;2;1.0;1.0;9;1;1;0;2;3;3;4;4;1
436;0;0;0;2;0;1;3;3;4;2;9;5;2;4;0;3;3;6;2;2.0;1.0;11;3;2;3;3;3;3;4;16;1
436;0;0;0;2;0;4;13;1;0;2;4;5;2;4;3;3;3;6;4;2.0;1.0;1;0;0;5;2;3;3;5;0;1
436;0;0;0;2;0;0;3;1;1;2;9;0;2;4;0;3;3;6;4;2.0;1.0;11;2;0;0;2;3;3;4;13;0
288;4;0;0;0;2;0;6;1;5;2;9;5;2;6;0;3;3;6;3;2.0;1.0;4;3;2;3;3;3;3;4;1;0
288;4;1;0;0;0;5;3;1;5;2;8;0;2;6;3;3;3;6;3;2.0;1.0;1;1;0;0;2;3;3;4;17;0
461;1;0;0;2;0;0;0;1;1;2;8;3;4;6;0;3;3;6;3;2.0;2.0;1;3;2;3;3;3;3;4;18;1
461;1;1;0;2;0;2;13;1;4;2;8;5;2;6;0;3;3;6;3;2.0;2.0;7;3;2;3;3;1;3;4;16;1
461;1;1;0;2;0;4;3;1;0;2;8;0;4;6;0;3;3;6;3;2.0;2.0;1;1;1;0;2;3;3;4;18;0
741;6;0;1;2;0;4;15;1;5;2;8;4;2;4;0;0;2;3;3;2.0;3.0;1;3;2;3;3;3;3;4;18;0
741;6;0;0;2;2;2;6;1;5;2;8;0;2;4;0;0;2;3;3;2.0;3.0;1;3;2;3;3;3;3;4;13;1
741;6;0;0;3;0;1;6;1;5;2;8;5;2;4;0;0;2;3;3;2.0;3.0;1;3;2;3;3;3;3;4;0;0
741;6;0;0;2;0;1;3;1;4;2;9;5;2;4;0;0;2;3;3;2.0;3.0;9;3;2;3;3;4;3;4;17;1
983;5;0;0;2;0;3;14;1;2;2;9;4;2;4;0;3;3;6;3;2.0;1.0;1;1;0;5;2;3;3;4;13;0
983;5;4;0;2;0;1;13;1;5;2;12;4;2;4;0;3;3;6;3;2.0;1.0;1;3;2;3;3;3;3;4;19;1
315;1;0;0;2;0;1;15;1;2;2;2;0;2;5;0;3;3;6;3;1.0;1.0;9;1;0;0;2;3;3;4;11;0
149;1;0;0;3;0;2;13;1;5;2;1;5;2;4;0;3;3;6;1;2.0;1.0;3;2;1;1;2;3;3;4;12;0
149;1;1;0;2;0;4;5;1;5;2;4;0;2;4;0;3;3;6;0;2.0;1.0;2;2;0;0;2;0;3;4;0;0
510;3;0;0;2;3;2;3;1;5;2;9;5;2;5;1;3;3;6;3;2.0;3.0;4;3;2;3;3;3;3;4;14;1
510;3;0;0;2;0;1;12;1;4;2;9;5;1;5;0;3;3;6;0;2.0;3.0;1;1;1;1;2;6;3;4;4;1
510;3;0;2;2;0;2;3;1;1;2;8;3;2;5;0;3;3;6;3;2.0;3.0;1;0;0;5;2;3;3;6;1;1
283;0;0;0;0;0;1;3;1;1;2;0;0;2;6;0;3;3;6;3;1.0;1.0;1;3;2;3;3;3;3;4;0;1
159;5;3;2;2;3;2;3;1;5;2;13;5;2;6;0;3;3;6;2;2.0;1.0;1;1;0;1;2;3;3;4;17;1
159;5;0;0;2;0;0;13;1;5;2;4;5;2;6;0;3;3;6;8;2.0;1.0;1;1;0;0;1;3;3;4;5;1
332;6;0;0;2;0;1;3;1;5;2;9;1;2;5;0;3;3;6;4;1.0;1.0;1;3;2;3;3;3;3;4;1;1
484;1;0;0;2;0;4;3;3;3;2;9;0;2;6;0;3;3;6;4;1.0;1.0;9;1;0;0;2;3;3;4;16;1
327;1;0;0;2;0;3;13;1;2;2;12;0;2;6;0;3;3;6;0;2.0;1.0;2;2;1;0;2;3;3;4;0;1
327;1;1;2;2;0;1;3;3;5;2;9;5;2;6;0;3;3;6;3;2.0;1.0;4;3;2;3;3;3;3;4;18;1
247;4;3;0;2;0;3;3;1;0;2;6;0;6;1;0;3;3;6;3;2.0;1.0;1;1;1;0;2;3;3;4;17;1
247;4;0;0;1;0;2;3;1;1;2;6;0;6;1;0;3;3;6;8;2.0;1.0;1;0;0;5;2;3;3;8;18;1
644;0;0;0;0;0;0;12;1;5;2;8;3;2;5;0;3;2;6;4;2.0;2.0;1;3;2;3;3;3;3;4;16;1
644;0;3;0;2;0;3;3;1;1;2;9;0;6;5;0;3;2;6;3;2.0;2.0;1;1;1;0;1;3;3;4;4;1
644;0;3;0;2;3;2;3;1;5;2;9;5;2;5;0;3;2;6;3;2.0;2.0;1;3;2;3;3;3;3;4;6;1
386;2;3;0;1;0;3;3;1;5;1;5;5;2;6;0;3;3;6;7;2.0;1.0;1;1;1;0;2;0;3;4;1;1
386;2;1;0;1;0;3;4;1;4;2;9;5;2;6;0;3;3;6;2;2.0;1.0;1;3;2;3;3;3;3;4;6;1
706;2;1;0;2;3;2;3;1;2;0;2;5;2;6;0;3;2;6;2;2.0;2.0;1;1;1;1;2;3;3;4;1;1
706;2;0;0;1;0;1;3;1;5;2;8;0;2;6;0;3;2;6;7;2.0;2.0;1;1;0;0;2;3;3;4;16;1
1032;3;0;0;2;0;4;5;1;5;2;8;2;3;4;0;3;3;6;2;2.0;1.0;1;0;0;5;2;6;3;6;18;1
1032;3;0;0;2;0;4;6;3;5;2;8;2;4;4;2;3;3;6;6;2.0;1.0;1;1;0;5;2;3;3;4;0;1
288;0;1;0;2;0;2;15;1;1;2;12;0;3;4;0;3;3;6;2;1.0;1.0;1;3;2;3;3;6;3;4;0;0
68;0;1;0;2;0;0;11;1;1;2;12;0;2;5;0;3;3;6;2;2.0;1.0;1;3;2;3;3;3;3;4;9;1
68;0;1;0;4;0;3;7;1;5;2;9;2;2;5;0;3;3;6;2;2.0;1.0;1;1;1;0;2;6;3;4;18;1
493;6;0;0;2;0;3;11;1;5;2;12;2;2;5;0;3;3;6;0;2.0;1.0;1;3;2;3;3;3;3;4;0;1
493;6;0;0;1;0;1;3;1;3;2;12;0;0;5;0;3;3;6;2;2.0;1.0;1;1;0;0;1;3;3;4;1;1
545;5;0;0;2;2;0;3;1;2;2;12;2;2;0;0;3;3;6;2;2.0;1.0;1;1;1;4;2;6;3;4;19;1
545;5;1;0;2;0;2;2;3;2;2;12;0;2;0;0;3;3;6;2;2.0;1.0;1;3;2;3;3;0;3;4;4;1
121;4;3;0;3;0;1;12;1;1;2;12;3;0;6;0;3;3;6;7;2.0;3.0;1;1;0;1;2;1;3;4;4;1
121;4;1;0;3;2;2;3;1;5;2;12;2;2;6;0;3;3;6;2;2.0;3.0;1;1;0;1;2;0;3;4;18;1
121;4;1;0;2;0;4;11;1;1;2;2;2;2;6;0;3;3;6;6;2.0;3.0;1;3;2;3;3;3;3;4;16;1
121;4;0;2;2;0;2;3;1;2;2;12;0;2;6;0;3;3;6;2;2.0;3.0;1;2;1;0;2;0;3;4;11;1
222;1;0;0;1;0;2;5;2;1;2;4;2;2;6;0;3;3;6;0;2.0;1.0;1;1;0;1;2;3;3;4;17;1
222;1;1;0;2;0;2;3;1;5;2;9;3;2;6;0;3;3;6;2;2.0;1.0;1;3;2;3;3;0;3;4;18;1
173;5;0;2;2;0;4;3;3;4;2;12;2;2;7;0;0;3;3;2;2.0;1.0;1;3;2;3;3;0;3;4;0;1
173;5;3;0;2;0;0;13;1;5;2;8;2;2;7;2;0;3;3;2;2.0;1.0;1;1;0;0;2;0;3;4;6;1
164;0;0;0;2;0;1;3;1;5;2;4;6;2;4;0;3;3;6;2;2.0;1.0;1;3;2;3;3;3;3;4;0;1
164;0;1;0;2;0;0;0;1;0;2;4;3;2;4;0;3;3;6;2;2.0;1.0;1;3;2;3;3;3;3;4;11;1
411;2;1;0;2;0;2;3;1;5;2;12;2;2;4;0;3;3;6;6;2.0;1.0;1;1;0;5;2;2;3;4;4;1
411;2;1;0;3;0;2;5;2;4;2;3;2;2;4;0;3;3;6;2;2.0;1.0;1;3;2;3;3;3;3;4;7;1
499;6;2;1;2;0;2;5;1;5;2;8;4;2;6;3;3;3;6;2;2.0;1.0;1;2;1;4;2;6;3;4;9;1
499;6;1;0;2;0;4;3;1;1;2;2;0;2;6;0;3;3;6;6;2.0;1.0;1;2;1;1;2;3;3;4;15;1
195;1;1;2;2;0;1;3;2;2;2;3;0;3;1;0;3;3;6;6;2.0;1.0;1;2;1;1;2;3;3;4;0;1
195;1;0;0;2;2;4;3;1;4;2;8;5;2;1;0;3;3;6;2;2.0;1.0;12;1;0;0;2;3;3;4;18;1
236;3;0;0;2;0;1;13;1;1;2;12;2;4;6;2;3;3;6;2;2.0;1.0;1;3;2;3;3;3;3;4;4;1
236;3;1;0;3;1;2;5;1;0;2;8;0;2;6;0;3;3;6;2;2.0;1.0;1;1;0;0;2;3;3;4;16;1
519;6;0;0;3;0;2;15;1;1;2;8;2;3;5;0;3;2;6;2;2.0;1.0;2;2;0;0;2;3;3;4;1;1
519;6;1;0;2;3;2;3;1;5;2;12;3;8;5;0;3;2;6;6;2.0;1.0;1;3;2;3;3;3;3;4;17;1
92;1;1;0;2;0;2;3;1;0;2;8;0;0;6;3;3;3;6;2;1.0;4.0;1;1;0;0;2;3;3;4;11;1
92;1;1;0;3;0;4;3;1;5;2;9;0;2;6;0;3;3;6;2;1.0;4.0;1;1;0;4;2;6;3;4;6;1
92;1;1;0;2;0;3;1;1;5;2;12;2;2;6;0;3;3;6;2;1.0;4.0;1;3;2;3;3;3;3;4;16;1
92;1;1;0;2;0;2;5;1;1;2;8;3;2;6;0;3;3;6;2;1.0;4.0;1;1;1;1;2;6;3;4;17;1
354;5;3;0;3;0;0;15;1;2;2;8;0;3;6;0;3;3;6;2;1.0;1.0;4;0;0;1;2;3;3;4;0;0
307;3;3;2;2;3;2;3;1;5;2;8;5;2;6;0;3;3;6;2;1.0;1.0;1;3;2;3;3;3;3;4;6;1
617;2;1;0;2;0;4;3;1;2;2;12;2;0;4;3;3;2;6;6;2.0;1.0;1;1;1;0;2;6;3;4;0;1
617;2;4;0;1;2;1;3;1;5;2;2;0;2;4;0;3;2;6;2;2.0;1.0;1;3;2;3;3;3;3;4;0;1
522;3;1;0;2;0;0;15;1;5;2;4;0;2;5;0;0;2;6;7;2.0;1.0;1;1;1;1;2;1;3;4;1;0
522;3;1;0;2;0;0;13;1;0;2;8;3;2;5;0;0;2;6;6;2.0;1.0;1;1;0;0;1;3;3;4;3;0
354;2;3;0;0;2;1;4;1;5;2;2;0;2;7;0;3;3;6;6;1.0;2.0;1;3;2;3;3;3;3;4;6;1
354;2;3;0;2;3;2;15;1;5;2;8;0;2;7;0;3;3;6;2;1.0;2.0;4;0;1;5;2;3;3;4;18;1
764;3;3;2;3;2;1;11;1;5;2;8;5;2;5;0;3;2;6;0;2.0;3.0;1;1;1;0;2;3;3;4;6;1
764;3;3;0;2;0;0;2;1;5;2;9;2;2;5;0;3;2;6;2;2.0;3.0;1;3;2;3;3;3;3;4;1;1
764;3;1;0;2;2;2;2;1;2;2;8;2;2;5;0;3;2;6;2;2.0;3.0;2;3;2;3;3;3;3;4;16;1
946;6;0;2;2;0;3;15;1;2;2;9;0;2;4;0;3;3;6;2;2.0;1.0;1;1;1;1;2;3;3;4;0;0
946;6;0;0;2;0;1;3;1;1;2;8;3;2;4;0;3;3;6;2;2.0;1.0;1;3;2;3;3;3;3;4;18;0
321;2;1;0;2;0;2;3;1;1;2;8;3;2;6;0;3;3;6;2;2.0;1.0;2;1;0;0;2;6;3;4;13;2
321;2;1;0;2;0;4;13;1;5;2;12;2;2;6;3;3;3;6;2;2.0;1.0;1;1;0;1;2;6;3;4;13;2
350;6;0;0;3;0;1;2;1;5;2;12;2;2;6;0;3;3;6;2;2.0;1.0;9;3;2;3;3;3;3;4;18;1
350;6;0;0;3;2;4;13;1;4;2;9;2;2;6;0;3;3;6;2;2.0;1.0;9;3;2;3;3;3;3;4;18;1
1058;2;3;0;2;0;0;3;1;5;2;2;2;2;5;0;3;3;6;6;2.0;1.0;1;1;0;0;2;3;3;4;18;1
1058;2;3;0;2;0;2;4;3;5;2;2;3;2;5;0;3;3;6;2;2.0;1.0;1;3;2;3;3;3;3;4;17;1
451;1;0;0;2;0;1;13;1;1;2;9;3;2;4;4;3;3;6;2;3.0;1.0;1;3;2;3;3;3;3;4;6;1
451;1;0;0;2;0;1;6;1;5;2;8;2;0;4;2;3;3;6;2;3.0;1.0;1;3;2;3;3;3;3;4;0;1
451;1;1;0;2;0;1;14;1;2;2;8;2;0;4;2;3;3;6;2;3.0;1.0;1;1;1;0;2;3;3;4;1;1
660;2;0;2;2;0;1;3;1;1;2;9;2;2;6;0;3;2;6;7;2.0;1.0;1;1;0;1;1;3;3;4;6;1
660;2;3;0;2;0;4;3;1;2;2;2;5;2;6;0;3;2;6;2;2.0;1.0;1;1;1;4;2;3;3;4;6;1
690;1;0;0;2;0;4;2;1;5;2;12;2;2;4;3;3;2;6;2;2.0;2.0;1;1;1;1;2;3;3;4;18;1
690;1;1;0;3;0;2;3;1;5;2;8;2;2;4;0;3;2;6;2;2.0;2.0;1;3;2;3;3;6;3;4;4;1
585;6;0;0;2;0;2;14;1;5;2;12;2;2;4;0;3;2;6;2;2.0;1.0;1;3;2;3;3;3;3;4;0;1
585;6;0;0;2;0;1;5;1;5;2;12;2;2;4;0;3;2;6;2;2.0;1.0;1;1;0;1;2;3;3;4;0;1
367;6;0;0;3;0;2;5;1;5;2;12;2;2;5;0;3;3;6;2;2.0;1.0;10;1;0;0;1;3;3;4;18;1
367;6;3;0;2;0;2;2;3;1;2;9;2;2;5;3;3;3;6;6;2.0;1.0;1;3;2;3;3;3;3;4;18;1
327;6;1;2;2;0;4;2;1;3;2;2;0;2;5;0;3;3;6;2;1.0;1.0;1;1;0;0;1;3;3;4;3;1
771;1;4;0;2;0;2;2;1;5;2;12;0;2;6;0;3;0;6;2;1.0;4.0;1;3;2;3;3;3;3;4;9;0
771;1;4;0;2;0;4;5;1;5;2;12;4;2;6;0;3;0;6;2;1.0;4.0;1;1;0;1;1;6;3;4;16;0
771;1;4;0;3;0;3;13;1;5;2;9;2;2;6;0;3;0;6;2;1.0;4.0;1;3;2;3;3;3;3;4;17;0
771;1;4;0;3;0;2;2;1;5;2;8;4;2;6;0;3;0;6;2;1.0;4.0;1;3;2;3;3;3;3;4;16;0
617;6;3;0;3;0;0;5;1;5;2;4;2;2;4;0;3;1;6;2;3.0;1.0;4;3;2;3;3;3;3;4;4;1
617;6;1;2;3;0;2;2;3;5;2;9;3;2;4;0;3;1;6;2;3.0;1.0;1;1;0;0;2;3;3;4;4;1
617;6;1;0;3;0;2;15;1;5;2;8;6;2;4;0;3;1;6;2;3.0;1.0;1;3;2;3;3;3;3;4;13;1
468;0;0;0;3;0;1;2;1;1;2;12;2;2;5;0;3;3;6;0;2.0;1.0;12;3;2;3;3;3;3;4;18;1
468;0;1;0;3;0;2;2;1;5;2;2;5;2;5;0;3;3;6;2;2.0;1.0;9;1;1;0;2;3;3;4;13;1
478;6;1;2;2;3;2;2;1;4;2;4;2;2;5;3;3;3;6;2;1.0;1.0;1;2;1;5;2;6;3;4;16;1
416;0;0;0;2;0;4;4;1;5;2;1;4;2;6;0;3;3;6;2;1.0;1.0;9;1;0;0;2;6;3;4;6;1
597;4;2;1;2;0;4;3;1;5;2;0;0;2;5;0;3;2;6;6;2.0;3.0;4;3;2;3;3;3;3;4;18;1
597;4;0;2;3;0;3;2;1;5;2;12;2;2;5;0;3;2;6;2;2.0;3.0;1;3;2;3;3;3;3;4;4;1
597;4;0;0;3;0;2;13;1;5;2;12;2;2;5;0;3;2;6;2;2.0;3.0;1;1;0;0;2;3;3;4;0;1
597;4;0;0;3;2;2;6;1;5;2;4;2;2;5;3;3;2;6;2;2.0;3.0;12;3;2;3;3;3;3;4;18;1
504;3;1;0;3;0;1;3;3;1;2;12;2;2;6;0;0;2;3;6;2.0;1.0;1;1;0;0;2;3;3;4;6;1
504;3;0;0;3;0;4;4;3;5;2;8;5;2;6;0;0;2;3;2;2.0;1.0;1;3;2;3;3;3;3;4;18;1
352;0;0;0;3;0;1;13;1;5;2;12;5;2;4;0;3;3;6;2;3.0;1.0;1;1;1;4;2;6;3;4;16;1
352;0;1;0;2;0;4;5;1;5;2;8;2;2;4;0;3;3;6;2;3.0;1.0;1;3;2;3;3;6;3;4;0;1
352;0;0;0;2;0;3;2;1;5;2;8;0;2;4;0;3;3;6;2;3.0;1.0;2;1;0;0;1;6;3;4;17;1
167;5;0;0;2;0;1;13;2;5;2;12;5;2;0;0;3;3;6;6;1.0;1.0;1;2;1;0;2;3;3;4;16;0
1021;6;4;2;3;0;2;4;3;1;2;12;5;2;5;0;3;3;6;2;2.0;1.0;1;1;1;4;2;6;3;4;1;1
1021;6;3;0;3;0;2;2;1;5;2;12;0;2;5;0;3;3;6;2;2.0;1.0;1;3;2;3;3;6;3;4;2;1
441;4;1;0;3;0;0;13;1;4;2;12;5;2;6;4;0;3;6;2;1.0;1.0;4;0;0;5;2;3;1;4;7;1
34;2;0;0;3;0;2;7;1;5;2;9;0;2;6;0;3;2;6;2;1.0;3.0;2;3;2;3;3;3;3;4;6;1
34;2;0;0;2;0;0;3;1;1;2;2;0;2;6;0;3;2;6;2;1.0;3.0;1;1;0;0;2;6;3;4;7;1
34;2;0;0;2;0;2;3;1;1;2;8;3;2;6;0;3;2;6;7;1.0;3.0;1;2;0;5;2;6;3;4;6;1
324;3;1;0;3;2;0;11;1;1;2;2;5;2;5;0;3;3;6;2;1.0;1.0;4;3;2;3;3;3;3;4;17;1
497;4;4;0;2;0;2;2;1;1;2;12;2;2;4;0;0;2;3;2;2.0;1.0;9;1;0;4;2;3;3;4;6;1
497;4;0;0;2;0;1;13;1;5;2;12;5;2;4;0;0;2;3;6;2.0;1.0;1;1;0;1;2;3;3;4;0;1
864;0;1;0;2;0;1;13;1;0;2;11;5;8;6;0;0;0;6;2;1.0;1.0;1;1;0;4;2;3;3;4;13;0
151;4;0;2;2;0;2;14;1;2;2;8;2;0;5;3;3;3;6;2;1.0;1.0;1;1;0;4;2;3;3;4;6;1
719;0;1;0;2;2;3;11;1;3;2;12;5;8;6;0;3;2;6;7;1.0;1.0;2;3;2;3;3;2;3;4;0;1
899;0;1;0;1;0;3;5;1;5;2;8;0;2;5;0;0;2;3;2;2.0;1.0;1;1;1;0;2;0;3;4;6;0
899;0;1;0;2;0;2;3;1;5;2;12;0;2;5;0;0;2;3;2;2.0;1.0;1;2;0;5;2;3;3;4;6;0
450;1;4;0;2;0;3;5;1;1;2;12;2;2;6;0;0;2;6;7;1.0;2.0;1;0;0;1;2;1;3;4;6;0
450;1;4;0;2;0;1;13;1;5;2;8;0;2;6;0;0;2;6;7;1.0;2.0;10;3;2;3;3;3;3;4;0;0
834;0;0;2;2;0;1;3;1;5;2;12;3;2;4;0;0;2;3;7;1.0;4.0;1;3;2;3;3;3;3;4;0;1
834;0;0;0;2;0;2;13;1;5;2;2;5;2;4;0;0;2;3;6;1.0;4.0;1;1;0;1;2;3;3;4;6;1
834;0;0;0;3;0;2;13;1;5;2;8;2;2;4;0;0;2;3;2;1.0;4.0;12;1;0;0;2;0;3;4;11;1
834;0;0;2;2;2;2;4;1;4;2;8;2;2;4;0;0;2;3;2;1.0;4.0;1;1;1;4;2;3;3;4;0;1
350;4;0;0;2;0;2;2;1;1;2;12;0;3;4;0;3;3;6;2;1.0;1.0;1;1;0;5;0;3;3;4;18;1
1012;0;4;0;2;2;2;3;1;1;2;9;0;2;5;0;0;3;3;2;1.0;1.0;0;1;0;0;2;3;3;4;4;1
16;2;0;0;5;0;1;3;1;5;2;9;0;2;4;0;3;2;6;2;2.0;2.0;1;3;2;3;3;6;3;4;0;1
16;2;1;0;2;0;2;15;1;2;1;12;2;2;4;0;3;2;6;2;2.0;2.0;8;1;0;0;2;3;3;4;0;1
16;2;1;0;2;0;3;1;1;5;1;12;5;2;4;0;3;2;6;7;2.0;2.0;1;1;0;4;2;1;3;4;11;1
7;2;0;0;2;0;0;3;1;5;2;8;2;8;6;0;0;2;7;6;2.0;1.0;2;3;2;3;3;3;3;4;4;1
7;2;0;0;3;0;1;13;3;5;2;11;3;2;6;3;0;2;7;2;2.0;1.0;1;1;0;1;2;3;3;4;7;1
324;4;2;1;3;0;1;15;1;5;2;12;2;8;4;0;3;3;1;2;2.0;2.0;1;1;0;4;2;6;3;4;11;1
324;4;1;0;3;0;2;15;1;2;2;12;2;1;4;0;3;3;1;2;2.0;2.0;12;1;0;4;2;6;3;4;16;1
324;4;1;0;2;0;2;3;3;5;2;2;2;2;4;0;3;3;1;2;2.0;2.0;1;3;2;3;3;6;3;4;13;1
386;4;4;0;2;3;2;3;1;5;2;8;2;0;4;0;0;2;3;5;2.0;1.0;9;1;0;4;2;3;2;4;4;1
386;4;4;0;2;0;4;3;1;5;2;12;2;0;4;0;0;2;3;2;2.0;1.0;1;3;2;3;3;3;0;4;16;1
591;0;4;0;2;0;4;6;3;5;2;9;3;2;4;0;3;2;6;2;2.0;2.0;9;1;0;0;2;3;3;4;17;1
591;0;1;0;2;2;4;5;1;5;2;8;2;2;4;0;3;2;6;2;2.0;2.0;1;2;1;0;2;6;3;4;0;1
572;6;3;0;2;0;6;2;1;5;2;8;0;2;5;0;0;0;6;2;2.0;3.0;1;1;0;1;1;3;3;4;0;1
572;6;1;0;2;0;2;3;1;3;2;8;2;2;5;0;0;0;6;2;2.0;3.0;12;3;2;3;3;3;3;4;0;1
572;6;1;0;2;0;1;3;2;0;2;2;2;2;5;0;0;0;6;2;2.0;3.0;1;1;0;5;2;3;3;4;7;1
541;5;0;0;3;0;2;6;1;5;2;8;2;2;5;0;0;2;6;2;2.0;1.0;1;3;2;3;3;3;3;4;1;1
541;5;0;0;2;0;1;6;1;0;2;8;2;0;5;2;0;2;6;2;2.0;1.0;1;0;1;5;2;3;3;8;13;1
464;4;3;0;1;2;2;3;1;5;2;8;2;0;6;0;0;2;3;2;2.0;1.0;4;3;2;3;3;3;3;4;9;1
464;4;0;0;2;0;4;2;1;2;2;8;2;2;6;0;0;2;3;7;2.0;1.0;1;1;0;1;2;3;3;4;13;1
689;2;1;0;2;0;1;4;1;5;2;12;2;2;4;0;3;2;6;6;2.0;1.0;1;3;2;3;3;0;3;4;18;1
689;2;1;2;3;0;1;13;1;5;2;9;3;2;4;0;3;2;6;6;2.0;1.0;1;2;1;0;2;3;3;4;4;1
296;6;3;0;1;2;4;3;1;5;2;2;0;2;4;0;3;3;6;2;2.0;2.0;2;1;0;0;1;3;3;4;16;1
296;6;3;0;3;0;0;3;1;5;2;12;2;2;4;0;3;3;6;2;2.0;2.0;3;3;2;3;3;6;3;4;0;1
296;6;0;2;2;0;4;13;1;5;2;1;2;2;4;0;3;3;6;2;2.0;2.0;1;3;2;3;3;6;3;4;4;1
456;2;1;0;2;3;2;3;1;5;2;12;2;2;5;0;0;2;6;2;2.0;1.0;3;1;0;0;2;3;3;4;18;1
456;2;3;0;2;2;2;2;1;5;2;4;0;0;5;0;0;2;6;2;2.0;1.0;1;3;2;3;3;6;3;4;6;1
709;4;0;0;0;0;2;3;1;5;2;12;2;2;5;0;0;2;3;6;2.0;1.0;1;1;0;1;2;3;3;4;18;1
709;4;0;0;2;0;2;3;1;5;2;12;5;2;5;0;0;2;3;2;2.0;1.0;1;0;1;0;2;6;3;4;13;1
942;5;0;0;2;0;4;3;1;2;2;2;5;2;4;0;0;3;6;2;2.0;1.0;1;3;2;3;3;3;3;4;18;1
942;5;1;0;2;0;0;3;1;2;2;2;0;2;4;0;0;3;6;2;2.0;1.0;1;1;0;5;2;6;3;4;13;1
73;3;1;0;2;0;1;13;1;5;2;12;2;2;6;0;0;3;5;2;1.0;1.0;1;1;0;1;1;6;3;4;17;1
209;3;1;0;2;0;3;2;1;5;2;12;4;2;6;0;0;3;3;2;2.0;3.0;1;2;1;0;2;6;3;4;1;1
209;3;1;0;2;0;4;4;3;1;2;1;2;2;6;0;0;3;3;2;2.0;3.0;1;3;2;3;3;3;3;4;18;1
209;3;1;0;2;0;0;11;1;1;2;12;0;2;6;0;0;3;3;7;2.0;3.0;1;3;2;3;3;0;3;4;4;1
113;1;0;0;0;0;2;2;1;2;2;8;0;2;4;4;3;3;6;7;2.0;1.0;9;1;0;5;2;3;3;4;18;1
113;1;0;0;2;0;2;4;1;2;2;2;2;2;4;0;3;3;6;6;2.0;1.0;1;1;0;0;2;3;3;4;17;1
377;0;2;1;3;2;3;11;1;1;2;8;2;2;4;0;0;2;6;7;3.0;1.0;1;3;2;3;3;3;3;4;13;1
377;0;1;0;2;3;2;13;1;5;2;8;0;3;4;0;0;2;6;2;3.0;1.0;1;3;2;3;3;3;3;4;17;1
377;0;3;2;2;0;4;3;1;1;2;12;0;2;4;0;0;2;6;2;3.0;1.0;1;1;0;0;2;6;3;4;18;1
594;0;1;0;2;3;2;3;3;5;2;9;2;2;6;0;0;2;6;2;1.0;1.0;1;2;1;0;2;3;3;4;17;0
653;6;0;0;2;0;0;3;1;1;2;8;2;0;6;0;0;2;3;6;2.0;1.0;1;1;0;0;2;3;3;4;6;0
653;6;0;0;2;2;1;3;1;1;2;9;5;2;6;0;0;2;3;6;2.0;1.0;1;1;0;0;2;3;3;4;19;0
464;3;0;0;2;0;6;16;1;5;2;9;2;2;6;4;0;0;0;2;2.0;3.0;1;2;1;0;2;3;3;4;6;1
464;3;0;2;2;0;4;3;1;5;2;12;3;2;6;0;0;0;0;2;2.0;3.0;1;3;2;3;3;3;3;4;1;1
464;3;0;0;2;2;1;11;1;5;2;3;4;2;6;0;0;0;0;2;2.0;3.0;1;1;0;0;2;6;3;4;16;1
427;3;3;0;2;0;2;3;3;5;2;12;0;2;4;0;0;2;3;2;1.0;1.0;1;3;2;3;3;3;3;4;0;1
669;6;0;0;2;0;1;3;1;5;2;12;0;2;1;0;0;2;3;2;1.0;1.0;1;1;0;5;2;3;3;4;0;0
324;6;0;0;2;0;0;3;1;5;2;1;4;0;4;0;3;3;6;2;1.0;1.0;1;1;1;0;2;6;3;4;18;1
504;6;2;1;2;0;2;4;1;5;2;12;0;2;4;0;0;2;3;2;1.0;1.0;1;3;2;3;3;6;3;4;18;1
980;3;3;0;2;0;1;13;1;5;2;12;0;2;6;0;3;3;6;2;1.0;1.0;1;3;2;3;3;3;3;4;1;1
324;5;2;1;3;0;2;13;1;5;2;12;0;2;5;0;0;0;6;2;1.0;1.0;1;1;0;0;2;6;3;4;0;1
491;0;0;2;0;2;2;3;1;3;2;8;2;2;5;0;0;2;3;6;2.0;1.0;1;2;0;0;2;3;3;4;16;1
491;0;0;0;2;0;1;13;1;1;2;12;2;0;5;4;0;2;3;6;2.0;1.0;2;0;1;5;2;3;3;8;1;1
564;3;0;0;2;0;1;13;1;5;2;9;2;2;5;0;0;0;3;7;2.0;1.0;1;0;1;4;1;3;3;5;16;1
564;3;0;0;2;0;1;13;1;2;2;12;0;2;5;0;0;0;3;2;2.0;1.0;1;1;0;5;2;6;3;4;13;1
1044;0;1;2;2;0;2;13;1;5;2;12;0;2;6;0;0;3;6;2;2.0;1.0;1;3;2;3;3;3;3;4;2;0
1044;0;0;0;2;0;0;3;1;5;2;2;0;2;6;0;0;3;6;2;2.0;1.0;12;0;1;5;2;0;3;5;18;0
259;3;0;0;2;2;1;3;1;0;0;8;0;2;6;1;3;3;6;2;2.0;1.0;1;3;2;3;3;3;3;4;18;1
259;3;3;0;1;2;1;3;1;4;2;11;5;2;6;0;3;3;6;2;2.0;1.0;1;1;0;4;2;3;3;4;18;1
250;0;1;0;2;0;2;6;1;1;2;12;0;2;4;0;0;3;6;2;2.0;1.0;1;2;0;1;2;3;3;4;1;1
250;0;1;0;2;2;0;3;1;0;2;8;0;2;4;0;0;3;6;2;2.0;1.0;1;2;0;4;2;3;3;4;16;1
713;5;2;1;2;3;3;6;1;0;2;9;5;8;5;0;0;2;6;2;2.0;1.0;1;2;0;1;2;3;3;4;9;1
713;5;3;0;1;0;0;6;1;0;2;4;4;2;5;0;0;2;6;2;2.0;1.0;1;2;0;4;2;3;3;4;11;1
915;1;0;0;0;0;0;3;1;1;2;12;0;2;4;3;0;2;0;7;2.0;1.0;12;1;0;0;2;0;3;4;4;1
915;1;1;0;2;0;4;15;1;0;2;9;0;2;4;0;0;2;0;7;2.0;1.0;9;2;1;0;2;3;3;4;1;1
943;1;0;0;1;0;0;3;1;0;2;1;2;2;4;0;0;2;3;2;2.0;1.0;1;2;0;1;2;0;3;4;17;1
943;1;1;2;2;0;1;13;1;5;1;8;5;2;4;0;0;2;3;2;2.0;1.0;4;1;0;1;2;6;3;4;1;1
1005;3;1;0;0;1;1;2;1;5;2;5;2;2;4;0;0;3;3;2;2.0;2.0;4;3;2;3;3;3;3;4;18;1
1005;3;1;0;1;0;4;4;1;0;2;5;2;2;4;0;0;3;3;2;2.0;2.0;2;2;1;4;2;3;3;4;13;1
362;5;3;0;3;0;2;15;1;0;2;5;0;2;4;0;0;3;6;2;1.0;1.0;2;1;1;0;2;6;3;4;1;0
713;0;0;0;1;0;0;9;3;3;2;5;0;2;4;0;0;2;3;2;2.0;3.0;2;1;0;0;2;6;3;4;4;0
713;0;0;0;1;0;2;4;1;5;2;5;5;8;4;0;0;2;3;2;2.0;3.0;9;3;2;3;3;3;3;4;18;0
713;0;0;0;1;0;1;15;1;5;2;11;5;8;4;0;0;2;3;2;2.0;3.0;1;1;0;1;1;3;3;4;13;0
713;0;0;0;2;0;0;15;1;4;2;5;2;2;4;0;0;2;3;2;2.0;3.0;1;1;0;0;1;6;3;4;18;0
829;4;0;0;0;0;4;3;1;5;2;5;0;2;4;0;0;2;0;2;1.0;1.0;1;3;2;3;3;6;3;4;1;1
963;1;4;0;2;0;1;12;1;5;2;8;0;2;4;0;0;3;3;2;2.0;2.0;1;0;0;0;1;3;3;8;19;1
963;1;0;0;2;0;2;15;1;5;2;1;0;2;4;0;0;3;3;2;2.0;2.0;1;3;2;3;3;3;3;4;18;1
630;5;0;2;1;0;1;3;1;4;2;8;0;2;1;0;0;0;3;2;2.0;1.0;1;1;0;0;2;3;3;4;1;1
630;5;0;0;2;0;0;2;1;1;2;12;2;0;1;0;0;0;3;2;2.0;1.0;1;0;1;1;2;3;3;4;16;1
426;5;0;0;2;0;0;3;1;4;2;9;2;2;4;0;0;2;6;2;2.0;2.0;1;3;2;3;3;3;3;4;18;1
426;5;1;2;2;0;2;3;1;4;2;9;5;2;4;0;0;2;6;6;2.0;2.0;1;1;1;4;2;3;3;4;17;1
426;5;1;0;5;0;6;3;1;5;2;9;0;2;4;0;0;2;6;6;2.0;2.0;1;3;2;3;3;3;3;4;17;1
332;4;2;1;2;0;2;3;1;4;2;12;0;2;4;0;0;3;6;2;2.0;2.0;1;0;0;1;2;3;3;6;16;1
332;4;0;0;2;0;0;13;1;5;2;8;2;2;4;0;0;3;6;2;2.0;2.0;1;3;2;3;3;3;3;4;6;1
1059;4;0;0;2;0;1;2;1;5;2;12;2;2;5;0;0;3;3;2;3.0;1.0;1;1;1;0;2;3;3;4;0;1
1059;4;3;0;2;0;4;4;1;4;2;12;5;2;5;0;0;3;3;2;3.0;1.0;1;3;2;3;3;3;3;4;1;1
1059;4;1;0;2;2;2;4;1;2;2;8;2;2;5;0;0;3;3;6;3.0;1.0;1;1;0;0;2;3;3;4;13;1
104;6;0;1;1;0;0;3;1;3;2;2;5;2;6;0;3;3;6;2;2.0;1.0;4;1;1;0;2;3;3;4;6;0
104;6;3;1;2;0;4;14;1;5;2;12;2;2;6;0;3;3;6;6;2.0;1.0;2;3;2;3;3;3;3;4;7;0
206;0;2;1;2;0;0;3;1;5;2;12;4;2;6;0;3;3;6;6;2.0;1.0;9;1;0;0;1;3;3;4;7;1
206;0;0;0;2;0;1;6;1;5;2;8;3;2;6;0;3;3;6;7;2.0;1.0;1;3;2;3;3;3;3;4;17;1
354;1;0;0;2;0;4;13;1;5;2;8;4;0;4;4;0;3;3;2;2.0;3.0;9;1;1;4;2;3;3;4;1;1
354;1;0;0;2;0;1;6;1;5;2;8;0;2;4;0;0;3;3;6;2.0;3.0;1;1;0;4;2;3;3;4;0;1
354;1;1;2;3;0;2;2;1;5;2;8;3;2;4;0;0;3;3;2;2.0;3.0;1;1;1;4;2;3;3;4;6;1
78;1;1;0;2;0;2;13;1;5;2;12;2;2;4;0;0;3;6;2;2.0;2.0;1;1;0;1;2;3;3;4;18;1
78;1;1;0;3;0;0;13;1;3;2;8;0;2;4;0;0;3;6;2;2.0;2.0;1;2;0;5;2;3;3;4;19;1
307;1;0;0;3;0;2;14;1;5;2;12;2;2;6;0;3;3;6;2;2.0;1.0;1;1;0;0;1;3;3;4;10;1
307;1;0;0;3;0;2;4;1;5;2;12;3;2;6;0;3;3;6;2;2.0;1.0;12;1;0;0;1;3;3;4;0;1
514;1;0;0;2;0;0;4;3;5;2;12;2;2;4;0;0;2;3;2;1.0;1.0;1;3;2;3;3;3;3;4;6;1
831;6;0;0;2;0;2;13;1;5;2;8;2;2;6;0;0;2;7;6;2.0;2.0;12;1;1;1;2;3;3;4;13;1
831;6;0;0;2;0;2;13;1;5;2;8;2;2;6;0;0;2;7;2;2.0;2.0;1;3;2;3;3;3;3;4;2;1
831;6;0;2;2;0;1;3;1;5;2;8;2;2;6;0;0;2;7;6;2.0;2.0;9;1;0;0;2;3;3;4;0;1
461;2;1;0;2;0;0;2;3;5;2;8;2;2;5;0;3;2;6;2;2.0;3.0;1;3;2;3;3;3;3;4;6;1
461;2;0;0;2;0;2;3;1;1;2;2;0;2;5;0;3;2;6;2;2.0;3.0;1;3;2;3;3;3;3;4;16;1
461;2;0;0;2;0;3;2;3;5;2;8;2;2;5;0;3;2;6;2;2.0;3.0;9;1;0;0;1;3;3;4;13;1
461;2;0;0;2;0;2;3;3;5;2;9;2;2;5;4;3;2;6;6;2.0;3.0;1;0;1;5;2;3;3;4;1;1
543;0;1;0;2;2;2;4;1;5;2;11;2;2;5;0;0;2;3;6;1.0;1.0;4;0;1;5;1;3;3;6;3;1
49;1;1;0;2;2;2;3;1;5;2;8;0;2;4;0;3;3;6;2;2.0;1.0;1;1;0;5;1;3;3;4;18;0
49;1;3;0;2;0;2;5;1;2;2;12;0;2;4;0;3;3;6;2;2.0;1.0;1;3;2;3;3;3;3;4;6;0
1060;0;4;0;1;0;1;3;1;5;2;12;3;2;5;0;3;3;6;2;2.0;1.0;12;0;0;1;2;3;3;4;18;1
1060;0;0;0;0;0;2;2;3;5;2;12;3;2;5;0;3;3;6;2;2.0;1.0;1;1;0;0;2;3;3;4;1;1
377;6;0;0;2;0;4;5;1;2;2;12;2;2;4;0;0;2;6;2;2.0;1.0;1;1;1;1;2;6;3;4;17;1
377;6;0;2;2;0;3;11;1;5;2;8;3;0;4;0;0;2;6;2;2.0;1.0;1;0;0;1;2;6;3;4;18;1
572;1;0;0;3;0;2;13;1;5;2;8;2;2;4;0;3;2;6;2;1.0;1.0;1;1;0;5;2;3;3;4;18;1
409;3;0;0;3;0;1;13;1;5;2;8;2;0;4;0;3;2;6;6;1.0;1.0;2;1;1;4;2;3;3;4;1;1
189;3;1;0;2;0;1;13;1;5;2;8;2;0;6;4;3;3;6;6;1.0;1.0;1;3;2;3;3;3;3;4;18;1
565;0;1;2;2;0;0;3;1;5;2;8;4;2;4;0;0;2;3;6;2.0;2.0;9;1;0;1;2;3;3;4;1;1
565;0;0;0;2;0;1;13;1;5;2;8;2;2;4;0;0;2;3;2;2.0;2.0;1;3;2;3;3;3;3;4;18;1
451;4;0;0;2;0;1;3;1;5;2;8;2;2;5;0;0;2;3;2;2.0;2.0;1;1;1;0;2;3;3;4;18;1
451;4;3;0;2;0;4;5;1;2;2;12;0;2;5;0;0;2;3;2;2.0;2.0;1;2;1;4;2;3;3;4;18;1
451;4;3;0;1;0;3;3;1;5;2;12;2;2;5;0;0;2;3;2;2.0;2.0;1;1;0;1;2;3;3;4;1;1
514;5;0;0;2;0;1;11;1;1;2;9;2;2;5;0;3;2;6;7;2.0;1.0;1;0;0;5;2;3;3;4;0;1
514;5;0;0;1;0;4;3;1;5;2;12;2;2;5;3;3;2;6;7;2.0;1.0;4;3;2;3;3;6;3;4;13;1
348;1;1;0;2;0;4;13;1;2;2;12;2;2;4;0;0;3;6;2;1.0;1.0;1;2;1;0;2;3;3;4;0;1
304;2;4;0;1;0;2;2;3;5;2;12;2;2;6;0;3;3;6;2;1.0;1.0;1;3;2;3;3;3;3;4;18;1
441;0;1;0;2;0;4;4;1;2;2;12;0;2;4;0;0;0;6;2;2.0;2.0;9;1;0;5;2;3;3;4;11;0
441;0;1;0;2;0;0;3;1;5;2;4;0;2;4;0;0;0;6;2;2.0;2.0;1;3;2;3;3;3;3;4;4;0
441;0;1;0;2;0;1;13;1;2;2;4;0;2;4;0;0;0;6;2;2.0;2.0;1;3;2;3;3;3;3;4;4;0
438;2;3;0;3;0;1;3;1;5;2;2;3;2;5;0;0;2;6;2;2.0;2.0;1;1;0;1;2;3;3;4;0;0
438;2;4;0;3;1;2;6;1;5;2;12;0;2;5;0;0;2;6;2;2.0;2.0;5;1;0;5;2;3;3;4;17;0
362;6;0;0;2;0;2;3;1;4;2;12;0;2;4;0;3;3;6;2;3.0;1.0;1;3;2;3;3;3;3;4;16;1
362;6;1;0;1;2;2;13;1;5;2;8;0;2;4;0;3;3;6;2;3.0;1.0;1;3;2;3;3;3;3;4;1;1
362;6;0;0;2;0;4;5;1;5;2;8;0;2;4;0;3;3;6;2;3.0;1.0;4;1;0;0;2;3;3;4;1;1
1022;1;0;0;2;0;3;9;3;3;2;9;2;2;5;0;0;3;5;6;2.0;1.0;9;3;2;3;3;3;3;4;11;1
1022;1;0;0;2;1;3;5;1;5;2;4;0;2;5;0;0;3;5;0;2.0;1.0;1;1;0;1;2;6;3;4;18;1
1017;4;0;0;2;0;4;13;1;5;2;8;0;2;4;0;3;3;6;2;1.0;1.0;1;3;2;3;3;6;3;4;16;1
76;0;1;0;1;2;2;3;1;5;2;12;0;2;6;0;3;3;6;2;1.0;1.0;1;1;0;4;2;3;3;4;0;1
375;3;0;0;3;2;2;13;1;5;2;12;2;2;7;0;0;2;6;2;1.0;1.0;2;3;2;3;3;3;3;4;1;1
437;1;0;0;2;0;1;11;1;5;2;9;0;2;6;0;0;2;6;2;4.0;2.0;1;1;1;4;2;6;3;4;18;1
437;1;1;0;2;0;1;4;1;5;2;8;2;2;6;0;0;2;6;2;4.0;2.0;1;3;2;3;3;6;3;4;6;1
437;1;1;0;0;0;2;3;2;5;2;9;5;2;6;3;0;2;6;6;4.0;2.0;1;2;0;0;2;3;3;4;17;1
437;1;1;0;2;2;1;3;1;5;2;8;2;2;6;0;0;2;6;6;4.0;2.0;10;3;2;3;3;0;3;4;6;1
341;6;0;0;2;0;2;3;1;5;2;2;2;2;4;0;3;3;6;2;4.0;1.0;1;0;1;5;2;3;3;8;13;1
341;6;0;0;2;0;1;2;2;2;2;9;2;2;4;0;3;3;6;6;4.0;1.0;1;1;1;0;2;3;3;4;18;1
341;6;0;0;2;0;2;3;1;4;2;11;5;2;4;0;3;3;6;2;4.0;1.0;12;3;2;3;3;3;3;4;18;1
341;6;1;1;2;0;1;6;1;2;2;3;5;8;4;0;3;3;6;2;4.0;1.0;1;3;2;3;3;3;3;4;18;1
402;1;0;0;3;0;0;6;1;1;2;12;0;2;4;0;0;2;1;2;3.0;2.0;1;1;0;0;2;3;3;4;1;1
402;1;3;2;1;0;2;3;1;5;2;11;3;2;4;0;0;2;1;2;3.0;2.0;0;1;1;5;2;3;3;4;1;1
402;1;1;0;2;2;0;5;1;4;2;12;5;2;4;0;0;2;1;2;3.0;2.0;1;1;0;1;2;3;3;4;13;1
461;2;0;0;2;0;1;5;1;2;2;4;0;2;0;0;0;2;3;2;2.0;2.0;8;3;2;3;3;3;3;4;0;1
461;2;1;0;2;0;0;13;1;5;2;2;2;2;0;0;0;2;3;7;2.0;2.0;1;1;0;4;1;6;3;4;16;1
128;4;2;1;3;0;4;3;1;5;2;8;2;2;4;3;1;3;2;2;3.0;2.0;2;3;2;3;3;6;3;4;13;1
128;4;3;0;2;0;1;4;1;5;2;12;2;2;4;0;1;3;2;6;3.0;2.0;1;1;1;4;2;6;3;4;6;1
128;4;1;2;2;0;1;4;1;5;2;8;3;2;4;0;1;3;2;2;3.0;2.0;1;2;1;0;2;6;3;4;6;1
128;4;1;0;2;0;1;13;1;5;2;8;3;2;4;0;1;3;2;6;3.0;2.0;12;3;2;3;3;3;3;4;10;1
140;4;3;0;2;0;1;3;3;5;2;8;3;2;5;0;1;3;2;2;3.0;2.0;1;0;1;1;1;6;3;4;17;1
140;4;3;0;3;0;1;11;1;5;2;9;3;2;5;0;1;3;2;2;3.0;2.0;9;3;2;3;3;6;3;4;16;1
140;4;0;0;2;0;1;9;1;5;2;8;3;2;5;0;1;3;2;7;3.0;2.0;1;2;0;0;2;6;3;4;6;1
140;4;0;0;3;0;2;3;1;1;2;12;0;2;5;0;1;3;2;2;3.0;2.0;9;3;2;3;3;3;3;4;13;1
956;0;1;0;3;0;1;2;1;1;2;4;4;2;6;0;0;3;2;2;2.0;1.0;1;1;0;1;2;3;3;4;6;1
956;0;1;0;2;0;4;3;1;5;2;12;4;2;6;2;0;3;2;2;2.0;1.0;1;2;1;5;2;3;3;4;16;1
585;2;0;0;2;0;4;3;1;5;2;8;3;2;6;0;3;0;2;2;2.0;2.0;12;3;2;3;3;3;3;4;0;1
585;2;1;0;1;0;4;3;3;5;2;8;2;2;6;0;3;0;2;7;2.0;2.0;1;0;0;5;2;6;3;7;1;1
247;3;3;2;3;2;2;4;1;5;2;12;0;2;5;0;1;3;6;2;4.0;2.0;2;2;1;5;2;3;3;4;18;1
247;3;0;0;1;1;4;6;1;5;2;1;0;2;5;0;1;3;6;2;4.0;2.0;3;2;1;0;2;3;3;4;1;1
247;3;2;1;2;0;4;3;1;5;2;2;0;2;5;0;1;3;6;2;4.0;2.0;1;2;0;5;2;6;3;4;6;1
247;3;2;1;2;0;0;4;0;0;2;1;5;2;5;0;1;3;6;6;4.0;2.0;3;3;2;3;3;3;3;4;1;1
236;2;4;0;1;2;2;3;1;2;2;11;5;2;6;0;0;3;2;2;2.0;1.0;1;3;2;3;3;6;3;4;18;1
236;2;0;0;2;0;1;13;1;5;2;2;3;2;6;0;0;3;2;2;2.0;1.0;1;1;0;1;2;3;3;4;0;1
950;0;0;0;2;0;2;3;1;2;2;8;2;2;4;0;3;2;6;2;2.0;1.0;1;3;2;3;3;3;3;4;18;1
950;0;0;0;2;0;1;13;1;1;2;9;4;8;4;0;3;2;6;2;2.0;1.0;1;1;0;0;2;3;3;4;7;1
337;1;1;0;2;0;4;13;1;5;2;12;4;2;6;0;3;3;6;2;1.0;1.0;1;0;1;4;2;3;3;7;18;1
617;0;3;0;3;0;2;13;1;5;2;12;0;2;4;0;0;2;1;2;2.0;2.0;1;3;2;3;3;3;3;4;11;1
617;0;1;0;2;0;2;6;3;0;2;4;4;2;4;0;0;2;1;2;2.0;2.0;1;1;0;4;2;3;3;4;10;1
617;0;1;0;0;0;0;3;3;0;2;2;5;8;4;0;0;2;1;2;2.0;2.0;1;3;2;3;3;6;3;4;17;1
462;1;3;0;3;0;4;2;2;0;2;8;5;2;4;3;1;2;5;2;2.0;3.0;1;1;1;0;2;3;3;4;13;1
462;1;3;0;3;0;2;2;1;5;2;8;0;2;4;0;1;2;5;2;2.0;3.0;9;2;0;1;2;6;3;4;0;1
462;1;1;0;3;0;1;2;1;5;2;8;3;2;4;0;1;2;5;2;2.0;3.0;1;2;0;0;2;3;3;4;1;1
268;0;0;0;3;0;1;3;1;1;2;12;2;2;4;0;3;3;6;6;1.0;1.0;1;3;2;3;3;3;3;4;0;1
151;2;1;0;2;0;2;2;1;5;2;8;0;2;4;0;3;3;6;6;2.0;1.0;1;1;1;0;2;3;3;4;10;1
151;2;0;2;2;0;0;13;1;5;2;12;3;2;4;0;3;3;6;6;2.0;1.0;1;3;2;3;3;3;3;4;16;1
946;5;0;0;2;0;2;5;1;4;2;4;2;2;4;0;0;2;6;7;1.0;1.0;1;2;0;0;2;6;3;4;16;1
367;3;1;0;2;0;2;13;1;5;2;9;5;2;4;0;0;2;3;2;1.0;1.0;1;3;2;3;3;3;3;4;1;1
997;3;1;0;0;0;2;5;1;5;2;12;2;2;4;2;0;3;0;2;2.0;1.0;1;2;1;0;2;3;3;4;0;1
997;3;0;0;2;0;4;13;1;2;2;12;4;2;4;0;0;3;0;7;2.0;1.0;1;0;1;5;2;6;3;8;0;1
1002;3;0;0;3;0;1;2;1;0;2;12;4;2;4;0;3;3;6;2;1.0;1.0;1;3;2;3;3;3;3;4;1;1
523;5;0;0;2;0;2;13;1;5;2;12;0;2;4;0;3;2;6;2;1.0;1.0;1;2;1;1;2;3;3;4;1;1
180;0;1;0;2;0;2;3;1;5;2;12;2;2;4;4;3;3;6;2;2.0;1.0;1;3;2;3;3;3;3;4;19;1
180;0;1;0;2;0;2;0;3;3;2;9;5;8;4;0;3;3;6;2;2.0;1.0;1;3;2;3;3;3;3;4;11;1
946;3;0;0;2;0;2;13;1;5;2;8;2;2;4;0;3;3;6;2;2.0;1.0;1;1;0;0;2;6;3;4;1;1
946;3;1;2;2;0;2;2;1;5;2;8;2;2;4;0;3;3;6;2;2.0;1.0;1;3;2;3;3;6;3;4;10;1
878;2;2;1;2;0;0;2;1;5;2;12;2;2;5;0;3;2;6;6;2.0;1.0;1;1;0;0;2;3;3;4;6;0
878;2;0;0;0;2;2;3;1;4;2;12;4;2;5;0;3;2;6;7;2.0;1.0;1;1;0;1;2;6;3;4;13;0
307;4;1;0;2;0;1;13;1;5;2;8;2;2;4;0;3;3;6;2;1.0;1.0;1;1;0;1;2;3;3;4;18;1
476;3;1;0;2;2;2;4;1;1;2;8;0;2;5;0;3;0;6;2;1.0;1.0;2;3;2;3;3;3;3;4;16;1
685;1;0;0;1;0;1;3;1;5;2;12;2;2;4;0;0;2;6;6;2.0;2.0;1;1;0;1;1;3;3;4;3;1
685;1;0;0;2;0;4;3;1;5;2;12;2;2;4;0;0;2;6;2;2.0;2.0;1;3;2;3;3;3;3;4;1;1
685;1;0;2;2;0;3;2;3;5;2;9;2;2;4;0;0;2;6;2;2.0;2.0;1;1;0;1;2;3;3;4;18;1
411;0;1;0;2;0;3;3;1;0;2;12;0;2;6;0;3;3;6;2;3.0;3.0;12;0;0;5;1;3;3;5;13;1
411;0;1;0;2;2;2;11;1;5;2;8;0;2;6;0;3;3;6;2;3.0;3.0;1;1;0;5;1;6;3;4;16;1
411;0;1;0;2;0;1;2;1;1;2;8;0;2;6;0;3;3;6;2;3.0;3.0;1;3;2;3;3;3;3;4;16;1
411;0;2;1;2;0;2;3;1;5;2;12;0;2;6;0;3;3;6;2;3.0;3.0;1;1;0;1;2;3;3;4;18;1
411;0;2;1;3;0;5;7;1;5;2;12;2;2;6;2;3;3;6;2;3.0;3.0;1;1;0;1;2;3;3;4;18;1
630;6;0;0;2;0;4;3;1;4;2;12;0;2;6;0;3;0;6;2;2.0;2.0;1;1;1;1;2;3;3;4;11;1
630;6;0;0;2;2;4;2;1;5;2;8;2;2;6;0;3;0;6;6;2.0;2.0;1;2;0;5;2;3;3;4;10;1
630;6;0;0;2;0;4;13;1;4;2;8;2;2;6;0;3;0;6;6;2.0;2.0;12;2;1;5;2;3;3;4;0;1
332;5;1;0;2;0;4;13;1;5;2;12;2;8;4;4;3;3;6;6;1.0;1.0;9;2;0;5;2;3;3;4;1;1
632;1;1;2;2;2;2;13;1;4;2;2;5;2;6;0;0;2;6;2;2.0;1.0;1;3;2;3;3;6;3;4;6;1
632;1;1;0;2;0;3;11;3;5;2;4;0;2;6;4;0;2;6;7;2.0;1.0;4;2;0;0;2;6;3;4;13;1
201;2;1;0;2;0;1;13;2;1;2;12;0;2;5;0;0;3;3;2;2.0;2.0;4;2;1;0;2;3;3;4;13;1
201;2;1;0;2;0;2;3;1;2;2;12;2;2;5;0;0;3;3;7;2.0;2.0;2;3;2;3;3;6;3;4;0;1
201;2;1;0;0;0;0;3;1;0;2;8;0;3;5;0;0;3;3;2;2.0;2.0;2;1;0;1;2;3;3;4;16;1
386;5;1;0;2;0;0;4;1;5;2;12;4;2;5;0;3;3;6;7;2.0;1.0;2;3;2;3;3;6;3;4;9;1
386;5;1;0;2;0;0;12;1;5;2;1;0;8;5;0;3;3;6;2;2.0;1.0;9;1;0;1;2;0;3;4;10;1
322;6;1;0;4;0;2;3;3;5;2;12;2;8;6;0;3;3;6;2;1.0;1.0;1;0;0;0;1;3;3;6;0;0
456;3;0;0;2;0;4;3;3;2;2;2;2;2;6;0;3;3;6;2;1.0;1.0;1;1;1;4;0;3;3;4;6;1
506;5;0;0;2;0;4;3;1;5;2;9;0;2;6;0;3;2;6;2;3.0;3.0;1;2;1;5;1;3;3;4;18;1
506;5;0;0;2;0;2;14;1;2;2;8;2;2;6;0;3;2;6;2;3.0;3.0;1;1;0;1;1;3;3;4;1;1
506;5;1;0;2;0;1;5;1;1;2;12;2;2;6;0;3;2;6;2;3.0;3.0;1;0;1;1;2;3;3;6;18;1
506;5;3;0;2;0;3;4;3;1;2;8;0;2;6;0;3;2;6;2;3.0;3.0;1;0;1;4;1;3;3;4;18;1
509;4;1;0;2;0;0;3;1;5;2;8;5;2;6;0;3;2;6;2;2.0;1.0;1;3;2;3;3;6;3;4;19;1
509;4;1;0;2;0;2;2;1;5;2;12;4;4;6;0;3;2;6;2;2.0;1.0;1;3;2;3;3;6;3;4;11;1
148;0;0;0;2;0;3;13;1;5;2;9;0;2;4;0;3;3;6;2;2.0;1.0;1;1;1;1;2;6;3;4;6;1
148;0;0;0;3;0;2;3;1;5;2;1;4;2;4;0;3;3;6;2;2.0;1.0;4;3;2;3;3;3;3;4;10;1
313;6;0;0;2;0;1;4;1;5;2;2;0;2;4;0;3;3;8;2;3.0;4.0;1;1;1;1;2;3;3;4;13;0
313;6;0;0;2;0;2;13;1;5;2;12;4;2;4;0;3;3;8;0;3.0;4.0;9;3;2;3;3;3;3;4;3;0
313;6;3;2;3;0;2;13;1;5;2;12;0;2;4;0;3;3;8;6;3.0;4.0;1;1;0;1;2;6;3;4;10;0
313;6;3;0;2;0;4;14;1;5;2;12;2;2;4;0;3;3;8;2;3.0;4.0;1;3;2;3;3;3;3;4;0;0
1016;1;0;0;2;0;0;0;3;5;2;9;5;2;5;0;3;3;6;2;1.0;1.0;9;1;0;4;2;0;3;4;1;1
407;3;1;0;1;0;3;0;1;4;2;11;5;2;6;0;3;3;6;2;1.0;1.0;1;0;0;4;1;1;3;2;18;0
535;4;0;0;3;0;4;3;1;4;2;2;2;2;5;3;0;2;6;7;2.0;1.0;1;0;1;5;2;3;3;7;18;1
535;4;0;0;1;2;0;3;1;4;2;12;5;2;5;0;0;2;6;7;2.0;1.0;7;1;1;1;2;3;3;4;16;1
975;6;0;0;2;0;1;3;1;3;2;12;2;2;4;0;0;3;4;2;2.0;1.0;9;0;0;0;2;3;3;3;13;1
975;6;1;0;2;0;2;2;1;1;2;8;0;2;4;0;0;3;4;2;2.0;1.0;9;0;0;0;2;3;3;0;13;1
464;4;0;0;1;2;1;5;1;1;2;8;2;2;4;0;3;3;6;7;2.0;1.0;1;1;0;0;1;0;3;4;19;1
464;4;1;0;1;0;4;3;1;1;2;12;0;2;4;0;3;3;6;7;2.0;1.0;12;1;0;0;2;3;3;4;1;1
661;5;0;0;2;0;0;11;1;3;2;3;0;2;4;0;0;2;0;7;1.0;1.0;1;1;0;1;2;3;3;4;1;0
250;4;1;0;3;0;0;3;1;1;2;12;0;2;4;0;3;3;6;2;2.0;1.0;1;2;1;5;2;3;3;4;16;1
250;4;0;0;1;0;0;3;1;5;2;12;2;2;4;0;3;3;6;6;2.0;1.0;1;1;0;5;1;3;3;4;0;1
291;0;3;0;0;0;2;3;1;5;2;12;0;2;0;0;3;3;6;2;1.0;1.0;9;1;0;4;2;3;3;4;0;1
383;5;3;0;2;0;2;3;1;5;2;12;3;2;4;0;3;3;6;2;2.0;1.0;1;3;2;3;3;6;3;4;6;0
383;5;3;0;2;0;2;3;3;5;2;12;2;0;4;2;3;3;6;6;2.0;1.0;1;1;0;1;2;3;3;4;1;0
244;4;1;2;3;2;2;4;1;4;2;3;2;2;4;0;3;3;6;2;2.0;2.0;1;3;2;3;3;3;3;4;0;1
244;4;1;0;3;0;2;16;1;4;2;12;2;2;4;3;3;3;6;2;2.0;2.0;1;1;0;1;2;3;3;4;10;1
244;4;0;0;1;2;2;4;1;5;2;12;4;2;4;0;3;3;6;2;2.0;2.0;1;3;2;3;3;3;3;4;6;1
333;6;1;0;2;0;2;2;1;1;2;12;2;0;4;0;3;3;1;2;2.0;1.0;2;1;1;1;2;3;3;4;18;1
333;6;3;0;2;2;0;11;1;5;2;8;2;2;4;0;3;3;1;7;2.0;1.0;1;1;0;0;2;6;3;4;16;1
164;1;0;2;2;0;1;4;1;5;2;9;2;2;6;3;0;3;6;0;1.0;1.0;1;3;2;3;3;3;3;4;16;1
519;3;0;0;2;2;2;13;1;1;2;12;2;2;6;0;0;2;3;2;2.0;1.0;1;0;1;1;2;3;3;7;16;1
519;3;1;2;2;2;4;13;1;5;2;9;2;2;6;0;0;2;3;2;2.0;1.0;1;2;1;4;1;3;3;4;1;1
545;5;1;0;1;0;2;3;1;5;2;12;0;2;6;0;3;2;6;2;1.0;1.0;1;2;1;4;2;3;3;4;13;0
441;0;1;0;1;2;1;3;1;1;2;9;3;2;6;0;3;3;6;6;2.0;1.0;1;3;2;3;3;3;3;4;6;1
441;0;1;0;2;0;2;4;1;5;2;8;2;2;6;0;3;3;6;2;2.0;1.0;1;0;0;1;1;6;3;7;10;1
182;0;1;0;3;0;1;4;1;2;2;8;2;0;4;0;0;3;6;0;1.0;1.0;1;0;0;1;2;3;3;4;0;1
923;0;0;0;3;0;2;13;1;5;2;8;3;2;4;0;3;3;6;6;2.0;1.0;7;3;2;3;3;3;3;4;16;1
923;0;0;0;2;0;0;5;1;5;2;1;2;2;4;0;3;3;6;2;2.0;1.0;1;1;0;4;2;3;3;4;0;1
426;0;0;0;2;0;2;2;1;5;2;12;2;2;6;0;0;3;6;2;3.0;1.0;1;3;2;3;3;3;3;4;7;1
426;0;1;0;2;0;2;11;1;5;2;12;5;2;6;0;0;3;6;2;3.0;1.0;1;2;1;4;2;3;3;4;13;1
426;0;0;0;3;0;4;3;1;2;2;12;2;2;6;0;0;3;6;2;3.0;1.0;1;0;0;5;2;3;3;3;16;1
1026;0;1;0;3;0;3;3;1;5;2;12;3;2;4;0;0;3;3;2;2.0;1.0;1;3;2;3;3;3;3;4;18;1
1026;0;0;2;2;0;1;13;1;1;2;12;0;3;4;0;0;3;3;2;2.0;1.0;1;1;0;5;1;3;3;4;6;1
372;3;1;0;3;2;0;11;1;1;2;8;2;2;6;0;3;3;6;7;1.0;1.0;1;3;2;3;3;6;3;4;1;1
474;2;2;1;2;2;2;13;1;4;2;8;2;2;5;0;3;2;6;2;1.0;1.0;1;2;1;1;2;3;3;4;16;1
245;2;3;0;2;0;1;0;1;5;2;8;4;2;4;0;3;3;6;2;3.0;3.0;1;3;2;3;3;3;3;4;16;1
245;2;0;0;2;0;1;3;1;4;2;9;3;2;4;0;3;3;6;6;3.0;3.0;1;1;0;4;2;3;3;4;18;1
245;2;0;0;1;0;1;3;3;3;2;1;2;2;4;0;3;3;6;2;3.0;3.0;1;2;0;0;2;3;3;4;7;1
245;2;0;0;2;0;4;3;1;5;2;2;3;2;4;0;3;3;6;2;3.0;3.0;1;0;1;5;2;3;3;4;6;1
553;2;2;1;2;0;1;3;1;5;2;8;0;2;6;0;3;2;6;2;2.0;2.0;1;3;2;3;3;0;3;4;6;1
553;2;1;0;2;0;0;13;1;5;2;12;2;2;6;3;3;2;6;6;2.0;2.0;4;1;1;1;2;3;3;4;0;1
553;2;1;0;2;0;1;13;1;5;2;9;5;8;6;0;3;2;6;2;2.0;2.0;2;1;0;5;2;3;3;4;6;1
138;4;1;0;2;0;2;3;1;5;2;11;5;2;6;0;3;3;6;2;1.0;1.0;9;3;2;3;3;6;3;4;1;1
187;2;1;2;2;0;0;11;1;0;2;8;2;2;5;4;3;3;6;2;3.0;2.0;1;3;2;3;3;6;3;4;6;1
187;2;0;0;3;0;0;5;1;4;2;12;5;2;5;0;3;3;6;2;3.0;2.0;9;1;0;4;2;0;3;4;6;1
187;2;0;0;2;0;1;5;1;5;2;12;2;2;5;0;3;3;6;2;3.0;2.0;1;3;2;3;3;3;3;4;10;1
653;0;0;0;2;0;4;3;2;1;2;8;2;3;4;0;3;2;6;2;2.0;1.0;1;1;1;1;2;3;3;4;6;1
653;0;1;2;2;0;3;5;1;5;2;8;2;2;4;0;3;2;6;2;2.0;1.0;1;2;1;5;2;0;3;4;18;1
178;5;4;0;2;0;4;5;1;2;2;12;0;2;5;0;0;3;5;6;2.0;1.0;1;3;2;3;3;6;3;4;6;1
178;5;0;0;3;2;2;13;1;2;2;8;2;2;5;0;0;3;5;2;2.0;1.0;1;2;1;5;2;3;3;4;7;1
1012;1;1;0;3;0;4;3;1;1;2;4;2;2;4;0;3;3;6;2;2.0;1.0;12;3;2;3;3;3;3;4;11;1
1012;1;0;0;2;0;0;13;1;5;2;8;0;2;4;0;3;3;6;2;2.0;1.0;1;0;1;0;1;6;3;6;18;1
973;5;0;0;2;0;2;3;1;5;2;12;0;2;4;0;3;3;6;2;1.0;1.0;12;0;0;5;2;3;3;5;6;0
335;5;1;0;1;2;2;3;1;4;2;12;2;2;4;0;3;3;6;2;2.0;1.0;1;1;0;0;2;3;3;4;16;1
335;5;1;0;3;0;1;11;1;5;2;8;2;2;4;0;3;3;6;2;2.0;1.0;9;3;2;3;3;3;3;4;16;1
494;2;0;0;2;0;2;3;1;5;2;2;2;2;5;0;3;3;6;2;2.0;1.0;1;3;2;3;3;6;3;4;16;1
494;2;3;0;2;0;2;3;1;5;2;8;5;2;5;0;3;3;6;6;2.0;1.0;1;1;1;1;2;0;3;4;16;1
1067;6;3;0;1;2;0;3;1;5;2;9;5;2;6;0;0;3;6;0;2.0;1.0;9;0;1;5;2;3;3;4;18;1
1067;6;3;0;2;0;0;11;1;5;2;1;2;2;6;0;0;3;6;2;2.0;1.0;1;1;0;1;2;6;3;4;13;1
631;3;1;2;2;0;0;3;3;2;2;12;5;2;5;0;3;2;6;2;1.0;1.0;4;1;1;1;2;3;3;4;18;1
1026;6;1;0;2;0;4;2;1;5;2;2;0;2;4;0;3;3;6;2;3.0;1.0;1;0;1;1;2;3;3;5;1;1
1026;6;1;0;2;0;0;2;1;5;2;12;4;2;4;0;3;3;6;2;3.0;1.0;1;3;2;3;3;3;3;4;1;1
1026;6;2;1;1;2;4;3;1;4;2;12;2;2;4;0;3;3;6;2;3.0;1.0;12;2;1;0;2;3;3;4;17;1
617;3;3;0;2;0;4;13;1;2;2;2;0;2;6;0;0;2;3;2;1.0;1.0;1;3;2;3;3;6;3;4;13;2
250;4;1;0;2;0;0;13;1;5;2;8;0;2;4;0;3;3;6;7;2.0;1.0;1;3;2;3;3;1;3;4;17;1
250;4;0;0;3;1;2;5;1;5;2;11;0;2;4;0;3;3;6;7;2.0;1.0;1;1;0;0;2;0;3;4;1;1
540;0;0;0;2;2;0;3;1;1;2;12;4;2;4;0;3;2;6;7;2.0;2.0;1;2;1;5;2;6;3;4;13;1
540;0;0;0;3;0;4;13;1;4;2;2;2;0;4;0;3;2;6;2;2.0;2.0;1;3;2;3;3;6;3;4;18;1
762;4;3;0;2;0;2;3;3;1;2;9;2;2;5;0;3;2;6;2;1.0;1.0;1;0;0;4;1;3;3;6;11;0
509;1;1;0;2;0;1;0;1;1;2;8;2;0;6;2;3;2;6;2;1.0;1.0;5;0;1;5;2;3;3;4;6;1
234;6;3;0;3;0;4;13;1;1;2;12;2;2;4;0;3;3;6;7;2.0;1.0;1;3;2;3;3;6;3;4;6;1
234;6;0;0;2;0;1;0;1;1;2;8;2;0;4;2;3;3;6;2;2.0;1.0;1;1;0;0;2;3;3;4;13;1
1002;2;1;0;3;0;4;13;1;1;2;12;2;2;6;0;0;3;6;7;2.0;1.0;4;3;2;3;3;6;3;4;6;1
1002;2;2;1;2;0;4;13;1;0;2;2;0;2;6;0;0;3;6;2;2.0;1.0;9;1;0;1;2;3;3;4;7;1
990;6;4;0;2;0;1;13;1;5;2;8;2;2;4;0;3;3;6;2;2.0;1.0;1;3;2;3;3;3;3;4;1;1
990;6;0;0;2;0;4;5;1;5;2;12;2;2;4;0;3;3;6;2;2.0;1.0;1;3;2;3;3;3;3;4;18;1
194;4;0;2;2;0;4;5;1;5;2;12;2;2;4;0;3;3;6;2;2.0;1.0;1;1;0;0;2;3;3;4;18;1
194;4;1;0;2;0;3;11;1;4;2;11;2;2;4;0;3;3;6;2;2.0;1.0;2;2;0;5;2;3;3;4;0;1
391;4;0;0;2;2;4;13;1;5;2;2;3;0;6;0;3;3;6;6;2.0;1.0;1;2;0;5;2;3;3;4;10;1
391;4;4;0;1;1;4;3;1;5;2;11;0;2;6;0;3;3;6;2;2.0;1.0;1;3;2;3;3;3;3;4;0;1
71;3;3;2;2;0;2;4;1;1;2;9;3;2;6;0;0;3;3;2;1.0;1.0;1;1;0;0;2;3;3;4;1;1
189;6;0;0;3;0;2;3;1;5;2;8;2;2;4;0;3;3;6;6;3.0;1.0;10;3;2;3;3;3;3;4;13;1
189;6;0;1;2;0;2;6;1;5;2;8;0;2;4;0;3;3;6;2;3.0;1.0;1;1;0;0;2;6;3;4;18;1
189;6;0;0;2;0;2;0;3;2;2;2;2;2;4;0;3;3;6;2;3.0;1.0;1;1;0;0;1;3;3;4;0;1
324;2;1;0;2;2;3;11;1;1;2;9;0;2;6;0;3;3;6;2;2.0;3.0;12;0;1;4;0;3;3;6;13;1
324;2;3;0;2;0;2;3;1;5;2;8;5;2;6;0;3;3;6;2;2.0;3.0;1;0;1;4;2;6;3;4;18;1
324;2;3;0;3;0;1;13;1;1;2;9;4;2;6;0;3;3;6;7;2.0;3.0;1;1;0;0;2;3;3;4;7;1
293;2;1;0;2;2;1;11;1;1;2;12;2;2;6;0;3;3;6;7;1.0;1.0;0;2;0;5;2;0;3;4;7;0
438;5;3;0;3;0;1;13;3;1;2;12;2;2;0;0;3;3;6;2;2.0;1.0;1;2;0;5;2;3;3;4;13;1
438;5;4;0;2;2;1;5;1;5;2;9;2;2;0;0;3;3;6;2;2.0;1.0;8;2;0;5;2;3;3;4;13;1
88;5;1;0;2;0;4;13;1;2;2;4;0;2;5;0;3;3;6;6;2.0;1.0;1;2;1;1;2;3;3;4;11;1
88;5;3;0;2;0;1;2;1;1;2;12;0;8;5;0;3;3;6;2;2.0;1.0;2;2;1;0;2;3;3;4;6;1
304;6;1;0;2;0;0;11;1;0;2;8;0;2;5;0;3;3;6;2;3.0;2.0;1;2;1;0;2;3;3;4;1;1
304;6;3;0;2;0;1;3;2;1;2;12;2;3;5;0;3;3;6;2;3.0;2.0;1;0;0;0;2;3;3;8;10;1
304;6;2;1;2;0;0;0;3;0;2;12;0;2;5;0;3;3;6;2;3.0;2.0;12;2;1;0;1;3;3;4;18;1
203;4;0;0;2;0;2;2;1;5;2;12;2;2;4;0;0;3;6;6;2.0;3.0;1;2;1;0;2;3;3;4;13;1
203;4;0;0;2;0;2;13;1;1;2;12;3;2;4;0;0;3;6;2;2.0;3.0;9;1;0;1;2;3;3;4;1;1
203;4;2;1;3;2;1;3;1;5;1;8;0;2;4;0;0;3;6;2;2.0;3.0;1;3;2;3;3;0;3;4;0;1
975;3;2;1;3;0;3;0;3;0;2;12;2;2;6;0;3;3;6;6;2.0;1.0;9;1;0;1;2;3;3;4;18;1
975;3;0;0;2;0;2;3;1;5;2;12;5;2;6;0;3;3;6;2;2.0;1.0;1;0;1;5;2;3;3;7;9;1
164;2;0;0;2;0;4;3;2;5;2;12;2;2;4;0;3;3;6;6;4.0;1.0;1;3;2;3;3;3;3;4;0;1
164;2;0;0;1;0;0;4;1;4;2;12;5;8;4;0;3;3;6;2;4.0;1.0;12;1;0;4;2;3;3;4;16;1
164;2;2;1;2;2;2;5;1;5;2;8;0;2;4;0;3;3;6;2;4.0;1.0;1;1;1;4;2;3;3;4;18;1
164;2;2;1;2;0;0;13;1;5;2;8;4;2;4;0;3;3;6;2;4.0;1.0;1;1;0;1;2;6;3;4;2;1
618;2;0;0;2;0;4;13;1;4;2;2;5;2;4;0;3;3;6;2;2.0;1.0;1;3;2;3;3;3;3;4;18;0
618;2;1;0;2;0;3;13;1;5;2;8;3;2;4;0;3;3;6;2;2.0;1.0;4;3;2;3;3;0;3;4;0;0
523;1;1;0;3;0;1;6;1;4;2;8;5;2;4;0;3;3;6;2;1.0;1.0;1;1;0;0;2;3;3;4;18;1
654;1;1;0;2;0;2;13;1;5;2;8;2;2;5;0;3;3;6;2;4.0;2.0;1;3;2;3;3;3;3;4;1;1
654;1;0;0;3;0;2;13;1;5;2;8;4;2;5;0;3;3;6;2;4.0;2.0;1;1;1;4;2;3;3;4;6;1
654;1;1;0;2;2;0;9;1;1;2;9;0;2;5;0;3;3;6;7;4.0;2.0;2;3;2;3;3;6;3;4;0;1
654;1;1;0;2;0;2;13;1;4;2;9;5;2;5;0;3;3;6;6;4.0;2.0;3;2;1;1;2;3;3;4;16;1
42;3;1;0;4;1;2;7;1;2;2;9;0;2;6;0;0;3;3;2;3.0;1.0;1;3;2;3;3;6;3;4;18;1
42;3;1;0;1;0;1;3;1;2;2;8;3;2;6;0;0;3;3;2;3.0;1.0;3;3;2;3;3;6;3;4;17;1
42;3;1;0;2;0;0;13;1;5;2;9;2;8;6;0;0;3;3;6;3.0;1.0;1;1;1;1;2;3;3;4;17;1
644;3;0;0;2;0;2;4;3;5;2;12;2;2;5;0;3;3;6;2;2.0;2.0;1;2;0;0;2;3;3;4;16;1
644;3;0;0;2;0;1;0;3;3;2;12;2;2;5;0;3;3;6;2;2.0;2.0;1;3;2;3;3;3;3;4;1;1
644;3;0;0;2;0;5;11;1;5;2;12;2;2;5;0;3;3;6;7;2.0;2.0;1;3;2;3;3;1;3;4;1;1
101;0;3;0;2;0;4;3;1;5;2;11;3;2;4;0;3;3;6;2;2.0;2.0;1;1;0;5;2;6;3;4;18;1
101;0;1;0;2;0;4;5;1;5;2;11;3;2;4;0;3;3;6;7;2.0;2.0;1;0;1;4;1;6;3;6;16;1
101;0;1;0;2;0;2;3;1;1;2;11;0;2;4;0;3;3;6;2;2.0;2.0;1;0;0;5;1;3;3;8;18;1
392;1;1;0;1;0;1;3;1;5;2;9;4;2;4;0;3;3;6;2;2.0;1.0;1;0;0;5;2;0;3;5;18;2
392;1;0;0;1;2;1;3;1;5;2;12;0;2;4;0;3;3;6;6;2.0;1.0;1;1;0;1;1;3;3;4;0;2
220;6;1;0;2;0;3;13;1;5;2;8;2;2;4;0;3;3;6;2;2.0;1.0;9;3;2;3;3;3;3;4;1;1
220;6;0;0;2;2;4;3;1;2;2;12;2;2;4;0;3;3;6;2;2.0;1.0;1;3;2;3;3;3;3;4;18;1
561;0;1;0;2;0;4;3;1;4;2;11;0;2;0;0;3;3;6;2;2.0;1.0;1;1;0;1;2;3;3;4;3;0
561;0;1;0;3;0;1;5;1;2;2;12;3;2;0;0;3;3;6;7;2.0;1.0;1;3;2;3;3;6;3;4;16;0
770;4;4;0;2;0;1;12;1;1;2;4;2;2;4;0;3;2;6;6;2.0;3.0;1;1;1;1;2;3;3;4;13;1
770;4;4;0;4;0;4;3;1;1;2;12;2;2;4;0;3;2;6;7;2.0;3.0;1;3;2;3;3;1;3;4;10;1
770;4;4;0;3;0;2;5;1;5;2;8;2;2;4;0;3;2;6;2;2.0;3.0;1;1;0;5;1;3;3;4;13;1
1023;3;0;0;2;0;3;11;1;5;2;12;2;2;6;0;0;3;3;2;1.0;1.0;1;0;0;1;2;3;3;8;0;0
347;1;1;0;3;0;3;11;1;5;2;12;2;2;4;0;3;3;6;2;2.0;1.0;1;3;2;3;3;3;3;4;5;0
347;1;1;0;2;0;3;3;2;4;2;5;0;2;4;0;3;3;6;2;2.0;1.0;1;1;1;0;2;3;3;4;10;0
625;4;4;0;2;0;2;13;1;5;2;12;5;2;6;0;3;3;6;2;1.0;1.0;1;3;2;3;3;3;3;4;6;0
704;3;1;0;2;2;2;3;1;4;2;9;2;2;5;0;3;2;6;6;2.0;2.0;1;1;0;0;2;3;3;4;18;1
704;3;0;0;1;2;2;5;1;4;2;8;2;2;5;0;3;2;6;6;2.0;2.0;1;0;0;5;2;3;3;6;16;1
683;4;4;0;2;0;2;3;1;5;2;8;3;2;4;0;3;3;6;2;1.0;2.0;1;0;1;5;2;3;3;6;5;0
683;4;4;0;2;0;1;3;1;1;2;3;4;2;4;0;3;3;6;2;1.0;2.0;1;3;2;3;3;3;3;4;10;0
871;5;4;0;3;0;2;13;1;5;2;4;2;2;6;0;0;3;3;2;2.0;2.0;1;1;0;0;2;6;3;4;0;0
871;5;4;0;2;0;1;3;1;1;2;12;0;2;6;0;0;3;3;2;2.0;2.0;1;3;2;3;3;3;3;4;0;0
871;5;0;2;2;0;3;9;1;5;2;8;0;2;6;0;0;3;3;2;2.0;2.0;1;3;2;3;3;3;3;4;0;0
1052;6;1;0;3;0;1;3;1;5;2;8;5;2;6;0;3;3;6;2;2.0;2.0;2;1;0;1;2;3;3;4;0;2
1052;6;1;0;2;0;1;3;1;5;2;9;2;2;6;0;3;3;6;2;2.0;2.0;1;2;1;4;2;3;3;4;13;2
513;3;2;1;2;0;1;3;1;5;2;9;2;2;4;0;3;3;6;2;2.0;1.0;1;2;1;1;2;3;3;4;18;1
513;3;4;0;2;0;2;3;1;5;2;11;2;2;4;0;3;3;6;2;2.0;1.0;1;1;0;4;2;3;3;4;5;1
358;3;3;0;2;0;2;0;3;5;2;12;2;2;4;0;3;3;6;2;2.0;2.0;12;1;1;0;2;3;3;4;18;1
358;3;0;0;2;0;2;3;3;5;2;0;0;2;4;0;3;3;6;1;2.0;2.0;1;1;1;1;2;3;3;4;6;1
202;5;1;0;2;2;2;3;1;5;2;8;5;2;4;0;3;3;6;2;2.0;1.0;1;2;1;0;2;3;3;4;18;0
202;5;3;0;2;0;1;3;1;5;2;2;2;2;4;0;3;3;6;6;2.0;1.0;1;3;2;3;3;3;3;4;18;0
644;0;2;1;2;0;3;2;3;5;2;2;2;2;4;0;3;3;6;2;2.0;1.0;1;3;2;3;3;3;3;4;18;1
644;0;4;0;2;0;0;11;1;5;2;9;3;2;4;0;3;3;6;2;2.0;1.0;1;1;0;1;2;1;3;4;0;1
533;0;3;0;2;0;3;13;1;4;2;9;2;2;6;0;3;3;6;2;1.0;1.0;1;2;0;0;2;6;3;4;18;1
174;4;2;1;2;0;4;12;1;5;2;9;3;2;6;0;3;3;6;2;1.0;1.0;12;2;0;0;2;3;3;4;16;0
486;3;1;0;2;0;3;2;1;4;2;9;2;2;6;0;3;3;6;2;2.0;3.0;9;0;0;4;2;3;3;6;1;1
486;3;1;0;2;0;1;5;1;0;2;12;3;2;6;0;3;3;6;2;2.0;3.0;1;3;2;3;3;6;3;4;13;1
486;3;1;0;2;0;0;3;1;5;2;12;2;2;6;0;3;3;6;6;2.0;3.0;4;1;0;0;1;3;3;4;6;1
486;3;0;0;3;0;2;3;1;1;2;9;2;2;6;0;3;3;6;6;2.0;3.0;4;1;0;1;2;3;3;4;1;1
956;3;0;0;2;2;3;6;1;5;2;12;5;2;6;0;3;3;6;2;2.0;1.0;2;3;2;3;3;3;3;4;17;1
956;3;0;0;2;0;3;13;1;5;2;2;0;2;6;0;3;3;6;6;2.0;1.0;2;1;0;0;2;3;3;4;18;1
51;1;4;0;6;0;3;13;1;5;2;12;0;2;0;0;3;3;6;6;2.0;1.0;2;1;0;0;2;4;3;4;18;1
51;1;3;0;2;0;0;15;1;5;2;8;0;2;0;0;3;3;6;2;2.0;1.0;9;3;2;3;3;3;3;4;3;1
753;4;3;0;3;2;2;9;1;1;2;8;2;2;6;0;3;0;6;2;1.0;1.0;1;1;0;0;2;3;3;4;18;0
30;2;0;2;2;0;1;13;1;5;2;9;0;2;6;0;3;2;6;6;1.0;2.0;1;2;1;5;2;3;3;4;8;0
30;2;0;2;2;2;3;11;1;5;2;12;2;2;6;0;3;2;6;2;1.0;2.0;1;2;1;5;2;3;3;4;13;0
63;6;0;0;6;0;2;3;1;4;2;4;0;2;4;0;3;3;6;2;1.0;2.0;1;2;1;5;2;3;3;4;17;1
63;6;0;0;6;0;2;2;1;5;2;8;2;2;4;0;3;3;6;2;1.0;2.0;1;3;2;3;3;3;3;4;1;1
195;4;0;0;2;0;2;2;2;5;2;1;2;2;6;0;0;3;3;2;2.0;3.0;1;1;0;1;1;6;3;4;1;1
195;4;3;0;2;0;1;12;1;0;2;9;2;2;6;0;0;3;3;2;2.0;3.0;1;3;2;3;3;3;3;4;19;1
195;4;3;0;2;0;4;3;1;4;2;9;0;2;6;0;0;3;3;2;2.0;3.0;1;3;2;3;3;3;3;4;18;1
457;6;0;0;2;0;2;14;1;2;2;2;0;8;4;0;3;3;6;7;4.0;1.0;1;1;0;0;2;5;3;4;0;1
457;6;1;0;2;0;4;14;1;2;2;9;0;2;4;0;3;3;6;2;4.0;1.0;4;2;1;1;2;3;3;4;0;1
457;6;1;0;2;0;1;13;1;5;2;12;5;2;4;0;3;3;6;6;4.0;1.0;1;1;0;1;2;3;3;4;13;1
457;6;1;0;2;0;3;13;1;2;2;12;0;2;4;0;3;3;6;2;4.0;1.0;9;2;0;5;2;3;3;4;9;1
441;0;1;0;2;0;3;15;1;5;2;12;1;2;6;0;3;3;6;2;3.0;4.0;1;2;1;5;2;1;3;4;1;1
441;0;4;2;2;2;2;3;1;5;2;2;1;2;6;0;3;3;6;2;3.0;4.0;1;1;0;0;2;1;3;4;0;1
441;0;1;0;2;0;1;12;3;5;2;12;1;2;6;0;3;3;6;2;3.0;4.0;9;2;1;0;2;6;3;4;18;1
441;0;1;0;3;0;3;2;1;5;2;2;1;2;6;0;3;3;6;2;3.0;4.0;1;2;1;4;2;3;3;4;0;1
441;0;1;0;2;0;1;3;1;5;2;2;2;2;6;0;3;3;6;2;3.0;4.0;1;3;2;3;3;3;3;4;0;1
98;2;0;0;2;0;2;3;1;4;2;12;0;2;6;0;0;3;3;2;3.0;2.0;7;1;1;0;2;3;3;4;18;1
98;2;0;0;1;0;4;3;3;2;2;12;0;2;6;0;0;3;3;2;3.0;2.0;9;3;2;3;3;3;3;4;0;1
98;2;1;0;1;0;4;3;1;2;2;11;5;2;6;0;0;3;3;2;3.0;2.0;9;1;0;1;2;3;3;4;6;1
820;4;0;0;2;0;2;0;1;4;2;9;0;2;6;0;3;2;6;6;1.0;2.0;1;3;2;3;3;3;3;4;6;0
820;4;0;0;3;0;0;15;1;0;2;12;2;2;6;0;3;2;6;2;1.0;2.0;12;1;0;0;2;1;3;4;0;0
416;5;1;0;3;0;2;13;1;4;2;8;0;2;5;0;3;3;6;6;2.0;1.0;1;1;0;0;1;3;3;4;3;1
416;5;4;0;2;0;2;13;1;4;2;9;0;2;5;0;3;3;6;2;2.0;1.0;1;3;2;3;3;3;3;4;0;1
426;0;1;0;2;0;0;11;1;4;2;12;4;8;6;0;3;3;6;9;2.0;1.0;1;3;2;3;3;3;3;4;13;1
426;0;4;0;2;2;2;2;1;4;2;9;2;2;6;0;3;3;6;9;2.0;1.0;9;1;0;1;2;3;3;4;18;1
439;5;1;2;1;2;4;3;1;2;2;9;0;2;7;0;3;3;6;7;2.0;1.0;1;0;0;5;1;0;3;4;3;1
439;5;1;0;2;2;3;4;1;5;2;9;2;2;7;0;3;3;6;2;2.0;1.0;1;1;0;5;2;3;3;4;6;1
474;2;1;0;6;2;2;9;1;0;2;12;5;2;4;0;3;3;6;2;1.0;1.0;1;2;0;5;2;2;3;4;0;1
770;3;1;0;0;0;4;3;1;2;2;12;0;2;5;0;3;2;6;2;2.0;1.0;1;1;0;1;2;3;3;4;9;0
770;3;1;0;1;0;3;4;1;2;2;12;4;2;5;0;3;2;6;7;2.0;1.0;1;2;1;1;2;6;3;4;1;0
306;3;4;0;2;0;0;9;1;0;2;3;0;2;0;0;3;3;6;6;2.0;2.0;2;2;0;5;2;6;3;4;6;1
306;3;4;0;2;0;4;11;1;1;2;9;0;2;0;0;3;3;6;9;2.0;2.0;1;1;0;1;2;3;3;4;18;1
306;3;3;0;2;2;4;13;1;2;2;9;4;2;0;0;3;3;6;9;2.0;2.0;1;1;0;5;2;3;3;4;13;1
288;4;2;1;2;0;4;12;1;2;2;9;0;2;4;0;3;3;6;9;3.0;1.0;1;3;2;3;3;3;3;4;17;1
288;4;0;0;2;0;5;3;1;0;2;12;2;2;4;0;3;3;6;9;3.0;1.0;1;1;0;0;2;3;3;4;13;1
288;4;0;2;2;0;0;14;1;0;2;8;2;2;4;0;3;3;6;9;3.0;1.0;1;3;2;3;3;6;3;4;0;1
182;2;1;0;5;2;0;3;1;1;2;12;5;2;4;0;0;3;3;2;2.0;4.0;1;0;1;5;2;3;3;0;18;1
182;2;0;0;2;2;3;5;1;5;2;8;3;2;4;0;0;3;3;2;2.0;4.0;1;1;0;4;2;3;3;4;8;1
182;2;0;0;2;2;0;15;1;5;2;9;2;2;4;0;0;3;3;6;2.0;4.0;1;3;2;3;3;3;3;4;0;1
182;2;0;0;2;2;1;4;1;5;2;8;3;6;4;0;0;3;3;6;2.0;4.0;7;3;2;3;3;3;3;4;6;1
182;2;0;0;4;2;2;13;1;5;2;8;3;2;4;0;0;3;3;2;2.0;4.0;1;1;0;4;2;3;3;4;7;1
514;0;0;0;4;2;4;2;2;5;2;12;3;2;6;0;3;3;6;2;2.0;1.0;1;1;0;0;2;3;3;4;0;1
514;0;0;0;2;2;1;3;1;5;2;8;2;2;6;0;3;3;6;2;2.0;1.0;1;3;2;3;3;6;4;4;0;1
99;3;0;0;3;2;4;14;1;5;2;8;2;2;4;0;3;3;6;2;2.0;1.0;1;3;2;3;3;3;3;4;6;1
99;3;0;0;6;2;2;15;3;5;2;8;4;2;4;2;3;3;6;2;2.0;1.0;1;1;0;4;2;3;3;4;1;1
956;5;3;0;2;2;2;14;1;5;2;12;0;2;4;0;3;3;6;0;2.0;2.0;1;3;2;3;3;1;3;4;16;1
956;5;0;0;2;2;2;3;1;5;2;9;2;2;4;0;3;3;6;2;2.0;2.0;1;1;0;1;2;3;3;4;6;1
956;5;0;0;2;2;3;12;1;1;2;9;2;6;4;0;3;3;6;6;2.0;2.0;1;2;0;0;2;3;3;4;0;1
386;5;0;0;2;2;1;12;1;2;2;2;2;2;6;0;0;3;3;7;2.0;1.0;1;2;0;0;2;1;3;4;6;1
386;5;1;0;3;0;1;14;1;2;2;12;2;2;6;0;0;3;3;2;2.0;1.0;1;3;2;3;3;3;3;4;10;1
529;6;4;0;2;0;1;15;1;5;2;9;2;2;4;0;0;3;3;2;2.0;1.0;1;2;1;0;2;3;3;4;18;1
529;6;2;1;2;0;1;15;1;1;2;12;0;2;4;0;0;3;3;2;2.0;1.0;1;1;0;4;2;3;3;4;1;1
487;5;0;0;2;0;2;14;1;1;2;9;0;2;6;0;3;3;6;2;3.0;1.0;1;3;2;3;3;3;3;4;16;0
487;5;1;0;2;0;2;16;1;1;2;9;2;2;6;0;3;3;6;2;3.0;1.0;4;3;2;3;3;3;3;4;13;0
487;5;1;0;2;0;4;14;1;2;2;12;2;2;6;1;3;3;6;2;3.0;1.0;2;1;0;5;2;3;3;4;13;0
319;2;0;0;3;0;2;14;1;5;2;12;2;2;4;0;3;3;6;2;3.0;2.0;9;3;2;3;3;3;3;4;18;1
319;2;1;0;2;0;2;6;1;5;2;12;0;2;4;0;3;3;6;6;3.0;2.0;1;1;1;1;2;3;3;4;0;1
319;2;1;0;2;0;4;3;1;5;2;12;3;2;4;0;3;3;6;0;3.0;2.0;9;1;1;0;2;3;3;4;0;1
48;5;0;0;3;2;2;3;1;5;2;9;2;2;5;0;3;3;6;2;1.0;1.0;1;3;2;3;3;3;3;4;13;1
558;6;1;0;2;2;2;4;1;1;2;1;0;2;5;0;3;3;6;7;1.0;1.0;1;0;0;1;2;3;3;6;6;1
304;0;0;0;2;0;2;3;1;5;2;12;5;2;6;0;0;3;6;2;2.0;3.0;1;3;2;3;3;1;3;4;10;1
304;0;1;2;2;0;3;11;1;5;2;8;0;2;6;0;0;3;6;2;2.0;3.0;1;1;0;1;2;6;3;4;18;1
304;0;1;0;2;0;2;3;1;5;2;12;0;2;6;0;0;3;6;7;2.0;3.0;1;1;1;0;2;3;3;4;18;1
992;2;4;0;2;0;2;3;1;5;2;8;0;2;6;0;0;3;6;7;1.0;1.0;12;2;0;0;2;2;3;4;16;0
713;6;2;1;2;0;2;3;1;5;2;8;4;2;4;0;3;0;1;2;2.0;1.0;1;3;2;3;3;1;3;4;7;1
713;6;0;0;2;0;4;14;1;5;2;8;0;2;4;0;3;0;1;2;2.0;1.0;12;1;0;1;2;3;3;4;16;1
332;0;0;0;1;0;4;6;1;5;2;12;0;2;6;0;0;3;3;2;2.0;2.0;1;2;1;0;2;1;3;4;16;1
332;0;3;2;2;0;4;6;3;5;2;12;3;2;6;0;0;3;3;2;2.0;2.0;9;3;2;3;3;3;3;4;16;1
332;0;3;0;2;0;4;15;1;5;2;8;1;2;6;0;0;3;3;2;2.0;2.0;1;1;1;1;2;1;3;4;18;1
678;2;1;0;2;0;4;15;1;5;2;9;5;2;6;0;3;2;6;6;2.0;4.0;1;3;2;3;3;3;3;4;13;2
678;2;1;0;2;0;4;4;3;1;2;1;0;2;6;0;3;2;6;2;2.0;4.0;9;2;0;5;2;3;3;4;0;2
678;2;0;0;2;0;2;3;1;0;2;12;5;2;6;0;3;2;6;2;2.0;4.0;1;1;0;5;2;3;3;4;6;2
678;2;0;0;2;0;1;3;1;4;2;9;5;2;6;0;3;2;6;2;2.0;4.0;4;3;2;3;3;6;3;4;1;2
388;6;0;0;2;0;3;3;1;5;2;12;5;2;6;0;3;3;6;2;3.0;1.0;1;1;1;1;2;3;3;4;18;1
388;6;1;2;2;0;3;14;1;5;2;12;5;2;6;0;3;3;6;2;3.0;1.0;1;2;0;1;2;3;3;4;0;1
388;6;3;0;2;0;1;14;1;2;2;12;4;2;6;0;3;3;6;2;3.0;1.0;12;3;2;3;3;0;3;4;10;1
332;0;1;0;3;0;3;3;1;5;2;12;2;2;6;0;0;3;6;2;2.0;1.0;1;3;2;3;3;3;3;4;18;1
332;0;1;0;2;0;3;11;1;1;2;12;5;2;6;0;0;3;6;2;2.0;1.0;1;1;0;5;2;1;3;4;3;1
293;4;3;0;2;0;2;3;1;5;2;11;0;2;6;0;3;3;6;2;1.0;1.0;1;0;1;1;2;3;3;4;18;2
563;3;1;0;2;0;2;2;1;5;2;8;2;2;4;0;3;3;6;2;2.0;2.0;1;1;0;0;2;3;3;4;0;1
563;3;3;0;6;0;3;10;1;5;2;8;2;2;4;0;3;3;6;2;2.0;2.0;2;2;1;1;2;3;3;4;16;1
412;0;3;0;2;0;3;13;1;2;2;8;2;2;4;0;0;3;6;2;1.0;1.0;1;1;1;1;2;3;3;4;0;1
464;6;0;2;2;0;0;4;1;5;2;11;2;2;4;0;3;3;6;2;2.0;1.0;9;1;1;1;2;3;3;4;1;1
464;6;0;0;3;0;4;15;3;5;2;11;0;2;4;0;3;3;6;2;2.0;1.0;1;3;2;3;3;3;3;4;18;1
1025;5;1;0;3;0;4;13;1;5;2;8;2;2;6;0;3;3;6;2;2.0;1.0;1;1;1;0;2;3;3;4;17;0
1025;5;3;0;3;0;3;9;1;5;2;8;2;2;6;0;3;3;6;6;2.0;1.0;1;3;2;3;3;3;3;4;6;0
72;1;3;0;1;0;1;3;3;4;2;11;2;2;6;0;3;3;6;2;2.0;1.0;1;3;2;3;3;3;3;4;18;1
72;1;3;0;2;0;1;3;1;0;2;12;2;2;6;0;3;3;6;2;2.0;1.0;1;1;0;0;2;3;3;4;6;1
678;1;0;0;0;0;4;3;1;4;2;12;2;2;5;0;3;2;6;2;2.0;1.0;4;1;1;0;2;3;3;4;6;2
678;1;0;0;2;0;1;11;1;3;2;12;0;2;5;0;3;2;6;2;2.0;1.0;1;3;2;3;3;3;3;4;13;2
358;0;4;0;2;0;1;3;1;4;2;12;2;2;4;0;3;3;6;7;3.0;1.0;1;3;2;3;3;3;3;4;11;0
358;0;0;0;1;0;0;0;1;5;2;9;0;2;4;0;3;3;6;2;3.0;1.0;9;1;1;0;2;3;3;4;16;0
358;0;1;0;2;0;2;0;3;0;2;12;0;2;4;0;3;3;6;2;3.0;1.0;1;3;2;3;3;3;3;4;16;0
563;4;0;0;2;0;3;11;1;0;2;12;0;2;6;0;3;3;6;2;3.0;1.0;1;1;0;4;1;3;3;4;1;1
563;4;0;0;2;0;3;3;1;5;2;4;0;2;6;0;3;3;6;2;3.0;1.0;1;3;2;3;3;3;3;4;16;1
563;4;0;0;3;0;2;8;1;5;2;1;0;2;6;0;3;3;6;2;3.0;1.0;5;0;1;4;2;3;3;4;18;1
1050;2;1;0;2;0;3;3;1;4;2;2;2;2;4;0;3;3;6;2;2.0;1.0;1;0;1;5;2;3;3;5;13;1
1050;2;0;0;2;0;0;13;1;5;2;8;2;2;4;0;3;3;6;2;2.0;1.0;1;1;0;0;2;3;3;4;0;1
104;3;3;0;3;0;1;3;1;5;2;12;2;2;4;0;3;3;6;2;1.0;2.0;4;3;2;3;3;3;3;4;18;1
104;3;3;0;1;0;0;6;1;5;2;8;0;2;4;0;3;3;6;7;1.0;2.0;9;1;0;0;2;3;3;4;11;1
970;0;1;2;2;0;2;10;1;5;2;8;2;2;4;0;3;3;6;2;1.0;1.0;1;2;0;0;2;3;3;4;18;1
894;0;0;0;2;0;3;3;1;5;2;12;2;2;6;0;0;3;6;2;1.0;2.0;1;3;2;3;3;3;3;4;1;1
894;0;0;0;1;0;4;6;1;4;2;9;0;2;6;0;0;3;6;2;1.0;2.0;1;1;0;0;2;6;3;4;10;1
1039;1;0;0;3;2;2;3;1;4;2;8;5;3;5;0;3;3;6;2;2.0;1.0;2;1;0;0;2;3;3;4;18;0
1039;1;0;2;3;0;3;13;1;4;2;9;5;2;5;0;3;3;6;6;2.0;1.0;1;2;0;4;2;3;3;4;18;0
1044;0;1;0;2;0;2;13;1;5;2;11;2;2;4;0;3;3;6;2;2.0;1.0;1;1;0;5;2;6;3;4;0;1
1044;0;1;0;3;2;2;5;1;4;2;8;2;7;4;0;3;3;6;2;2.0;1.0;1;3;2;3;3;3;3;4;1;1
464;6;3;0;2;0;1;13;1;2;2;12;5;2;6;0;3;3;6;2;2.0;1.0;10;0;0;5;1;3;3;4;13;1
464;6;1;2;2;0;4;13;1;4;2;12;0;2;6;0;3;3;6;2;2.0;1.0;1;3;2;3;3;1;3;4;18;1
360;2;1;0;2;0;2;5;1;4;2;2;5;2;6;0;3;3;6;2;2.0;1.0;1;2;1;0;2;3;3;4;18;1
360;2;4;0;1;0;0;0;1;5;2;8;2;2;6;0;3;3;6;2;2.0;1.0;12;2;0;0;2;6;3;4;6;1
338;5;1;0;3;0;2;3;1;5;2;12;2;2;5;0;3;3;6;2;2.0;1.0;1;1;0;5;2;3;3;4;13;0
338;5;4;0;3;0;1;4;1;5;2;8;2;0;5;0;3;3;6;6;2.0;1.0;1;1;0;4;2;3;3;4;18;0
658;4;0;0;2;0;3;11;1;5;2;8;2;2;4;0;3;2;6;2;2.0;2.0;0;2;1;5;2;3;3;4;0;1
658;4;0;0;2;0;3;2;1;4;2;8;2;7;4;0;3;2;6;2;2.0;2.0;1;2;0;1;2;3;3;4;6;1
937;3;1;0;2;0;2;3;1;4;2;2;0;7;4;0;3;3;6;2;2.0;1.0;8;1;1;4;2;3;3;4;7;1
937;3;4;0;2;2;2;3;1;4;2;8;0;6;4;0;3;3;6;2;2.0;1.0;1;3;2;3;3;3;3;4;0;1
588;2;3;0;3;0;0;11;1;2;2;12;3;6;1;0;3;2;6;0;1.0;1.0;2;1;0;0;1;3;3;4;6;1
907;3;1;0;2;0;2;4;1;5;2;12;2;2;4;0;0;0;3;2;2.0;1.0;1;3;2;3;3;3;3;4;0;1
907;3;4;0;3;0;4;13;1;2;2;2;6;3;4;1;0;0;3;2;2.0;1.0;1;3;2;3;3;3;3;4;16;1
146;0;0;0;2;2;0;3;1;0;2;11;0;2;4;0;3;3;6;6;3.0;2.0;12;1;1;1;2;3;3;4;0;1
146;0;0;2;2;0;2;3;1;5;2;2;2;2;4;0;3;3;6;2;3.0;2.0;1;0;1;5;1;3;3;4;2;1
146;0;3;0;2;0;4;13;1;4;2;8;0;2;4;0;3;3;6;2;3.0;2.0;9;1;0;0;1;3;3;4;16;1
514;5;1;0;3;2;1;13;1;1;2;12;5;2;4;0;3;3;6;2;2.0;1.0;1;1;1;0;2;3;3;4;9;0
514;5;3;0;2;0;2;13;1;4;2;2;2;5;4;2;3;3;6;6;2.0;1.0;9;2;1;4;2;3;3;4;18;0
126;2;4;0;2;0;3;4;3;0;2;12;3;2;4;0;3;3;6;6;2.0;1.0;1;1;1;1;2;3;3;4;18;1
126;2;3;0;2;0;2;4;3;4;2;12;3;2;4;0;3;3;6;2;2.0;1.0;1;2;1;4;2;3;3;4;6;1
140;4;0;0;1;0;4;3;2;2;2;8;2;6;4;0;3;3;6;2;2.0;1.0;12;3;2;3;3;3;3;4;6;1
140;4;0;2;2;0;2;2;2;4;2;12;2;2;4;0;3;3;6;6;2.0;1.0;1;1;0;5;1;3;3;4;13;1
1020;0;1;2;3;0;0;3;1;1;2;12;2;2;6;0;3;3;6;6;1.0;1.0;1;0;1;0;2;3;3;4;18;0
983;1;0;0;2;0;2;3;3;5;2;9;2;2;6;0;3;3;3;2;1.0;1.0;1;1;0;0;1;3;3;4;0;1
755;0;0;0;3;0;0;9;1;1;2;8;2;2;5;0;3;2;6;2;2.0;1.0;4;1;0;0;2;3;3;4;11;1
755;0;1;0;2;2;0;3;1;1;2;2;4;2;5;0;3;2;6;2;2.0;1.0;1;2;1;0;2;3;3;4;18;1
461;5;1;0;2;0;4;0;3;0;2;9;0;2;6;0;3;3;6;2;3.0;1.0;3;3;2;3;3;0;3;4;16;1
461;5;2;1;2;0;2;4;1;5;2;12;0;2;6;0;3;3;6;2;3.0;1.0;1;1;0;0;2;3;3;4;1;1
461;5;2;1;2;0;3;13;1;5;2;12;2;2;6;0;3;3;6;7;3.0;1.0;1;3;2;3;3;1;3;4;18;1
278;2;1;0;2;0;4;3;1;5;2;12;3;2;4;0;3;3;6;2;2.0;1.0;1;1;0;0;1;6;3;4;10;1
278;2;4;0;2;0;2;6;1;5;2;1;2;2;4;0;3;3;6;2;2.0;1.0;1;1;0;4;1;6;3;4;1;1
885;0;0;0;2;2;4;3;1;5;2;1;4;2;6;0;0;2;6;2;2.0;1.0;1;3;2;3;3;0;3;4;0;0
885;0;0;0;2;0;2;0;1;5;2;12;2;2;6;0;0;2;6;2;2.0;1.0;1;1;1;1;2;6;3;4;7;0
716;3;1;0;2;0;0;5;2;0;2;8;2;2;5;3;0;2;3;6;2.0;1.0;1;2;1;0;2;3;3;4;9;1
716;3;1;0;2;0;0;3;1;1;2;9;2;2;5;0;0;2;3;2;2.0;1.0;1;1;0;0;2;3;3;4;11;1
533;5;3;0;2;0;0;13;1;1;2;12;2;2;6;0;3;2;6;2;2.0;1.0;1;3;2;3;3;3;3;4;0;1
533;5;1;0;1;0;1;3;1;0;2;9;0;8;6;0;3;2;6;2;2.0;1.0;9;1;1;1;2;3;3;4;0;1
499;3;0;2;1;2;4;4;1;5;2;2;3;2;6;0;0;2;6;2;1.0;1.0;1;1;1;0;2;3;3;4;13;1
427;2;1;0;3;0;1;5;1;1;2;12;4;2;4;0;3;3;6;6;2.0;1.0;1;2;0;0;2;3;3;4;13;1
427;2;1;0;2;0;4;3;1;2;2;8;2;3;4;0;3;3;6;2;2.0;1.0;1;1;1;0;2;3;3;4;1;1
426;1;1;0;1;0;1;3;1;1;2;12;0;2;4;0;0;2;6;6;2.0;3.0;1;1;0;0;2;3;3;4;13;1
426;1;1;0;2;1;5;3;1;5;2;1;2;8;4;0;0;2;6;2;2.0;3.0;1;2;0;0;2;3;3;4;18;1
426;1;3;0;2;0;0;11;1;5;2;12;0;2;4;0;0;2;6;0;2.0;3.0;1;2;1;5;2;6;3;4;13;1
464;0;0;0;2;2;2;2;1;0;2;8;2;2;5;1;3;2;6;2;2.0;1.0;1;3;2;3;3;3;3;4;0;1
464;0;4;0;2;0;0;2;3;5;2;9;0;2;5;0;3;2;6;2;2.0;1.0;1;1;1;1;1;3;3;4;1;1
988;6;2;1;2;0;4;2;1;5;2;8;4;2;4;0;0;3;7;2;1.0;1.0;1;3;2;3;3;6;3;4;16;1
194;5;0;0;2;0;0;6;1;5;2;8;2;2;4;0;3;3;6;2;2.0;1.0;1;1;0;1;2;3;3;4;18;1
194;5;4;0;2;0;0;13;1;5;2;2;3;2;4;0;3;3;6;2;2.0;1.0;1;2;1;1;2;3;3;4;16;1
775;0;2;1;2;0;1;5;1;5;2;2;0;2;5;0;0;2;3;7;3.0;1.0;1;1;0;0;2;6;3;4;10;1
775;0;0;0;1;0;0;3;1;5;2;9;0;2;5;0;0;2;3;0;3.0;1.0;1;3;2;3;3;3;3;4;0;1
775;0;0;1;2;0;0;3;1;5;2;12;0;2;5;0;0;2;3;2;3.0;1.0;1;1;0;0;1;6;3;4;18;1
660;5;1;0;3;0;4;11;1;5;2;12;5;2;5;0;3;2;6;0;2.0;1.0;1;0;1;5;2;6;3;5;18;1
660;5;0;2;2;0;4;13;1;5;2;12;0;2;5;0;3;2;6;9;2.0;1.0;1;1;0;5;1;6;3;4;1;1
84;0;1;0;3;0;4;13;1;1;2;9;0;2;4;0;3;3;6;2;1.0;1.0;1;3;2;3;3;3;3;4;0;1
406;6;0;0;2;0;4;13;1;5;2;8;0;2;6;0;0;2;6;2;2.0;2.0;2;0;1;4;1;3;3;8;0;1
406;6;3;0;2;0;0;0;1;5;2;9;0;2;6;0;0;2;6;8;2.0;2.0;1;0;1;1;1;2;3;3;10;1
406;6;3;0;2;0;2;5;1;5;2;12;2;2;6;0;0;2;6;2;2.0;2.0;1;3;2;3;3;3;3;4;13;1
350;1;2;1;1;0;4;3;1;0;2;12;2;2;6;0;0;2;3;2;2.0;1.0;1;3;2;3;3;3;3;4;0;1
350;1;1;0;3;0;2;13;1;2;2;9;0;2;6;0;0;2;3;2;2.0;1.0;1;1;0;0;1;6;3;4;6;1
341;0;4;0;2;0;4;10;1;4;2;12;0;2;5;0;0;2;6;9;2.0;1.0;1;3;2;3;3;3;3;4;18;1
341;0;3;0;6;0;1;13;1;0;2;12;5;8;5;0;0;2;6;0;2.0;1.0;12;3;2;3;3;3;3;4;1;1
956;1;0;0;2;0;1;13;1;1;2;8;4;8;1;0;0;3;6;6;2.0;1.0;9;1;0;0;2;3;3;4;13;0
956;1;1;0;1;0;1;0;1;5;2;9;2;2;1;0;0;3;6;2;2.0;1.0;1;0;0;1;1;6;3;6;18;0
421;6;1;0;2;0;0;3;1;5;2;12;2;2;4;0;3;3;6;2;1.0;1.0;4;0;1;0;1;6;3;5;17;0
327;6;1;0;1;0;2;3;2;1;2;9;0;2;6;0;0;3;1;6;1.0;1.0;4;0;0;5;2;3;3;5;1;1
1058;6;3;0;3;0;1;3;1;5;2;2;2;2;7;0;3;3;6;2;2.0;2.0;2;3;2;3;3;3;3;4;18;1
1058;6;3;0;2;0;0;0;3;5;2;9;2;2;7;0;3;3;6;2;2.0;2.0;2;1;0;1;2;1;3;4;6;1
1058;6;2;1;3;0;0;15;1;5;2;8;4;2;7;0;3;3;6;2;2.0;2.0;2;1;0;1;2;0;3;4;16;1
51;0;0;0;1;0;5;4;3;3;2;9;2;2;6;0;0;3;3;0;1.0;1.0;9;3;2;3;3;3;3;4;0;1
1016;1;3;0;2;2;2;15;1;5;2;12;4;2;4;0;0;3;5;0;1.0;1.0;1;3;2;3;3;3;3;4;13;1
194;1;0;0;2;0;0;4;1;5;2;4;2;2;6;0;0;3;3;7;2.0;1.0;1;1;0;0;2;0;3;4;16;0
194;1;4;0;2;0;1;10;1;5;2;2;2;2;6;0;0;3;3;9;2.0;1.0;1;1;0;1;2;3;3;4;17;0
426;3;0;0;2;0;2;15;1;1;2;9;0;8;4;0;0;2;6;2;2.0;1.0;1;2;1;1;2;3;3;4;1;1
426;3;1;0;2;0;2;3;1;5;2;12;2;2;4;0;0;2;6;2;2.0;1.0;1;1;0;0;1;3;3;4;1;1
667;4;0;0;2;0;2;3;1;5;2;12;2;2;4;0;0;2;3;7;1.0;1.0;1;3;2;3;3;3;3;4;10;2
370;3;4;0;2;0;1;13;1;0;2;8;0;2;5;0;0;2;1;7;2.0;1.0;1;3;2;3;3;3;3;4;13;1
370;3;1;0;2;0;4;2;1;4;2;5;2;3;5;0;0;2;1;2;2.0;1.0;1;1;0;0;2;3;3;4;0;1
436;5;0;0;2;2;4;2;1;4;2;2;2;8;4;0;3;2;6;2;2.0;1.0;1;3;2;3;3;3;3;4;0;1
436;5;0;0;2;0;2;3;1;5;2;8;5;3;4;0;3;2;6;2;2.0;1.0;4;1;1;1;2;3;3;4;18;1
710;4;1;0;3;2;4;2;1;4;2;2;2;8;6;0;0;2;0;6;1.0;1.0;1;0;1;1;2;3;3;4;13;1
963;6;0;0;2;0;2;3;1;5;2;8;5;3;6;0;0;3;3;9;2.0;1.0;9;0;1;0;2;3;3;4;18;1
963;6;0;0;2;2;2;6;3;5;2;8;0;2;6;0;0;3;3;6;2.0;1.0;1;1;0;0;1;3;3;4;6;1
631;2;1;0;2;2;4;13;1;0;2;11;2;2;4;0;3;2;6;2;2.0;1.0;1;1;0;0;2;6;3;4;17;1
631;2;2;1;1;2;4;3;1;3;2;9;2;2;4;0;3;2;6;2;2.0;1.0;9;1;0;4;2;6;3;4;16;1
617;4;3;2;2;0;2;3;1;5;2;8;5;3;5;0;0;2;5;6;1.0;1.0;1;2;0;4;2;3;3;4;13;1
514;1;0;2;3;0;2;3;1;5;2;7;5;2;6;0;0;2;0;2;1.0;1.0;1;1;0;1;2;3;3;4;0;1
387;3;1;0;3;2;4;13;1;5;2;12;2;2;7;0;0;2;3;2;1.0;1.0;7;1;0;1;2;3;3;4;18;1
519;5;0;0;2;2;3;3;1;5;2;9;0;2;1;0;0;2;3;6;2.0;1.0;9;2;0;0;2;3;3;4;6;0
519;5;0;0;2;2;1;13;1;5;2;8;0;2;1;0;0;2;3;6;2.0;1.0;9;0;0;5;1;3;3;6;1;0
320;6;0;2;2;2;1;12;1;5;2;8;0;2;6;0;0;3;1;2;1.0;1.0;1;1;0;0;2;3;3;4;13;1
509;3;4;2;1;2;2;13;1;5;2;9;0;2;6;0;0;2;3;9;2.0;2.0;12;1;0;4;2;1;3;4;18;1
509;3;0;2;2;2;2;13;1;5;2;8;0;2;6;0;0;2;3;2;2.0;2.0;1;3;2;3;3;0;3;4;0;1
653;5;1;0;2;2;3;2;1;5;2;8;0;2;4;0;0;2;6;2;1.0;2.0;1;1;0;1;2;6;3;4;16;1
653;5;1;0;3;2;4;11;1;5;2;8;2;2;4;0;0;2;6;2;1.0;2.0;1;2;0;5;2;3;3;4;19;1
450;6;1;2;3;2;3;11;1;5;2;8;2;2;4;0;3;2;6;2;2.0;1.0;9;2;0;5;2;3;3;4;18;1
450;6;0;0;2;2;2;13;1;5;2;12;0;2;4;0;3;2;6;2;2.0;1.0;1;3;2;3;3;1;3;4;18;1
635;3;0;0;2;2;2;13;1;5;2;12;2;2;5;0;0;2;6;2;1.0;1.0;1;1;1;0;1;3;3;4;1;0
726;0;1;0;2;2;2;2;1;1;2;12;2;2;6;0;3;2;6;2;2.0;2.0;1;2;1;4;2;3;3;4;16;1
726;0;1;0;2;0;0;3;1;1;2;9;4;2;6;0;3;2;6;2;2.0;2.0;1;0;0;5;2;3;3;6;6;1
726;0;0;0;1;2;2;3;1;1;2;11;0;0;6;0;3;2;6;9;2.0;2.0;1;3;2;3;3;3;3;4;0;1
315;0;3;0;2;0;2;12;1;1;2;9;0;0;4;0;0;3;6;2;1.0;1.0;2;1;1;1;2;3;3;4;18;1
426;3;1;0;2;0;2;13;1;1;2;8;2;2;4;0;3;2;6;2;2.0;1.0;1;0;0;5;1;3;3;7;0;1
426;3;0;0;2;0;2;2;1;5;2;2;4;2;4;0;3;2;6;2;2.0;1.0;1;3;2;3;3;3;3;4;18;1
887;4;0;0;2;0;4;3;1;5;2;12;0;2;5;0;0;2;3;2;3.0;1.0;1;1;0;0;2;3;3;4;10;1
887;4;3;2;2;0;2;0;1;1;2;12;4;2;5;0;0;2;3;2;3.0;1.0;1;0;1;0;2;3;3;7;1;1
887;4;3;0;2;0;5;11;1;2;2;12;2;2;5;0;0;2;3;2;3.0;1.0;1;1;1;1;2;6;3;4;19;1
94;1;3;0;0;0;3;3;1;5;2;12;2;2;4;0;0;3;6;2;2.0;1.0;1;2;1;0;2;1;3;4;12;0
94;1;0;0;3;0;2;13;1;5;2;8;0;2;4;0;0;3;6;6;2.0;1.0;1;1;0;4;1;3;3;4;6;0
459;3;0;2;3;0;2;2;1;5;2;8;1;2;4;0;3;2;6;2;2.0;2.0;1;3;2;3;3;3;3;4;11;1
459;3;0;0;2;0;2;6;1;5;2;9;0;2;4;0;3;2;6;7;2.0;2.0;7;3;2;3;3;6;3;4;18;1
459;3;0;0;1;0;2;2;1;5;2;8;4;2;4;0;3;2;6;9;2.0;2.0;1;1;0;1;1;3;3;4;3;1
416;0;1;0;2;0;2;2;1;5;2;9;2;2;4;0;3;2;6;6;1.0;1.0;1;1;0;0;2;3;3;4;6;1
44;6;0;0;2;0;1;7;1;5;2;8;0;2;5;0;0;3;3;2;2.0;2.0;1;1;1;0;2;3;3;4;17;1
44;6;3;0;6;0;2;13;1;5;2;12;2;2;5;0;0;3;3;2;2.0;2.0;1;2;1;5;2;1;3;4;18;1
72;6;1;0;2;0;4;13;1;5;2;8;4;2;4;0;0;3;3;2;2.0;1.0;1;3;2;3;3;3;3;4;16;1
72;6;1;0;2;0;0;4;1;5;2;11;0;2;4;0;0;3;3;2;2.0;1.0;1;1;0;0;2;3;3;4;19;1
514;0;0;0;6;0;3;15;1;5;2;9;4;2;4;0;0;2;3;2;1.0;1.0;1;2;1;1;2;3;3;4;17;0
469;4;0;0;3;0;0;3;1;5;2;8;0;2;4;0;0;2;3;0;2.0;2.0;1;1;0;4;2;3;3;4;0;1
469;4;0;0;2;0;2;3;1;5;2;9;0;2;4;0;0;2;3;6;2.0;2.0;1;3;2;3;3;3;3;4;13;1
471;4;3;0;3;0;4;4;1;4;2;8;0;2;5;0;0;0;3;2;1.0;1.0;1;1;0;5;2;3;3;4;1;0
461;3;0;0;2;0;2;3;1;4;2;9;4;2;4;0;0;2;3;6;1.0;1.0;1;3;2;3;3;3;3;4;18;1
572;6;0;0;3;0;1;2;1;5;2;12;5;2;4;0;3;2;6;2;2.0;2.0;1;2;1;5;2;3;3;4;6;1
572;6;1;0;2;0;1;13;0;5;2;12;2;2;4;0;3;2;6;2;2.0;2.0;1;3;2;3;3;3;3;4;10;1
670;1;1;0;2;0;4;6;1;2;2;8;2;2;6;0;0;2;3;2;1.0;2.0;4;2;1;4;1;3;3;4;6;0
670;1;1;0;2;0;1;4;1;4;2;8;2;2;6;0;0;2;3;2;1.0;2.0;2;0;1;5;2;3;3;4;6;0
199;6;3;2;2;2;3;11;1;1;2;9;2;2;4;0;3;3;6;2;2.0;1.0;9;0;1;5;2;6;3;4;0;1
199;6;3;0;2;0;1;2;1;5;2;12;2;2;4;0;3;3;6;6;2.0;1.0;1;3;2;3;3;3;3;4;18;1
835;1;1;0;2;0;4;4;3;5;2;12;0;2;4;0;0;2;6;2;1.0;1.0;9;1;0;0;2;3;3;4;6;1
243;0;1;0;2;0;1;6;1;5;2;8;2;2;4;0;3;3;6;6;2.0;1.0;1;3;2;3;3;6;3;4;17;1
243;0;3;0;3;0;4;5;1;5;2;8;2;2;4;0;3;3;6;2;2.0;1.0;1;1;0;1;2;3;3;4;18;1
444;1;1;0;3;0;4;13;1;5;2;2;0;2;0;0;3;2;6;2;1.0;1.0;1;0;0;0;1;0;3;5;13;0
181;2;3;2;3;1;4;4;3;5;2;12;4;2;5;3;3;3;6;2;2.0;1.0;1;3;2;3;3;3;3;4;13;1
181;2;1;0;2;0;4;13;1;5;2;8;0;2;5;0;3;3;6;2;2.0;1.0;1;1;0;0;2;6;3;4;16;1
234;5;0;0;2;0;3;4;1;0;2;8;2;2;6;0;3;3;6;2;2.0;1.0;12;3;2;3;3;3;3;4;18;1
234;5;1;0;3;0;2;14;1;3;2;9;2;2;6;0;3;3;6;2;2.0;1.0;1;1;0;1;2;3;3;4;13;1
163;5;1;0;2;0;1;3;1;5;2;12;0;2;5;0;3;3;6;2;3.0;3.0;12;0;0;4;0;3;3;8;0;1
163;5;0;2;2;0;4;2;1;2;2;9;2;2;5;0;3;3;6;2;3.0;3.0;1;3;2;3;3;3;3;4;13;1
163;5;1;0;2;0;3;3;3;5;2;8;2;2;5;0;3;3;6;2;3.0;3.0;9;1;0;1;2;3;3;4;0;1
163;5;1;0;2;2;1;6;1;2;2;8;0;2;5;0;3;3;6;2;3.0;3.0;1;3;2;3;3;3;3;4;6;1
989;3;0;0;2;0;4;10;1;4;2;12;0;2;4;0;3;3;6;2;3.0;1.0;1;0;0;1;1;3;3;4;0;0
989;3;0;0;6;0;1;13;1;0;2;12;5;8;4;0;3;3;6;0;3.0;1.0;9;1;1;5;2;3;3;4;18;0
989;3;3;0;2;0;1;13;1;1;2;8;4;8;4;0;3;3;6;6;3.0;1.0;1;3;2;3;3;3;3;4;13;0
144;0;3;0;1;0;1;0;1;5;2;9;2;2;4;0;0;3;0;2;3.0;1.0;4;3;2;3;3;6;3;4;6;1
144;0;3;0;2;0;0;3;1;5;2;12;2;2;4;0;0;3;0;2;3.0;1.0;1;0;1;5;2;6;3;4;18;1
144;0;1;0;1;0;2;3;2;1;2;9;0;2;4;0;0;3;0;6;3.0;1.0;1;1;0;0;2;3;3;4;16;1
185;1;1;0;3;0;1;3;1;5;2;2;2;2;5;0;3;3;6;2;2.0;1.0;12;3;2;3;3;3;3;4;0;1
185;1;1;0;2;0;0;0;3;5;2;9;2;2;5;0;3;3;6;2;2.0;1.0;1;1;1;5;2;1;3;4;13;1
98;2;4;0;3;0;0;15;1;5;2;8;4;2;5;0;0;3;6;2;3.0;4.0;1;1;0;1;2;0;3;4;10;1
98;2;0;0;1;0;5;4;3;3;2;9;2;2;5;0;0;3;6;0;3.0;4.0;1;3;2;3;3;3;3;4;0;1
98;2;1;0;2;2;2;15;1;5;2;12;4;2;5;0;0;3;6;0;3.0;4.0;1;1;0;1;2;3;3;4;16;1
98;2;1;2;2;0;0;4;1;5;2;4;2;2;5;0;0;3;6;7;3.0;4.0;2;0;0;1;2;0;3;8;1;1
63;6;3;0;2;0;1;10;1;5;2;2;2;2;6;0;0;3;6;2;1.0;1.0;1;3;2;3;3;3;3;4;6;0
726;1;1;0;2;0;2;15;1;1;2;9;0;8;5;0;3;0;1;2;2.0;1.0;9;1;0;5;1;3;3;4;17;1
726;1;1;0;2;0;2;3;1;5;2;12;2;2;5;0;3;0;1;2;2.0;1.0;1;3;2;3;3;3;3;4;17;1
443;0;3;0;2;0;2;3;1;5;2;12;2;2;0;0;0;2;6;7;2.0;2.0;1;1;0;1;2;3;3;4;0;1
443;0;1;0;2;0;1;13;1;0;2;8;0;2;0;0;0;2;6;7;2.0;2.0;1;3;2;3;3;3;3;4;8;1
148;5;3;0;2;0;4;2;1;4;2;5;2;3;4;0;0;3;6;2;2.0;1.0;1;1;0;1;2;3;3;4;1;1
148;5;1;0;2;2;4;2;1;4;2;2;2;8;4;0;0;3;6;2;2.0;1.0;1;1;0;4;1;3;3;4;1;1
965;5;3;0;2;0;2;3;1;5;2;8;5;3;4;0;3;3;6;2;3.0;3.0;4;3;2;3;3;3;3;4;7;0
965;5;0;0;3;2;4;2;1;4;2;2;2;8;4;0;3;3;6;6;3.0;3.0;1;1;0;0;2;3;3;4;1;0
965;5;1;0;2;0;2;3;1;5;2;8;5;3;4;0;3;3;6;2;3.0;3.0;1;2;1;5;2;3;3;4;10;0
416;5;0;0;2;2;2;6;3;5;2;8;0;2;6;0;0;2;6;6;1.0;1.0;9;3;2;3;3;3;3;4;17;0
461;3;2;1;2;2;4;13;1;0;2;11;2;2;5;0;3;2;6;2;1.0;1.0;1;1;1;0;2;6;3;4;1;1
1069;1;1;0;1;2;4;3;1;3;2;9;2;2;4;0;3;3;6;2;2.0;1.0;1;2;1;4;2;6;3;4;13;1
1069;1;3;0;2;0;2;3;1;5;2;8;5;3;4;0;3;3;6;6;2.0;1.0;1;2;0;5;2;3;3;4;18;1
474;0;1;0;3;0;2;3;1;5;2;7;5;2;4;0;3;2;6;2;2.0;1.0;5;3;2;3;3;3;3;4;0;0
474;0;2;1;3;2;4;13;1;5;2;12;2;2;4;0;3;2;6;2;2.0;1.0;1;2;0;5;2;3;3;4;16;0
533;5;0;2;2;2;3;3;1;5;2;9;0;2;4;0;0;2;5;6;2.0;3.0;1;3;2;3;3;3;3;4;13;1
533;5;1;0;2;2;1;13;1;5;2;8;0;2;4;0;0;2;5;6;2.0;3.0;1;1;0;1;2;3;3;4;11;1
533;5;1;0;2;2;1;12;1;5;2;8;0;2;4;0;0;2;5;2;2.0;3.0;1;3;2;3;3;3;3;4;1;1
533;5;1;0;1;2;2;13;1;5;2;9;0;2;4;0;0;2;5;2;2.0;3.0;1;1;1;4;1;1;3;4;0;1
199;0;1;0;2;2;2;13;1;5;2;8;0;2;0;0;3;3;6;2;2.0;2.0;1;1;0;0;1;0;3;4;11;0
199;0;0;2;2;2;3;2;1;5;2;8;0;2;0;0;3;3;6;2;2.0;2.0;11;3;2;3;3;6;3;4;12;0
988;3;3;0;3;2;4;11;1;5;2;8;2;2;6;0;0;3;3;2;1.0;1.0;9;0;1;4;1;3;3;4;4;1
241;5;4;0;3;2;3;11;1;5;2;8;2;2;6;0;0;3;6;2;1.0;1.0;11;1;1;0;2;3;3;4;16;0
367;6;1;0;2;2;2;13;1;5;2;12;0;2;7;0;0;1;6;2;2.0;2.0;1;3;2;3;3;1;3;4;0;1
367;6;1;0;2;2;2;13;1;5;2;12;2;2;7;0;0;1;6;2;2.0;2.0;11;3;2;3;3;3;3;4;13;1
1017;1;0;0;2;2;2;2;1;1;2;12;2;2;4;0;0;3;5;2;2.0;2.0;4;3;2;3;3;3;3;4;1;1
1017;1;3;0;2;0;0;3;1;1;2;9;4;2;4;0;0;3;5;2;2.0;2.0;1;2;1;1;2;3;3;4;17;1
1017;1;3;0;1;2;2;3;1;1;2;11;0;0;4;0;0;3;5;2;2.0;2.0;1;1;0;1;2;3;3;4;18;1
787;1;1;2;2;0;2;12;1;1;2;9;0;0;6;0;0;2;5;2;1.0;1.0;7;3;2;3;3;3;3;4;16;1
942;3;3;0;2;0;2;13;1;1;2;8;2;2;5;0;0;2;0;2;2.0;1.0;1;3;2;3;3;3;3;4;18;1
942;3;1;0;2;0;2;2;1;5;2;2;4;2;5;0;0;2;0;2;2.0;1.0;1;1;0;1;2;3;3;4;18;1
127;3;3;0;2;0;4;3;1;5;2;12;0;2;4;0;3;3;6;2;1.0;1.0;1;2;1;1;2;3;3;4;13;2
489;1;3;0;2;0;2;0;1;1;2;12;4;2;7;0;0;2;3;2;2.0;1.0;1;0;1;5;2;3;3;4;0;0
489;1;4;0;2;0;5;11;1;2;2;12;2;2;7;0;0;2;3;2;2.0;1.0;9;1;1;0;2;6;3;4;17;0
277;4;1;0;0;0;3;3;1;5;2;12;2;2;4;0;3;3;8;2;2.0;1.0;1;1;0;1;2;1;3;4;13;1
277;4;0;0;3;0;2;13;1;5;2;8;0;2;4;0;3;3;8;6;2.0;1.0;1;3;2;3;3;3;3;4;19;1
791;4;2;1;3;0;2;2;1;5;2;8;1;2;6;0;3;2;6;2;1.0;1.0;9;1;1;1;2;3;3;4;11;1
431;3;3;0;2;0;2;6;1;5;2;9;0;2;4;0;0;2;8;7;1.0;1.0;3;1;0;0;2;6;3;4;12;0
112;4;0;0;1;0;2;2;1;5;2;8;4;2;4;0;3;3;6;2;2.0;3.0;2;1;1;1;2;3;3;4;0;1
112;4;3;2;2;0;2;2;1;5;2;9;2;2;4;0;3;3;6;6;2.0;3.0;4;2;1;5;2;3;3;4;14;1
112;4;3;0;2;0;1;7;1;5;2;8;0;2;4;0;3;3;6;2;2.0;3.0;1;1;1;5;2;3;3;4;4;1
112;4;3;0;6;0;2;13;1;5;2;12;2;2;4;0;3;3;6;2;2.0;3.0;1;3;2;3;3;1;3;4;1;1
55;2;3;0;2;0;4;13;1;5;2;8;4;2;4;0;3;3;6;2;2.0;2.0;1;1;0;5;2;3;3;4;0;1
55;2;1;2;2;0;0;4;1;5;2;11;0;2;4;0;3;3;6;2;2.0;2.0;1;3;2;3;3;3;3;4;17;1
55;2;1;0;6;0;3;15;1;5;2;9;4;2;4;0;3;3;6;2;2.0;2.0;1;1;1;1;2;3;3;4;5;1
479;5;1;0;3;0;0;3;1;5;2;8;0;2;4;0;0;2;3;0;2.0;1.0;1;2;1;5;2;3;3;4;1;1
479;5;0;0;2;0;2;3;1;5;2;9;0;2;4;0;0;2;3;6;2.0;1.0;9;3;2;3;3;3;3;4;16;1
224;3;3;0;2;0;0;15;1;5;2;8;0;2;1;0;3;3;6;2;2.0;2.0;2;1;1;1;2;3;3;4;0;1
224;3;3;0;3;2;2;9;1;1;2;8;2;2;1;0;3;3;6;2;2.0;2.0;4;1;0;0;2;3;3;4;18;1
224;3;1;2;2;0;1;13;1;5;2;9;0;2;1;0;3;3;6;6;2.0;2.0;1;3;2;3;3;3;3;4;17;1
324;5;0;0;2;2;3;11;1;5;2;12;2;2;6;0;3;3;6;2;1.0;1.0;1;1;0;1;2;3;3;4;18;1
1063;1;3;0;6;0;2;3;1;4;2;4;0;2;4;0;3;3;6;2;1.0;1.0;1;1;1;0;2;3;3;4;16;1
131;6;2;1;6;0;2;2;1;5;2;8;2;2;4;0;3;3;6;2;3.0;1.0;1;1;0;4;2;3;3;4;4;1
131;6;0;2;2;0;2;2;2;5;2;1;2;2;4;0;3;3;6;2;3.0;1.0;1;1;0;0;2;6;3;4;6;1
131;6;0;0;2;0;1;12;1;0;2;9;2;2;4;0;3;3;6;2;3.0;1.0;1;2;0;0;2;3;3;4;1;1
67;3;4;0;2;0;4;3;1;4;2;9;0;2;6;0;0;3;6;2;2.0;2.0;1;1;0;5;2;3;3;4;6;0
67;3;4;0;2;0;2;14;1;2;2;2;0;8;6;0;0;3;6;7;2.0;2.0;1;3;2;3;3;5;3;4;1;0
67;3;1;0;2;0;4;14;1;2;2;9;0;2;6;0;0;3;6;2;2.0;2.0;1;3;2;3;3;3;3;4;16;0
504;1;0;2;2;0;1;13;1;5;2;12;5;2;4;0;3;2;6;6;2.0;1.0;1;1;0;1;2;3;3;4;18;1
504;1;1;0;2;0;3;13;1;2;2;12;0;2;4;0;3;2;6;2;2.0;1.0;1;1;0;5;2;3;3;4;0;1
504;0;1;0;2;0;3;15;1;5;2;12;1;2;4;0;3;2;6;2;2.0;1.0;1;3;2;3;3;1;3;4;0;1
504;0;0;0;2;2;2;3;1;5;2;2;1;2;4;0;3;2;6;2;2.0;1.0;1;3;2;3;3;1;3;4;9;1
135;0;1;0;2;0;1;12;3;5;2;12;1;2;4;0;3;3;6;2;1.0;2.0;1;3;2;3;3;6;3;4;18;1
135;0;1;0;3;0;3;2;1;5;2;2;1;2;4;0;3;3;6;2;1.0;2.0;1;0;0;0;2;3;3;8;0;1
942;3;3;0;2;0;1;3;1;5;2;2;2;2;6;0;0;2;5;2;2.0;1.0;1;3;2;3;3;3;3;4;1;1
942;3;1;0;2;0;2;3;1;4;2;12;0;2;6;0;0;2;5;2;2.0;1.0;1;3;2;3;3;3;3;4;19;1
6;6;0;0;1;0;4;3;3;2;2;12;0;2;4;0;0;2;6;2;2.0;1.0;1;1;0;1;2;3;3;4;4;1
6;6;1;0;1;0;4;3;1;2;2;11;5;2;4;0;0;2;6;2;2.0;1.0;1;3;2;3;3;3;3;4;4;1
578;4;0;1;2;0;2;0;1;4;2;9;0;2;1;0;0;2;6;6;2.0;1.0;1;1;0;0;2;3;3;4;18;0
578;4;1;0;3;0;0;15;1;0;2;12;2;2;1;0;0;2;6;2;2.0;1.0;1;3;2;3;3;1;3;4;16;0
533;3;1;2;3;0;2;13;1;4;2;8;0;2;4;0;3;2;6;6;2.0;1.0;1;1;1;0;2;3;3;4;11;1
533;3;4;0;2;0;2;13;1;4;2;9;0;2;4;0;3;2;6;2;2.0;1.0;1;2;1;5;2;3;3;4;17;1
140;1;2;1;2;0;0;11;1;4;2;12;4;8;6;0;0;3;6;2;2.0;1.0;1;0;1;5;2;3;3;4;18;1
140;1;0;0;2;2;2;2;1;4;2;9;2;2;6;0;0;3;6;2;2.0;1.0;1;3;2;3;3;3;3;4;0;1
738;0;0;0;1;2;4;3;1;2;2;9;0;2;6;0;3;2;6;7;1.0;1.0;1;1;0;0;1;0;3;4;6;1
961;6;0;0;2;2;3;4;1;5;2;9;2;2;6;0;0;3;6;2;1.0;1.0;1;3;2;3;3;3;3;4;0;0
937;0;1;0;6;2;2;9;1;0;2;12;5;2;4;0;3;3;6;2;2.0;1.0;1;1;1;1;2;2;3;4;11;0
937;0;1;0;0;0;4;3;1;2;2;12;0;2;4;0;3;3;6;2;2.0;1.0;1;1;0;0;2;3;3;4;4;0
764;4;2;1;1;0;3;4;1;2;2;12;4;2;4;0;3;2;6;7;2.0;1.0;1;1;0;1;2;6;3;4;7;0
764;4;0;0;2;0;0;9;1;0;2;3;0;2;4;0;3;2;6;6;2.0;1.0;1;2;1;5;2;6;3;4;9;0
315;3;3;0;2;0;4;11;1;1;2;9;0;2;4;0;3;3;6;2;2.0;1.0;1;3;2;3;3;3;3;4;15;0
315;3;1;0;2;2;4;13;1;2;2;9;4;2;4;0;3;3;6;2;2.0;1.0;1;1;0;0;2;3;3;4;0;0
416;3;2;1;2;0;4;12;1;2;2;9;0;2;4;0;0;2;5;2;2.0;1.0;12;3;2;3;3;3;3;4;18;0
416;3;1;0;2;0;5;3;1;0;2;12;2;2;4;0;0;2;5;2;2.0;1.0;1;1;1;1;2;3;3;4;4;0
367;5;0;0;2;0;0;14;1;0;2;8;2;2;5;0;3;3;6;2;1.0;1.0;1;0;1;4;1;6;3;4;16;1
221;4;1;0;5;2;0;3;1;1;2;12;5;2;0;0;3;3;6;2;2.0;1.0;2;0;1;0;2;3;3;4;1;0
221;4;0;0;2;2;3;5;1;5;2;8;3;2;0;0;3;3;6;2;2.0;1.0;1;0;1;5;2;3;3;6;17;0
174;0;3;0;2;2;0;15;1;5;2;9;2;2;0;0;3;3;6;6;2.0;1.0;1;3;2;3;3;3;3;4;11;0
174;0;0;0;2;2;1;4;1;5;2;8;3;6;0;0;3;3;6;6;2.0;1.0;1;1;1;4;0;3;3;4;6;0
827;4;4;0;2;2;2;14;1;5;2;12;0;2;6;0;3;2;6;0;2.0;3.0;1;2;0;0;2;1;3;4;0;2
827;4;4;0;2;2;2;3;1;5;2;9;2;2;6;0;3;2;6;2;2.0;3.0;1;1;0;4;2;3;3;4;1;2
827;4;4;0;2;2;3;12;1;1;2;9;2;6;6;0;3;2;6;6;2.0;3.0;1;3;2;3;3;3;3;4;3;2
827;4;0;0;2;2;1;12;1;2;2;2;2;2;6;0;3;2;6;7;2.0;3.0;1;3;2;3;3;1;3;4;6;2
186;3;3;0;3;0;1;14;1;2;2;12;2;2;6;0;3;3;6;2;2.0;1.0;4;0;0;0;2;3;3;6;18;1
186;3;0;0;2;0;1;15;1;5;2;9;2;2;6;0;3;3;6;2;2.0;1.0;1;3;2;3;3;3;3;4;6;1
1053;4;0;0;2;0;1;15;1;1;2;12;0;2;6;0;0;3;6;2;3.0;1.0;1;1;0;0;2;3;3;4;1;1
1053;4;1;0;2;0;2;14;1;1;2;9;0;2;6;0;0;3;6;2;3.0;1.0;2;3;2;3;3;3;3;4;16;1
1053;4;0;0;2;0;2;16;1;1;2;9;2;2;6;0;0;3;6;2;3.0;1.0;1;1;0;1;2;3;3;4;0;1
548;4;0;0;2;0;4;14;1;2;2;12;2;2;4;1;0;2;6;2;2.0;2.0;1;0;0;5;2;3;3;5;18;0
548;4;3;0;3;0;2;14;1;5;2;12;2;2;4;0;0;2;6;2;2.0;2.0;2;3;2;3;3;3;3;4;13;0
548;4;3;0;2;0;2;6;1;5;2;12;0;2;4;0;0;2;6;6;2.0;2.0;1;1;0;1;1;3;3;4;13;0
105;3;1;0;2;0;4;3;1;5;2;12;3;2;6;0;0;3;6;0;2.0;2.0;9;3;2;3;3;3;3;4;18;1
105;3;0;0;3;2;2;3;1;5;2;9;2;2;6;0;0;3;6;2;2.0;2.0;9;1;0;1;2;3;3;4;18;1
105;3;0;0;2;2;2;4;1;1;2;1;0;2;6;0;0;3;6;7;2.0;2.0;1;0;1;5;2;3;3;8;18;1
716;1;0;0;2;0;2;3;1;5;2;12;5;2;5;0;0;2;3;2;3.0;2.0;1;1;1;4;2;1;3;4;17;1
716;1;0;2;2;0;3;11;1;5;2;8;0;2;5;0;0;2;3;2;3.0;2.0;1;1;1;0;2;6;3;4;6;1
716;1;3;0;2;0;2;3;1;5;2;12;0;2;5;0;0;2;3;7;3.0;2.0;1;3;2;3;3;3;3;4;0;1
436;4;0;0;2;0;2;3;1;5;2;8;0;2;4;0;3;3;6;7;1.0;1.0;1;1;1;0;2;2;3;4;1;0
293;4;1;0;2;0;2;3;1;5;2;8;4;2;4;0;3;3;6;2;2.0;2.0;1;3;2;3;3;1;3;4;6;1
293;4;1;0;2;0;4;14;1;5;2;8;0;2;4;0;3;3;6;2;2.0;2.0;1;1;0;1;2;3;3;4;6;1
293;4;1;0;1;0;4;6;1;5;2;12;0;2;4;0;3;3;6;2;2.0;2.0;1;2;1;4;2;1;3;4;18;1
499;1;0;0;2;0;4;6;3;5;2;12;3;2;6;0;3;2;6;2;2.0;1.0;1;0;0;5;2;3;3;5;4;1
499;1;0;0;2;0;4;15;1;5;2;8;1;2;6;0;3;2;6;2;2.0;1.0;1;3;2;3;3;1;3;4;0;1
878;5;0;0;2;0;4;15;1;5;2;9;5;2;6;0;3;2;6;6;2.0;1.0;1;1;0;0;2;3;3;4;0;1
878;5;0;0;2;0;4;4;3;1;2;1;0;2;6;0;3;2;6;2;2.0;1.0;10;3;2;3;3;3;3;4;18;1
572;1;3;0;2;0;2;3;1;0;2;12;5;2;4;0;0;2;3;2;1.0;1.0;1;1;0;4;2;3;3;4;18;1
277;3;1;0;2;0;1;3;1;4;2;9;5;2;0;0;3;3;6;2;3.0;2.0;1;1;0;5;2;6;3;4;3;1
277;3;3;0;2;0;3;3;1;5;2;12;5;2;0;0;3;3;6;2;3.0;2.0;1;3;2;3;3;3;3;4;9;1
277;3;3;0;2;0;3;14;1;5;2;12;5;2;0;0;3;3;6;2;3.0;2.0;1;3;2;3;3;3;3;4;16;1
396;5;0;0;2;0;1;14;1;2;2;12;4;2;5;0;3;3;6;2;2.0;3.0;1;1;0;5;1;0;3;4;17;1
396;5;0;0;3;0;3;3;1;5;2;12;2;2;5;0;3;3;6;2;2.0;3.0;1;2;0;0;2;3;3;4;16;1
396;5;0;0;2;0;3;11;1;1;2;12;5;2;5;0;3;3;6;2;2.0;3.0;4;1;0;5;2;1;3;4;4;1
535;1;0;0;2;0;2;3;1;5;2;11;0;2;4;0;3;2;6;2;1.0;1.0;1;0;0;0;2;3;3;8;4;1
225;1;1;0;2;0;2;2;1;5;2;8;2;2;6;0;3;3;6;2;2.0;1.0;1;2;1;1;2;3;3;4;13;0
225;1;1;0;6;0;3;10;1;5;2;8;2;2;6;0;3;3;6;2;2.0;1.0;12;1;0;1;2;3;3;4;18;0
113;5;0;0;2;0;3;13;1;2;2;8;2;2;6;0;3;3;6;2;1.0;1.0;9;3;2;3;3;3;3;4;13;1
1007;0;0;0;2;0;0;4;1;5;2;11;2;2;4;0;0;3;6;2;3.0;2.0;1;1;0;0;2;3;3;4;16;1
1007;0;0;0;3;0;4;15;3;5;2;11;0;2;4;0;0;3;6;2;3.0;2.0;9;3;2;3;3;3;3;4;6;1
1007;0;0;0;3;0;4;13;1;5;2;8;2;2;4;0;0;3;6;2;3.0;2.0;4;3;2;3;3;3;3;4;18;1
464;3;0;0;3;0;3;9;1;5;2;8;2;2;6;0;3;3;6;6;3.0;3.0;1;1;0;0;2;3;3;4;4;1
464;3;1;0;1;0;1;3;3;4;2;11;2;2;6;0;3;3;6;2;3.0;3.0;1;2;0;5;2;3;3;4;0;1
464;3;1;0;2;0;1;3;1;0;2;12;2;2;6;0;3;3;6;2;3.0;3.0;12;2;0;5;2;3;3;4;18;1
1058;0;3;0;0;0;4;3;1;4;2;12;2;2;6;0;3;3;6;2;2.0;1.0;1;3;2;3;3;3;3;4;6;1
1058;0;1;0;2;0;1;11;1;3;2;12;0;2;6;0;3;3;6;2;2.0;1.0;1;3;2;3;3;3;3;4;18;1
1062;5;1;0;2;0;1;3;1;4;2;12;2;2;4;0;3;3;6;7;3.0;3.0;1;1;1;1;2;3;3;4;16;1
1062;5;1;0;1;0;0;0;1;5;2;9;0;2;4;0;3;3;6;2;3.0;3.0;1;2;1;0;2;3;3;4;0;1
1062;5;1;0;2;0;2;0;3;0;2;12;0;2;4;0;3;3;6;2;3.0;3.0;2;2;1;5;2;3;3;4;17;1
1062;5;0;0;2;0;3;11;1;0;2;12;0;2;4;0;3;3;6;2;3.0;3.0;1;3;2;3;3;3;3;4;16;1
514;1;0;0;2;0;3;3;1;5;2;4;0;2;4;0;3;3;6;2;1.0;1.0;1;1;0;4;2;3;3;4;1;1
518;5;1;0;3;0;2;8;1;5;2;1;0;2;5;0;0;3;0;2;1.0;1.0;1;1;0;0;2;3;3;4;2;1
566;2;1;0;2;0;3;3;1;4;2;2;2;2;6;0;3;3;6;2;3.0;1.0;4;3;2;3;3;3;3;4;7;0
566;2;3;0;2;0;0;13;1;5;2;8;2;2;6;0;3;3;6;2;3.0;1.0;2;1;1;4;2;3;3;4;6;0
566;2;4;0;3;0;1;3;1;5;2;12;2;2;6;0;3;3;6;2;3.0;1.0;1;1;0;4;2;3;3;4;7;0
159;1;3;0;1;0;0;6;1;5;2;8;0;2;4;0;3;3;6;7;2.0;1.0;1;3;2;3;3;3;3;4;6;1
159;1;1;0;2;0;2;10;1;5;2;8;2;2;4;0;3;3;6;2;2.0;1.0;4;1;0;1;2;3;3;4;17;1
533;1;0;0;2;0;3;3;1;5;2;12;2;2;6;0;3;3;6;2;2.0;1.0;9;3;2;3;3;3;3;4;6;1
533;1;1;0;1;0;4;6;1;4;2;9;0;2;6;0;3;3;6;2;2.0;1.0;1;2;1;0;2;6;3;4;0;1
617;0;2;1;3;2;2;3;1;4;2;8;5;3;6;0;3;3;6;2;1.0;3.0;1;3;2;3;3;3;3;4;13;0
617;0;2;1;3;0;3;13;1;4;2;9;5;2;6;0;3;3;6;6;1.0;3.0;1;1;1;1;2;3;3;4;6;0
617;0;2;1;2;0;2;13;1;5;2;11;2;2;6;0;3;3;6;2;1.0;3.0;2;2;1;5;2;6;3;4;0;0
240;2;1;0;3;2;2;5;1;4;2;8;2;7;6;0;3;3;6;2;1.0;1.0;1;3;2;3;3;3;3;4;6;0
144;0;0;0;2;0;1;13;1;2;2;12;5;2;7;0;3;3;6;2;2.0;4.0;1;1;0;1;2;3;3;4;6;1
144;0;0;0;2;0;4;13;1;4;2;12;0;2;7;0;3;3;6;2;2.0;4.0;1;3;2;3;3;1;3;4;6;1
144;0;0;0;2;0;2;5;1;4;2;2;5;2;7;0;3;3;6;2;2.0;4.0;10;2;1;4;2;3;3;4;0;1
144;0;1;2;1;0;0;0;1;5;2;8;2;2;7;0;3;3;6;2;2.0;4.0;1;3;2;3;3;6;3;4;0;1
421;3;3;0;3;0;2;3;1;5;2;12;2;2;4;0;0;3;0;2;2.0;1.0;1;0;0;4;2;3;3;8;6;0
421;3;1;0;3;0;1;4;1;5;2;8;2;0;4;0;0;3;0;6;2.0;1.0;12;3;2;3;3;3;3;4;11;0
653;4;0;0;2;0;3;11;1;5;2;8;2;2;5;0;3;2;6;2;2.0;1.0;1;1;0;4;2;3;3;4;0;1
653;4;1;0;2;0;3;2;1;4;2;8;2;7;5;0;3;2;6;2;2.0;1.0;1;2;1;4;2;3;3;4;18;1
541;1;0;0;2;0;2;3;1;4;2;2;0;7;4;0;3;3;8;2;1.0;1.0;0;3;2;3;3;3;3;4;4;0
549;5;3;0;2;2;2;3;1;4;2;8;0;6;6;0;3;3;6;2;2.0;1.0;1;0;0;5;1;3;3;8;0;1
549;5;1;0;3;0;0;11;1;2;2;12;3;6;6;0;3;3;6;0;2.0;1.0;8;3;2;3;3;3;3;4;0;1
1067;6;3;0;2;0;2;4;1;5;2;12;2;2;6;0;3;3;6;2;2.0;2.0;1;1;0;1;2;3;3;4;11;1
1067;6;3;0;3;0;4;13;1;2;2;2;6;3;6;1;3;3;6;2;2.0;2.0;2;3;2;3;3;3;3;4;4;1
533;1;0;0;2;2;0;3;1;0;2;11;0;2;6;0;3;3;6;6;1.0;1.0;1;1;1;1;2;3;3;4;7;1
64;2;1;0;2;0;2;3;1;5;2;2;2;2;0;0;3;3;6;2;2.0;1.0;1;1;0;0;2;3;3;4;11;1
64;2;1;0;2;0;4;13;1;4;2;8;0;2;0;0;3;3;6;2;2.0;1.0;12;3;2;3;3;3;3;4;16;1
171;2;1;2;3;2;1;13;1;1;2;12;5;2;7;0;3;3;6;2;2.0;3.0;1;1;0;5;2;3;3;4;13;0
171;2;1;0;2;0;2;13;1;4;2;2;2;5;7;2;3;3;6;6;2.0;3.0;9;1;0;4;1;3;3;4;4;0
171;2;3;0;2;0;3;4;3;0;2;12;3;2;7;0;3;3;6;6;2.0;3.0;1;3;2;3;3;3;3;4;16;0
298;2;0;0;2;0;2;4;3;4;2;12;3;2;4;0;3;3;6;2;2.0;2.0;9;3;2;3;3;3;3;4;17;1
298;2;1;0;1;0;4;3;2;2;2;8;2;6;4;0;3;3;6;2;2.0;2.0;1;1;0;4;2;3;3;4;0;1
298;2;1;0;2;0;2;2;2;4;2;12;2;2;4;0;3;3;6;6;2.0;2.0;1;0;0;5;2;3;3;6;0;1
956;0;0;0;3;0;0;3;1;1;2;12;2;2;4;0;3;3;6;6;2.0;1.0;12;3;2;3;3;3;3;4;0;1
956;0;0;0;2;0;2;3;3;5;2;9;2;2;4;0;3;3;6;2;2.0;1.0;1;3;2;3;3;3;3;4;7;1
652;4;0;0;3;0;0;9;1;1;2;8;2;2;4;0;3;2;6;2;3.0;2.0;1;1;0;1;1;3;3;4;1;1
652;4;1;0;2;2;0;3;1;1;2;2;4;2;4;0;3;2;6;2;3.0;2.0;1;0;1;5;2;3;3;0;13;1
652;4;1;0;0;2;0;3;1;0;2;12;0;2;4;0;3;2;6;6;3.0;2.0;4;0;1;5;1;3;3;0;9;1
652;4;0;0;2;2;2;5;1;4;2;0;5;8;4;0;3;2;6;2;3.0;2.0;1;3;2;3;3;3;3;4;13;1
98;5;1;0;0;0;0;3;1;4;2;9;2;2;4;0;3;3;6;4;2.0;1.0;1;1;1;4;2;2;3;4;18;1
98;5;0;0;2;0;4;0;1;2;2;8;0;2;4;0;3;3;6;2;2.0;1.0;1;1;0;0;2;3;3;4;4;1
435;0;0;0;2;0;0;13;1;5;2;1;5;2;6;0;3;3;6;6;2.0;1.0;2;2;0;1;1;3;3;4;16;1
435;0;1;0;2;0;2;0;3;5;2;8;5;0;6;3;3;3;6;2;2.0;1.0;3;3;2;3;3;3;3;4;0;1
412;3;0;2;2;0;1;3;1;2;2;4;5;2;4;0;3;3;6;2;2.0;1.0;1;0;0;5;1;3;3;7;4;0
412;3;0;0;2;0;2;3;1;5;2;12;2;2;4;0;3;3;6;2;2.0;1.0;3;1;0;0;2;3;3;4;18;0
590;2;0;0;2;0;1;3;1;5;2;9;0;2;6;0;3;2;6;2;1.0;1.0;1;1;0;5;2;3;3;4;6;0
952;4;0;0;2;0;1;3;3;4;2;9;5;2;5;0;3;3;6;2;2.0;1.0;1;2;1;0;2;3;3;4;18;1
952;4;0;0;2;0;4;13;1;0;2;4;5;2;5;3;3;3;6;4;2.0;1.0;1;1;0;0;2;3;3;4;13;1
965;3;3;0;2;0;0;3;1;1;2;9;0;2;6;0;0;3;6;4;3.0;1.0;1;3;2;3;3;3;3;4;18;1
965;3;1;0;0;2;0;6;1;5;2;9;5;2;6;0;0;3;6;3;3.0;1.0;1;1;0;0;2;3;3;4;13;1
965;3;0;0;0;0;5;3;1;5;2;8;0;2;6;3;0;3;6;3;3.0;1.0;1;1;0;1;2;3;3;4;17;1
520;4;2;1;2;0;0;0;1;1;2;8;3;4;4;0;3;3;6;3;1.0;1.0;1;3;2;3;3;3;3;4;1;1
516;1;0;0;2;0;2;13;1;4;2;8;5;2;4;0;3;3;6;3;1.0;1.0;1;1;1;0;2;1;3;4;18;1
1007;2;1;0;2;0;4;3;1;0;2;8;0;4;5;0;3;3;6;3;2.0;1.0;1;2;0;5;2;3;3;4;4;0
1007;2;1;0;2;0;4;15;1;5;2;8;4;2;5;0;3;3;6;3;2.0;1.0;9;2;0;5;2;3;3;4;18;0
698;1;4;0;2;2;2;6;1;5;2;8;0;2;5;0;3;2;6;3;2.0;2.0;1;3;2;3;3;3;3;4;17;1
698;1;4;0;3;0;1;6;1;5;2;8;5;2;5;0;3;2;6;3;2.0;2.0;1;3;2;3;3;3;3;4;13;1
524;1;1;0;2;0;1;3;1;4;2;9;5;2;4;0;3;3;8;3;2.0;1.0;1;1;0;0;1;4;3;4;17;1
524;1;4;0;2;0;3;14;1;2;2;9;4;2;4;0;3;3;8;3;2.0;1.0;1;0;1;4;1;3;3;4;18;1
709;4;0;0;2;0;1;13;1;5;2;12;4;2;5;0;3;2;6;3;2.0;2.0;1;2;1;0;2;3;3;4;17;1
709;4;0;0;2;0;1;15;1;2;2;2;0;2;5;0;3;2;6;3;2.0;2.0;1;3;2;3;3;3;3;4;13;1
461;0;3;0;3;0;2;13;1;5;2;1;5;2;6;0;0;3;3;1;2.0;1.0;1;3;2;3;3;3;3;4;11;1
461;0;1;0;2;0;4;5;1;5;2;4;0;2;6;0;0;3;3;0;2.0;1.0;1;1;0;0;2;0;3;4;1;1
990;2;0;0;2;0;2;3;1;5;2;9;5;2;4;1;0;3;6;3;2.0;1.0;1;1;0;0;2;3;3;4;0;1
990;2;3;0;2;0;1;12;1;4;2;9;5;1;4;0;0;3;6;0;2.0;1.0;1;1;1;0;2;6;3;4;11;1
203;6;0;0;2;0;2;3;1;1;2;8;3;2;6;0;0;3;6;3;2.0;1.0;1;3;2;3;3;3;3;4;12;1
203;6;1;0;0;0;1;3;1;1;2;0;0;2;6;0;0;3;6;3;2.0;1.0;1;1;0;1;2;3;3;4;4;1
245;2;1;0;2;0;2;3;1;5;2;13;5;2;4;0;3;3;6;2;2.0;4.0;1;3;2;3;3;3;3;4;16;1
245;2;1;0;2;0;0;13;1;5;2;4;5;2;4;0;3;3;6;8;2.0;4.0;1;3;2;3;3;3;3;4;0;1
245;2;4;0;2;0;1;3;1;5;2;9;1;2;4;0;3;3;6;4;2.0;4.0;1;0;0;1;2;3;3;0;13;1
245;2;4;0;2;0;4;3;3;3;2;9;0;2;4;0;3;3;6;4;2.0;4.0;1;2;0;0;2;3;3;4;1;1
441;4;0;0;2;0;3;13;1;2;2;12;0;2;7;0;3;3;6;0;1.0;1.0;1;3;2;3;3;3;3;4;17;1
396;2;1;0;2;0;1;3;3;5;2;9;5;2;6;0;3;3;6;3;1.0;1.0;2;3;2;3;3;3;3;4;18;1
1012;5;1;0;2;0;3;3;1;0;2;6;0;6;5;0;3;3;6;3;1.0;1.0;1;3;2;3;3;3;3;4;16;1
511;3;0;0;1;0;2;3;1;1;2;6;0;6;4;0;3;3;6;8;2.0;2.0;1;1;1;0;2;3;3;4;18;1
511;3;1;0;0;0;0;12;1;5;2;8;3;2;4;0;3;3;6;4;2.0;2.0;1;1;1;1;2;3;3;4;18;1
511;3;1;0;2;0;3;3;1;1;2;9;0;6;4;0;3;3;6;3;2.0;2.0;12;1;1;1;2;3;3;4;13;1
956;0;3;0;2;0;2;3;1;5;2;9;5;2;5;0;3;3;6;3;2.0;1.0;1;1;0;1;2;3;3;4;0;0
956;0;1;0;1;0;3;3;1;5;1;5;5;2;5;0;3;3;6;7;2.0;1.0;1;3;2;3;3;0;3;4;17;0
456;1;0;0;1;0;3;4;1;4;2;9;5;2;6;0;3;3;6;2;1.0;1.0;1;1;1;1;2;3;3;4;13;0
358;5;1;0;2;0;2;3;1;2;0;2;5;2;5;0;0;3;6;2;2.0;1.0;1;3;2;3;3;3;3;4;19;1
358;5;1;0;1;0;1;3;1;5;2;8;0;2;5;0;0;3;6;7;2.0;1.0;1;3;2;3;3;3;3;4;11;1
8;2;2;1;2;0;4;5;1;5;2;8;2;3;5;0;3;2;6;2;2.0;1.0;1;1;1;5;2;6;3;4;12;1
8;2;4;0;2;0;4;6;3;5;2;8;2;4;5;2;3;2;6;6;2.0;1.0;12;1;0;5;2;3;3;4;0;1
426;1;0;0;2;0;2;15;1;1;2;12;0;3;6;0;3;3;6;2;2.0;1.0;9;3;2;3;3;6;3;4;14;2
426;1;0;0;2;0;0;11;1;1;2;12;0;2;6;0;3;3;6;2;2.0;1.0;1;1;1;4;1;3;3;4;4;2
307;3;0;0;4;0;3;7;1;5;2;9;2;2;6;0;3;3;6;2;2.0;1.0;4;1;0;5;2;6;3;4;1;0
307;3;1;0;2;0;3;11;1;5;2;12;2;2;6;0;3;3;6;0;2.0;1.0;4;3;2;3;3;3;3;4;0;0
983;0;3;0;1;0;1;3;1;3;2;12;0;0;0;0;3;3;6;2;2.0;1.0;2;1;1;0;2;3;3;4;17;1
983;0;1;0;2;2;0;3;1;2;2;12;2;2;0;0;3;3;6;2;2.0;1.0;2;3;2;3;3;6;3;4;5;1
332;1;1;2;2;0;2;2;3;2;2;12;0;2;5;0;3;3;6;2;2.0;1.0;2;3;2;3;3;0;3;4;1;1
332;1;0;0;3;0;1;12;1;1;2;12;3;0;5;0;3;3;6;7;2.0;1.0;9;0;1;5;2;1;3;8;16;1
943;1;0;1;3;2;2;3;1;5;2;12;2;2;4;0;3;3;6;2;2.0;1.0;1;3;2;3;3;0;3;4;0;0
943;1;1;0;2;0;4;11;1;1;2;2;2;2;4;0;3;3;6;6;2.0;1.0;1;1;1;0;2;3;3;4;18;0
453;6;1;2;2;0;2;3;1;2;2;12;0;2;5;0;0;3;6;2;2.0;2.0;1;0;1;4;1;0;3;8;17;1
453;6;1;0;1;0;2;5;2;1;2;4;2;2;5;0;0;3;6;0;2.0;2.0;1;0;0;5;2;3;3;8;18;1
454;1;0;0;2;0;2;3;1;5;2;9;3;2;4;0;3;3;6;2;2.0;4.0;1;3;2;3;3;0;3;4;16;1
454;1;1;0;2;0;4;3;3;4;2;12;2;2;4;0;3;3;6;2;2.0;4.0;1;3;2;3;3;0;3;4;4;1
454;1;1;0;2;0;0;13;1;5;2;8;2;2;4;2;3;3;6;2;2.0;4.0;1;1;0;0;2;0;3;4;6;1
454;1;1;0;2;0;1;3;1;5;2;4;6;2;4;0;3;3;6;2;2.0;4.0;1;3;2;3;3;3;3;4;1;1
430;0;0;0;2;0;0;0;1;0;2;4;3;2;0;0;3;3;6;2;3.0;3.0;1;1;1;0;2;3;3;4;6;1
430;0;4;0;2;0;2;3;1;5;2;12;2;2;0;0;3;3;6;6;3.0;3.0;1;3;2;3;3;2;3;4;1;1
430;0;0;0;3;0;2;5;2;4;2;3;2;2;0;0;3;3;6;2;3.0;3.0;1;1;0;0;2;3;3;4;16;1
98;2;3;0;2;0;2;5;1;5;2;8;4;2;5;3;3;3;6;2;2.0;1.0;1;3;2;3;3;6;3;4;18;1
98;2;1;0;2;0;4;3;1;1;2;2;0;2;5;0;3;3;6;6;2.0;1.0;1;1;0;1;2;3;3;4;0;1
722;2;2;1;2;0;1;3;2;2;2;3;0;3;6;0;3;2;6;6;3.0;4.0;1;3;2;3;3;3;3;4;0;1
722;2;3;0;2;2;4;3;1;4;2;8;5;2;6;0;3;2;6;2;3.0;4.0;1;3;2;3;3;3;3;4;9;1
722;2;3;0;2;0;1;13;1;1;2;12;2;4;6;2;3;2;6;2;3.0;4.0;1;1;0;4;2;3;3;4;18;1
722;2;4;0;3;1;2;5;1;0;2;8;0;2;6;0;3;2;6;2;3.0;4.0;1;1;0;5;2;3;3;4;0;1
722;2;4;0;3;0;2;15;1;1;2;8;2;3;6;0;3;2;6;2;3.0;4.0;1;2;0;5;1;3;3;4;1;1
816;2;1;0;2;0;2;3;1;5;2;12;3;8;6;0;3;2;6;6;1.0;1.0;1;2;0;5;2;3;3;4;19;0
755;6;0;0;2;0;2;3;1;0;2;8;0;0;4;3;3;2;6;2;2.0;2.0;1;3;2;3;3;3;3;4;4;1
755;6;0;0;3;0;4;3;1;5;2;9;0;2;4;0;3;2;6;2;2.0;2.0;1;3;2;3;3;6;3;4;4;1
168;6;1;2;2;0;3;1;1;5;2;12;2;2;6;0;0;3;3;2;2.0;2.0;4;1;0;5;2;6;3;4;18;1
168;6;0;0;2;0;2;5;1;1;2;8;3;2;6;0;0;3;3;2;2.0;2.0;2;1;0;0;2;6;3;4;16;1
131;3;3;0;3;0;0;15;1;2;2;8;0;3;5;0;3;3;6;2;2.0;2.0;9;1;0;1;2;3;3;4;11;1
131;3;1;0;2;0;2;3;1;5;2;8;5;2;5;0;3;3;6;2;2.0;2.0;1;0;0;0;1;1;3;5;17;1
131;3;1;0;2;0;4;3;1;2;2;12;2;0;5;3;3;3;6;6;2.0;2.0;9;3;2;3;3;3;3;4;18;1
222;5;1;0;1;2;1;3;1;5;2;2;0;2;5;0;3;3;6;2;2.0;1.0;1;1;0;4;2;6;3;4;0;1
222;5;0;0;2;0;0;15;1;5;2;4;0;2;5;0;3;3;6;7;2.0;1.0;1;0;1;5;0;1;3;8;6;1
426;6;0;2;2;0;0;13;1;0;2;8;3;2;5;0;3;3;6;6;2.0;1.0;1;0;0;5;2;3;3;8;0;1
426;6;1;0;0;2;1;4;1;5;2;2;0;2;5;0;3;3;6;6;2.0;1.0;1;1;1;1;2;3;3;4;11;1
1007;6;1;0;2;0;2;15;1;5;2;8;0;2;6;0;3;3;6;2;2.0;1.0;1;1;0;4;2;3;3;4;4;0
1007;6;1;0;3;2;1;11;1;5;2;8;5;2;6;0;3;3;6;0;2.0;1.0;12;3;2;3;3;3;3;4;7;0
645;4;1;0;2;0;0;2;1;5;2;9;2;2;4;0;3;3;6;2;3.0;2.0;1;1;0;0;2;3;3;4;9;1
645;4;0;0;2;2;2;2;1;2;2;8;2;2;4;0;3;3;6;2;3.0;2.0;12;1;0;0;1;3;3;4;15;1
645;4;0;0;2;0;3;15;1;2;2;9;0;2;4;0;3;3;6;2;3.0;2.0;1;2;1;0;1;3;3;4;0;1
963;6;1;0;2;0;1;3;1;1;2;8;3;2;4;0;0;3;3;2;2.0;2.0;9;2;1;5;0;3;3;4;18;1
963;6;1;0;2;0;2;3;1;1;2;8;3;2;4;0;0;3;3;2;2.0;2.0;1;1;0;0;2;6;3;4;4;1
446;0;1;0;2;0;4;13;1;5;2;12;2;2;6;3;3;3;6;2;2.0;1.0;1;0;1;1;2;6;3;8;16;0
446;0;0;0;3;0;1;2;1;5;2;12;2;2;6;0;3;3;6;2;2.0;1.0;9;0;0;4;2;3;3;4;1;0
956;0;0;0;3;2;4;13;1;4;2;9;2;2;6;0;3;3;6;2;2.0;2.0;1;3;2;3;3;3;3;4;17;1
956;0;1;2;2;0;0;3;1;5;2;2;2;2;6;0;3;3;6;6;2.0;2.0;4;1;0;1;2;3;3;4;11;1
956;0;1;0;2;0;2;4;3;5;2;2;3;2;6;0;3;3;6;2;2.0;2.0;1;1;1;4;2;3;3;4;6;1
753;0;2;1;2;0;1;13;1;1;2;9;3;2;6;4;3;2;6;2;2.0;1.0;1;3;2;3;3;3;3;4;16;1
753;0;1;0;2;0;1;6;1;5;2;8;2;0;6;2;3;2;6;2;2.0;1.0;12;3;2;3;3;3;3;4;17;1
1053;1;1;0;2;0;1;14;1;2;2;8;2;0;6;2;3;3;6;2;2.0;1.0;1;1;0;4;1;3;3;4;0;1
1053;1;3;0;2;0;1;3;1;1;2;9;2;2;6;0;3;3;6;7;2.0;1.0;1;1;1;0;2;3;3;4;13;1
441;4;1;0;2;0;4;3;1;2;2;2;5;2;4;0;3;3;6;2;1.0;1.0;1;1;0;5;2;3;3;4;11;1
416;5;0;0;2;0;4;2;1;5;2;12;2;2;4;3;3;3;6;2;2.0;1.0;1;1;1;1;2;3;3;4;1;1
416;5;1;0;3;0;2;3;1;5;2;8;2;2;4;0;3;3;6;2;2.0;1.0;2;3;2;3;3;6;3;4;0;1
244;1;0;0;2;0;2;14;1;5;2;12;2;2;6;0;3;3;6;2;2.0;1.0;1;3;2;3;3;3;3;4;11;1
244;1;3;0;2;0;1;5;1;5;2;12;2;2;6;0;3;3;6;2;2.0;1.0;9;1;0;1;2;3;3;4;12;1
41;5;1;0;3;0;2;5;1;5;2;12;2;2;4;0;3;3;6;2;1.0;1.0;1;3;2;3;3;3;3;4;4;0
288;3;0;2;2;0;2;2;3;1;2;9;2;2;4;3;3;3;6;6;2.0;1.0;1;1;0;1;2;3;3;4;16;1
288;3;3;0;2;0;4;2;1;3;2;2;0;2;4;0;3;3;6;2;2.0;1.0;1;1;1;1;2;3;3;4;0;1
391;5;0;2;2;0;2;2;1;5;2;12;0;2;6;0;3;3;6;2;2.0;1.0;1;1;1;0;2;3;3;4;13;1
391;5;1;0;2;0;4;5;1;5;2;12;4;2;6;0;3;3;6;2;2.0;1.0;1;3;2;3;3;6;3;4;1;1
168;1;0;0;3;0;3;13;1;5;2;9;2;2;4;0;3;3;6;2;2.0;1.0;4;1;0;4;2;3;3;4;17;1
168;1;1;0;3;0;2;2;1;5;2;8;4;2;4;0;3;3;6;2;2.0;1.0;1;3;2;3;3;3;3;4;18;1
382;5;1;0;3;0;0;5;1;5;2;4;2;2;4;0;3;3;6;2;2.0;1.0;1;1;0;0;2;3;3;4;16;1
382;5;3;0;3;0;2;2;3;5;2;9;3;2;4;0;3;3;6;2;2.0;1.0;9;3;2;3;3;3;3;4;18;1
462;3;0;0;3;0;2;15;1;5;2;8;6;2;6;0;3;3;6;2;1.0;1.0;1;0;0;1;2;3;3;8;18;0
354;3;3;0;3;0;1;2;1;1;2;12;2;2;6;0;3;3;6;0;1.0;1.0;1;0;0;0;1;3;3;4;13;1
1022;0;3;0;3;0;2;2;1;5;2;2;5;2;6;0;3;3;6;2;1.0;1.0;1;2;1;0;2;3;3;4;0;1
980;5;1;0;2;0;2;2;1;4;2;4;2;2;6;3;3;3;6;2;2.0;3.0;5;3;2;3;3;6;3;4;17;1
980;5;1;0;2;0;4;4;1;5;2;1;4;2;6;0;3;3;6;2;2.0;3.0;1;1;0;0;2;6;3;4;13;1
980;5;1;0;2;0;4;3;1;5;2;0;0;2;6;0;3;3;6;6;2.0;3.0;1;0;0;0;2;3;3;1;19;1
937;1;0;0;3;0;3;2;1;5;2;12;2;2;6;0;3;3;6;2;2.0;4.0;4;1;0;5;2;3;3;4;11;1
937;1;0;0;3;0;2;13;1;5;2;12;2;2;6;0;3;3;6;2;2.0;4.0;9;3;2;3;3;3;3;4;12;1
937;1;0;0;3;2;2;6;1;5;2;4;2;2;6;3;3;3;6;2;2.0;4.0;1;0;0;0;2;3;3;4;0;1
937;1;1;0;3;0;1;3;3;1;2;12;2;2;6;0;3;3;6;6;2.0;4.0;1;1;0;4;2;3;3;4;14;1
563;6;0;2;3;0;4;4;3;5;2;8;5;2;5;0;0;3;3;2;1.0;1.0;1;1;1;0;2;3;3;4;4;1
548;3;0;0;3;0;1;13;1;5;2;12;5;2;6;0;3;3;6;2;1.0;1.0;2;2;1;4;2;6;3;4;1;0
240;4;1;0;3;0;2;7;1;5;2;9;0;2;4;0;3;3;6;2;2.0;1.0;12;3;2;3;3;3;3;4;18;1
240;4;0;0;2;0;0;3;1;1;2;2;0;2;4;0;3;3;6;2;2.0;1.0;1;1;1;0;2;6;3;4;17;1
441;0;0;0;2;0;2;3;1;1;2;8;3;2;5;0;3;3;6;7;2.0;1.0;1;2;1;1;2;6;3;4;18;0
441;0;1;0;3;2;0;11;1;1;2;2;5;2;5;0;3;3;6;2;2.0;1.0;0;1;0;0;2;3;3;4;16;0
1067;3;0;0;2;0;2;2;1;1;2;12;2;2;6;0;3;3;6;2;2.0;1.0;1;1;0;0;2;3;3;4;4;1
1067;3;1;0;2;0;1;13;1;5;2;12;5;2;6;0;3;3;6;6;2.0;1.0;8;0;0;5;1;3;3;8;6;1
359;0;0;0;2;0;1;13;1;0;2;11;5;8;5;0;0;3;3;2;2.0;1.0;1;1;0;0;2;3;3;4;1;1
359;0;4;0;2;0;2;14;1;2;2;8;2;0;5;3;0;3;3;2;2.0;1.0;2;3;2;3;3;3;3;4;6;1
734;1;0;0;2;2;3;11;1;3;2;12;5;8;6;0;3;0;6;7;1.0;2.0;1;0;0;5;1;2;3;4;1;0
734;1;0;0;1;0;3;5;1;5;2;8;0;2;6;0;3;0;6;2;1.0;2.0;1;1;0;5;2;0;3;4;16;0
254;1;0;0;2;0;2;3;1;5;2;12;0;2;5;0;3;3;6;2;3.0;1.0;12;3;2;3;3;3;3;4;18;1
254;1;3;0;2;0;3;5;1;1;2;12;2;2;5;0;3;3;6;7;3.0;1.0;1;0;0;5;1;1;3;0;0;1
254;1;0;0;2;0;1;13;1;5;2;8;0;2;5;0;3;3;6;7;3.0;1.0;9;3;2;3;3;3;3;4;0;1
449;3;3;0;2;0;1;3;1;5;2;12;3;2;6;0;3;3;6;7;2.0;1.0;1;1;0;4;2;3;3;4;9;1
449;3;3;1;2;0;2;13;1;5;2;2;5;2;6;0;3;3;6;6;2.0;1.0;9;0;1;1;2;3;3;8;18;1
278;1;3;0;3;0;2;13;1;5;2;8;2;2;4;0;3;3;5;2;2.0;4.0;1;1;1;0;2;0;3;4;0;1
278;1;3;0;2;2;2;4;1;4;2;8;2;2;4;0;3;3;5;2;2.0;4.0;1;3;2;3;3;3;3;4;1;1
278;1;4;0;2;0;2;2;1;1;2;12;0;3;4;0;3;3;5;2;2.0;4.0;12;3;2;3;3;3;3;4;19;1
278;1;4;0;2;2;2;3;1;1;2;9;0;2;4;0;3;3;5;2;2.0;4.0;1;1;0;1;1;3;3;4;4;1
377;3;2;1;5;0;1;3;1;5;2;9;0;2;4;0;3;3;6;2;2.0;1.0;1;1;0;0;1;6;3;4;4;1
377;3;0;0;2;0;2;15;1;2;1;12;2;2;4;0;3;3;6;2;2.0;1.0;1;3;2;3;3;3;3;4;18;1
640;1;0;0;2;0;3;1;1;5;1;12;5;2;4;0;3;2;6;7;2.0;2.0;4;3;2;3;3;1;3;4;16;0
640;1;4;0;2;0;0;3;1;5;2;8;2;8;4;0;3;2;6;6;2.0;2.0;1;1;0;0;1;3;3;4;11;0
84;6;3;0;3;0;1;13;3;5;2;11;3;2;1;3;3;3;6;2;2.0;1.0;1;3;2;3;3;3;3;4;17;0
84;6;3;0;3;0;1;15;1;5;2;12;2;8;1;0;3;3;6;2;2.0;1.0;1;1;1;1;2;6;3;4;18;0
649;4;1;0;3;0;2;15;1;2;2;12;2;1;4;0;3;3;6;2;2.0;1.0;2;2;0;5;2;6;3;4;0;1
649;4;4;0;2;0;2;3;3;5;2;2;2;2;4;0;3;3;6;2;2.0;1.0;3;1;1;0;2;6;3;4;6;1
396;4;0;0;2;0;2;3;1;5;2;8;2;0;5;0;3;3;6;5;2.0;1.0;1;2;1;0;2;3;2;4;0;1
396;4;1;0;2;0;4;3;1;5;2;12;2;0;5;0;3;3;6;2;2.0;1.0;3;3;2;3;3;3;0;4;11;1
1022;0;1;0;2;0;4;6;3;5;2;9;3;2;4;0;3;3;6;2;2.0;3.0;1;1;0;5;2;3;3;4;4;1
1022;0;1;0;2;2;4;5;1;5;2;8;2;2;4;0;3;3;6;2;2.0;3.0;1;3;2;3;3;6;3;4;7;1
1022;0;1;0;2;0;6;2;1;5;2;8;0;2;4;0;3;3;6;2;2.0;3.0;1;1;1;4;2;3;3;4;9;1
1022;0;3;0;2;0;2;3;1;3;2;8;2;2;4;0;3;3;6;2;2.0;3.0;1;3;2;3;3;3;3;4;15;1
412;2;1;0;2;0;1;3;2;0;2;2;2;2;5;0;3;3;6;2;3.0;1.0;1;3;2;3;3;3;3;4;0;1
412;2;1;0;3;0;2;6;1;5;2;8;2;2;5;0;3;3;6;2;3.0;1.0;1;1;1;5;1;3;3;4;18;1
412;2;1;0;2;0;1;6;1;0;2;8;2;0;5;2;3;3;6;2;3.0;1.0;1;3;2;3;3;3;3;4;4;1
222;1;0;0;1;2;2;3;1;5;2;8;2;0;5;0;3;3;6;2;2.0;2.0;1;1;0;1;1;3;3;4;16;1
222;1;1;2;2;0;4;2;1;2;2;8;2;2;5;0;3;3;6;7;2.0;2.0;1;1;0;4;1;3;3;4;1;1
975;3;0;0;2;0;1;4;1;5;2;12;2;2;6;0;0;3;6;6;3.0;2.0;9;3;2;3;3;0;3;4;17;0
975;3;0;0;3;0;1;13;1;5;2;9;3;2;6;0;0;3;6;6;3.0;2.0;1;1;1;1;1;3;3;4;11;0
975;3;1;0;1;2;4;3;1;5;2;2;0;2;6;0;0;3;6;2;3.0;2.0;1;0;0;5;1;3;3;5;6;0
258;5;0;0;3;0;0;3;1;5;2;12;2;2;6;0;3;3;6;2;2.0;1.0;1;3;2;3;3;6;3;4;16;1
258;5;0;0;2;0;4;13;1;5;2;1;2;2;6;0;3;3;6;2;2.0;1.0;1;1;1;1;2;6;3;4;17;1
303;3;1;0;2;0;2;3;1;5;2;12;2;2;6;0;3;3;6;2;2.0;1.0;1;1;1;1;2;3;3;4;0;1
303;3;1;0;2;2;2;2;1;5;2;4;0;0;6;0;3;3;6;2;2.0;1.0;1;3;2;3;3;6;3;4;6;1
1055;2;0;0;0;0;2;3;1;5;2;12;2;2;6;0;3;3;6;6;3.0;1.0;1;3;2;3;3;3;3;4;0;1
1055;2;0;0;2;0;2;3;1;5;2;12;5;2;6;0;3;3;6;2;3.0;1.0;1;1;0;1;2;6;3;4;0;1
1055;2;0;0;2;0;4;3;1;2;2;2;5;2;6;0;3;3;6;2;3.0;1.0;1;3;2;3;3;3;3;4;1;1
50;5;3;0;2;0;0;3;1;2;2;2;0;2;5;0;3;3;6;2;1.0;1.0;1;1;0;1;2;6;3;4;3;0
264;4;0;0;2;0;1;13;1;5;2;12;2;2;6;0;3;3;6;2;2.0;1.0;1;2;0;5;2;6;3;4;6;1
264;4;0;0;2;0;3;2;1;5;2;12;4;2;6;0;3;3;6;2;2.0;1.0;1;2;1;5;2;6;3;4;18;1
123;4;0;0;2;0;4;4;3;1;2;1;2;2;5;0;3;3;6;2;2.0;1.0;1;3;2;3;3;3;3;4;6;1
123;4;3;0;2;0;0;11;1;1;2;12;0;2;5;0;3;3;6;7;2.0;1.0;1;1;0;0;1;0;3;4;1;1
178;2;0;0;0;0;2;2;1;2;2;8;0;2;6;4;3;3;6;7;1.0;1.0;1;0;0;0;1;3;3;4;16;0
379;0;0;0;2;0;2;4;1;2;2;2;2;2;4;0;3;3;6;6;2.0;1.0;1;3;2;3;3;3;3;4;0;1
379;0;1;2;3;2;3;11;1;1;2;8;2;2;4;0;3;3;6;7;2.0;1.0;1;1;1;4;2;3;3;4;18;1
208;0;0;0;2;0;2;13;1;5;2;8;0;3;5;0;0;3;6;2;2.0;2.0;2;2;0;4;2;3;3;4;13;1
208;0;1;0;2;0;4;3;1;1;2;12;0;2;5;0;0;3;6;2;2.0;2.0;1;3;2;3;3;6;3;4;13;1
1027;5;0;0;2;0;2;3;3;5;2;9;2;2;6;0;3;3;6;2;2.0;2.0;1;1;1;1;2;3;3;4;18;1
1027;5;1;0;2;0;0;3;1;1;2;8;2;0;6;0;3;3;6;6;2.0;2.0;1;2;0;4;1;3;3;4;18;1
729;0;4;0;2;2;1;3;1;1;2;9;5;2;6;0;0;2;3;6;1.0;2.0;12;2;0;5;2;3;3;4;18;1
729;0;4;0;2;0;6;16;1;5;2;9;2;2;6;4;0;2;3;2;1.0;2.0;1;0;0;0;2;3;3;5;17;1
1044;3;4;2;2;0;4;3;1;5;2;12;3;2;4;0;3;3;6;2;2.0;1.0;1;1;0;0;2;3;3;4;6;1
1044;3;1;0;2;2;1;11;1;5;2;3;4;2;4;0;3;3;6;2;2.0;1.0;1;3;2;3;3;6;3;4;0;1
983;0;1;0;2;0;2;3;3;5;2;12;0;2;4;0;3;3;6;2;2.0;1.0;1;1;0;0;2;3;3;4;1;0
983;0;0;0;2;0;1;3;1;5;2;12;0;2;4;0;3;3;6;2;2.0;1.0;1;3;2;3;3;3;3;4;6;0
441;3;1;0;2;0;0;3;1;5;2;1;4;0;6;0;3;3;6;2;2.0;1.0;1;1;0;1;2;6;3;4;6;1
441;3;1;0;2;0;2;4;1;5;2;12;0;2;6;0;3;3;6;2;2.0;1.0;12;3;2;3;3;6;3;4;18;1
43;1;1;0;2;0;1;13;1;5;2;12;0;2;6;0;3;3;6;2;2.0;1.0;9;1;0;4;2;3;3;4;4;1
43;1;3;0;3;0;2;13;1;5;2;12;0;2;6;0;3;3;6;2;2.0;1.0;1;0;0;5;2;6;3;4;0;1
358;6;0;0;0;2;2;3;1;3;2;8;2;2;6;0;3;3;6;6;2.0;1.0;4;3;2;3;3;3;3;4;0;0
358;6;0;0;2;0;1;13;1;1;2;12;2;0;6;4;3;3;6;6;2.0;1.0;4;1;0;0;2;3;3;4;18;0
358;5;1;0;2;0;1;13;1;5;2;9;2;2;4;0;3;3;6;7;1.0;1.0;2;3;2;3;3;3;3;4;18;1
446;1;0;0;2;0;1;13;1;2;2;12;0;2;4;0;3;3;6;2;2.0;3.0;2;1;0;1;2;6;3;4;3;1
446;1;0;0;2;0;2;13;1;5;2;12;0;2;4;0;3;3;6;2;2.0;3.0;2;0;0;4;2;3;3;0;9;1
446;1;0;0;2;0;0;3;1;5;2;2;0;2;4;0;3;3;6;2;2.0;3.0;9;3;2;3;3;0;3;4;16;1
446;1;0;0;2;2;1;3;1;0;0;8;0;2;4;1;3;3;6;2;2.0;3.0;1;0;1;4;2;3;3;0;17;1
268;0;0;0;1;2;1;3;1;4;2;11;5;2;4;0;3;3;6;2;2.0;1.0;1;3;2;3;3;3;3;4;16;1
268;0;1;0;2;0;2;6;1;1;2;12;0;2;4;0;3;3;6;2;2.0;1.0;1;1;0;4;2;3;3;4;4;1
514;0;4;0;2;2;0;3;1;0;2;8;0;2;5;0;3;3;6;2;3.0;1.0;1;1;0;0;2;3;3;4;4;1
514;0;3;0;2;0;3;6;1;0;2;9;5;8;5;0;3;3;6;2;3.0;1.0;1;1;0;0;2;3;3;4;13;1
514;0;0;0;1;0;0;6;1;0;2;4;4;2;5;0;3;3;6;2;3.0;1.0;1;3;2;3;3;3;3;4;18;1
113;4;1;0;0;0;0;3;1;1;2;12;0;2;6;3;3;3;6;7;1.0;1.0;1;1;0;0;2;0;3;4;13;2
719;0;1;0;2;0;4;15;1;0;2;9;0;2;4;0;3;2;6;7;2.0;1.0;1;3;2;3;3;3;3;4;16;1
719;0;0;0;1;0;0;3;1;0;2;1;2;2;4;0;3;2;6;2;2.0;1.0;1;3;2;3;3;0;3;4;6;1
706;5;3;0;2;0;1;13;1;5;1;8;5;2;6;0;3;2;6;2;2.0;1.0;4;1;0;4;2;6;3;4;18;1
706;5;0;0;0;1;1;2;1;5;2;5;2;2;6;0;3;2;6;2;2.0;1.0;1;1;1;0;2;3;3;4;4;1
297;5;0;0;1;0;4;4;1;0;2;5;2;2;4;0;3;3;6;2;2.0;1.0;9;1;1;0;2;3;3;4;0;1
297;5;1;0;3;0;2;15;1;0;2;5;0;2;4;0;3;3;6;2;2.0;1.0;1;2;1;5;2;6;3;4;18;1
250;1;3;0;1;0;0;9;3;3;2;5;0;2;4;0;3;3;6;2;1.0;1.0;1;0;0;5;2;6;3;7;6;1
311;6;1;0;1;0;2;4;1;5;2;5;5;8;0;0;3;3;6;2;2.0;1.0;9;3;2;3;3;3;3;4;18;1
311;6;4;0;1;0;1;15;1;5;2;11;5;8;0;0;3;3;6;2;2.0;1.0;1;1;0;0;2;3;3;4;16;1
983;1;1;0;2;0;0;15;1;4;2;5;2;2;4;0;3;3;6;2;2.0;1.0;1;3;2;3;3;6;3;4;0;1
983;1;0;0;0;0;4;3;1;5;2;5;0;2;4;0;3;3;6;2;2.0;1.0;7;1;0;1;2;6;3;4;17;1
565;5;0;0;0;0;1;3;1;5;2;5;2;4;6;2;0;2;3;2;2.0;3.0;9;3;2;3;3;3;3;4;16;1
565;5;0;0;3;0;2;2;1;1;2;5;2;3;6;0;0;2;3;2;2.0;3.0;9;1;0;1;2;3;3;4;1;1
565;5;0;0;3;0;0;2;1;1;2;8;0;3;6;0;0;2;3;2;2.0;3.0;1;1;1;4;2;3;3;4;2;1
171;0;3;0;2;0;2;3;1;1;2;5;0;3;5;0;3;3;6;2;2.0;1.0;12;2;0;4;2;3;3;4;7;0
171;0;0;0;2;0;2;12;1;5;2;5;0;3;5;0;3;3;6;2;2.0;1.0;1;3;2;3;3;3;3;4;6;0
446;5;1;0;3;0;2;2;1;1;2;5;0;2;4;0;3;3;6;2;2.0;2.0;1;1;0;1;2;3;3;4;7;1
446;5;3;0;2;0;1;12;1;5;2;8;0;2;4;0;3;3;6;2;2.0;2.0;1;2;1;4;2;3;3;4;6;1
130;4;3;0;2;0;2;15;1;5;2;1;0;2;5;0;3;3;6;2;2.0;1.0;9;2;1;4;2;3;3;4;17;1
130;4;0;0;1;0;1;3;1;4;2;8;0;2;5;0;3;3;6;2;2.0;1.0;1;3;2;3;3;3;3;4;6;1
259;1;3;0;2;0;0;2;1;1;2;12;2;0;6;0;3;3;6;2;2.0;1.0;1;3;2;3;3;3;3;4;0;1
259;1;3;0;2;0;0;3;1;4;2;9;2;2;6;0;3;3;6;2;2.0;1.0;1;1;0;0;2;3;3;4;13;1
368;3;1;0;2;0;2;3;1;4;2;9;5;2;5;0;3;3;6;6;2.0;1.0;1;3;2;3;3;3;3;4;6;1
368;3;0;0;5;0;6;3;1;5;2;9;0;2;5;0;3;3;6;6;2.0;1.0;1;1;1;5;2;3;3;4;0;1
341;0;1;0;2;0;2;3;1;4;2;12;0;2;0;0;3;3;6;2;2.0;2.0;2;3;2;3;3;3;3;4;6;1
341;0;1;0;2;0;0;13;1;5;2;8;2;2;0;0;3;3;6;2;2.0;2.0;1;1;0;1;2;3;3;4;6;1
341;0;0;0;2;0;1;2;1;5;2;12;2;2;0;0;3;3;6;2;2.0;2.0;1;2;1;1;2;3;3;4;6;1
426;3;0;0;2;0;4;4;1;4;2;12;5;2;6;0;3;3;6;2;2.0;1.0;1;0;0;4;1;3;3;8;0;1
426;3;4;0;2;2;2;4;1;2;2;8;2;2;6;0;3;3;6;6;2.0;1.0;1;3;2;3;3;3;3;4;0;1
179;4;0;0;1;0;0;3;1;3;2;2;5;2;6;0;3;3;6;2;2.0;2.0;1;1;0;4;2;3;3;4;6;1
179;4;1;0;2;0;4;14;1;5;2;12;2;2;6;0;3;3;6;6;2.0;2.0;1;2;1;4;2;3;3;4;11;1
179;4;1;0;2;0;0;3;1;5;2;12;4;2;6;0;3;3;6;6;2.0;2.0;1;3;2;3;3;3;3;4;0;1
367;5;0;0;2;0;1;6;1;5;2;8;3;2;5;0;0;3;6;7;1.0;1.0;1;0;0;5;2;3;3;8;18;1
1002;1;2;0;2;0;4;13;1;5;2;8;4;0;6;4;3;3;6;2;2.0;1.0;7;0;1;5;2;3;3;4;4;1
1002;1;0;0;2;0;1;6;1;5;2;8;0;2;6;0;3;3;6;6;2.0;1.0;1;0;0;0;1;3;3;6;0;1
419;0;1;0;3;0;2;2;1;5;2;8;3;2;6;0;3;0;6;2;1.0;1.0;1;1;0;0;2;3;3;4;0;2
451;6;0;0;2;0;2;13;1;5;2;12;2;2;4;0;3;3;6;2;2.0;1.0;1;1;0;5;2;3;3;4;11;0
451;6;1;0;3;0;0;13;1;3;2;8;0;2;4;0;3;3;6;2;2.0;1.0;1;2;0;0;2;3;3;4;4;0
301;4;0;0;3;0;2;14;1;5;2;12;2;2;4;0;3;3;6;2;1.0;1.0;1;2;0;0;2;3;3;4;7;0
1030;1;0;0;3;0;2;4;1;5;2;12;3;2;4;0;3;3;6;2;2.0;1.0;1;2;0;5;2;3;3;4;11;1
1030;1;1;0;2;0;0;4;3;5;2;12;2;2;4;0;3;3;6;2;2.0;1.0;1;3;2;3;3;3;3;4;16;1
942;5;3;0;2;0;2;13;1;5;2;8;2;2;5;0;3;3;6;6;1.0;1.0;1;1;0;0;2;3;3;4;13;1
166;2;0;0;2;0;2;13;1;5;2;8;2;2;7;0;3;3;6;2;2.0;2.0;1;3;2;3;3;3;3;4;4;1
166;2;0;0;2;0;1;3;1;5;2;8;2;2;7;0;3;3;6;6;2.0;2.0;1;1;0;0;2;3;3;4;16;1
166;2;0;0;2;0;0;2;3;5;2;8;2;2;7;0;3;3;6;2;2.0;2.0;1;0;0;4;2;3;3;6;17;1
498;6;0;0;2;0;2;3;1;1;2;2;0;2;6;0;3;2;6;2;1.0;1.0;1;3;2;3;3;3;3;4;0;1
934;1;0;2;2;0;3;2;3;5;2;8;2;2;4;0;0;2;6;2;2.0;1.0;1;3;2;3;3;3;3;4;0;0
934;1;3;0;2;0;2;3;3;5;2;9;2;2;4;4;0;2;6;6;2.0;1.0;4;1;0;0;2;3;3;4;0;0
504;3;1;0;2;2;2;4;1;5;2;11;2;2;0;0;3;3;8;6;2.0;1.0;2;1;0;5;2;3;3;4;7;0
504;3;1;0;2;2;2;3;1;5;2;8;0;2;0;0;3;3;8;2;2.0;1.0;9;3;2;3;3;3;3;4;1;0
647;0;1;0;2;0;2;5;1;2;2;12;0;2;5;0;0;2;6;2;2.0;1.0;1;3;2;3;3;3;3;4;13;1
647;0;1;0;1;0;1;3;1;5;2;12;3;2;5;0;0;2;6;2;2.0;1.0;9;1;1;0;2;3;3;4;9;1
434;6;0;0;0;0;2;2;3;5;2;12;3;2;6;0;3;2;7;2;2.0;1.0;1;0;0;4;2;3;3;4;13;1
434;6;1;0;2;0;4;5;1;2;2;12;2;2;6;0;3;2;7;2;2.0;1.0;1;1;1;1;2;6;3;4;18;1
101;3;3;0;2;0;3;11;1;5;2;8;3;0;4;0;0;3;6;2;2.0;1.0;1;3;2;3;3;6;3;4;4;0
101;3;1;0;3;0;2;13;1;5;2;8;2;2;4;0;0;3;6;2;2.0;1.0;1;3;2;3;3;3;3;4;16;0
519;1;1;0;3;0;1;13;1;5;2;8;2;0;4;0;0;2;3;6;2.0;1.0;1;1;0;0;2;3;3;4;0;1
519;1;1;0;2;0;1;13;1;5;2;8;2;0;4;4;0;2;3;6;2.0;1.0;12;3;2;3;3;3;3;4;4;1
45;2;3;0;2;0;0;3;1;5;2;8;4;2;4;0;3;3;6;6;2.0;1.0;1;3;2;3;3;3;3;4;18;1
45;2;1;0;2;0;1;13;1;5;2;8;2;2;4;0;3;3;6;2;2.0;1.0;12;1;1;0;2;3;3;4;6;1
48;4;0;0;2;0;1;3;1;5;2;8;2;2;4;0;3;3;6;2;2.0;1.0;1;3;2;3;3;3;3;4;18;1
48;4;1;0;2;0;4;5;1;2;2;12;0;2;4;0;3;3;6;2;2.0;1.0;9;1;0;0;2;3;3;4;13;1
432;0;0;0;1;0;3;3;1;5;2;12;2;2;4;0;3;2;6;2;2.0;1.0;1;1;0;1;2;3;3;4;18;1
432;0;1;0;2;0;1;11;1;1;2;9;2;2;4;0;3;2;6;7;2.0;1.0;1;0;0;1;2;3;3;4;13;1
558;0;3;0;1;0;4;3;1;5;2;12;2;2;4;3;3;2;6;7;1.0;1.0;9;2;1;4;2;6;3;4;17;0
307;1;0;0;2;0;4;13;1;2;2;12;2;2;6;0;3;3;6;2;3.0;1.0;1;3;2;3;3;3;3;4;1;1
307;1;1;2;1;0;2;2;3;5;2;12;2;2;6;0;3;3;6;2;3.0;1.0;4;0;1;0;2;3;3;4;18;1
307;1;2;1;2;0;4;4;1;2;2;12;0;2;6;0;3;3;6;2;3.0;1.0;1;3;2;3;3;3;3;4;4;1
456;3;1;0;2;0;0;3;1;5;2;4;0;2;6;0;3;2;6;2;2.0;1.0;1;1;0;0;1;3;3;4;18;1
456;3;1;0;2;0;1;13;1;2;2;4;0;2;6;0;3;2;6;2;2.0;1.0;12;0;1;0;2;3;3;6;17;1
127;2;0;0;3;0;1;3;1;5;2;2;3;2;1;0;0;3;6;2;2.0;1.0;1;0;0;5;1;3;3;4;13;1
127;2;1;0;3;1;2;6;1;5;2;12;0;2;1;0;0;3;6;2;2.0;1.0;1;3;2;3;3;3;3;4;17;1
268;2;0;0;2;0;2;3;1;4;2;12;0;2;6;0;3;3;6;2;2.0;1.0;1;1;0;0;2;3;3;4;18;1
268;2;1;0;1;2;2;13;1;5;2;8;0;2;6;0;3;3;6;2;2.0;1.0;1;1;1;1;2;3;3;4;17;1
324;4;3;0;2;0;4;5;1;5;2;8;0;2;7;0;0;3;6;2;1.0;2.0;2;3;2;3;3;3;3;4;6;1
324;4;3;0;2;0;3;9;3;3;2;9;2;2;7;0;0;3;6;6;1.0;2.0;1;0;0;5;2;3;3;6;19;1
379;0;0;0;2;1;3;5;1;5;2;4;0;2;6;0;3;2;6;0;4.0;3.0;9;1;1;4;2;6;3;4;6;1
379;0;1;0;2;0;4;13;1;5;2;8;0;2;6;0;3;2;6;2;4.0;3.0;1;1;0;4;2;6;3;4;1;1
379;0;3;0;1;2;2;3;1;5;2;12;0;2;6;0;3;2;6;2;4.0;3.0;1;1;0;5;2;3;3;4;16;1
379;0;1;0;3;2;2;13;1;5;2;12;2;2;6;0;3;2;6;2;4.0;3.0;1;1;1;4;2;3;3;4;0;1
123;2;1;0;2;0;1;11;1;5;2;9;0;2;4;0;0;3;6;2;2.0;1.0;1;2;1;1;2;6;3;4;0;1
123;2;3;0;2;0;1;4;1;5;2;8;2;2;4;0;0;3;6;2;2.0;1.0;1;3;2;3;3;6;3;4;18;1
446;1;1;0;0;0;2;3;2;5;2;9;5;2;4;3;0;2;6;6;1.0;1.0;4;1;0;0;2;3;3;4;18;1
969;1;3;0;2;2;1;3;1;5;2;8;2;2;6;0;3;3;6;6;2.0;2.0;1;0;0;4;0;0;3;6;1;0
969;1;3;0;2;0;2;3;1;5;2;2;2;2;6;0;3;3;6;2;2.0;2.0;1;3;2;3;3;3;3;4;0;0
969;1;0;0;2;0;1;2;2;2;2;9;2;2;6;0;3;3;6;6;2.0;2.0;9;1;0;0;2;3;3;4;16;0
416;5;2;1;2;0;2;3;1;4;2;11;5;2;5;0;0;2;6;2;2.0;1.0;1;3;2;3;3;3;3;4;1;1
416;5;1;0;2;0;1;6;1;2;2;3;5;8;5;0;0;2;6;2;2.0;1.0;1;1;0;1;2;3;3;4;16;1
417;3;1;0;3;0;0;6;1;1;2;12;0;2;4;0;0;0;6;2;3.0;1.0;1;1;0;1;2;3;3;4;13;1
417;3;1;0;1;0;2;3;1;5;2;11;3;2;4;0;0;0;6;2;3.0;1.0;5;3;2;3;3;3;3;4;2;1
417;3;0;0;2;2;0;5;1;4;2;12;5;2;4;0;0;0;6;2;3.0;1.0;1;3;2;3;3;3;3;4;18;1
867;5;3;0;2;0;1;5;1;2;2;4;0;2;4;0;3;2;6;2;2.0;1.0;1;3;2;3;3;3;3;4;18;1
867;5;0;0;2;0;0;13;1;5;2;2;2;2;4;0;3;2;6;7;2.0;1.0;4;2;1;0;2;6;3;4;18;1
651;6;0;0;3;0;4;3;1;5;2;8;2;2;7;3;0;2;6;2;2.0;1.0;9;3;2;3;3;6;3;4;1;1
651;6;0;0;2;0;1;4;1;5;2;12;2;2;7;0;0;2;6;6;2.0;1.0;1;1;1;0;2;6;3;4;16;1
655;5;0;0;2;0;1;4;1;5;2;8;3;2;6;0;0;2;6;2;1.0;1.0;1;0;0;4;1;6;3;4;9;0
406;5;1;0;2;0;1;13;1;5;2;8;3;2;4;0;3;2;6;6;1.0;1.0;1;3;2;3;3;3;3;4;11;1
1043;6;3;0;2;0;1;3;3;5;2;8;3;2;6;0;3;3;6;2;2.0;1.0;2;1;0;1;2;6;3;4;4;1
1043;6;0;0;3;0;1;11;1;5;2;9;3;2;6;0;3;3;6;2;2.0;1.0;1;0;1;5;1;6;3;4;1;1
637;0;3;0;2;0;1;9;1;5;2;8;3;2;7;0;0;2;6;7;2.0;1.0;1;0;1;1;2;6;3;1;17;1
637;0;0;0;3;0;2;3;1;1;2;12;0;2;7;0;0;2;6;2;2.0;1.0;1;2;1;1;2;3;3;4;1;1
315;5;0;0;3;0;1;2;1;1;2;4;4;2;6;0;0;3;3;2;2.0;1.0;10;2;1;0;2;3;3;4;18;0
315;5;3;0;2;0;4;3;1;5;2;12;4;2;6;2;0;3;3;2;2.0;1.0;1;0;1;5;1;3;3;4;13;0
391;3;0;0;2;0;4;3;1;5;2;8;3;2;6;0;0;2;6;2;3.0;2.0;1;0;0;4;2;3;3;5;1;1
391;3;0;0;1;0;4;3;3;5;2;8;2;2;6;0;0;2;6;7;3.0;2.0;12;0;1;4;1;6;3;5;4;1
391;3;0;0;2;0;2;0;3;5;2;12;3;2;6;0;0;2;6;2;3.0;2.0;1;0;0;1;2;3;3;4;18;1
391;3;0;0;2;2;1;3;1;5;2;12;2;2;6;0;0;2;6;2;3.0;2.0;1;3;2;3;3;3;3;4;13;1
338;5;1;0;3;0;0;2;1;5;2;8;3;2;6;0;0;3;5;2;1.0;1.0;0;1;0;1;2;3;3;4;18;1
323;3;0;0;2;0;1;3;1;5;2;8;2;2;4;0;0;2;6;2;1.0;1.0;1;0;1;5;2;3;3;4;1;1
737;1;3;0;2;0;2;2;1;2;2;8;0;2;6;0;0;2;6;6;2.0;1.0;8;0;1;4;1;3;3;4;1;1
737;1;4;0;2;0;2;13;1;5;2;12;0;2;6;0;0;2;6;2;2.0;1.0;1;0;1;4;1;3;3;6;17;1
524;1;3;0;3;2;2;4;1;5;2;12;0;2;4;0;0;2;6;2;4.0;3.0;2;1;0;4;2;3;3;4;1;1
524;1;1;0;1;1;4;6;1;5;2;1;0;2;4;0;0;2;6;2;4.0;3.0;1;2;1;4;0;3;3;4;6;1
524;1;1;0;2;0;4;3;1;5;2;2;0;2;4;0;0;2;6;2;4.0;3.0;1;3;2;3;3;6;3;4;6;1
524;1;1;0;2;0;0;4;0;0;2;1;5;2;4;0;0;2;6;6;4.0;3.0;12;3;2;3;3;3;3;4;17;1
524;1;2;1;1;2;2;3;1;2;2;11;5;2;4;0;0;2;6;2;4.0;3.0;1;0;0;5;2;6;3;6;19;1
524;1;2;1;2;0;1;13;1;5;2;2;3;2;4;0;0;2;6;2;4.0;3.0;9;1;0;0;1;3;3;4;18;1
421;5;3;0;2;0;2;3;1;2;2;8;2;2;4;0;3;2;6;2;3.0;1.0;1;3;2;3;3;3;3;4;1;1
421;5;1;0;2;0;1;13;1;1;2;9;4;8;4;0;3;2;6;2;3.0;1.0;9;3;2;3;3;3;3;4;16;1
421;5;1;0;2;0;4;13;1;5;2;12;4;2;4;0;3;2;6;2;3.0;1.0;1;2;1;1;2;3;3;4;18;1
90;6;1;0;3;0;2;13;1;5;2;12;0;2;4;0;0;3;6;2;1.0;1.0;1;3;2;3;3;3;3;4;17;1
464;5;3;0;2;0;2;6;3;0;2;4;4;2;6;0;0;2;6;2;1.0;1.0;12;1;0;5;2;3;3;4;17;0
750;5;3;0;0;0;0;3;3;0;2;2;5;8;4;0;0;2;3;2;1.0;1.0;1;3;2;3;3;6;3;4;16;1
494;5;0;0;3;0;4;2;2;0;2;8;5;2;6;3;0;2;0;2;3.0;1.0;1;3;2;3;3;3;3;4;6;1
494;5;1;0;3;0;2;2;1;5;2;8;0;2;6;0;0;2;0;2;3.0;1.0;1;3;2;3;3;6;3;4;0;1
494;5;0;0;3;0;1;2;1;5;2;8;3;2;6;0;0;2;0;2;3.0;1.0;4;1;0;5;2;3;3;4;1;1
538;4;1;0;3;0;1;3;1;1;2;12;2;2;6;0;3;0;8;6;2.0;1.0;1;3;2;3;3;3;3;4;13;1
538;4;0;0;2;0;2;2;1;5;2;8;0;2;6;0;3;0;8;6;2.0;1.0;1;3;2;3;3;3;3;4;6;1
94;2;0;0;2;0;0;13;1;5;2;12;3;2;4;0;3;3;6;6;2.0;1.0;1;1;0;1;2;3;3;4;7;1
94;2;4;0;2;0;2;5;1;4;2;4;2;2;4;0;3;3;6;7;2.0;1.0;2;0;0;5;2;6;3;4;7;1
489;2;1;0;2;0;2;13;1;5;2;9;5;2;4;0;0;2;6;2;1.0;1.0;3;1;0;5;2;3;3;4;17;0
970;0;0;0;0;0;2;5;1;5;2;12;2;2;1;2;3;2;1;2;2.0;1.0;1;2;0;5;2;3;3;4;1;1
970;0;0;0;2;0;4;13;1;2;2;12;4;2;1;0;3;2;1;7;2.0;1.0;3;3;2;3;3;6;3;4;0;1
578;1;2;1;3;0;1;2;1;0;2;12;4;2;6;0;3;2;6;2;2.0;1.0;1;3;2;3;3;3;3;4;6;1
578;1;1;0;2;0;2;13;1;5;2;12;0;2;6;0;3;2;6;2;2.0;1.0;1;3;2;3;3;3;3;4;18;1
504;5;3;0;2;0;2;3;1;5;2;12;2;2;4;4;3;2;1;2;1.0;1.0;1;1;1;1;2;3;3;4;19;1
483;6;1;0;2;0;2;0;3;3;2;9;5;8;4;0;0;2;1;2;2.0;1.0;1;3;2;3;3;3;3;4;10;1
483;6;0;0;2;0;2;13;1;5;2;8;2;2;4;0;0;2;1;2;2.0;1.0;1;1;0;4;2;6;3;4;0;1
452;2;0;0;2;0;2;2;1;5;2;8;2;2;5;0;0;2;6;2;1.0;1.0;1;0;1;1;2;6;3;4;6;1
568;0;0;0;2;0;0;2;1;5;2;12;2;2;5;0;0;2;6;6;2.0;2.0;1;0;0;4;2;3;3;4;13;1
568;0;1;0;0;2;2;3;1;4;2;12;4;2;5;0;0;2;6;7;2.0;2.0;1;2;1;5;0;6;3;4;2;1
74;6;3;0;2;0;1;13;1;5;2;8;2;2;4;0;3;3;6;2;2.0;1.0;1;1;0;0;0;3;3;4;0;0
74;6;1;0;2;2;2;4;1;1;2;8;0;2;4;0;3;3;6;2;2.0;1.0;9;2;0;0;1;3;3;4;6;0
970;5;0;0;1;0;1;3;1;5;2;12;2;2;6;0;3;3;6;6;1.0;1.0;1;2;0;5;1;3;3;4;16;1
337;1;0;0;2;0;4;3;1;5;2;12;2;2;4;0;0;3;6;2;2.0;1.0;1;3;2;3;3;3;3;4;13;0
337;1;0;0;2;0;3;2;3;5;2;9;2;2;4;0;0;3;6;2;2.0;1.0;1;1;0;1;2;3;3;4;1;0
1030;4;1;0;2;0;3;3;1;0;2;12;0;2;5;0;0;3;6;2;2.0;2.0;1;3;2;3;3;3;3;4;3;1
1030;4;3;0;2;2;2;11;1;5;2;8;0;2;5;0;0;3;6;2;2.0;2.0;1;1;0;5;2;6;3;4;18;1
426;3;3;0;2;0;1;2;1;1;2;8;0;2;4;0;0;0;3;2;2.0;1.0;1;2;1;4;2;3;3;4;6;1
426;3;1;0;2;0;2;3;1;5;2;12;0;2;4;0;0;0;3;2;2.0;1.0;1;3;2;3;3;3;3;4;18;1
391;6;1;0;3;0;5;7;1;5;2;12;2;2;4;2;3;3;6;2;2.0;2.0;1;3;2;3;3;3;3;4;1;1
391;6;1;0;2;0;4;3;1;4;2;12;0;2;4;0;3;3;6;2;2.0;2.0;1;3;2;3;3;3;3;4;17;1
1012;0;0;0;0;0;0;3;1;0;2;8;0;3;6;0;0;3;6;2;2.0;1.0;1;3;2;3;3;3;3;4;18;1
1012;0;0;0;2;0;0;4;1;5;2;12;4;2;6;0;0;3;6;7;2.0;1.0;2;1;0;1;2;6;3;4;1;1
259;3;0;0;2;0;0;12;1;5;2;1;0;8;5;0;0;3;5;2;2.0;1.0;1;3;2;3;3;0;3;4;0;1
259;3;4;2;4;0;2;3;3;5;2;12;2;8;5;0;0;3;5;2;2.0;1.0;1;3;2;3;3;3;3;4;13;1
408;6;1;0;2;0;4;3;3;2;2;2;2;2;4;0;0;2;5;2;2.0;1.0;1;1;0;1;2;3;3;4;0;1
408;6;0;0;2;0;4;3;1;5;2;9;0;2;4;0;0;2;5;2;2.0;1.0;12;3;2;3;3;3;3;4;18;1
75;4;0;0;2;0;2;14;1;2;2;8;2;2;1;0;0;3;6;2;2.0;1.0;1;1;0;1;2;3;3;4;11;1
75;4;1;0;2;0;1;5;1;1;2;12;2;2;1;0;0;3;6;2;2.0;1.0;1;1;0;5;1;3;3;4;4;1
354;0;1;0;2;0;3;4;3;1;2;8;0;2;4;0;0;3;6;2;1.0;1.0;1;3;2;3;3;3;3;4;4;1
716;5;0;0;2;0;0;3;1;5;2;8;5;2;6;0;3;2;6;2;3.0;2.0;1;1;0;0;1;6;3;4;0;1
716;5;0;0;2;0;2;2;1;5;2;12;4;4;6;0;3;2;6;2;3.0;2.0;1;1;0;1;2;6;3;4;17;1
716;5;0;0;2;0;3;13;1;5;2;9;0;2;6;0;3;2;6;2;3.0;2.0;1;3;2;3;3;6;3;4;16;1
716;5;1;0;3;0;2;3;1;5;2;1;4;2;6;0;3;2;6;2;3.0;2.0;12;0;1;1;2;3;3;8;1;1
436;1;3;0;2;0;1;4;1;5;2;2;0;2;6;0;1;2;4;2;2.0;1.0;9;3;2;3;3;3;3;4;1;1
436;1;0;0;2;0;2;13;1;5;2;12;4;2;6;0;1;2;4;0;2.0;1.0;1;1;0;4;2;3;3;4;11;1
52;2;1;0;3;0;2;13;1;5;2;12;0;2;6;0;3;3;6;6;2.0;1.0;4;3;2;3;3;6;3;4;18;1
52;2;3;0;2;0;4;14;1;5;2;12;2;2;6;0;3;3;6;2;2.0;1.0;4;1;1;1;2;3;3;4;16;1
525;5;0;0;2;0;0;0;3;5;2;9;5;2;6;0;3;0;6;2;1.0;1.0;2;1;1;0;2;0;3;4;0;1
1058;3;0;0;1;0;3;0;1;4;2;11;5;2;4;0;0;3;3;2;2.0;1.0;2;3;2;3;3;1;3;4;1;1
1058;3;1;0;3;0;4;3;1;4;2;2;2;2;4;3;0;3;3;7;2.0;1.0;2;1;0;0;2;3;3;4;18;1
664;6;4;0;1;2;0;3;1;4;2;12;5;2;5;0;3;2;6;7;2.0;1.0;9;1;0;0;2;3;3;4;6;1
664;6;1;0;2;0;1;3;1;3;2;12;2;2;5;0;3;2;6;2;2.0;1.0;1;0;0;5;2;3;3;8;17;1
1048;4;0;0;2;0;2;2;1;1;2;8;0;2;0;0;3;3;6;2;3.0;3.0;1;1;0;1;2;3;3;4;6;1
1048;4;0;0;1;2;1;5;1;1;2;8;2;2;0;0;3;3;6;7;3.0;3.0;1;1;0;0;2;0;3;4;13;1
1048;4;0;0;1;0;4;3;1;1;2;12;0;2;0;0;3;3;6;7;3.0;3.0;1;1;0;1;2;3;3;4;18;1
1039;3;1;0;2;0;0;11;1;3;2;3;0;2;6;0;3;3;6;7;2.0;2.0;1;1;0;5;2;3;3;4;18;1
1039;3;3;0;3;0;0;3;1;1;2;12;0;2;6;0;3;3;6;2;2.0;2.0;1;2;1;5;2;3;3;4;18;1
612;0;4;0;1;0;0;3;1;5;2;12;2;2;5;0;3;2;6;6;2.0;1.0;1;3;2;3;3;3;3;4;1;1
612;0;0;0;0;0;2;3;1;5;2;12;0;2;5;0;3;2;6;2;2.0;1.0;1;1;0;0;2;3;3;4;1;1
65;3;1;0;2;0;2;3;1;5;2;12;3;2;6;0;3;3;6;2;1.0;1.0;1;2;0;0;2;6;3;4;13;1
511;1;4;0;2;0;2;3;3;5;2;12;2;0;4;2;0;2;6;6;1.0;1.0;4;3;2;3;3;3;3;4;0;1
967;5;0;0;3;2;2;4;1;4;2;3;2;2;7;0;3;3;6;2;2.0;2.0;1;1;0;4;1;3;3;4;16;1
967;5;1;0;3;0;2;16;1;4;2;12;2;2;7;3;3;3;6;2;2.0;2.0;9;3;2;3;3;3;3;4;13;1
967;5;1;0;1;2;2;4;1;5;2;12;4;2;7;0;3;3;6;2;2.0;2.0;1;2;0;5;1;3;3;4;6;1
888;0;3;0;2;0;2;2;1;1;2;12;2;0;4;0;0;2;6;2;2.0;1.0;1;2;1;5;1;3;3;4;6;1
888;0;1;0;2;2;0;11;1;5;2;8;2;2;4;0;0;2;6;7;2.0;1.0;9;3;2;3;3;6;3;4;10;1
469;4;3;0;2;0;1;4;1;5;2;9;2;2;1;3;3;2;6;0;1.0;1.0;1;3;2;3;3;3;3;4;17;0
744;6;3;0;2;2;2;13;1;1;2;12;2;2;6;0;0;2;6;2;2.0;2.0;1;1;0;0;2;3;3;4;16;1
744;6;0;0;2;2;4;13;1;5;2;9;2;2;6;0;0;2;6;2;2.0;2.0;7;2;1;5;2;3;3;4;6;1
582;0;0;0;1;0;2;3;1;5;2;12;0;2;6;0;3;0;6;2;1.0;1.0;9;2;1;0;2;3;3;4;13;0
1058;3;3;0;1;2;1;3;1;1;2;9;3;2;5;0;3;3;6;6;2.0;1.0;9;0;1;4;2;3;3;4;6;1
1058;3;3;0;2;0;2;4;1;5;2;8;2;2;5;0;3;3;6;2;2.0;1.0;1;1;1;1;2;6;3;4;16;1
415;0;4;0;3;0;1;4;1;2;2;8;2;0;6;0;3;3;6;0;2.0;1.0;12;3;2;3;3;3;3;4;0;1
415;0;1;0;3;0;2;13;1;5;2;8;3;2;6;0;3;3;6;6;2.0;1.0;1;1;0;0;2;3;3;4;1;1
332;3;4;0;2;0;0;5;1;5;2;1;2;2;4;0;0;3;5;2;2.0;1.0;1;3;2;3;3;3;3;4;16;1
332;3;0;0;2;0;2;2;1;5;2;12;2;2;4;0;0;3;5;2;2.0;1.0;1;3;2;3;3;3;3;4;6;1
987;1;1;0;2;0;2;11;1;5;2;12;5;2;4;0;3;3;6;2;1.0;1.0;9;3;2;3;3;3;3;4;13;0
266;3;3;0;3;0;4;3;1;2;2;12;2;2;4;0;3;3;6;2;2.0;1.0;1;3;2;3;3;3;3;4;18;0
519;6;2;0;3;0;3;3;1;5;2;12;3;2;4;0;3;2;6;2;1.0;1.0;1;2;0;1;2;3;3;4;1;1
956;6;2;0;2;0;1;13;1;1;2;12;0;3;4;0;3;3;6;2;1.0;1.0;1;2;1;1;2;3;3;4;1;1
482;6;0;0;3;2;0;11;1;1;2;8;2;2;1;0;0;2;3;7;1.0;1.0;1;0;1;5;1;6;3;7;18;1
946;5;2;0;2;2;2;13;1;4;2;8;2;2;5;0;0;3;6;2;1.0;1.0;1;3;2;3;3;3;3;4;1;1
942;0;1;0;2;0;1;0;1;5;2;8;4;2;5;0;0;3;3;2;2.0;1.0;2;1;0;4;1;3;3;4;6;0
942;0;2;0;2;0;1;3;1;4;2;9;3;2;5;0;0;3;3;6;2.0;1.0;1;1;0;0;1;3;3;4;1;0
1068;1;1;0;1;0;1;3;3;3;2;1;2;2;4;0;0;3;6;2;2.0;1.0;1;3;2;3;3;3;3;4;18;1
1068;1;1;0;2;0;4;3;1;5;2;2;3;2;4;0;0;3;6;2;2.0;1.0;1;3;2;3;3;3;3;4;0;1
1029;1;1;0;2;0;1;3;1;5;2;8;0;2;5;0;0;3;5;2;2.0;1.0;1;1;0;1;2;0;3;4;18;1
1029;1;1;0;2;0;0;13;1;5;2;12;2;2;5;3;0;3;5;6;2.0;1.0;1;2;1;0;2;3;3;4;7;1
332;2;3;0;2;0;1;13;1;5;2;9;5;8;6;0;3;3;6;2;2.0;1.0;1;0;0;4;2;3;3;4;18;1
332;2;1;0;2;0;2;3;1;5;2;11;5;2;6;0;3;3;6;2;2.0;1.0;1;3;2;3;3;6;3;4;11;1
891;0;1;0;2;0;0;11;1;0;2;8;2;2;4;4;3;3;6;2;2.0;1.0;1;1;0;4;2;6;3;4;10;1
891;0;3;0;3;0;0;5;1;4;2;12;5;2;4;0;3;3;6;2;2.0;1.0;7;0;1;5;2;0;3;4;17;1
345;5;1;0;2;0;1;5;1;5;2;12;2;2;4;0;3;3;5;2;2.0;2.0;1;1;1;0;1;3;3;4;13;1
345;5;1;0;2;0;4;3;2;1;2;8;2;3;4;0;3;3;5;2;2.0;2.0;1;2;1;5;2;3;3;4;0;1
736;0;0;0;2;0;3;5;1;5;2;8;2;2;1;0;0;2;3;2;2.0;1.0;1;3;2;3;3;0;3;4;1;1
736;0;2;1;2;0;4;5;1;2;2;12;0;2;1;0;0;2;3;6;2.0;1.0;1;1;1;1;2;6;3;4;0;1
975;1;1;0;3;2;2;13;1;2;2;8;2;2;4;0;3;3;6;2;1.0;2.0;1;3;2;3;3;3;3;4;10;1
975;1;1;0;3;0;4;3;1;1;2;4;2;2;4;0;3;3;6;2;1.0;2.0;1;2;0;1;2;3;3;4;16;1
479;3;0;0;2;0;0;13;1;5;2;8;0;2;4;0;3;2;6;2;2.0;1.0;1;3;2;3;3;6;3;4;16;1
479;3;0;0;2;0;2;3;1;5;2;12;0;2;4;0;3;2;6;2;2.0;1.0;1;1;0;1;2;3;3;4;1;1
230;3;2;1;1;2;2;3;1;4;2;12;2;2;5;0;3;3;6;2;1.0;1.0;1;0;0;1;2;3;3;6;0;1
87;0;1;0;3;0;1;11;1;5;2;8;2;2;4;0;3;3;6;2;1.0;1.0;1;3;2;3;3;3;3;4;0;1
431;0;1;0;2;0;2;3;1;5;2;2;2;2;4;0;3;2;6;2;1.0;1.0;1;1;0;1;2;6;3;4;1;1
226;0;1;0;2;0;2;3;1;5;2;8;5;2;4;0;3;3;6;6;2.0;1.0;1;2;0;1;2;0;3;4;1;1
226;0;1;0;1;2;0;3;1;5;2;9;5;2;4;0;3;3;6;0;2.0;1.0;1;1;0;4;2;3;3;4;19;1
612;2;0;0;2;0;0;11;1;5;2;1;2;2;6;0;3;2;6;2;2.0;1.0;4;2;1;1;2;6;3;4;11;1
612;2;1;0;2;0;0;3;3;2;2;12;5;2;6;0;3;2;6;2;2.0;1.0;2;1;0;0;2;3;3;4;1;1
373;4;2;0;2;0;4;2;1;5;2;2;0;2;6;0;3;2;6;2;1.0;1.0;9;3;2;3;3;3;3;4;10;1
327;0;1;0;2;0;0;2;1;5;2;12;4;2;0;0;3;3;6;2;2.0;1.0;1;1;1;1;2;3;3;4;6;1
327;0;0;0;1;2;4;3;1;4;2;12;2;2;0;0;3;3;6;2;2.0;1.0;9;3;2;3;3;3;3;4;13;1
764;0;1;0;2;0;4;13;1;2;2;2;0;2;4;0;0;2;3;2;1.0;1.0;1;3;2;3;3;6;3;4;18;0
436;5;2;0;2;0;0;13;1;5;2;8;2;0;5;2;3;2;6;2;1.0;1.0;1;1;0;1;2;3;3;4;16;1
319;5;1;0;2;0;0;13;1;5;2;8;3;2;4;0;3;3;6;2;2.0;1.0;1;3;2;3;3;3;3;4;3;1
319;5;2;0;1;0;1;3;2;2;2;2;2;2;4;0;3;3;6;6;2.0;1.0;1;1;1;1;2;3;3;4;1;1
1053;3;3;0;2;0;1;3;2;1;2;12;0;3;6;0;0;3;3;2;2.0;2.0;1;2;1;5;2;6;3;4;18;1
1053;3;0;0;2;0;0;6;1;5;2;12;0;2;6;0;0;3;3;2;2.0;2.0;12;1;1;1;2;3;3;4;13;1
610;0;0;0;3;0;2;6;1;5;2;2;0;2;5;0;3;2;6;2;2.0;2.0;1;0;0;1;1;3;3;8;16;1
610;0;1;0;2;0;2;13;1;2;2;4;2;0;5;0;3;2;6;2;2.0;2.0;12;0;0;1;1;3;3;4;16;1
533;1;1;0;2;0;0;13;1;5;2;8;0;2;5;0;3;2;6;7;1.0;1.0;1;3;2;3;3;1;3;4;18;1
426;1;2;1;3;1;2;5;1;5;2;11;0;2;5;0;3;2;6;7;1.0;1.0;9;1;0;1;1;0;3;4;18;1
956;0;1;0;2;0;1;2;1;5;2;12;0;2;6;0;3;3;6;2;1.0;1.0;1;3;2;3;3;3;3;4;11;1
194;2;1;0;3;0;2;13;1;5;2;2;4;2;5;0;0;3;6;2;2.0;1.0;1;1;0;0;2;6;3;4;10;1
194;2;3;0;2;0;4;3;1;5;2;8;0;2;5;0;0;3;6;2;2.0;1.0;9;3;2;3;3;3;3;4;0;1
755;0;3;0;2;0;4;2;1;5;2;12;5;8;4;0;3;2;6;0;1.0;1.0;1;1;0;1;2;3;3;4;1;1
7;4;0;0;3;2;1;9;1;1;2;12;5;2;6;0;3;2;6;2;2.0;1.0;4;0;1;5;1;3;3;6;6;1
7;4;3;0;3;0;2;3;1;5;2;12;2;2;6;0;3;2;6;2;2.0;1.0;1;1;0;0;1;3;3;4;13;1
358;2;1;0;2;2;0;3;1;1;2;12;4;2;4;0;3;3;6;7;1.0;1.0;1;3;2;3;3;6;3;4;13;1
671;4;1;0;3;0;4;13;1;4;2;2;2;0;4;0;3;2;6;2;1.0;1.0;12;1;1;1;2;6;3;4;0;1
514;0;0;0;2;0;2;3;3;1;2;9;2;2;6;0;3;2;6;2;2.0;1.0;1;3;2;3;3;3;3;4;16;0
514;0;2;0;2;0;1;0;1;1;2;8;2;0;6;2;3;2;6;2;2.0;1.0;1;3;2;3;3;3;3;4;9;0
250;4;1;0;3;0;4;13;1;1;2;12;2;2;4;0;0;3;3;7;1.0;1.0;1;3;2;3;3;6;3;4;10;1
386;0;1;0;2;0;1;0;1;1;2;8;2;0;5;2;3;3;6;2;2.0;1.0;1;3;2;3;3;3;3;4;0;1
386;0;2;0;3;0;4;13;1;1;2;12;2;2;5;0;3;3;6;7;2.0;1.0;2;1;1;0;2;6;3;4;6;1
259;5;0;0;2;0;4;13;1;0;2;2;0;2;4;0;3;3;6;2;3.0;3.0;1;2;1;5;2;3;3;4;18;1
259;5;0;0;2;0;1;13;1;5;2;8;2;2;4;0;3;3;6;2;3.0;3.0;9;0;0;5;2;3;3;5;1;1
259;5;0;0;2;0;4;5;1;5;2;12;2;2;4;0;3;3;6;2;3.0;3.0;1;3;2;3;3;3;3;4;18;1
259;5;1;0;2;0;4;5;1;5;2;12;2;2;4;0;3;3;6;2;3.0;3.0;1;1;0;1;1;3;3;4;18;1
113;3;3;0;2;0;3;11;1;4;2;11;2;2;4;0;3;3;6;2;2.0;1.0;1;3;2;3;3;3;3;4;19;1
113;3;3;0;2;2;4;13;1;5;2;2;3;0;4;0;3;3;6;6;2.0;1.0;1;1;0;0;1;3;3;4;11;1
164;3;1;0;1;1;4;3;1;5;2;11;0;2;4;0;3;3;6;2;2.0;1.0;1;3;2;3;3;3;3;4;6;1
164;3;2;0;2;0;2;4;1;1;2;9;3;2;4;0;3;3;6;2;2.0;1.0;4;1;0;4;2;3;3;4;10;1
729;1;2;1;3;0;2;3;1;5;2;8;2;2;6;0;3;2;6;6;1.0;1.0;1;1;1;0;2;3;3;4;13;0
255;3;1;0;2;0;2;6;1;5;2;8;0;2;4;0;3;3;6;2;2.0;1.0;1;1;1;4;2;6;3;4;3;1
255;3;1;0;2;0;2;0;3;2;2;2;2;2;4;0;3;3;6;2;2.0;1.0;9;3;2;3;3;3;3;4;10;1
581;3;0;0;2;2;3;11;1;1;2;9;0;2;5;0;3;2;6;2;2.0;1.0;1;0;1;5;2;3;3;7;0;1
581;3;1;0;2;0;2;3;1;5;2;8;5;2;5;0;3;2;6;2;2.0;1.0;1;0;0;4;2;6;3;4;1;1
617;1;0;0;3;0;1;13;1;1;2;9;4;2;1;0;3;2;6;7;2.0;1.0;1;3;2;3;3;3;3;4;18;1
617;1;0;0;2;2;1;11;1;1;2;12;2;2;1;0;3;2;6;7;2.0;1.0;5;1;0;0;2;0;3;4;18;1
1058;4;1;0;3;0;1;13;3;1;2;12;2;2;5;0;3;3;6;2;2.0;1.0;1;2;1;0;2;3;3;4;16;1
1058;4;4;0;2;2;1;5;1;5;2;9;2;2;5;0;3;3;6;2;2.0;1.0;1;1;0;4;2;3;3;4;13;1
753;2;4;2;2;0;4;13;1;2;2;4;0;2;6;0;3;2;6;6;2.0;1.0;4;3;2;3;3;3;3;4;13;1
753;2;2;1;2;0;1;2;1;1;2;12;0;8;6;0;3;2;6;2;2.0;1.0;9;1;1;5;2;3;3;4;19;1
997;1;0;0;2;0;0;11;1;0;2;8;0;2;6;0;0;3;3;2;2.0;1.0;1;1;0;0;1;3;3;4;1;1
997;1;1;0;2;0;1;3;2;1;2;12;2;3;6;0;0;3;3;2;2.0;1.0;1;1;0;1;2;3;3;4;1;1
386;1;2;0;2;0;0;0;3;0;2;12;0;2;4;0;3;3;6;2;2.0;1.0;1;2;0;0;2;3;3;4;16;1
386;1;0;0;2;0;2;2;1;5;2;12;2;2;4;0;3;3;6;6;2.0;1.0;2;1;1;0;2;3;3;4;0;1
1014;0;3;0;2;0;2;13;1;1;2;12;3;2;6;0;3;3;6;2;1.0;1.0;1;0;1;5;1;3;3;8;0;1
219;0;1;0;3;2;1;3;1;5;1;8;0;2;6;0;3;3;6;2;2.0;1.0;1;0;1;5;2;0;3;8;6;1
219;0;0;0;3;0;3;0;3;0;2;12;2;2;6;0;3;3;6;6;2.0;1.0;1;3;2;3;3;3;3;4;1;1
679;6;3;0;2;0;2;3;1;5;2;12;5;2;4;0;3;2;6;2;2.0;1.0;10;1;0;0;1;3;3;4;0;1
679;6;1;0;2;0;4;3;2;5;2;12;2;2;4;0;3;2;6;6;2.0;1.0;1;3;2;3;3;3;3;4;10;1
90;3;2;0;1;0;0;4;1;4;2;12;5;8;6;0;3;3;6;2;1.0;1.0;1;1;0;0;1;3;3;4;6;0
653;5;1;0;2;2;2;5;1;5;2;8;0;2;4;0;3;2;6;2;2.0;1.0;12;0;0;5;2;3;3;4;18;1
653;5;1;0;2;0;0;13;1;5;2;8;4;2;4;0;3;2;6;2;2.0;1.0;1;1;1;4;2;6;3;4;16;1
355;5;0;0;2;0;4;13;1;4;2;2;5;2;6;0;3;3;6;2;2.0;2.0;1;3;2;3;3;3;3;4;16;1
355;5;1;0;2;0;3;13;1;5;2;8;3;2;6;0;3;3;6;2;2.0;2.0;0;3;2;3;3;0;3;4;16;1
1012;5;1;0;3;0;1;6;1;4;2;8;5;2;5;0;3;3;6;2;2.0;1.0;1;1;1;0;2;3;3;4;1;1
1012;5;0;0;2;0;2;13;1;5;2;8;2;2;5;0;3;3;6;2;2.0;1.0;8;0;0;5;1;3;3;6;13;1
367;5;2;1;3;0;2;13;1;5;2;8;4;2;6;0;3;3;6;2;1.0;1.0;1;3;2;3;3;3;3;4;6;1
1012;0;1;0;2;2;0;9;1;1;2;9;0;2;4;0;3;3;6;7;1.0;1.0;2;1;0;1;2;6;3;4;10;1
709;4;0;0;2;0;2;13;1;4;2;9;5;2;6;0;0;2;6;6;2.0;1.0;1;2;1;1;2;3;3;4;0;1
709;4;0;0;4;1;2;7;1;2;2;9;0;2;6;0;0;2;6;2;2.0;1.0;1;3;2;3;3;6;3;4;16;1
524;0;0;0;1;0;1;3;1;2;2;8;3;2;5;0;0;2;6;2;2.0;1.0;12;0;0;5;2;6;3;4;0;1
524;0;3;0;2;0;0;13;1;5;2;9;2;8;5;0;0;2;6;6;2.0;1.0;1;0;0;4;2;3;3;4;7;1
519;0;1;0;2;0;2;4;3;5;2;12;2;2;4;0;0;2;3;2;3.0;2.0;9;3;2;3;3;3;3;4;13;1
519;0;1;0;2;0;1;0;3;3;2;12;2;2;4;0;0;2;3;2;3.0;2.0;1;1;0;4;2;3;3;4;16;1
519;0;1;0;2;0;5;11;1;5;2;12;2;2;4;0;0;2;3;7;3.0;2.0;9;3;2;3;3;1;3;4;18;1
128;4;0;0;2;0;4;3;1;5;2;11;3;2;5;0;0;3;6;2;2.0;1.0;1;1;0;1;2;6;3;4;6;1
128;4;4;0;2;0;4;5;1;5;2;11;3;2;5;0;0;3;6;7;2.0;1.0;1;0;1;5;1;6;3;8;1;1
113;6;3;0;2;0;2;3;1;1;2;11;0;2;4;0;3;3;6;2;2.0;1.0;12;0;0;5;2;3;3;5;16;1
113;6;2;0;1;0;1;3;1;5;2;9;4;2;4;0;3;3;6;2;2.0;1.0;1;2;1;1;2;0;3;4;16;1
649;6;1;0;1;2;1;3;1;5;2;12;0;2;4;0;0;2;3;6;2.0;1.0;1;0;1;5;2;3;3;4;18;1
649;6;0;0;2;0;3;13;1;5;2;8;2;2;4;0;0;2;3;2;2.0;1.0;1;3;2;3;3;3;3;4;7;1
1041;6;1;0;2;2;4;3;1;2;2;12;2;2;6;0;3;3;6;2;1.0;1.0;4;1;1;4;2;3;3;4;6;1
39;6;0;0;2;0;4;3;1;4;2;11;0;2;4;0;3;3;6;2;1.0;1.0;1;2;1;0;2;3;3;4;6;1
41;5;1;0;3;0;1;5;1;2;2;12;3;2;6;0;3;3;6;7;1.0;1.0;1;3;2;3;3;6;3;4;0;1
463;5;1;0;2;0;1;12;1;1;2;4;2;2;4;0;0;2;3;6;2.0;1.0;1;1;0;0;2;3;3;4;6;1
463;5;1;0;4;0;4;3;1;1;2;12;2;2;4;0;0;2;3;7;2.0;1.0;2;2;1;4;2;1;3;4;1;1
39;5;1;0;3;0;2;5;1;5;2;8;2;2;4;0;3;3;6;2;1.0;1.0;3;3;2;3;3;3;3;4;6;1
644;3;1;0;2;0;3;11;1;5;2;12;2;2;4;0;3;2;6;2;2.0;1.0;1;0;0;4;2;3;3;4;6;1
644;3;2;1;3;0;3;11;1;5;2;12;2;2;4;0;3;2;6;2;2.0;1.0;3;1;0;0;2;3;3;4;10;1
533;1;1;0;2;0;3;3;2;4;2;5;0;2;5;0;0;2;6;2;2.0;1.0;1;3;2;3;3;3;3;4;6;1
533;1;1;0;2;0;2;13;1;5;2;12;5;2;5;0;0;2;6;2;2.0;1.0;1;3;2;3;3;3;3;4;18;1
713;1;0;0;2;2;2;3;1;4;2;9;2;2;5;0;0;2;3;6;1.0;1.0;1;2;1;5;2;3;3;4;6;1
779;0;1;0;1;2;2;5;1;4;2;8;2;2;5;0;3;2;6;6;1.0;2.0;1;1;0;1;2;3;3;4;7;1
779;0;1;0;2;0;2;3;1;5;2;8;3;2;5;0;3;2;6;2;1.0;2.0;1;0;1;5;2;3;3;7;11;1
156;4;3;0;2;0;1;3;1;1;2;3;4;2;6;0;3;3;6;2;2.0;1.0;1;0;0;4;2;3;3;4;18;0
156;4;0;0;3;0;2;13;1;5;2;4;2;2;6;0;3;3;6;2;2.0;1.0;1;1;1;0;2;6;3;4;6;0
81;2;1;0;2;0;1;3;1;1;2;12;0;2;4;0;3;3;6;2;1.0;1.0;1;2;1;0;2;3;3;4;16;1
509;2;2;0;2;0;3;9;1;5;2;8;0;2;6;0;0;2;6;2;1.0;1.0;1;0;1;5;2;3;3;6;16;1
355;6;4;0;3;0;1;3;1;5;2;8;5;2;1;0;3;3;6;2;2.0;1.0;9;0;1;1;2;3;3;6;16;0
355;6;2;1;2;0;1;3;1;5;2;9;2;2;1;0;3;3;6;2;2.0;1.0;1;1;0;5;2;3;3;4;16;0
942;3;1;0;2;0;1;3;1;5;2;9;2;2;4;0;0;3;3;2;1.0;1.0;1;3;2;3;3;3;3;4;18;1
303;1;1;0;2;0;2;3;1;5;2;11;2;2;5;0;0;3;3;2;1.0;1.0;1;0;1;1;1;3;3;4;13;1
701;1;1;0;2;0;2;0;3;5;2;12;2;2;5;0;3;2;6;2;2.0;1.0;1;0;1;5;2;3;3;4;18;1
701;1;0;2;2;0;2;3;3;5;2;0;0;2;5;0;3;2;6;1;2.0;1.0;1;0;1;5;2;3;3;6;1;1
549;1;0;0;2;2;2;3;1;5;2;8;5;2;4;0;3;2;6;2;1.0;1.0;1;0;0;0;1;3;3;8;1;1
494;2;3;0;2;0;1;3;1;5;2;2;2;2;5;0;0;2;3;6;1.0;1.0;1;1;1;1;2;3;3;4;17;1
375;4;0;0;2;0;3;2;3;5;2;2;2;2;4;0;3;3;6;2;1.0;1.0;1;1;0;1;2;3;3;4;13;1
196;2;0;0;2;0;0;11;1;5;2;9;3;2;4;0;3;3;6;2;2.0;1.0;1;1;0;5;2;1;3;4;1;1
196;2;1;0;2;0;3;13;1;4;2;9;2;2;4;0;3;3;6;2;2.0;1.0;1;3;2;3;3;6;3;4;18;1
122;4;3;0;2;0;4;12;1;5;2;9;3;2;6;0;0;3;6;2;3.0;1.0;1;1;0;5;2;3;3;4;16;1
122;4;2;1;2;0;3;2;1;4;2;9;2;2;6;0;0;3;6;2;3.0;1.0;1;3;2;3;3;3;3;4;0;1
122;4;3;0;2;0;1;5;1;0;2;12;3;2;6;0;0;3;6;2;3.0;1.0;1;2;1;1;2;6;3;4;18;1
358;4;1;0;2;0;0;3;1;5;2;12;2;2;6;0;3;3;6;6;1.0;1.0;1;1;0;1;2;3;3;4;18;1
268;2;4;0;3;0;2;3;1;1;2;9;2;2;5;0;3;3;6;6;1.0;1.0;1;0;0;5;2;3;3;4;19;0
359;6;1;0;2;2;3;6;1;5;2;12;5;2;4;0;3;3;6;2;1.0;1.0;1;3;2;3;3;3;3;4;17;1
109;6;0;0;6;0;2;3;1;4;2;4;0;2;4;0;3;3;6;2;1.0;1.0;1;2;0;4;2;3;3;4;6;1
486;4;1;0;6;0;2;2;1;5;2;8;2;2;5;0;3;2;6;2;3.0;1.0;1;0;1;5;2;3;3;4;13;1
486;4;2;0;2;0;2;2;2;5;2;1;2;2;5;0;3;2;6;2;3.0;1.0;1;3;2;3;3;6;3;4;18;1
486;4;2;1;2;0;1;12;1;0;2;9;2;2;5;0;3;2;6;2;3.0;1.0;1;1;0;0;2;3;3;4;11;1
668;5;0;0;2;0;4;3;1;4;2;9;0;2;6;0;0;2;6;2;2.0;1.0;1;3;2;3;3;3;3;4;6;1
668;5;0;0;2;0;2;14;1;2;2;2;0;8;6;0;0;2;6;7;2.0;1.0;1;1;0;0;1;5;3;4;6;1
47;5;3;0;2;0;4;14;1;2;2;9;0;2;4;0;3;3;6;2;2.0;1.0;12;3;2;3;3;3;3;4;13;1
47;5;1;0;2;0;1;13;1;5;2;12;5;2;4;0;3;3;6;6;2.0;1.0;9;1;1;0;2;3;3;4;6;1
563;0;1;0;2;0;3;13;1;2;2;12;0;2;4;0;3;2;6;2;2.0;1.0;1;3;2;3;3;3;3;4;7;1
563;0;0;0;2;0;3;15;1;5;2;12;1;2;4;0;3;2;6;2;2.0;1.0;4;1;0;1;2;1;3;4;1;1
141;0;1;0;2;2;2;3;1;5;2;2;1;2;4;0;3;3;6;2;2.0;1.0;4;2;1;0;2;1;3;4;18;1
141;0;0;0;2;0;1;12;3;5;2;12;1;2;4;0;3;3;6;2;2.0;1.0;2;3;2;3;3;6;3;4;18;1
222;4;1;0;3;0;3;2;1;5;2;2;1;2;6;0;3;3;6;2;3.0;2.0;2;0;0;0;1;3;3;8;0;1
222;4;3;0;2;0;1;3;1;5;2;2;2;2;6;0;3;3;6;2;3.0;2.0;2;0;1;5;2;3;3;4;10;1
222;4;1;0;2;0;2;3;1;4;2;12;0;2;6;0;3;3;6;2;3.0;2.0;9;3;2;3;3;3;3;4;0;1
956;3;0;0;1;0;4;3;3;2;2;12;0;2;4;0;3;3;6;2;2.0;1.0;1;1;1;4;2;3;3;4;1;1
956;3;2;0;1;0;4;3;1;2;2;11;5;2;4;0;3;3;6;2;2.0;1.0;1;0;0;1;1;3;3;4;13;1
164;5;1;0;2;0;2;0;1;4;2;9;0;2;4;0;3;3;6;6;2.0;1.0;1;3;2;3;3;3;3;4;18;1
164;5;1;0;3;0;0;15;1;0;2;12;2;2;4;0;3;3;6;2;2.0;1.0;1;1;0;1;1;1;3;4;0;1
563;5;1;0;3;0;2;13;1;4;2;8;0;2;5;0;3;2;6;6;2.0;1.0;1;1;0;5;2;3;3;4;13;1
563;5;0;0;2;0;2;13;1;4;2;9;0;2;5;0;3;2;6;2;2.0;1.0;1;3;2;3;3;3;3;4;18;1
737;5;0;0;2;0;0;11;1;4;2;12;4;8;4;0;3;2;6;2;2.0;1.0;1;3;2;3;3;3;3;4;7;1
737;5;1;0;2;2;2;2;1;4;2;9;2;2;4;0;3;2;6;2;2.0;1.0;1;1;0;1;2;3;3;4;7;1
770;5;0;0;1;2;4;3;1;2;2;9;0;2;4;0;3;2;6;7;1.0;1.0;1;2;1;4;2;0;3;4;13;1
446;5;0;0;2;2;3;4;1;5;2;9;2;2;4;0;3;3;6;2;2.0;1.0;4;2;1;1;2;3;3;4;13;1
446;5;0;0;6;2;2;9;1;0;2;12;5;2;4;0;3;3;6;2;2.0;1.0;1;2;0;5;2;2;3;4;11;1
178;3;1;0;0;0;4;3;1;2;2;12;0;2;4;0;3;3;6;2;2.0;1.0;9;2;1;5;2;3;3;4;6;0
178;3;1;0;1;0;3;4;1;2;2;12;4;2;4;0;3;3;6;7;2.0;1.0;1;1;1;1;2;6;3;4;1;0
635;1;2;0;2;0;0;9;1;0;2;3;0;2;4;0;3;2;6;6;3.0;2.0;1;3;2;3;3;6;3;4;10;1
635;1;0;0;2;0;4;11;1;1;2;9;0;2;4;0;3;2;6;2;3.0;2.0;9;3;2;3;3;3;3;4;18;1
635;1;0;0;2;2;4;13;1;2;2;9;4;2;4;0;3;2;6;2;3.0;2.0;1;1;0;0;2;3;3;4;13;1
1048;3;2;0;2;0;4;12;1;2;2;9;0;2;5;0;3;3;6;2;2.0;1.0;1;1;0;0;2;3;3;4;1;0
1048;3;1;2;2;0;5;3;1;0;2;12;2;2;5;0;3;3;6;2;2.0;1.0;7;3;2;3;3;3;3;4;0;0
268;0;0;0;2;0;0;14;1;0;2;8;2;2;4;0;3;3;6;2;2.0;1.0;9;3;2;3;3;6;3;4;18;1
268;0;1;0;5;2;0;3;1;1;2;12;5;2;4;0;3;3;6;2;2.0;1.0;9;3;2;3;3;3;3;4;9;1
702;2;3;0;2;2;3;5;1;5;2;8;3;2;5;0;0;2;5;2;2.0;1.0;1;3;2;3;3;3;3;4;0;0
702;2;1;0;2;2;0;15;1;5;2;9;2;2;5;0;0;2;5;6;2.0;1.0;12;1;0;1;2;3;3;4;16;0
156;1;1;0;2;2;1;4;1;5;2;8;3;6;6;0;3;3;6;6;1.0;1.0;1;1;1;4;2;3;3;4;18;1
980;6;1;0;4;2;2;13;1;5;2;8;3;2;1;0;0;3;3;2;2.0;1.0;1;3;2;3;3;3;3;4;2;1
980;6;4;0;4;2;4;2;2;5;2;12;3;2;1;0;0;3;3;2;2.0;1.0;1;1;0;4;1;3;3;4;18;1
189;6;1;0;2;2;1;3;1;5;2;8;2;2;6;0;3;3;6;2;1.0;1.0;9;1;0;5;2;6;4;4;0;1
309;5;3;0;3;2;4;14;1;5;2;8;2;2;6;0;3;3;6;2;3.0;1.0;1;2;0;0;2;3;3;4;18;1
309;5;3;0;6;2;2;15;3;5;2;8;4;2;6;2;3;3;6;2;3.0;1.0;1;2;0;0;2;3;3;4;1;1
309;5;3;0;2;2;2;14;1;5;2;12;0;2;6;0;3;3;6;0;3.0;1.0;1;1;1;1;2;1;3;4;6;1
101;3;1;0;2;2;2;3;1;5;2;9;2;2;5;0;3;3;6;2;2.0;1.0;1;3;2;3;3;3;3;4;0;1
101;3;1;0;2;2;3;12;1;1;2;9;2;6;5;0;3;3;6;6;2.0;1.0;1;3;2;3;3;3;3;4;16;1
629;3;0;0;2;2;1;12;1;2;2;2;2;2;5;0;3;2;6;7;2.0;1.0;2;1;0;4;2;1;3;4;18;1
629;3;4;0;3;0;1;14;1;2;2;12;2;2;5;0;3;2;6;2;2.0;1.0;1;2;1;4;2;3;3;4;17;1
1017;1;1;0;2;0;1;15;1;5;2;9;2;2;5;0;3;3;6;2;2.0;1.0;1;3;2;3;3;3;3;4;17;1
1017;1;3;0;2;0;1;15;1;1;2;12;0;2;5;0;3;3;6;2;2.0;1.0;1;3;2;3;3;3;3;4;16;1
216;1;0;0;2;0;2;14;1;1;2;9;0;2;4;0;3;3;6;2;2.0;1.0;1;2;1;5;2;3;3;4;1;1
216;1;0;0;2;0;2;16;1;1;2;9;2;2;4;0;3;3;6;2;2.0;1.0;1;0;0;5;1;3;3;4;1;1
337;0;0;0;2;0;4;14;1;2;2;12;2;2;0;1;3;3;6;2;2.0;1.0;1;1;1;0;2;3;3;4;18;1
337;0;0;0;3;0;2;14;1;5;2;12;2;2;0;0;3;3;6;2;2.0;1.0;1;3;2;3;3;3;3;4;16;1
376;0;0;0;2;0;2;6;1;5;2;12;0;2;4;0;3;3;6;6;2.0;1.0;1;3;2;3;3;3;3;4;18;1
376;0;0;0;2;0;4;3;1;5;2;12;3;2;4;0;3;3;6;0;2.0;1.0;7;1;0;0;2;3;3;4;18;1
653;0;3;0;3;2;2;3;1;5;2;9;2;2;6;0;3;2;6;2;1.0;1.0;1;3;2;3;3;3;3;4;0;0
626;4;1;0;2;2;2;4;1;1;2;10;0;2;4;0;3;2;6;7;1.0;1.0;1;0;1;5;1;3;3;4;1;0
591;2;0;2;2;0;2;3;1;5;2;12;5;2;6;0;3;2;6;2;2.0;2.0;1;0;1;5;1;1;3;4;18;1
591;2;0;0;2;0;3;11;1;5;2;8;0;2;6;0;3;2;6;2;2.0;2.0;1;1;0;1;0;6;3;4;3;1
591;2;1;0;2;0;2;3;1;5;2;12;0;2;6;0;3;2;6;7;2.0;2.0;1;1;0;1;2;3;3;4;16;1
980;6;0;0;2;0;2;3;1;5;2;8;0;2;5;0;3;3;6;7;2.0;2.0;1;1;0;1;2;2;3;4;13;1
980;6;1;0;2;0;2;3;1;5;2;8;4;2;5;0;3;3;6;2;2.0;2.0;1;3;2;3;3;1;3;4;10;1
1007;4;1;0;2;0;4;14;1;5;2;8;0;2;4;0;3;3;6;2;2.0;1.0;1;1;1;1;2;3;3;4;13;1
1007;4;2;0;1;0;4;6;1;5;2;12;0;2;4;0;3;3;6;2;2.0;1.0;1;1;1;0;2;1;3;4;0;1
429;0;2;0;2;0;4;6;3;5;2;12;3;2;6;0;3;3;6;2;1.0;1.0;1;1;0;0;2;3;3;4;5;0
403;5;2;0;2;0;4;15;1;5;2;8;1;2;6;0;3;3;6;2;1.0;1.0;1;1;0;0;2;1;3;4;10;1
240;3;0;0;2;0;4;15;1;5;2;9;5;2;4;0;3;3;6;6;2.0;1.0;1;0;1;5;2;3;3;6;6;1
240;3;2;1;2;0;4;4;3;1;2;1;0;2;4;0;3;3;6;2;2.0;1.0;1;0;0;5;2;3;3;6;18;1
670;2;1;0;2;0;2;3;1;0;2;12;5;2;4;0;3;2;6;2;1.0;1.0;4;3;2;3;3;3;3;4;16;1
446;0;2;0;2;0;1;3;1;4;2;9;5;2;4;0;3;3;6;2;1.0;1.0;2;1;0;0;2;6;3;4;5;0
780;3;1;0;2;0;3;3;1;5;2;12;5;2;4;0;3;2;6;2;1.0;1.0;9;3;2;3;3;3;3;4;10;1
576;4;0;0;2;0;3;14;1;5;2;12;5;2;4;0;3;2;6;2;2.0;1.0;1;3;2;3;3;3;3;4;0;1
576;4;2;0;2;0;1;14;1;2;2;12;4;2;4;0;3;2;6;2;2.0;1.0;9;2;1;5;2;0;3;4;0;1
358;3;0;0;3;0;3;3;1;5;2;12;2;2;4;0;3;3;6;2;2.0;1.0;1;3;2;3;3;3;3;4;0;1
358;3;3;0;2;0;3;11;1;1;2;12;5;2;4;0;3;3;6;2;2.0;1.0;1;1;1;1;2;1;3;4;0;1
683;4;0;0;2;0;2;3;1;5;2;11;0;2;5;0;3;2;6;2;2.0;1.0;1;2;0;5;2;3;3;4;13;1
683;4;0;0;2;0;2;2;1;5;2;8;2;2;5;0;3;2;6;2;2.0;1.0;1;3;2;3;3;3;3;4;18;1
358;3;1;0;6;0;3;10;1;5;2;8;2;2;6;0;3;3;6;2;2.0;2.0;1;1;0;0;2;3;3;4;5;1
358;3;1;0;2;0;3;13;1;2;2;8;2;2;6;0;3;3;6;2;2.0;2.0;12;2;0;0;2;3;3;4;18;1
236;1;4;0;2;0;0;4;1;5;2;11;2;2;5;0;3;3;6;2;2.0;1.0;1;2;0;0;2;3;3;4;6;1
236;1;2;0;3;0;4;15;3;5;2;11;0;2;5;0;3;3;6;2;2.0;1.0;12;3;2;3;3;3;3;4;18;1
694;5;0;0;3;0;4;13;1;5;2;8;2;2;6;0;3;2;6;2;1.0;1.0;1;1;0;5;2;3;3;4;18;1
74;1;2;1;3;0;3;9;1;5;2;8;2;2;6;0;3;3;6;6;1.0;1.0;9;2;1;1;2;3;3;4;18;1
448;1;0;0;1;0;1;3;3;4;2;11;2;2;6;0;3;3;6;2;2.0;1.0;1;3;2;3;3;3;3;4;0;1
448;1;3;0;2;0;1;3;1;0;2;12;2;2;6;0;3;3;6;2;2.0;1.0;1;1;0;1;1;3;3;4;18;1
164;0;2;0;0;0;4;3;1;4;2;12;2;2;4;0;3;3;6;2;3.0;1.0;9;1;0;0;2;3;3;4;16;1
164;0;1;0;2;0;1;11;1;3;2;12;0;2;4;0;3;3;6;2;3.0;1.0;1;2;0;0;2;3;3;4;1;1
164;0;2;0;2;0;1;3;1;4;2;12;2;2;4;0;3;3;6;7;3.0;1.0;4;1;1;0;2;3;3;4;13;1
345;0;1;0;1;0;0;0;1;5;2;9;0;2;6;0;3;3;6;2;2.0;1.0;1;1;0;0;2;3;3;4;6;1
345;0;3;0;2;0;2;0;3;0;2;12;0;2;6;0;3;3;6;2;2.0;1.0;1;1;1;4;2;3;3;4;1;1
1002;2;4;0;2;0;3;11;1;0;2;12;0;2;1;0;3;3;6;2;2.0;1.0;12;3;2;3;3;3;3;4;17;1
1002;2;3;0;2;0;3;3;1;5;2;4;0;2;1;0;3;3;6;2;2.0;1.0;1;0;0;5;2;3;3;6;18;1
253;4;0;0;3;0;2;8;1;5;2;1;0;2;6;0;3;3;6;2;2.0;1.0;1;0;1;1;2;3;3;4;18;1
253;4;1;0;2;0;3;3;1;4;2;2;2;2;6;0;3;3;6;2;2.0;1.0;1;3;2;3;3;3;3;4;3;1
62;1;0;0;2;0;0;13;1;5;2;8;2;2;1;0;3;3;6;2;2.0;2.0;1;1;1;1;2;3;3;4;18;1
62;1;1;0;3;0;1;3;1;5;2;12;2;2;1;0;3;3;6;2;2.0;2.0;2;1;1;4;2;3;3;4;8;1
722;0;1;0;1;0;0;6;1;5;2;8;0;2;4;0;3;2;6;7;2.0;1.0;1;3;2;3;3;3;3;4;13;1
722;0;0;0;2;0;2;10;1;5;2;8;2;2;4;0;3;2;6;2;2.0;1.0;9;3;2;3;3;3;3;4;17;1
670;0;0;0;2;0;3;3;1;5;2;12;2;2;4;0;3;2;6;2;2.0;2.0;1;1;0;4;2;3;3;4;1;1
670;0;0;0;1;0;4;6;1;4;2;9;0;2;4;0;3;2;6;2;2.0;2.0;1;2;0;5;2;6;3;4;1;1
670;0;0;0;3;2;2;3;1;4;2;8;5;3;4;0;3;2;6;2;2.0;2.0;1;1;0;4;2;3;3;4;19;1
444;4;0;0;3;0;3;13;1;4;2;9;5;2;1;0;3;3;6;6;2.0;2.0;1;3;2;3;3;3;3;4;18;1
444;4;1;0;2;0;2;13;1;5;2;11;2;2;1;0;3;3;6;2;2.0;2.0;1;1;0;1;2;6;3;4;0;1
29;2;2;1;3;2;2;5;1;4;2;8;2;7;4;0;3;2;6;2;1.0;1.0;4;2;1;0;2;3;3;4;0;1
291;2;1;0;2;0;1;13;1;2;2;12;5;2;4;0;3;3;6;2;1.0;1.0;1;1;0;0;2;3;3;4;13;1
369;6;0;0;2;0;4;13;1;4;2;12;0;2;5;0;3;3;6;2;1.0;1.0;1;3;2;3;3;1;3;4;9;1
194;5;1;0;2;0;2;5;1;4;2;2;5;2;6;0;3;3;6;2;1.0;1.0;9;0;0;0;1;3;3;5;1;1
43;5;3;2;1;0;0;0;1;5;2;8;2;2;5;0;3;3;6;2;2.0;1.0;1;3;2;3;3;6;3;4;0;1
43;5;1;0;3;0;2;3;1;5;2;12;2;2;5;0;3;3;6;2;2.0;1.0;1;1;0;1;2;3;3;4;18;1
706;3;1;0;3;0;1;4;1;5;2;8;2;0;6;0;0;2;3;6;2.0;2.0;1;2;0;0;2;3;3;4;0;1
706;3;3;0;2;0;3;11;1;5;2;8;2;2;6;0;0;2;3;2;2.0;2.0;5;3;2;3;3;3;3;4;0;1
1012;1;0;0;2;0;3;2;1;4;2;8;2;7;5;0;0;3;3;2;2.0;1.0;1;1;0;0;2;3;3;4;18;1
1012;1;1;0;2;0;2;3;1;4;2;2;0;7;5;0;0;3;3;2;2.0;1.0;1;3;2;3;3;3;3;4;0;1
203;6;1;0;2;2;2;3;1;4;2;8;0;6;4;0;3;3;6;2;2.0;1.0;1;3;2;3;3;3;3;4;6;1
203;6;0;0;3;0;0;11;1;2;2;12;3;6;4;0;3;3;6;0;2.0;1.0;2;2;1;5;2;3;3;4;6;1
769;0;0;0;2;0;2;4;1;5;2;12;2;2;4;0;3;2;6;2;2.0;1.0;1;2;1;0;2;3;3;4;0;1
769;0;1;0;3;0;4;13;1;2;2;2;6;3;4;1;3;2;6;2;2.0;1.0;1;2;1;5;2;3;3;4;3;1
341;2;1;0;2;2;0;3;1;0;2;11;0;2;6;0;3;3;6;6;3.0;1.0;5;3;2;3;3;3;3;4;0;1
341;2;1;0;2;0;2;3;1;5;2;2;2;2;6;0;3;3;6;2;3.0;1.0;6;1;0;1;2;3;3;4;13;1
341;2;2;1;2;0;4;13;1;4;2;8;0;2;6;0;3;3;6;2;3.0;1.0;4;2;1;0;2;3;3;4;18;1
57;4;1;0;3;2;1;13;1;1;2;12;5;2;6;0;3;3;6;2;2.0;1.0;1;3;2;3;3;3;3;4;3;1
57;4;1;0;2;0;2;13;1;4;2;2;2;5;6;2;3;3;6;6;2.0;1.0;1;3;2;3;3;3;3;4;6;1
385;5;1;0;2;0;3;4;3;0;2;12;3;2;4;0;3;2;6;6;2.0;1.0;1;1;0;1;2;3;3;4;0;1
385;5;0;0;2;0;2;4;3;4;2;12;3;2;4;0;3;2;6;2;2.0;1.0;1;3;2;3;3;3;3;4;9;1
32;6;1;0;1;0;4;3;2;2;2;8;2;6;5;0;3;2;6;2;2.0;1.0;1;1;0;1;2;3;3;4;1;1
32;6;0;0;2;0;2;2;2;4;2;12;2;2;5;0;3;2;6;6;2.0;1.0;1;3;2;3;3;3;3;4;6;1
123;2;0;0;3;0;0;3;1;1;2;12;2;2;4;0;0;3;7;6;2.0;1.0;1;1;0;1;2;3;3;4;18;1
123;2;1;0;2;0;2;3;3;5;2;9;2;2;4;0;0;3;7;2;2.0;1.0;1;3;2;3;3;3;3;4;13;1
441;1;1;0;3;0;0;9;1;1;2;8;2;2;4;0;3;2;6;2;1.0;2.0;3;1;0;0;2;3;3;4;17;1
441;1;1;0;2;2;0;3;1;1;2;2;4;2;4;0;3;2;6;2;1.0;2.0;3;3;2;3;3;3;3;4;13;1
504;5;1;0;0;2;0;3;1;0;2;12;0;2;5;0;3;2;6;6;1.0;1.0;3;1;1;1;2;3;3;4;0;1
421;5;0;0;2;2;2;5;1;4;2;0;5;8;5;0;3;2;6;2;1.0;1.0;9;3;2;3;3;3;3;4;18;1
494;1;1;0;2;0;2;14;1;4;2;12;2;3;5;0;3;2;6;2;4.0;2.0;1;1;1;1;2;3;3;4;8;1
494;1;0;0;3;0;2;3;1;5;2;12;0;3;5;0;3;2;6;2;4.0;2.0;1;2;0;1;2;3;3;4;0;1
494;1;0;0;1;2;3;3;1;5;2;2;0;2;5;0;3;2;6;0;4.0;2.0;7;2;1;4;2;6;3;4;6;1
494;1;0;0;2;0;4;0;3;0;2;9;0;2;5;0;3;2;6;2;4.0;2.0;1;2;1;1;2;0;3;4;7;1
101;1;0;0;2;0;2;4;1;5;2;12;0;2;5;0;0;3;0;2;1.0;1.0;5;2;0;4;2;3;3;4;0;1
760;0;4;0;2;0;3;13;1;5;2;12;2;2;5;0;3;2;6;7;2.0;1.0;1;0;1;4;1;1;3;4;0;0
760;0;1;0;2;0;4;3;1;5;2;12;3;2;5;0;3;2;6;2;2.0;1.0;1;0;1;0;2;6;3;8;6;0
166;2;0;0;2;0;2;6;1;5;2;1;2;2;4;0;3;3;6;2;2.0;1.0;1;3;2;3;3;6;3;4;1;1
166;2;0;0;2;2;4;3;1;5;2;1;4;2;4;0;3;3;6;2;2.0;1.0;1;1;0;5;2;0;3;4;16;1
683;1;0;0;2;0;2;0;1;5;2;12;2;2;4;0;3;2;6;2;2.0;1.0;8;1;0;1;1;6;3;4;6;1
683;1;1;0;2;0;0;5;2;0;2;8;2;2;4;3;3;2;6;6;2.0;1.0;1;3;2;3;3;3;3;4;0;1
293;1;2;0;2;0;0;3;1;1;2;9;2;2;4;0;3;3;6;2;2.0;1.0;1;0;1;5;2;3;3;6;6;1
293;1;1;0;2;0;0;13;1;1;2;12;2;2;4;0;3;3;6;2;2.0;1.0;1;1;0;4;2;3;3;4;10;1
946;0;2;0;1;0;1;3;1;0;2;9;0;8;6;0;3;3;6;2;2.0;1.0;4;1;1;4;2;3;3;4;18;1
946;0;1;0;1;2;4;4;1;5;2;2;3;2;6;0;3;3;6;2;2.0;1.0;1;2;1;5;2;3;3;4;1;1
751;1;0;0;3;0;1;5;1;1;2;12;4;2;4;0;3;2;6;6;1.0;1.0;1;1;0;1;2;3;3;4;16;1
1037;4;1;0;2;0;4;3;1;2;2;8;2;3;5;0;3;3;6;2;2.0;1.0;3;3;2;3;3;3;3;4;13;1
1037;4;3;0;1;0;1;3;1;1;2;12;0;2;5;0;3;3;6;6;2.0;1.0;9;1;0;0;1;3;3;4;13;1
123;2;1;0;2;1;5;3;1;5;2;1;2;8;6;0;3;3;6;2;1.0;1.0;3;1;0;1;0;3;3;4;18;1
75;4;1;0;2;0;0;11;1;5;2;12;0;2;6;0;3;3;6;0;2.0;4.0;8;3;2;3;3;6;3;4;0;1
75;4;1;0;2;2;2;2;1;0;2;8;2;2;6;1;3;3;6;2;2.0;4.0;1;3;2;3;3;3;3;4;0;1
75;4;1;0;2;0;0;2;3;5;2;9;0;2;6;0;3;3;6;2;2.0;4.0;1;1;0;0;2;3;3;4;13;1
75;4;1;0;2;0;4;2;1;5;2;8;4;2;6;0;3;3;6;2;2.0;4.0;1;3;2;3;3;6;3;4;6;1
75;4;2;0;2;0;0;6;1;5;2;8;2;2;6;0;3;3;6;2;2.0;4.0;2;1;0;4;2;3;3;4;10;1
566;6;1;0;2;0;0;13;1;5;2;2;3;2;1;0;3;3;6;2;2.0;1.0;3;1;0;0;2;3;3;4;18;1
566;6;1;0;2;0;1;5;1;5;2;2;0;2;1;0;3;3;6;7;2.0;1.0;1;3;2;3;3;6;3;4;18;1
307;2;0;0;1;0;0;3;1;5;2;9;0;2;4;0;3;3;6;0;2.0;1.0;1;3;2;3;3;3;3;4;16;1
307;2;2;1;2;0;0;3;1;5;2;12;0;2;4;0;3;3;6;2;2.0;1.0;1;3;2;3;3;6;3;4;7;1
341;1;1;0;3;0;4;11;1;5;2;12;5;2;4;0;3;3;6;0;2.0;1.0;2;1;1;4;2;6;3;4;16;1
341;1;3;0;2;0;4;13;1;5;2;12;0;2;4;0;3;3;6;2;2.0;1.0;1;1;0;0;2;6;3;4;16;1
144;0;1;0;3;0;4;13;1;1;2;9;0;2;4;0;0;3;3;2;1.0;1.0;0;1;0;1;2;3;3;4;16;1
522;0;0;0;2;0;4;13;1;5;2;8;0;2;6;0;3;3;6;2;2.0;1.0;8;1;0;0;2;3;3;4;18;1
522;0;0;0;2;0;0;0;1;5;2;9;0;2;6;0;3;3;6;8;2.0;1.0;1;3;2;3;3;2;3;4;13;1
327;2;1;0;2;0;2;5;1;5;2;12;2;2;6;0;3;3;6;2;1.0;1.0;2;3;2;3;3;3;3;4;0;1
881;5;1;0;1;2;1;2;1;5;2;12;2;2;4;0;3;3;6;6;1.0;2.0;1;1;0;4;2;3;3;4;6;1
881;5;1;0;2;0;1;5;1;5;2;1;2;2;4;0;3;3;6;2;1.0;2.0;1;0;0;5;2;6;3;6;1;1
1020;6;1;0;2;0;2;2;1;2;2;2;4;2;4;0;3;3;6;2;2.0;3.0;2;1;0;5;1;6;3;4;18;1
1020;6;1;2;2;0;2;5;1;5;2;11;2;2;4;0;3;3;6;2;2.0;3.0;1;2;1;5;1;3;3;4;0;1
1020;6;1;0;2;0;1;11;1;1;2;8;0;2;4;0;3;3;6;7;2.0;3.0;7;2;0;5;2;3;3;4;10;1
285;6;0;0;1;0;4;3;1;0;2;12;2;2;1;0;3;3;6;2;2.0;1.0;1;2;1;5;1;3;3;4;18;1
285;6;0;0;3;0;2;13;1;2;2;9;0;2;1;0;3;3;6;2;2.0;1.0;1;3;2;3;3;6;3;4;3;1
79;3;1;0;2;0;4;10;1;4;2;12;0;2;6;0;3;3;6;2;2.0;1.0;1;1;1;1;2;3;3;4;18;1
79;3;1;0;6;0;1;13;1;0;2;12;5;8;6;0;3;3;6;0;2.0;1.0;1;3;2;3;3;3;3;4;0;1
148;3;1;0;2;0;1;13;1;1;2;8;4;8;6;0;0;3;0;6;1.0;1.0;3;3;2;3;3;3;3;4;16;1
123;6;0;0;1;0;1;0;1;5;2;9;2;2;5;0;3;3;6;2;1.0;1.0;1;2;1;5;2;6;3;4;0;1
208;1;0;0;2;0;0;3;1;5;2;12;2;2;5;0;3;3;6;2;2.0;1.0;1;0;0;0;2;6;3;8;1;1
208;1;0;0;1;0;2;3;2;1;2;9;0;2;5;0;3;3;6;6;2.0;1.0;1;0;1;5;2;3;3;4;18;1
208;1;3;0;3;0;1;3;1;5;2;2;2;2;4;0;3;3;6;2;2.0;1.0;2;3;2;3;3;3;3;4;17;1
208;1;0;0;2;0;0;0;3;5;2;9;2;2;4;0;3;3;6;2;2.0;1.0;4;1;1;0;2;1;3;4;6;1
386;3;2;0;3;0;0;15;1;5;2;8;4;2;6;0;3;3;6;2;1.0;1.0;1;2;1;0;2;0;3;4;18;1
631;2;3;0;1;0;5;4;3;3;2;9;2;2;5;0;3;2;6;0;2.0;1.0;1;2;1;0;2;3;3;4;6;1
631;2;1;0;2;2;2;15;1;5;2;12;4;2;5;0;3;2;6;0;2.0;1.0;1;1;1;1;2;3;3;4;6;1
791;2;0;0;2;0;0;4;1;5;2;4;2;2;4;0;3;2;6;7;2.0;1.0;1;3;2;3;3;0;3;4;13;1
791;2;0;0;2;0;1;10;1;5;2;2;2;2;4;0;3;2;6;2;2.0;1.0;3;1;0;0;2;3;3;4;11;1
357;4;3;0;2;0;2;15;1;1;2;9;0;8;4;0;3;3;6;2;1.0;1.0;1;3;2;3;3;3;3;4;16;1
497;3;0;0;2;0;2;3;1;5;2;12;2;2;6;0;3;3;6;2;2.0;1.0;1;3;2;3;3;3;3;4;16;1
497;3;2;0;2;0;2;3;1;5;2;12;2;2;6;0;3;3;6;7;2.0;1.0;1;1;0;0;1;3;3;4;1;1
456;5;0;0;2;0;1;13;1;0;2;8;0;2;7;0;3;3;6;7;2.0;1.0;1;1;1;5;2;3;3;4;16;1
456;5;1;0;2;0;4;2;1;4;2;5;2;3;7;0;3;3;6;2;2.0;1.0;1;3;2;3;3;3;3;4;18;1
148;1;3;0;2;2;4;2;1;4;2;2;2;8;4;0;3;3;6;2;2.0;1.0;1;0;1;5;2;3;3;4;13;1
148;1;2;0;2;0;2;3;1;5;2;8;5;3;4;0;3;3;6;2;2.0;1.0;1;1;0;0;2;3;3;4;0;1
965;5;2;0;3;2;4;2;1;4;2;2;2;8;6;0;3;3;6;6;1.0;1.0;1;2;0;0;2;3;3;4;18;1
411;3;0;0;2;0;2;3;1;5;2;8;5;3;6;0;3;3;6;2;2.0;1.0;1;2;1;5;2;3;3;4;11;1
411;3;3;0;2;2;2;6;3;5;2;8;0;2;6;0;3;3;6;6;2.0;1.0;1;0;0;5;2;3;3;6;18;1
474;4;0;0;2;2;4;13;1;0;2;11;2;2;6;0;3;3;6;2;2.0;1.0;2;3;2;3;3;6;3;4;1;1
474;4;2;0;1;2;4;3;1;3;2;9;2;2;6;0;3;3;6;2;2.0;1.0;1;2;0;0;2;6;3;4;10;1
148;1;1;0;2;0;2;3;1;5;2;8;5;3;4;0;3;3;6;6;1.0;1.0;4;0;0;1;1;3;3;8;18;1
414;1;2;0;3;0;2;3;1;5;2;7;5;2;5;0;3;3;6;2;2.0;1.0;1;0;1;5;2;3;3;5;18;1
414;1;3;0;3;2;4;13;1;5;2;12;2;2;5;0;3;3;6;2;2.0;1.0;1;0;0;1;2;3;3;0;0;1
103;1;0;0;2;2;3;3;1;5;2;9;0;2;4;0;3;3;6;6;2.0;1.0;1;1;0;1;1;3;3;4;1;1
103;1;1;0;2;2;1;13;1;5;2;8;0;2;4;0;3;3;6;6;2.0;1.0;1;3;2;3;3;3;3;4;13;1
631;2;2;0;2;2;1;12;1;5;2;8;0;2;4;0;3;2;6;2;1.0;1.0;2;1;0;5;1;3;3;4;18;1
774;1;1;0;1;2;2;13;1;5;2;9;0;2;6;0;3;2;6;2;2.0;1.0;1;0;1;4;1;1;3;5;18;1
774;1;2;0;2;2;2;13;1;5;2;8;0;2;6;0;3;2;6;2;2.0;1.0;4;1;1;0;2;0;3;4;6;1
235;0;0;0;2;2;3;2;1;5;2;8;0;2;4;0;3;3;6;2;1.0;1.0;1;2;1;0;2;6;3;4;13;1
72;0;3;0;3;2;4;11;1;5;2;8;2;2;4;0;3;3;6;2;2.0;1.0;1;2;0;1;2;3;3;4;18;1
72;0;0;0;3;2;3;11;1;5;2;8;2;2;4;0;3;3;6;2;2.0;1.0;1;2;1;0;2;3;3;4;0;1
598;5;0;0;2;2;2;13;1;5;2;12;0;2;5;0;3;2;6;2;2.0;1.0;1;0;1;5;2;1;3;4;6;1
598;5;4;0;2;2;2;13;1;5;2;12;2;2;5;0;3;2;6;2;2.0;1.0;1;0;1;1;2;3;3;8;7;1
348;6;1;0;2;2;2;2;1;1;2;12;2;2;6;0;3;3;6;2;1.0;1.0;3;3;2;3;3;3;3;4;0;1
324;6;1;0;2;0;0;3;1;1;2;9;4;2;6;0;3;3;6;2;1.0;1.0;9;1;0;1;2;3;3;4;6;1
270;5;0;0;1;2;2;3;1;1;2;11;0;0;5;0;3;3;6;2;3.0;1.0;1;2;0;0;2;3;3;4;0;1
270;5;3;0;2;0;2;12;1;1;2;9;0;0;5;0;3;3;6;2;3.0;1.0;4;3;2;3;3;3;3;4;16;1
270;5;0;0;2;0;2;13;1;1;2;8;2;2;5;0;3;3;6;2;3.0;1.0;1;1;0;0;2;3;3;4;0;1
486;5;1;0;2;0;2;2;1;5;2;2;4;2;5;0;3;3;6;2;2.0;1.0;1;3;2;3;3;3;3;4;2;1
486;5;0;0;2;0;4;3;1;5;2;12;0;2;5;0;3;3;6;2;2.0;1.0;1;2;0;0;2;3;3;4;16;1
657;5;0;0;2;0;2;0;1;1;2;12;4;2;5;0;3;2;6;2;2.0;1.0;1;1;0;1;2;3;3;4;9;1
657;5;2;0;2;0;5;11;1;2;2;12;2;2;5;0;3;2;6;2;2.0;1.0;1;3;2;3;3;6;3;4;18;1
533;3;0;0;0;0;3;3;1;5;2;12;2;2;5;0;3;3;6;2;2.0;1.0;1;1;0;5;2;1;3;4;18;1
533;3;3;0;3;0;2;13;1;5;2;8;0;2;5;0;3;3;6;6;2.0;1.0;4;1;0;5;2;3;3;4;6;1
98;3;3;2;3;0;2;2;1;5;2;8;1;2;5;0;3;3;6;2;2.0;1.0;4;1;0;1;2;3;3;4;6;1
98;3;0;0;2;0;2;6;1;5;2;9;0;2;5;0;3;3;6;7;2.0;1.0;1;1;0;4;2;6;3;4;13;1
514;1;0;0;1;0;2;2;1;5;2;8;4;2;1;0;0;3;3;2;2.0;1.0;3;1;0;1;2;3;3;4;18;1
514;1;2;0;2;0;2;2;1;5;2;9;2;2;1;0;0;3;3;6;2.0;1.0;3;2;1;1;2;3;3;4;0;1
372;1;1;0;2;0;1;7;1;5;2;8;0;2;4;0;0;3;3;2;1.0;1.0;1;3;2;3;3;3;3;4;11;1
29;0;0;0;6;0;2;13;1;5;2;12;2;2;4;0;0;2;3;2;2.0;1.0;8;1;0;0;2;1;3;4;18;1
29;0;2;0;2;0;4;13;1;5;2;8;4;2;4;0;0;2;3;2;2.0;1.0;2;3;2;3;3;3;3;4;11;1
124;4;1;0;2;0;0;4;1;5;2;11;0;2;1;0;3;3;6;2;2.0;1.0;1;1;0;0;2;3;3;4;13;1
124;4;0;0;6;0;3;15;1;5;2;9;4;2;1;0;3;3;6;2;2.0;1.0;3;3;2;3;3;3;3;4;18;1
667;0;0;0;3;0;0;3;1;5;2;8;0;2;4;0;3;2;6;0;2.0;2.0;3;1;1;1;2;3;3;4;18;1
667;0;3;0;2;0;2;3;1;5;2;9;0;2;4;0;3;2;6;6;2.0;2.0;2;1;0;4;2;3;3;4;16;1
205;4;1;0;3;0;4;4;1;4;2;8;0;2;4;0;3;3;6;2;1.0;1.0;4;2;1;4;2;3;3;4;16;1
524;4;4;0;2;0;2;3;1;4;2;9;4;2;6;0;3;3;6;6;2.0;1.0;9;3;2;3;3;3;3;4;1;1
524;4;1;0;3;0;1;2;1;5;2;12;5;2;6;0;3;3;6;2;2.0;1.0;1;3;2;3;3;3;3;4;18;1
391;4;0;0;2;0;1;13;0;5;2;12;2;2;6;0;3;3;6;2;2.0;2.0;1;2;1;4;2;3;3;4;10;1
391;4;1;0;2;0;4;6;1;2;2;8;2;2;6;0;3;3;6;2;2.0;2.0;1;2;1;0;2;3;3;4;1;1
563;2;1;0;2;0;1;4;1;4;2;8;2;2;5;0;3;2;6;2;2.0;1.0;1;3;2;3;3;3;3;4;0;1
563;2;1;0;2;2;3;11;1;1;2;9;2;2;5;0;3;2;6;2;2.0;1.0;2;3;2;3;3;6;3;4;7;1
956;4;0;0;2;0;1;2;1;5;2;12;2;2;5;0;3;3;6;6;2.0;1.0;1;1;1;1;2;3;3;4;9;1
956;4;0;0;2;0;4;4;3;5;2;12;0;2;5;0;3;3;6;2;2.0;1.0;1;2;0;5;2;3;3;4;11;1
753;6;3;0;2;0;1;6;1;5;2;8;2;2;5;0;3;2;6;6;2.0;1.0;1;1;1;1;2;6;3;4;0;1
753;6;4;0;3;0;4;5;1;5;2;8;2;2;5;0;3;2;6;2;2.0;1.0;1;1;0;1;2;3;3;4;0;1
358;6;0;0;3;0;4;13;1;5;2;2;0;2;4;0;3;3;6;2;1.0;1.0;3;2;0;0;2;0;3;4;13;0
958;6;0;0;3;1;4;4;3;5;2;12;4;2;7;3;3;3;6;2;1.0;2.0;1;3;2;3;3;3;3;4;13;0
958;6;0;0;2;0;4;13;1;5;2;8;0;2;7;0;3;3;6;2;1.0;2.0;1;1;0;0;2;6;3;4;1;0
67;1;0;0;2;0;3;4;1;0;2;8;2;2;4;0;0;3;3;2;2.0;1.0;1;3;2;3;3;3;3;4;13;1
67;1;0;0;3;0;2;14;1;3;2;9;2;2;4;0;0;3;3;2;2.0;1.0;1;3;2;3;3;3;3;4;18;1
164;1;1;0;2;0;1;3;1;5;2;12;0;2;6;0;3;3;6;2;1.0;1.0;2;2;0;4;2;3;3;4;13;1
588;3;1;0;2;0;4;2;1;2;2;9;2;2;5;0;3;2;6;2;2.0;1.0;9;1;1;1;1;3;3;4;0;1
588;3;1;0;2;0;3;3;3;5;2;8;2;2;5;0;3;2;6;2;2.0;1.0;1;0;1;5;1;3;3;4;1;1
307;3;1;0;2;2;1;6;1;2;2;8;0;2;5;0;3;3;6;2;2.0;1.0;1;3;2;3;3;3;3;4;16;1
307;3;4;0;2;0;4;10;1;4;2;12;0;2;5;0;3;3;6;2;2.0;1.0;1;1;0;0;2;3;3;4;18;1
973;3;1;0;6;0;1;13;1;0;2;12;5;8;4;0;3;3;6;0;2.0;1.0;1;1;1;0;2;3;3;4;16;1
973;3;4;0;2;0;1;13;1;1;2;8;4;8;4;0;3;3;6;6;2.0;1.0;1;2;1;5;2;3;3;4;10;1
965;5;1;0;1;0;1;0;1;5;2;9;2;2;0;0;3;3;6;2;2.0;1.0;1;0;0;1;2;6;3;4;0;1
965;5;0;0;2;0;0;3;1;5;2;12;2;2;0;0;3;3;6;2;2.0;1.0;4;0;0;0;1;6;3;6;18;1
750;4;2;0;1;0;2;3;2;1;2;9;0;2;5;0;3;2;6;6;1.0;1.0;1;0;0;5;2;3;3;6;18;0
709;1;0;0;3;0;1;3;1;5;2;2;2;2;1;0;3;2;6;2;2.0;1.0;5;0;0;0;2;3;3;4;1;1
709;1;0;0;2;0;0;0;3;5;2;9;2;2;1;0;3;2;6;2;2.0;1.0;1;0;0;0;2;1;3;4;0;1
543;1;1;0;3;0;0;15;1;5;2;8;4;2;4;0;3;3;6;2;2.0;1.0;1;0;1;5;2;0;3;6;0;1
543;1;0;0;1;0;5;4;3;3;2;9;2;2;4;0;3;3;6;0;2.0;1.0;1;1;1;0;2;3;3;4;10;1
174;1;2;0;2;2;2;15;1;5;2;12;4;2;4;0;3;3;6;0;1.0;1.0;1;3;2;3;3;3;3;4;13;1
656;0;1;0;2;0;0;4;1;5;2;4;2;2;6;0;3;2;6;7;2.0;1.0;1;3;2;3;3;0;3;4;1;1
656;0;0;0;2;0;1;10;1;5;2;2;2;2;6;0;3;2;6;2;2.0;1.0;9;2;1;0;2;3;3;4;17;1
194;4;3;0;2;0;2;15;1;1;2;9;0;8;5;0;3;3;6;2;2.0;1.0;9;3;2;3;3;3;3;4;18;1
194;4;0;0;2;0;2;3;1;5;2;12;2;2;5;0;3;3;6;2;2.0;1.0;9;1;1;0;1;3;3;4;18;1
1048;2;1;0;2;0;2;3;1;5;2;12;2;2;4;0;3;3;6;7;1.0;1.0;5;3;2;3;3;3;3;4;1;1
392;6;0;0;2;0;1;13;1;0;2;8;0;2;4;0;3;3;6;7;2.0;2.0;1;1;0;4;2;3;3;4;0;1
392;6;0;0;2;0;4;2;1;4;2;5;2;3;4;0;3;3;6;2;2.0;2.0;12;1;1;1;2;3;3;4;6;1
965;3;2;0;2;2;4;2;1;4;2;2;2;8;4;0;3;3;6;2;1.0;1.0;4;3;2;3;3;3;3;4;18;0
250;3;0;0;2;0;2;3;1;5;2;8;5;3;4;0;3;3;6;2;2.0;1.0;3;3;2;3;3;3;3;4;1;1
250;3;2;0;3;2;4;2;1;4;2;2;2;8;4;0;3;3;6;6;2.0;1.0;1;1;0;4;2;3;3;4;13;1
494;3;1;0;2;0;2;3;1;5;2;8;5;3;4;0;3;3;6;2;1.0;1.0;1;1;0;0;2;3;3;4;18;1
992;3;0;0;2;2;2;6;3;5;2;8;0;2;4;0;3;3;6;6;2.0;1.0;1;3;2;3;3;3;3;4;17;1
992;3;2;0;2;2;4;13;1;0;2;11;2;2;4;0;3;3;6;2;2.0;1.0;4;3;2;3;3;6;3;4;1;1
224;3;0;0;1;2;4;3;1;3;2;9;2;2;6;0;3;3;6;2;2.0;2.0;2;1;1;1;2;6;3;4;18;0
224;3;2;0;2;0;2;3;1;5;2;8;5;3;6;0;3;3;6;6;2.0;2.0;9;1;0;1;2;3;3;4;6;0
259;3;2;0;3;0;2;3;1;5;2;7;5;2;6;0;3;3;6;2;1.0;1.0;5;1;1;1;2;3;3;4;16;1
382;3;1;0;3;2;4;13;1;5;2;12;2;2;6;0;3;3;6;2;2.0;1.0;1;0;1;4;1;3;3;4;0;1
382;3;2;0;2;2;3;3;1;5;2;9;0;2;6;0;3;3;6;6;2.0;1.0;1;2;0;0;1;3;3;4;13;1
542;0;0;0;2;2;1;13;1;5;2;8;0;2;1;0;3;3;6;6;2.0;1.0;1;2;0;5;1;3;3;4;16;1
542;0;0;0;2;2;1;12;1;5;2;8;0;2;1;0;3;3;6;2;2.0;1.0;1;2;0;0;1;3;3;4;17;1
213;1;2;0;1;2;2;13;1;5;2;9;0;2;5;0;3;3;6;2;1.0;1.0;1;3;2;3;3;1;3;4;1;0
524;1;3;0;2;2;2;13;1;5;2;8;0;2;4;0;3;3;6;2;2.0;1.0;1;0;0;0;2;0;3;4;1;1
524;1;2;0;2;2;3;2;1;5;2;8;0;2;4;0;3;3;6;2;2.0;1.0;1;1;0;4;2;6;3;4;10;1
479;1;1;0;3;2;4;11;1;5;2;8;2;2;4;0;3;3;6;2;2.0;1.0;1;3;2;3;3;3;3;4;13;1
479;1;1;0;3;2;3;11;1;5;2;8;2;2;4;0;3;3;6;2;2.0;1.0;1;3;2;3;3;3;3;4;0;1
113;3;1;0;2;2;2;13;1;5;2;12;0;2;4;0;0;3;3;2;3.0;1.0;5;3;2;3;3;1;3;4;0;1
113;3;4;0;2;2;2;13;1;5;2;12;2;2;4;0;0;3;3;2;3.0;1.0;9;3;2;3;3;3;3;4;18;1
113;3;1;0;2;2;2;2;1;1;2;12;2;2;4;0;0;3;3;2;3.0;1.0;1;3;2;3;3;3;3;4;13;1
519;4;1;0;2;0;0;3;1;1;2;9;4;2;4;0;3;3;6;2;2.0;1.0;9;1;0;5;2;3;3;4;18;1
519;4;0;0;1;2;2;3;1;1;2;11;0;0;4;0;3;3;6;2;2.0;1.0;1;1;0;0;2;3;3;4;6;1
66;2;1;0;2;0;2;12;1;1;2;9;0;0;5;0;3;3;6;2;1.0;1.0;9;1;1;0;2;3;3;4;17;1
570;6;1;0;2;0;2;13;1;1;2;8;2;2;6;0;3;3;6;2;1.0;1.0;1;3;2;3;3;3;3;4;16;1
507;6;1;0;2;0;2;2;1;5;2;2;4;2;5;0;3;3;6;2;2.0;1.0;1;3;2;3;3;3;3;4;13;1
507;6;0;0;2;0;4;3;1;5;2;12;0;2;5;0;3;3;6;2;2.0;1.0;1;2;1;0;2;3;3;4;0;1
617;6;1;0;2;0;2;0;1;1;2;12;4;2;6;0;3;3;6;2;1.0;1.0;1;1;1;1;2;3;3;4;18;1
504;3;0;0;2;0;5;11;1;2;2;12;2;2;5;0;3;3;6;2;2.0;1.0;1;2;0;4;2;6;3;4;6;1
504;3;2;0;0;0;3;3;1;5;2;12;2;2;5;0;3;3;6;2;2.0;1.0;5;1;0;0;2;1;3;4;1;1
382;5;1;0;3;0;2;13;1;5;2;8;0;2;4;0;3;3;6;6;2.0;1.0;1;3;2;3;3;3;3;4;13;1
382;5;1;0;3;0;2;2;1;5;2;8;1;2;4;0;3;3;6;2;2.0;1.0;9;1;1;4;2;3;3;4;18;1
451;5;0;0;2;0;2;6;1;5;2;9;0;2;5;0;3;3;6;7;2.0;1.0;9;3;2;3;3;6;3;4;0;1
451;5;0;0;1;0;2;2;1;5;2;8;4;2;5;0;3;3;6;2;2.0;1.0;9;0;0;4;1;3;3;8;16;1
954;3;1;0;2;0;2;2;1;5;2;9;2;2;5;0;3;3;6;6;2.0;1.0;1;3;2;3;3;3;3;4;19;1
954;3;0;0;2;0;1;7;1;5;2;8;0;2;5;0;3;3;6;2;2.0;1.0;1;3;2;3;3;3;3;4;18;1
319;4;2;0;6;0;2;13;1;5;2;12;2;2;6;0;3;3;6;2;1.0;1.0;1;1;0;0;2;1;3;4;18;1
482;4;0;0;2;0;4;13;1;5;2;8;4;2;4;0;3;3;6;2;2.0;1.0;1;1;0;0;2;3;3;4;1;1
482;4;0;0;2;0;0;4;1;5;2;11;0;2;4;0;3;3;6;2;2.0;1.0;5;2;0;5;2;3;3;4;16;1
292;0;0;0;6;0;3;15;1;5;2;9;4;2;5;0;3;3;6;2;1.0;1.0;1;1;1;1;2;3;3;4;6;1
49;0;1;0;3;0;0;3;1;5;2;8;0;2;4;0;3;3;6;0;1.0;1.0;1;1;1;1;2;3;3;4;0;1
446;0;0;0;2;0;2;3;1;5;2;9;0;2;4;0;3;3;6;6;2.0;1.0;1;1;0;1;2;3;3;4;18;1
446;0;2;1;2;0;0;15;1;5;2;8;0;2;4;0;3;3;6;2;2.0;1.0;2;3;2;3;3;3;3;4;0;1
222;0;1;0;3;2;2;9;1;1;2;8;2;2;6;0;3;3;6;2;2.0;1.0;9;1;0;0;2;3;3;4;18;1
222;0;1;0;2;0;1;13;1;5;2;9;0;2;6;0;3;3;6;6;2.0;1.0;1;0;1;0;2;3;3;6;10;1
39;1;0;0;2;2;3;11;1;5;2;12;2;2;6;0;3;3;6;2;2.0;1.0;1;1;0;0;2;3;3;4;1;0
39;1;2;0;6;0;2;3;1;4;2;4;0;2;6;0;3;3;6;2;2.0;1.0;2;2;1;0;2;3;3;4;19;0
983;5;1;0;6;0;2;2;1;5;2;8;2;2;4;0;3;3;6;2;1.0;1.0;1;3;2;3;3;3;3;4;12;1
255;5;1;0;2;0;2;2;2;5;2;1;2;2;4;0;3;3;6;2;2.0;1.0;2;3;2;3;3;6;3;4;6;1
255;5;0;0;2;0;1;12;1;0;2;9;2;2;4;0;3;3;6;2;2.0;1.0;5;1;0;0;2;3;3;4;11;1
131;5;0;0;2;0;4;3;1;4;2;9;0;2;4;0;3;3;6;2;2.0;1.0;1;2;1;5;2;3;3;4;18;1
131;5;0;0;2;0;2;14;1;2;2;2;0;8;4;0;3;3;6;7;2.0;1.0;1;2;1;0;2;5;3;4;3;1
532;5;0;0;2;0;4;14;1;2;2;9;0;2;6;0;3;3;6;2;1.0;1.0;1;0;1;1;2;3;3;6;6;1
530;3;0;0;2;0;1;13;1;5;2;12;5;2;5;0;3;3;6;6;2.0;1.0;1;1;0;1;1;3;3;4;17;1
530;3;0;0;2;0;3;13;1;2;2;12;0;2;5;0;3;3;6;2;2.0;1.0;1;3;2;3;3;3;3;4;18;1
807;1;0;0;2;0;3;15;1;5;2;12;1;2;6;0;3;2;6;2;2.0;2.0;1;1;0;5;2;1;3;4;16;1
807;1;0;0;2;2;2;3;1;5;2;2;1;2;6;0;3;2;6;2;2.0;2.0;1;3;2;3;3;1;3;4;19;1
807;1;2;1;2;0;1;12;3;5;2;12;1;2;6;0;3;2;6;2;2.0;2.0;1;0;0;5;2;6;3;6;17;1
878;2;0;0;3;0;3;2;1;5;2;2;1;2;5;0;3;3;6;2;2.0;1.0;1;3;2;3;3;3;3;4;0;1
878;2;1;0;2;0;1;3;1;5;2;2;2;2;5;0;3;3;6;2;2.0;1.0;1;0;0;5;2;3;3;6;13;1
441;1;0;0;2;0;2;3;1;4;2;12;0;2;5;0;3;3;6;2;1.0;1.0;1;0;0;5;2;3;3;4;1;0
128;4;0;0;1;0;4;3;3;2;2;12;0;2;4;0;3;3;6;2;2.0;1.0;1;0;1;5;2;3;3;5;18;1
128;4;3;0;1;0;4;3;1;2;2;11;5;2;4;0;3;3;6;2;2.0;1.0;1;1;1;1;2;3;3;4;6;1
177;2;1;0;2;0;2;0;1;4;2;9;0;2;6;0;3;3;6;6;2.0;2.0;1;1;1;0;2;3;3;4;10;1
177;2;1;0;3;0;0;15;1;0;2;12;2;2;6;0;3;3;6;2;2.0;2.0;1;3;2;3;3;1;3;4;6;1
177;2;2;1;3;0;2;13;1;4;2;8;0;2;6;0;3;3;6;6;2.0;2.0;1;1;0;4;2;3;3;4;6;1
454;1;1;0;2;0;2;13;1;4;2;9;0;2;4;0;3;3;6;2;2.0;1.0;9;2;0;4;2;3;3;4;0;1
454;1;1;0;2;0;0;11;1;4;2;12;4;8;4;0;3;3;6;2;2.0;1.0;1;3;2;3;3;3;3;4;18;1
644;2;2;0;2;2;2;2;1;4;2;9;2;2;6;0;3;3;6;2;1.0;1.0;1;1;1;0;2;3;3;4;6;1
970;5;0;0;1;2;4;3;1;2;2;9;0;2;5;0;3;3;6;7;2.0;1.0;1;0;0;5;2;0;3;4;17;1
970;5;2;0;2;2;3;4;1;5;2;9;2;2;5;0;3;3;6;2;2.0;1.0;1;1;0;5;2;3;3;4;18;1
446;3;2;0;6;2;2;9;1;0;2;12;5;2;6;0;3;3;6;2;1.0;1.0;4;1;0;1;1;2;3;4;13;1
28;4;0;0;0;0;4;3;1;2;2;12;0;2;5;0;3;2;6;2;1.0;1.0;1;2;1;5;1;3;3;4;13;1
377;2;0;0;1;0;3;4;1;2;2;12;4;2;4;0;3;3;6;7;2.0;1.0;1;3;2;3;3;6;3;4;16;1
377;2;0;0;2;0;0;9;1;0;2;3;0;2;4;0;3;3;6;6;2.0;1.0;1;2;0;5;2;6;3;4;18;1
307;1;1;0;2;0;4;11;1;1;2;9;0;2;6;0;3;3;6;2;1.0;1.0;1;1;0;5;1;3;3;4;13;1
31;4;1;0;2;2;4;13;1;2;2;9;4;2;1;0;3;2;6;2;2.0;1.0;1;3;2;3;3;3;3;4;0;1
31;4;1;0;2;0;4;12;1;2;2;9;0;2;1;0;3;2;6;2;2.0;1.0;1;3;2;3;3;3;3;4;13;1
50;4;2;0;2;0;5;3;1;0;2;12;2;2;6;0;3;3;6;2;1.0;1.0;1;1;1;0;2;3;3;4;0;1
274;2;1;0;2;0;0;14;1;0;2;8;2;2;6;0;3;3;6;2;3.0;2.0;1;1;0;0;2;6;3;4;6;1
274;2;0;0;5;2;0;3;1;1;2;12;5;2;6;0;3;3;6;2;3.0;2.0;1;3;2;3;3;3;3;4;0;1
274;2;4;0;2;2;3;5;1;5;2;8;3;2;6;0;3;3;6;2;3.0;2.0;4;0;1;0;2;3;3;0;18;1
227;6;1;0;2;2;0;15;1;5;2;9;2;2;4;0;3;3;6;6;2.0;1.0;1;0;1;1;2;3;3;4;13;1
227;6;0;0;2;2;1;4;1;5;2;8;3;6;4;0;3;3;6;6;2.0;1.0;2;1;0;0;2;3;3;4;6;1
644;6;2;0;4;2;2;13;1;5;2;8;3;2;5;0;3;3;6;2;2.0;1.0;5;3;2;3;3;3;3;4;18;1
644;6;0;0;4;2;4;2;2;5;2;12;3;2;5;0;3;3;6;2;2.0;1.0;1;1;1;1;2;3;3;4;16;1
111;2;0;0;2;2;1;3;1;5;2;8;2;2;4;0;3;3;6;2;2.0;1.0;1;1;0;1;2;6;4;4;0;1
111;2;0;0;3;2;4;14;1;5;2;8;2;2;4;0;3;3;6;2;2.0;1.0;4;3;2;3;3;3;3;4;13;1
194;3;4;0;6;2;2;15;3;5;2;8;4;2;4;2;3;3;6;2;2.0;1.0;5;3;2;3;3;3;3;4;10;0
194;3;0;0;2;2;2;14;1;5;2;12;0;2;4;0;3;3;6;0;2.0;1.0;1;1;1;0;2;1;3;4;0;0
980;5;0;0;2;2;2;3;1;5;2;9;2;2;5;0;3;3;6;2;1.0;2.0;1;3;2;3;3;3;3;4;16;0
980;5;0;0;2;2;3;12;1;1;2;9;2;6;5;0;3;3;6;6;1.0;2.0;5;3;2;3;3;3;3;4;1;0
951;5;0;0;2;2;1;12;1;2;2;2;2;2;6;0;3;3;6;7;2.0;1.0;1;3;2;3;3;1;3;4;6;1
951;5;1;0;3;0;1;14;1;2;2;12;2;2;6;0;3;3;6;2;2.0;1.0;4;1;1;4;2;3;3;4;17;1
282;3;2;0;2;0;1;15;1;5;2;9;2;2;4;0;3;3;6;2;2.0;1.0;1;1;1;1;2;3;3;4;17;1
282;3;0;0;2;0;1;15;1;1;2;12;0;2;4;0;3;3;6;2;2.0;1.0;4;1;0;0;2;3;3;4;0;1
802;1;1;0;2;0;2;14;1;1;2;9;0;2;4;0;3;2;6;2;2.0;1.0;1;1;0;1;2;3;3;4;8;1
802;1;0;0;2;0;2;16;1;1;2;9;2;2;4;0;3;2;6;2;2.0;1.0;9;3;2;3;3;3;3;4;1;1
415;1;3;2;2;0;4;14;1;2;2;12;2;2;5;1;3;3;6;2;2.0;4.0;1;3;2;3;3;3;3;4;1;1
415;1;3;0;3;0;2;14;1;5;2;12;2;2;5;0;3;3;6;2;2.0;4.0;1;1;1;1;2;3;3;4;7;1
415;1;3;0;2;0;2;6;1;5;2;12;0;2;5;0;3;3;6;6;2.0;4.0;1;2;0;5;2;3;3;4;1;1
415;1;0;0;2;0;4;3;1;5;2;12;3;2;5;0;3;3;6;0;2.0;4.0;2;3;2;3;3;3;3;4;10;1
263;2;3;0;3;2;2;3;1;5;2;9;2;2;4;0;3;3;6;2;1.0;1.0;2;3;2;3;3;3;3;4;17;1
479;1;0;2;2;2;2;4;1;1;2;1;0;2;6;0;3;3;6;7;3.0;1.0;2;1;0;0;2;3;3;4;1;1
479;1;1;0;2;0;2;3;1;5;2;12;5;2;6;0;3;3;6;2;3.0;1.0;1;2;1;4;2;1;3;4;13;1
479;1;1;0;2;0;3;11;1;5;2;8;0;2;6;0;3;3;6;2;3.0;1.0;1;3;2;3;3;6;3;4;18;1
469;1;0;0;2;0;2;3;1;5;2;12;0;2;4;0;3;3;6;7;2.0;1.0;1;1;0;1;2;3;3;4;0;1
469;1;3;0;2;0;2;3;1;5;2;8;0;2;4;0;3;3;6;7;2.0;1.0;1;1;0;0;2;2;3;4;16;1
514;1;1;0;2;0;2;3;1;5;2;8;4;2;6;0;3;3;6;2;2.0;1.0;9;1;0;1;2;1;3;4;13;1
514;1;2;0;2;0;4;14;1;5;2;8;0;2;6;0;3;3;6;2;2.0;1.0;1;1;0;4;2;3;3;4;11;1
595;5;0;0;1;0;4;6;1;5;2;12;0;2;4;0;3;2;6;2;2.0;1.0;9;2;1;4;2;1;3;4;1;1
595;5;1;0;2;0;4;6;3;5;2;12;3;2;4;0;3;2;6;2;2.0;1.0;9;2;1;1;2;3;3;4;0;1
1039;0;1;0;2;0;4;15;1;5;2;8;1;2;4;0;3;3;6;2;2.0;1.0;1;2;0;5;2;1;3;4;11;1
1039;0;1;0;2;0;4;15;1;5;2;9;5;2;4;0;3;3;6;6;2.0;1.0;5;2;1;0;2;3;3;4;12;1
228;5;4;0;2;0;4;4;3;1;2;1;0;2;1;0;3;3;6;2;2.0;2.0;1;1;0;1;2;3;3;4;4;1
228;5;4;0;2;0;2;3;1;0;2;12;5;2;1;0;3;3;6;2;2.0;2.0;5;1;1;4;2;3;3;4;16;1
228;5;4;0;2;0;1;3;1;4;2;9;5;2;1;0;3;3;6;2;2.0;2.0;1;1;0;0;2;6;3;4;0;1
412;3;3;0;2;0;3;3;1;5;2;12;5;2;4;0;3;3;6;2;2.0;1.0;2;3;2;3;3;3;3;4;13;0
412;3;1;0;2;0;3;14;1;5;2;12;5;2;4;0;3;3;6;2;2.0;1.0;1;3;2;3;3;3;3;4;1;0
14;3;0;0;2;0;1;14;1;2;2;12;4;2;5;0;3;2;6;2;2.0;1.0;1;3;2;3;3;0;3;4;17;1
14;3;1;0;3;0;3;3;1;5;2;12;2;2;5;0;3;2;6;2;2.0;1.0;1;2;1;5;2;3;3;4;18;1
113;3;3;2;2;0;3;11;1;1;2;12;5;2;6;0;3;3;6;2;1.0;1.0;1;3;2;3;3;1;3;4;16;1
638;1;3;0;2;0;2;3;1;5;2;11;0;2;5;0;3;3;6;2;2.0;1.0;1;1;0;0;2;3;3;4;18;1
638;1;0;0;2;0;2;2;1;5;2;8;2;2;5;0;3;3;6;2;2.0;1.0;1;0;0;5;2;3;3;4;18;1
683;1;3;2;6;0;3;10;1;5;2;8;2;2;4;0;3;2;6;2;1.0;1.0;1;3;2;3;3;3;3;4;13;0
424;5;4;0;2;0;3;13;1;2;2;8;2;2;6;0;3;3;6;2;2.0;1.0;5;1;1;1;2;3;3;4;0;1
424;5;2;1;2;0;0;4;1;5;2;11;2;2;6;0;3;3;6;2;2.0;1.0;1;2;0;4;2;3;3;4;17;1
619;4;1;0;3;0;4;15;3;5;2;11;0;2;4;0;3;2;6;2;2.0;1.0;1;2;1;1;2;3;3;4;13;1
619;4;3;0;3;0;4;13;1;5;2;8;2;2;4;0;3;2;6;2;2.0;1.0;1;2;1;1;2;3;3;4;19;1
942;6;0;0;3;0;3;9;1;5;2;8;2;2;5;0;3;3;6;6;1.0;1.0;1;1;0;1;2;3;3;4;11;1
250;6;0;0;1;0;1;3;3;4;2;11;2;2;4;0;3;3;6;2;2.0;1.0;2;0;1;0;2;3;3;2;12;1
250;6;1;0;2;0;1;3;1;0;2;12;2;2;4;0;3;3;6;2;2.0;1.0;1;3;2;3;3;3;3;4;0;1
965;3;1;0;0;0;4;3;1;4;2;12;2;2;5;0;3;3;6;2;2.0;1.0;1;1;1;0;2;3;3;4;14;1
965;3;2;0;2;0;1;11;1;3;2;12;0;2;5;0;3;3;6;2;2.0;1.0;5;0;1;0;2;3;3;5;4;1
203;6;1;0;2;0;1;3;1;4;2;12;2;2;4;0;3;3;6;7;2.0;1.0;1;0;0;5;2;3;3;4;1;1
203;6;2;0;1;0;0;0;1;5;2;9;0;2;4;0;3;3;6;2;2.0;1.0;1;3;2;3;3;3;3;4;0;1
484;5;1;0;2;0;2;0;3;0;2;12;0;2;4;0;3;3;6;2;2.0;1.0;1;1;1;0;2;3;3;4;17;1
484;5;1;0;2;0;3;11;1;0;2;12;0;2;4;0;3;3;6;2;2.0;1.0;4;0;1;0;2;3;3;6;5;1
389;5;0;0;2;0;3;3;1;5;2;4;0;2;6;0;3;3;6;2;2.0;1.0;1;0;0;5;2;3;3;6;1;1
389;5;2;0;3;0;2;8;1;5;2;1;0;2;6;0;3;3;6;2;2.0;1.0;1;3;2;3;3;3;3;4;16;1
474;0;0;2;2;0;3;3;1;4;2;2;2;2;4;0;3;3;6;2;2.0;1.0;2;1;0;1;2;3;3;4;0;1
474;0;2;0;2;0;0;13;1;5;2;8;2;2;4;0;3;3;6;2;2.0;1.0;5;3;2;3;3;3;3;4;18;1
533;1;2;0;3;0;1;3;1;5;2;12;2;2;4;0;3;3;6;2;1.0;1.0;1;1;1;1;2;3;3;4;17;1
436;3;2;0;1;0;0;6;1;5;2;8;0;2;6;0;3;3;6;7;1.0;1.0;1;3;2;3;3;3;3;4;18;1
446;3;0;0;2;0;2;10;1;5;2;8;2;2;4;0;3;3;6;2;2.0;1.0;9;1;1;0;1;3;3;4;16;1
446;3;2;2;2;0;3;3;1;5;2;12;2;2;4;0;3;3;6;2;2.0;1.0;2;0;1;1;2;3;3;4;4;1
483;0;0;0;1;0;4;6;1;4;2;9;0;2;4;0;3;3;6;2;2.0;1.0;1;1;1;1;2;6;3;4;6;1
483;0;2;1;3;2;2;3;1;4;2;8;5;3;4;0;3;3;6;2;2.0;1.0;1;3;2;3;3;3;3;4;1;1
1055;0;1;0;3;0;3;13;1;4;2;9;5;2;1;0;3;3;6;6;2.0;1.0;9;1;1;0;2;3;3;4;6;1
1055;0;3;2;2;0;2;13;1;5;2;11;2;2;1;0;3;3;6;2;2.0;1.0;1;2;1;5;2;6;3;4;1;1
420;4;1;0;3;2;2;5;1;4;2;8;2;7;6;0;3;3;6;2;2.0;1.0;1;1;1;1;2;3;3;4;16;1
420;4;4;0;2;0;1;13;1;2;2;12;5;2;6;0;3;3;6;2;2.0;1.0;1;2;1;5;2;3;3;4;18;1
377;2;1;2;2;0;4;13;1;4;2;12;0;2;4;0;3;3;6;2;1.0;2.0;1;2;1;5;2;1;3;4;0;1
377;2;1;0;2;0;2;5;1;4;2;2;5;2;4;0;3;3;6;2;1.0;2.0;1;3;2;3;3;3;3;4;0;1
360;1;1;0;1;0;0;0;1;5;2;8;2;2;4;0;3;3;6;2;1.0;3.0;1;3;2;3;3;6;3;4;9;1
360;1;1;0;3;0;2;3;1;5;2;12;2;2;4;0;3;3;6;2;1.0;3.0;1;3;2;3;3;3;3;4;18;1
360;1;1;0;3;0;1;4;1;5;2;8;2;0;4;0;3;3;6;6;1.0;3.0;1;1;0;0;2;3;3;4;0;1
345;1;0;0;2;0;3;11;1;5;2;8;2;2;5;0;3;3;6;2;1.0;2.0;2;2;0;0;2;3;3;4;1;1
345;1;0;0;2;0;3;2;1;4;2;8;2;7;5;0;3;3;6;2;1.0;2.0;1;0;1;5;2;3;3;5;19;1
500;1;1;0;2;0;2;3;1;4;2;2;0;7;6;0;3;3;6;2;2.0;1.0;1;1;1;1;2;3;3;4;4;1
500;1;0;0;2;2;2;3;1;4;2;8;0;6;6;0;3;3;6;2;2.0;1.0;1;3;2;3;3;3;3;4;4;1
775;1;1;0;3;0;0;11;1;2;2;12;3;6;5;0;3;2;6;0;2.0;1.0;1;3;2;3;3;3;3;4;18;1
775;1;1;0;2;0;2;4;1;5;2;12;2;2;5;0;3;2;6;2;2.0;1.0;1;1;0;1;2;3;3;4;16;1
498;0;1;0;3;0;4;13;1;2;2;2;6;3;6;1;3;3;6;2;2.0;1.0;1;2;1;5;2;3;3;4;11;1
498;0;2;0;2;2;0;3;1;0;2;11;0;2;6;0;3;3;6;6;2.0;1.0;5;3;2;3;3;3;3;4;17;1
278;6;1;0;2;0;2;3;1;5;2;2;2;2;5;0;3;3;6;2;2.0;1.0;9;1;0;1;2;3;3;4;18;1
278;6;2;0;2;0;4;13;1;4;2;8;0;2;5;0;3;3;6;2;2.0;1.0;5;0;1;0;1;3;3;5;0;1
952;0;1;0;3;2;1;13;1;1;2;12;5;2;5;0;3;3;6;2;2.0;1.0;1;0;1;5;2;3;3;4;6;1
952;0;2;0;2;0;2;13;1;4;2;2;2;5;5;2;3;3;6;6;2.0;1.0;1;1;0;0;2;3;3;4;0;1
1059;3;1;0;2;0;3;4;3;0;2;12;3;2;5;0;3;3;6;6;1.0;1.0;1;2;0;0;2;3;3;4;11;0
977;3;1;0;2;0;2;4;3;4;2;12;3;2;6;0;3;3;6;2;1.0;1.0;5;1;1;1;2;3;3;4;4;1
956;3;1;0;1;0;4;3;2;2;2;8;2;6;5;0;0;3;3;2;2.0;1.0;1;3;2;3;3;3;3;4;7;1
956;3;0;0;2;0;2;2;2;4;2;12;2;2;5;0;0;3;3;6;2.0;1.0;1;3;2;3;3;3;3;4;9;1
667;3;1;2;3;0;0;3;1;1;2;12;2;2;4;0;3;2;6;6;2.0;1.0;1;1;0;1;2;3;3;4;15;1
667;3;2;1;2;0;2;3;3;5;2;9;2;2;4;0;3;2;6;2;2.0;1.0;1;3;2;3;3;3;3;4;0;1
970;1;1;0;0;0;0;3;1;4;2;9;2;2;5;0;3;3;6;7;2.0;1.0;1;1;0;0;2;2;3;4;18;1
970;1;1;0;2;0;4;0;1;2;2;8;0;2;5;0;3;3;6;2;2.0;1.0;1;1;0;0;2;3;3;4;4;1
297;1;0;0;2;0;0;13;1;5;2;1;5;2;5;0;3;3;6;2;2.0;1.0;9;1;1;0;2;3;3;4;16;1
297;1;1;0;2;0;2;0;3;5;2;8;5;0;5;3;3;3;6;2;2.0;1.0;9;1;1;4;1;3;3;4;1;1
160;0;0;0;2;0;1;3;1;2;2;4;5;2;4;0;3;3;6;2;1.0;1.0;1;2;0;4;2;3;3;4;17;1
319;0;1;0;2;0;2;3;1;5;2;12;2;2;6;0;3;3;6;2;2.0;1.0;1;0;0;5;2;3;3;7;11;1
319;0;0;0;2;0;1;3;1;5;2;9;0;2;6;0;3;3;6;6;2.0;1.0;4;0;0;5;1;3;3;4;6;1
660;0;3;0;2;0;1;3;3;4;2;9;5;2;4;0;3;2;6;6;1.0;1.0;1;3;2;3;3;3;3;4;16;0
988;4;1;0;2;0;4;13;1;0;2;4;5;2;6;3;3;3;6;2;2.0;1.0;1;2;1;1;2;3;3;4;17;0
988;4;1;0;2;0;0;3;1;1;2;9;0;2;6;0;3;3;6;2;2.0;1.0;1;3;2;3;3;3;3;4;0;0
386;4;0;0;0;2;0;6;1;5;2;9;5;2;5;0;3;3;6;2;1.0;1.0;1;1;1;1;2;3;3;4;6;1
324;2;1;0;0;0;5;3;1;5;2;8;0;2;4;3;3;3;6;2;2.0;1.0;1;3;2;3;3;3;3;4;0;1
324;2;0;0;2;0;0;0;1;1;2;8;3;4;4;0;3;3;6;2;2.0;1.0;1;1;0;1;2;3;3;4;0;1
653;5;1;0;2;0;2;13;1;4;2;8;5;2;5;0;3;2;6;2;2.0;1.0;1;0;1;4;1;1;3;6;1;1
653;5;4;0;2;0;4;3;1;0;2;8;0;4;5;0;3;2;6;2;2.0;1.0;1;3;2;3;3;3;3;4;3;1
233;3;2;0;2;0;4;15;1;5;2;8;4;2;4;0;3;3;6;2;1.0;1.0;1;1;0;0;2;3;3;4;6;1
58;3;1;0;2;2;2;6;1;5;2;8;0;2;4;0;3;3;6;2;1.0;1.0;5;0;1;4;2;3;3;8;18;0
489;1;1;0;3;0;1;6;1;5;2;8;5;2;4;0;3;3;6;2;2.0;1.0;3;3;2;3;3;3;3;4;6;1
489;1;2;0;2;0;1;3;1;4;2;9;5;2;4;0;3;3;6;1;2.0;1.0;1;1;0;4;1;4;3;4;1;1
837;4;1;0;2;0;3;14;1;2;2;9;4;2;6;0;3;2;6;2;2.0;2.0;1;2;1;5;2;3;3;4;16;1
837;4;0;0;2;0;1;13;1;5;2;12;4;2;6;0;3;2;6;6;2.0;2.0;1;2;1;5;2;3;3;4;0;1
236;2;1;0;2;0;1;15;1;2;2;2;0;2;4;0;0;3;3;2;1.0;1.0;5;3;2;3;3;3;3;4;18;1
948;1;3;0;3;0;2;13;1;5;2;1;5;2;4;0;3;3;6;2;2.0;1.0;1;1;0;1;2;3;3;4;13;1
948;1;0;0;2;0;4;5;1;5;2;4;0;2;4;0;3;3;6;2;2.0;1.0;9;3;2;3;3;0;3;4;13;1
759;0;0;0;2;0;2;3;1;5;2;9;5;2;4;1;3;2;6;2;2.0;1.0;5;0;1;1;2;3;3;8;18;1
759;0;2;0;2;0;1;12;1;4;2;9;5;1;4;0;3;2;6;2;2.0;1.0;1;3;2;3;3;6;3;4;18;1
459;0;1;0;2;0;2;3;1;1;2;8;3;2;5;0;3;3;6;2;2.0;2.0;1;1;1;1;2;3;3;4;18;1
459;0;0;0;0;0;1;3;1;1;2;0;0;2;5;0;3;3;6;6;2.0;2.0;1;0;0;5;1;3;3;6;17;1
459;0;0;0;2;0;2;3;1;5;2;13;5;2;5;0;3;3;6;6;2.0;2.0;1;3;2;3;3;3;3;4;6;1
346;1;0;0;2;0;0;13;1;5;2;4;5;2;6;0;3;3;6;2;2.0;1.0;1;1;0;1;2;3;3;4;0;0
346;1;2;0;2;0;1;3;1;5;2;9;1;2;6;0;3;3;6;6;2.0;1.0;1;2;1;1;2;3;3;4;1;0
563;4;0;0;2;0;4;3;3;3;2;9;0;2;6;0;3;3;6;6;2.0;1.0;1;1;0;0;2;3;3;4;6;1
563;4;2;0;2;0;3;13;1;2;2;12;0;2;6;0;3;3;6;2;2.0;1.0;1;3;2;3;3;3;3;4;6;1
504;4;2;2;2;0;1;3;3;5;2;9;5;2;4;0;3;3;6;2;2.0;1.0;1;3;2;3;3;3;3;4;18;1
504;4;0;0;2;0;3;3;1;0;2;6;0;6;4;0;3;3;6;6;2.0;1.0;1;1;0;1;2;3;3;4;4;1
324;3;1;0;1;0;2;3;1;1;2;6;0;6;4;0;3;3;6;2;1.0;1.0;1;3;2;3;3;3;3;4;0;1
227;3;0;0;0;0;0;12;1;5;2;8;3;2;4;0;3;3;6;2;2.0;1.0;1;1;0;1;2;3;3;4;0;1
227;3;0;0;2;0;3;3;1;1;2;9;0;6;4;0;3;3;6;2;2.0;1.0;1;3;2;3;3;3;3;4;18;1
565;5;0;0;2;0;2;3;1;5;2;9;5;2;4;0;3;2;6;2;2.0;1.0;1;0;0;5;2;3;3;7;18;1
565;5;0;0;1;0;3;3;1;5;1;5;5;2;4;0;3;2;6;2;2.0;1.0;1;0;0;5;2;0;3;4;3;1
741;3;1;0;1;0;3;4;1;4;2;9;5;2;4;0;3;2;6;2;2.0;1.0;1;3;2;3;3;3;3;4;9;1
741;3;2;0;2;0;2;3;1;2;0;2;5;2;4;0;3;2;6;7;2.0;1.0;1;1;0;0;2;3;3;4;16;1
319;6;4;0;1;0;1;3;1;5;2;8;0;2;4;0;3;3;6;2;2.0;1.0;1;1;0;0;2;3;3;4;17;1
319;6;2;2;2;0;4;5;1;5;2;8;2;3;4;0;3;3;6;6;2.0;1.0;1;2;1;0;2;6;3;4;16;1
302;5;1;0;2;0;4;6;3;5;2;8;2;4;5;2;3;3;6;2;2.0;1.0;1;3;2;3;3;3;3;4;4;1
302;5;2;0;2;0;2;15;1;1;2;12;0;3;5;0;3;3;6;2;2.0;1.0;4;1;0;1;2;6;3;4;4;1
946;2;3;0;2;0;0;11;1;1;2;12;0;2;4;0;3;3;6;2;2.0;1.0;9;2;1;0;2;3;3;4;13;1
946;2;1;0;4;0;3;7;1;5;2;9;2;2;4;0;3;3;6;2;2.0;1.0;1;0;1;1;2;6;3;8;18;1
80;2;2;0;2;0;3;11;1;5;2;12;2;2;4;0;3;3;6;2;2.0;1.0;1;1;1;1;2;3;3;4;13;1
80;2;1;0;1;0;1;3;1;3;2;12;0;0;4;0;3;3;6;2;2.0;1.0;9;2;1;4;2;3;3;4;16;1
877;0;1;0;2;2;0;3;1;2;2;12;2;2;5;0;0;2;3;2;2.0;3.0;1;3;2;3;3;6;3;4;6;1
877;0;1;0;2;0;2;2;3;2;2;12;0;2;5;0;0;2;3;2;2.0;3.0;9;1;0;0;2;0;3;4;18;1
877;0;1;0;3;0;1;12;1;1;2;12;3;0;5;0;0;2;3;2;2.0;3.0;1;3;2;3;3;1;3;4;4;1
877;0;2;0;3;2;2;3;1;5;2;12;2;2;5;0;0;2;3;6;2.0;3.0;1;3;2;3;3;0;3;4;0;1
964;0;1;0;2;0;4;11;1;1;2;2;2;2;4;0;3;3;6;2;2.0;1.0;1;1;0;0;2;3;3;4;18;1
964;0;2;0;2;0;2;3;1;2;2;12;0;2;4;0;3;3;6;6;2.0;1.0;5;3;2;3;3;0;3;4;6;1
702;2;0;0;1;0;2;5;2;1;2;4;2;2;6;0;3;2;6;2;2.0;1.0;5;1;1;0;2;3;3;4;18;1
702;2;0;0;2;0;2;3;1;5;2;9;3;2;6;0;3;2;6;2;2.0;1.0;1;0;0;5;1;0;3;4;16;1
456;4;0;0;2;0;4;3;3;4;2;12;2;2;6;0;3;3;6;2;2.0;2.0;2;3;2;3;3;0;3;4;0;1
456;4;1;0;2;0;0;13;1;5;2;8;2;2;6;2;3;3;6;7;2.0;2.0;1;1;0;1;2;0;3;4;17;1
456;4;1;0;2;0;1;3;1;5;2;4;6;2;6;0;3;3;6;2;2.0;2.0;1;3;2;3;3;3;3;4;16;1
451;2;1;2;2;0;0;0;1;0;2;4;3;2;5;0;3;3;6;2;1.0;1.0;1;2;0;1;2;3;3;4;1;0
484;1;1;0;2;0;2;3;1;5;2;12;2;2;4;0;3;3;6;2;2.0;1.0;1;3;2;3;3;2;3;4;2;1
484;1;2;0;3;0;2;5;2;4;2;3;2;2;4;0;3;3;6;7;2.0;1.0;9;1;0;4;2;3;3;4;7;1
50;1;1;0;2;0;2;5;1;5;2;8;4;2;5;3;3;3;6;6;2.0;1.0;1;0;1;5;2;6;3;4;6;1
50;1;0;0;2;0;4;3;1;1;2;2;0;2;5;0;3;3;6;2;2.0;1.0;1;2;1;4;2;3;3;4;7;1
441;6;0;0;2;0;1;3;2;2;2;3;0;3;4;0;3;3;6;2;2.0;1.0;1;3;2;3;3;3;3;4;6;1
441;6;1;0;2;2;4;0;1;4;2;8;5;2;4;0;3;3;6;2;2.0;1.0;1;3;2;3;3;3;3;4;17;1
1022;2;1;0;2;0;1;13;1;1;2;12;2;4;4;2;3;3;6;2;2.0;1.0;1;0;0;4;0;3;3;6;6;1
1022;2;2;1;3;1;2;0;1;0;2;8;0;2;4;0;3;3;6;2;2.0;1.0;9;1;0;0;2;3;3;4;0;1
524;5;0;0;3;0;2;3;1;1;2;8;2;3;5;0;3;3;6;2;1.0;1.0;1;2;0;5;2;3;3;4;13;1
105;5;4;0;2;0;2;3;1;5;2;12;3;8;4;0;3;3;6;2;2.0;1.0;1;1;0;5;1;3;3;4;6;1
105;5;2;0;2;0;2;3;1;0;2;8;0;0;4;3;3;3;6;6;2.0;1.0;9;2;0;5;1;3;3;4;0;1
572;5;0;0;3;0;4;3;1;5;2;9;0;2;5;0;3;2;6;6;2.0;1.0;9;2;0;5;1;6;3;4;6;1
572;5;2;0;2;0;3;13;1;5;2;12;2;2;5;0;3;2;6;2;2.0;1.0;1;1;0;1;2;6;3;4;6;1
496;2;4;0;2;0;2;3;1;1;2;8;3;2;6;0;3;3;6;2;2.0;1.0;4;3;2;3;3;6;3;4;6;1
496;2;1;0;3;0;0;6;1;2;2;8;0;3;6;0;3;3;6;2;2.0;1.0;4;3;2;3;3;3;3;4;0;1
433;0;1;0;2;0;2;3;1;5;2;8;5;2;5;0;3;3;6;2;1.0;1.0;1;1;0;0;2;1;3;4;0;1
852;6;2;0;2;0;4;0;1;2;2;12;2;0;4;3;3;2;6;2;1.0;1.0;1;1;0;4;1;3;3;4;6;1
568;5;0;0;1;2;1;13;1;5;2;2;0;2;6;0;3;2;6;0;2.0;1.0;1;1;0;4;1;6;3;4;11;1
568;5;2;0;2;0;0;3;1;5;2;4;0;2;6;0;3;2;6;2;2.0;1.0;1;2;0;4;2;1;3;4;0;1
350;6;3;0;2;0;0;15;1;0;2;8;3;2;4;0;3;3;6;6;1.0;1.0;1;2;0;4;1;3;3;4;18;1
290;6;1;0;0;2;1;6;1;5;2;2;0;2;4;0;3;3;6;7;2.0;1.0;1;2;0;1;2;3;3;4;4;0
290;6;1;2;2;0;2;6;1;5;2;8;0;2;4;0;3;3;6;2;2.0;1.0;3;3;2;3;3;3;3;4;0;0
208;6;0;0;3;2;1;3;1;5;2;8;5;2;4;0;3;3;6;2;1.0;1.0;9;1;0;0;2;3;3;4;0;1
362;5;1;0;2;0;0;14;1;5;2;9;2;2;1;0;3;3;6;2;2.0;1.0;5;2;1;4;2;3;3;4;11;1
362;5;1;0;2;2;2;13;1;2;2;8;2;2;1;0;3;3;6;2;2.0;1.0;1;0;0;5;1;3;3;4;4;1
474;5;1;0;2;0;3;15;1;2;2;9;0;2;6;0;3;3;6;2;3.0;2.0;1;0;0;1;2;3;3;4;7;1
474;5;0;0;2;0;1;13;1;1;2;8;3;2;6;0;3;3;6;2;3.0;2.0;1;1;0;4;2;3;3;4;11;1
474;5;2;1;2;0;2;5;1;1;2;8;3;2;6;0;3;3;6;2;3.0;2.0;1;3;2;3;3;6;3;4;16;1
474;5;0;0;2;0;4;3;1;5;2;12;2;2;5;3;3;3;6;6;2.0;1.0;1;1;0;1;2;6;3;4;13;1
474;5;4;0;3;0;1;12;1;5;2;12;2;2;5;0;3;3;6;0;2.0;1.0;1;3;2;3;3;3;3;4;4;1
719;0;0;2;3;2;4;3;1;4;2;9;2;2;1;0;3;2;6;2;2.0;1.0;1;3;2;3;3;3;3;4;16;1
719;0;2;1;2;0;0;3;1;5;2;2;2;2;1;0;3;2;6;7;2.0;1.0;1;1;0;0;2;3;3;4;17;1
341;3;4;0;2;0;2;3;3;5;2;2;3;2;4;0;0;3;6;2;2.0;1.0;1;3;2;3;3;3;3;4;0;1
341;3;1;0;2;0;1;13;1;1;2;9;3;2;4;4;0;3;6;2;2.0;1.0;1;1;1;1;2;3;3;4;0;1
741;1;0;0;2;0;1;3;1;5;2;8;2;0;6;2;3;2;6;7;2.0;1.0;1;3;2;3;3;3;3;4;0;1
741;1;2;0;2;0;1;3;1;2;2;8;2;0;6;2;3;2;6;7;2.0;1.0;1;1;1;5;2;3;3;4;7;1
965;1;0;0;2;0;1;13;1;1;2;9;2;2;5;0;3;3;6;2;2.0;1.0;9;0;0;0;2;3;3;0;1;1
965;1;0;0;2;0;4;3;1;2;2;2;5;2;5;0;3;3;6;2;2.0;1.0;1;3;2;3;3;3;3;4;13;1
158;4;3;0;2;0;4;3;1;5;2;12;2;2;5;3;3;3;6;2;1.0;1.0;9;3;2;3;3;3;3;4;9;1
179;4;1;0;3;0;2;3;1;5;2;8;2;2;4;0;3;3;6;2;2.0;1.0;9;1;0;0;2;6;3;4;13;1
179;4;1;0;2;0;2;12;1;5;2;12;2;2;4;0;3;3;6;2;2.0;1.0;1;1;1;1;2;3;3;4;18;1
604;6;1;0;2;0;1;3;1;5;2;12;2;2;5;0;3;2;6;6;1.0;1.0;1;1;0;4;2;3;3;4;4;1
709;2;0;0;3;0;2;3;1;5;2;12;2;2;5;0;3;2;6;2;2.0;1.0;1;2;0;1;2;3;3;4;16;1
709;2;4;0;2;0;2;3;3;1;2;9;2;2;5;3;3;2;6;2;2.0;1.0;1;1;0;1;1;3;3;4;0;1
131;6;0;0;2;0;4;4;1;3;2;2;0;2;4;0;3;3;6;2;2.0;1.0;1;3;2;3;3;3;3;4;4;1
131;6;0;0;2;0;2;3;1;5;2;12;0;2;4;0;3;3;6;2;2.0;1.0;1;1;0;5;2;3;3;4;18;1
483;6;1;0;2;0;4;3;1;5;2;12;4;2;6;0;3;3;6;2;2.0;1.0;1;3;2;3;3;6;3;4;6;1
483;6;1;0;3;0;3;5;1;5;2;9;2;2;6;0;3;3;6;2;2.0;1.0;5;1;0;4;2;3;3;4;18;1
956;1;0;0;3;0;2;6;1;5;2;8;4;2;5;0;3;3;6;2;2.0;1.0;1;1;0;1;2;3;3;4;13;1
956;1;0;0;3;0;0;15;1;5;2;4;2;2;5;0;3;3;6;2;2.0;1.0;1;1;1;4;2;3;3;4;18;1
153;5;1;2;3;0;2;11;3;5;2;9;3;2;6;0;3;3;6;2;2.0;1.0;8;3;2;3;3;3;3;4;13;1
153;5;2;1;3;0;2;7;1;5;2;8;6;2;6;0;3;3;6;2;2.0;1.0;2;1;0;0;2;3;3;4;17;1
416;5;0;0;3;0;1;11;1;1;2;12;2;2;4;0;0;3;6;2;1.0;1.0;1;2;0;5;2;3;3;4;1;1
435;5;2;0;3;0;2;3;1;5;2;2;5;2;6;0;3;3;6;2;1.0;1.0;5;2;0;0;2;3;3;4;18;1
799;2;2;1;2;0;2;3;1;4;2;4;2;2;4;3;3;2;6;2;1.0;1.0;9;3;2;3;3;6;3;4;4;1
416;4;2;0;2;0;4;2;1;5;2;1;4;2;4;0;3;3;6;2;2.0;1.0;1;1;0;0;2;6;3;4;18;1
416;4;0;0;2;0;4;12;1;5;2;0;0;2;4;0;3;3;6;2;2.0;1.0;5;3;2;3;3;3;3;4;17;1
426;4;1;0;3;0;3;3;1;5;2;12;2;2;4;0;3;3;6;6;2.0;1.0;9;1;1;0;2;3;3;4;13;0
426;4;0;0;3;0;2;11;1;5;2;12;2;2;4;0;3;3;6;2;2.0;1.0;1;3;2;3;3;3;3;4;17;0
897;4;0;0;3;2;2;3;1;5;2;4;2;2;5;3;3;3;6;2;2.0;1.0;1;3;2;3;3;3;3;4;18;1
897;4;0;0;3;0;1;5;3;1;2;12;2;2;5;0;3;3;6;2;2.0;1.0;9;3;2;3;3;3;3;4;17;1
1059;0;0;0;3;0;4;3;3;5;2;8;5;2;4;0;3;3;6;2;2.0;1.0;1;1;0;1;1;3;3;4;6;1
1059;0;1;0;3;0;1;3;1;5;2;12;5;2;4;0;3;3;6;7;2.0;1.0;3;1;0;1;2;6;3;4;19;1
738;1;0;0;2;0;4;13;1;5;2;8;2;2;4;0;3;2;6;2;1.0;1.0;1;3;2;3;3;6;3;4;6;1
177;1;0;0;2;0;3;3;1;5;2;8;0;2;5;0;3;3;6;2;2.0;1.0;1;1;1;0;2;6;3;4;1;1
177;1;1;0;2;0;1;0;2;5;2;12;5;2;5;0;3;3;6;2;2.0;1.0;9;1;1;1;2;3;3;4;16;1
840;2;4;0;3;0;2;13;3;1;2;12;5;2;4;0;3;2;6;2;2.0;2.0;1;3;2;3;3;6;3;4;0;1
840;2;4;0;3;0;2;0;1;5;2;12;0;2;4;0;3;2;6;2;2.0;2.0;1;3;2;3;3;6;3;4;0;1
840;2;2;0;3;0;0;3;1;4;2;12;5;2;4;4;3;2;6;2;2.0;2.0;1;1;1;1;2;3;1;4;18;1
844;0;2;0;3;0;2;3;1;5;2;9;0;2;4;0;3;3;6;2;1.0;1.0;1;3;2;3;3;3;3;4;18;0
278;5;2;0;2;0;0;3;1;1;2;2;0;2;5;0;3;3;6;2;1.0;1.0;1;1;0;0;2;6;3;4;1;1
703;3;0;0;2;0;2;3;1;1;2;8;3;2;4;0;3;2;6;7;3.0;1.0;9;2;1;0;2;6;3;4;0;1
703;3;1;0;3;2;0;13;1;1;2;2;5;2;4;0;3;2;6;2;3.0;1.0;1;3;2;3;3;3;3;4;16;1
703;3;2;0;2;0;2;3;1;1;2;12;2;2;4;0;3;2;6;2;3.0;1.0;1;3;2;3;3;3;3;4;1;1
992;3;2;0;2;0;1;6;1;5;2;12;5;2;4;0;0;3;3;2;1.0;1.0;9;1;0;1;2;3;3;4;16;1
202;1;1;0;2;0;1;3;1;0;2;11;5;8;4;0;3;3;6;2;2.0;1.0;9;2;0;0;2;3;3;4;13;0
202;1;0;0;2;0;2;0;1;2;2;8;2;0;4;3;3;3;6;6;2.0;1.0;1;3;2;3;3;3;3;4;2;0
481;6;0;0;2;2;3;13;1;3;2;12;5;8;4;0;0;3;3;2;1.0;1.0;1;1;0;0;0;2;3;4;18;1
988;2;3;0;1;0;3;3;1;5;2;8;0;2;4;0;3;3;6;2;1.0;1.0;1;3;2;3;3;0;3;4;18;1
101;4;1;0;2;0;2;15;1;5;2;12;0;2;5;0;3;3;6;2;2.0;1.0;1;1;1;0;2;3;3;4;18;1
101;4;1;0;2;0;3;6;1;1;2;12;2;2;5;0;3;3;6;2;2.0;1.0;1;1;0;1;1;1;3;4;1;1
464;0;0;0;2;0;1;6;1;5;2;8;0;2;5;0;3;3;6;2;1.0;1.0;1;3;2;3;3;3;3;4;16;1
229;0;2;0;2;0;1;3;1;5;2;12;3;2;5;0;3;3;6;2;1.0;1.0;1;1;0;5;2;3;3;4;9;1
311;5;1;0;2;0;2;14;1;5;2;2;5;2;4;0;3;3;6;2;2.0;1.0;1;2;0;5;2;3;3;4;11;1
311;5;2;0;3;0;2;13;1;5;2;8;2;2;4;0;3;3;6;6;2.0;1.0;1;1;0;5;2;0;3;4;4;1
1069;3;1;0;2;2;2;15;1;4;2;8;2;2;6;0;3;3;6;2;2.0;1.0;1;0;0;0;1;3;3;8;1;1
1069;3;0;0;2;0;2;13;1;1;2;12;0;3;6;0;3;3;6;2;2.0;1.0;5;3;2;3;3;3;3;4;17;1
386;3;3;0;2;2;2;5;1;1;2;9;0;2;6;0;3;3;6;2;3.0;1.0;1;1;0;1;1;3;3;4;1;1
386;3;0;0;5;0;1;3;1;5;2;9;0;2;6;0;3;3;6;2;3.0;1.0;2;0;0;5;1;6;3;8;18;1
386;3;2;1;2;0;2;12;1;2;1;12;2;2;6;0;3;3;6;0;3.0;1.0;1;1;0;1;2;3;3;4;13;1
9;6;1;0;2;0;3;3;1;5;1;12;5;2;5;0;3;2;6;2;2.0;2.0;2;1;0;0;2;1;3;4;1;1
9;6;1;0;2;0;0;3;1;5;2;8;2;8;5;0;3;2;6;2;2.0;2.0;1;1;0;5;1;3;3;4;4;1
9;6;0;0;3;0;1;3;3;5;2;11;3;2;5;3;3;2;6;6;2.0;2.0;2;2;0;5;1;3;3;4;18;1
610;2;1;0;3;0;1;13;1;5;2;12;2;8;4;0;3;2;6;2;1.0;1.0;1;1;0;5;1;6;3;4;13;1
519;0;1;0;3;0;2;3;1;2;2;12;2;1;4;0;3;3;6;2;2.0;1.0;1;2;1;1;2;6;3;4;18;1
519;0;2;0;2;0;2;3;3;5;2;2;2;2;4;0;3;3;6;2;2.0;1.0;2;3;2;3;3;6;3;4;1;1
693;6;1;0;2;0;2;13;1;5;2;8;2;0;1;0;3;2;6;6;2.0;1.0;5;1;0;1;2;3;2;4;1;1
693;6;0;0;2;0;4;3;1;5;2;12;2;0;1;0;3;2;6;6;2.0;1.0;1;1;0;1;0;3;0;4;17;1
707;3;0;0;2;0;4;3;3;5;2;9;3;2;4;0;3;2;6;2;2.0;1.0;1;3;2;3;3;3;3;4;1;1
707;3;1;0;2;2;4;3;1;5;2;8;2;2;4;0;3;2;6;2;2.0;1.0;1;1;0;5;2;6;3;4;6;1
39;0;0;0;2;0;6;12;1;5;2;8;0;2;6;0;3;3;6;6;2.0;1.0;9;1;0;4;2;3;3;4;6;1
39;0;2;0;2;0;2;3;1;3;2;8;2;2;6;0;3;3;6;6;2.0;1.0;1;1;1;0;2;3;3;4;17;1
350;1;0;0;2;0;1;3;2;0;2;2;2;2;4;0;3;3;6;2;2.0;1.0;1;1;0;1;1;3;3;4;19;1
350;1;1;0;3;0;2;3;1;5;2;8;2;2;4;0;3;3;6;2;2.0;1.0;1;3;2;3;3;3;3;4;18;1
533;6;3;0;2;0;1;4;1;0;2;8;2;0;5;2;3;3;6;2;2.0;1.0;1;3;2;3;3;3;3;4;1;1
533;6;1;0;1;2;2;3;1;5;2;8;2;0;5;0;3;3;6;6;2.0;1.0;5;1;0;5;2;3;3;4;16;1
446;5;1;0;2;0;4;3;1;2;2;8;2;2;4;0;3;3;6;2;3.0;1.0;1;0;1;5;2;3;3;5;18;0
446;5;0;0;2;0;1;5;1;5;2;12;2;2;4;0;3;3;6;2;3.0;1.0;1;0;1;0;1;0;3;4;17;0
446;5;2;0;3;0;1;6;1;5;2;9;3;2;4;0;3;3;6;2;3.0;1.0;4;1;0;1;2;3;3;4;17;0
253;5;1;0;1;2;4;15;1;5;2;2;0;2;1;0;3;3;6;0;1.0;1.0;1;2;1;0;2;3;3;4;16;1
548;3;1;0;3;0;0;11;1;5;2;12;2;2;4;0;3;3;6;2;2.0;1.0;9;2;1;0;2;6;3;4;6;1
548;3;1;0;2;0;4;7;1;5;2;1;2;2;4;0;3;3;6;2;2.0;1.0;9;3;2;3;3;6;3;4;0;1
367;0;0;0;2;0;2;11;1;5;2;12;2;2;4;0;3;3;6;7;2.0;1.0;1;3;2;3;3;3;3;4;1;1
367;0;1;0;2;2;2;3;1;5;2;4;0;0;4;0;3;3;6;2;2.0;1.0;5;1;0;0;2;6;3;4;13;1
625;0;1;0;0;0;2;3;1;5;2;12;2;2;6;0;3;2;6;2;3.0;1.0;1;1;0;5;2;3;3;4;6;1
625;0;0;0;2;0;2;2;1;5;2;12;5;2;6;0;3;2;6;2;3.0;1.0;1;3;2;3;3;6;3;4;7;1
625;0;0;0;2;0;4;12;1;2;2;2;5;2;6;0;3;2;6;2;3.0;1.0;1;2;1;4;1;3;3;4;7;1
572;4;1;0;2;0;0;3;1;2;2;2;0;2;6;0;3;2;6;6;1.0;1.0;1;1;1;0;1;6;3;4;17;1
589;2;4;0;2;0;1;11;1;5;2;12;2;2;4;0;3;2;6;2;2.0;1.0;1;2;0;5;2;6;3;4;1;1
589;2;1;0;2;0;3;3;1;5;2;12;4;2;4;0;3;2;6;2;2.0;1.0;1;0;1;4;2;6;3;8;0;1
697;4;2;0;2;0;4;5;3;1;2;1;2;2;4;0;3;2;6;2;2.0;1.0;1;0;1;4;2;3;3;8;6;1
697;4;1;0;2;0;0;3;1;1;2;12;0;2;4;0;3;2;6;2;2.0;1.0;1;1;0;0;2;0;3;4;18;1
128;2;1;0;0;0;2;3;1;2;2;8;0;2;4;4;3;3;6;6;2.0;1.0;5;1;1;4;2;3;3;4;19;1
128;2;0;0;2;0;2;13;1;2;2;2;2;2;4;0;3;3;6;2;2.0;1.0;1;2;0;4;2;3;3;4;10;1
1002;3;0;0;3;2;3;3;1;1;2;8;2;2;6;0;3;3;6;6;2.0;1.0;8;1;0;0;2;3;3;4;0;1
1002;3;2;0;2;0;2;0;1;5;2;8;0;3;6;0;3;3;6;2;2.0;1.0;1;3;2;3;3;3;3;4;6;1
247;6;1;0;2;0;4;3;1;1;2;12;0;2;4;0;0;3;3;0;2.0;1.0;1;3;2;3;3;6;3;4;13;1
247;6;0;0;2;0;2;5;3;5;2;9;2;2;4;0;0;3;3;2;2.0;1.0;1;3;2;3;3;3;3;4;2;1
366;6;0;0;2;0;0;5;1;1;2;8;2;0;4;0;0;3;3;2;1.0;1.0;11;3;2;3;3;3;3;4;0;1
67;3;1;0;2;2;1;3;1;1;2;9;5;2;5;0;3;3;6;2;2.0;1.0;1;1;1;5;2;3;3;4;6;1
67;3;1;0;2;0;6;3;1;5;2;9;2;2;5;0;3;3;6;2;2.0;1.0;1;1;0;1;2;3;3;4;16;1
421;5;0;0;2;0;4;0;1;5;2;12;3;2;4;0;3;3;6;2;2.0;1.0;1;2;0;1;2;3;3;4;13;1
421;5;0;0;2;2;1;13;1;5;2;3;4;2;4;0;3;3;6;7;2.0;1.0;1;2;0;1;2;6;3;4;1;1
90;3;3;0;2;0;2;0;3;5;2;12;0;2;5;3;3;3;6;0;2.0;1.0;4;3;2;3;3;3;3;4;3;1
90;3;1;0;2;0;1;3;1;5;2;12;0;2;5;0;3;3;6;2;2.0;1.0;1;1;0;0;2;3;3;4;18;1
484;3;1;0;2;0;0;3;1;5;2;1;4;0;4;0;3;3;6;0;2.0;1.0;1;2;0;5;2;6;3;4;6;0
484;3;1;0;2;0;2;3;1;5;2;12;0;2;4;0;3;3;6;2;2.0;1.0;9;1;0;0;1;6;3;4;18;0
327;5;1;0;2;0;1;3;1;5;2;12;0;2;6;0;3;3;6;2;2.0;1.0;1;2;0;0;1;3;3;4;1;1
327;5;0;0;3;0;2;13;1;5;2;12;0;2;6;3;3;3;6;2;2.0;1.0;9;3;2;3;3;6;3;4;17;1
533;1;3;0;0;2;2;3;1;3;2;8;2;2;6;0;3;3;6;8;2.0;1.0;1;1;0;5;2;3;3;4;18;1
533;1;2;1;2;0;1;6;1;1;2;12;2;0;6;0;3;3;6;2;2.0;1.0;1;3;2;3;3;3;3;4;18;1
984;1;0;0;2;0;1;3;1;5;2;9;2;2;4;3;0;3;3;6;2.0;1.0;1;1;0;5;2;3;3;4;1;1
984;1;0;0;2;0;1;0;1;2;2;12;0;2;4;0;0;3;3;2;2.0;1.0;1;3;2;3;3;6;3;4;18;1
992;1;0;0;2;0;2;13;1;5;2;12;0;2;5;0;3;3;6;2;2.0;1.0;11;2;1;4;2;3;3;4;1;1
992;1;0;0;2;0;0;3;1;5;2;2;0;2;5;0;3;3;6;2;2.0;1.0;1;0;1;5;2;0;3;5;18;1
495;2;0;0;2;2;1;15;1;0;0;8;0;2;4;0;3;3;6;7;2.0;1.0;1;1;0;1;1;3;3;4;18;1
495;2;3;0;1;2;1;6;1;4;2;11;5;2;4;0;3;3;6;2;2.0;1.0;1;3;2;3;3;3;3;4;18;1
514;4;1;0;2;0;2;6;1;1;2;12;0;2;4;0;3;3;6;2;2.0;1.0;1;1;0;5;2;3;3;4;1;1
514;4;0;0;2;2;0;3;1;0;2;8;0;2;4;0;3;3;6;2;2.0;1.0;1;2;0;5;2;3;3;4;0;1
836;2;2;0;2;0;3;14;1;0;2;9;5;8;5;0;3;2;6;0;2.0;3.0;1;3;2;3;3;3;3;4;13;1
836;2;2;0;1;0;0;13;1;0;2;4;4;2;5;0;3;2;6;6;2.0;3.0;0;2;0;0;2;3;3;4;0;1
836;2;2;0;0;0;0;15;1;1;2;12;0;2;5;0;3;2;6;2;2.0;3.0;4;3;2;3;3;0;3;4;18;1
836;2;1;0;2;0;4;13;1;0;2;9;0;2;5;0;3;2;6;2;2.0;3.0;3;3;2;3;3;3;3;4;11;1
181;4;1;0;1;0;0;5;1;0;2;1;2;2;6;0;3;3;6;6;1.0;1.0;9;3;2;3;3;0;3;4;4;1
1039;0;1;0;2;0;1;3;1;5;1;8;5;2;4;1;3;3;6;2;1.0;1.0;9;1;1;0;2;6;3;4;4;1
271;2;0;0;0;1;1;12;1;5;2;5;2;2;6;0;3;3;6;2;2.0;1.0;1;2;0;5;2;3;3;4;0;1
271;2;2;0;1;0;4;3;1;0;2;5;2;2;6;0;3;3;6;2;2.0;1.0;4;2;1;5;2;3;3;4;17;1
280;6;1;0;3;0;2;3;1;0;2;5;0;2;5;0;3;3;6;0;2.0;4.0;1;2;0;5;2;6;3;4;16;1
280;6;1;0;1;0;0;3;3;3;2;5;0;2;5;0;3;3;6;0;2.0;4.0;1;1;1;0;2;6;3;4;1;1
280;6;3;0;1;0;2;13;1;5;2;5;5;8;5;0;3;3;6;7;2.0;4.0;11;3;2;3;3;3;3;4;1;1
280;6;3;0;1;0;1;3;1;5;2;11;5;8;5;0;3;3;6;2;2.0;4.0;1;3;2;3;3;3;3;4;11;1
1002;3;0;0;2;0;0;3;1;4;2;5;2;2;4;0;3;3;6;2;2.0;1.0;1;1;1;0;2;6;3;4;18;1
1002;3;2;0;0;0;4;13;1;5;2;5;0;2;4;0;3;3;6;2;2.0;1.0;11;3;2;3;3;6;3;4;16;1
507;5;0;0;0;0;1;3;1;5;2;5;2;4;5;0;3;3;6;7;2.0;1.0;0;1;1;0;2;3;3;4;0;1
507;5;0;0;3;0;2;3;1;1;2;5;2;3;5;0;3;3;6;7;2.0;1.0;1;2;1;1;2;3;3;4;1;1
81;1;0;0;3;0;0;3;1;1;2;8;0;3;4;0;3;3;6;2;2.0;1.0;9;3;2;3;3;3;3;4;18;1
81;1;2;0;2;0;2;12;1;1;2;5;0;3;4;0;3;3;6;2;2.0;1.0;3;1;1;1;2;3;3;4;6;1
441;3;1;0;2;0;2;3;1;5;2;5;0;3;1;0;3;3;6;2;2.0;1.0;1;1;1;5;2;3;3;4;17;1
441;3;1;0;3;0;2;3;1;1;2;5;0;2;1;0;3;3;6;6;2.0;1.0;1;3;2;3;3;3;3;4;6;1
1039;3;1;0;2;0;1;3;1;5;2;8;0;2;4;0;3;3;6;2;2.0;1.0;4;1;0;0;1;3;3;4;13;1
1039;3;1;0;2;0;2;4;1;5;2;1;0;2;4;0;3;3;6;6;2.0;1.0;9;3;2;3;3;3;3;4;18;1
90;3;1;0;1;0;1;3;1;4;2;8;0;2;4;0;3;3;6;2;2.0;1.0;1;3;2;3;3;3;3;4;18;1
90;3;0;0;2;0;0;3;1;1;2;12;2;0;4;0;3;3;6;2;2.0;1.0;9;2;1;5;2;3;3;4;18;1
118;5;0;0;2;0;0;5;1;4;2;9;2;2;4;0;3;3;6;6;2.0;1.0;1;2;1;5;2;3;3;4;1;1
118;5;2;0;2;0;2;6;1;4;2;9;5;2;4;2;3;3;6;2;2.0;1.0;1;3;2;3;3;3;3;4;1;1
164;5;1;0;5;0;6;15;1;5;2;9;0;2;4;0;3;3;6;2;2.0;1.0;1;0;1;0;2;3;3;6;13;0
164;5;2;0;2;0;2;11;1;4;2;12;0;2;4;0;3;3;6;6;2.0;1.0;1;0;0;5;2;3;3;4;0;0
509;1;1;0;2;0;0;7;1;5;2;8;2;2;6;0;3;2;6;6;2.0;1.0;1;2;1;4;2;3;3;4;16;1
509;1;1;0;2;0;1;11;1;5;2;12;2;2;6;0;3;2;6;2;2.0;1.0;1;1;1;1;2;3;3;4;13;1
386;4;1;0;2;0;4;3;1;4;2;12;5;2;6;0;3;3;6;2;2.0;1.0;1;2;0;4;2;3;3;4;6;1
386;4;0;0;2;2;2;3;1;2;2;8;2;2;6;0;3;3;6;2;2.0;1.0;1;0;0;4;1;3;3;8;6;1
685;4;1;0;1;0;0;2;1;3;2;2;5;2;5;0;3;2;6;2;2.0;1.0;1;3;2;3;3;3;3;4;10;1
685;4;0;0;2;0;4;12;1;5;2;12;2;2;5;0;3;2;6;2;2.0;1.0;1;1;1;0;2;3;3;4;17;1
683;4;1;0;2;0;0;3;1;5;2;12;4;2;4;0;3;2;6;2;1.0;1.0;1;3;2;3;3;3;3;4;16;1
1005;5;3;0;2;0;1;11;1;5;2;8;3;2;4;0;3;3;6;2;1.0;1.0;5;1;1;4;2;3;3;4;6;1
405;5;0;0;2;0;4;3;1;5;2;8;4;0;4;0;3;3;6;2;2.0;1.0;5;2;0;4;2;3;3;4;13;1
405;5;2;0;2;0;1;5;1;5;2;8;0;2;4;0;3;3;6;2;2.0;1.0;1;1;0;1;1;3;3;4;6;1
332;1;1;0;3;0;2;3;1;5;2;8;3;2;5;0;3;3;6;2;2.0;1.0;1;2;1;0;1;3;3;4;16;1
332;1;0;0;2;0;2;3;1;5;2;12;2;2;5;0;3;3;6;2;2.0;1.0;3;1;0;0;1;3;3;4;0;1
530;1;0;0;3;0;0;13;1;3;2;8;0;2;5;2;3;2;6;2;2.0;1.0;1;2;1;5;0;3;3;4;1;1
530;1;0;2;3;0;2;3;1;5;2;12;2;2;5;0;3;2;6;2;2.0;1.0;1;3;2;3;3;3;3;4;16;1
416;1;2;0;3;0;2;0;1;5;2;12;3;2;6;0;3;3;6;2;2.0;1.0;1;1;1;1;2;3;3;4;6;0
416;1;3;0;2;0;0;3;3;5;2;12;2;2;6;0;3;3;6;2;2.0;1.0;1;3;2;3;3;3;3;4;13;0
406;0;3;0;2;0;2;5;1;5;2;8;2;2;4;0;3;2;6;2;2.0;1.0;1;3;2;3;3;3;3;4;18;1
406;0;0;0;2;0;2;5;1;5;2;8;2;2;4;3;3;2;6;2;2.0;1.0;3;1;0;1;2;3;3;4;1;1
968;6;1;0;2;0;1;3;1;5;2;8;2;2;6;0;3;3;6;2;2.0;1.0;1;0;1;4;0;3;3;6;1;1
968;6;1;0;2;0;0;3;3;5;2;8;2;2;6;0;3;3;6;6;2.0;1.0;1;1;1;1;2;3;3;4;18;1
396;6;1;0;2;0;2;3;1;1;2;2;0;2;4;0;3;3;6;2;2.0;1.0;5;2;1;5;2;3;3;4;1;1
396;6;1;0;2;0;3;13;3;5;2;8;2;2;4;2;3;3;6;7;2.0;1.0;1;0;0;5;2;3;3;5;6;1
946;6;0;0;2;0;2;5;3;5;2;9;2;2;5;0;3;3;6;2;2.0;1.0;1;1;1;0;2;3;3;4;1;1
946;6;2;0;2;2;2;15;1;5;2;11;2;2;5;0;3;3;6;6;2.0;1.0;1;3;2;3;3;3;3;4;18;1
850;5;4;0;2;2;2;3;1;5;2;8;0;2;5;0;3;2;6;2;2.0;1.0;1;3;2;3;3;3;3;4;0;1
850;5;1;0;2;0;2;3;1;2;2;12;0;2;5;3;3;2;6;2;2.0;1.0;1;1;0;4;1;3;3;4;18;1
267;5;1;0;1;0;1;3;1;5;2;12;3;2;4;0;3;3;6;2;2.0;1.0;2;0;0;4;2;3;3;8;7;1
267;5;1;0;0;0;2;1;3;5;2;12;3;2;4;0;3;3;6;2;2.0;1.0;5;3;2;3;3;3;3;4;18;1
489;5;0;0;2;0;4;5;1;2;2;12;2;2;1;0;3;3;6;2;2.0;1.0;1;3;2;3;3;6;3;4;11;1
489;5;2;0;2;0;3;15;1;5;2;8;3;0;1;0;3;3;6;0;2.0;1.0;1;1;0;0;0;6;3;4;10;1
956;5;1;0;3;0;2;3;1;5;2;8;2;2;5;0;3;3;6;6;2.0;1.0;1;1;0;5;1;3;3;4;17;1
956;5;0;0;3;0;1;0;1;5;2;8;2;0;5;3;3;3;6;2;2.0;1.0;1;3;2;3;3;2;3;4;13;1
983;3;0;0;2;0;1;13;1;5;2;8;2;0;6;0;3;3;6;6;2.0;1.0;1;3;2;3;3;3;3;4;0;1
983;3;1;0;2;0;0;0;1;5;2;8;4;2;6;0;3;3;6;2;2.0;1.0;1;3;2;3;3;3;3;4;1;1
332;3;0;0;2;0;1;3;1;5;2;8;2;2;4;0;3;3;6;2;1.0;1.0;1;1;0;0;2;3;3;4;0;1
403;3;3;0;2;0;1;3;1;5;2;8;2;2;5;0;3;3;6;2;2.0;1.0;1;3;2;3;3;3;3;4;10;1
403;3;1;0;2;0;4;3;1;2;2;12;0;2;5;0;3;3;6;2;2.0;1.0;1;1;0;1;2;3;3;4;16;1
777;3;0;0;1;0;3;3;1;5;2;12;2;2;4;0;3;2;6;2;1.0;1.0;9;3;2;3;3;3;3;4;16;1
278;3;1;0;2;0;1;13;1;1;2;9;2;2;4;0;3;3;6;6;1.0;1.0;9;0;0;4;2;3;3;6;1;1
975;0;1;0;1;0;4;3;1;5;2;12;2;2;4;0;3;3;6;2;2.0;1.0;4;0;1;4;2;3;3;6;0;1
975;0;0;0;2;0;4;6;1;2;2;12;2;2;4;0;3;3;6;6;2.0;1.0;5;0;0;5;2;3;3;5;0;1
676;3;3;0;1;0;2;3;3;5;2;12;2;2;5;0;0;2;3;2;2.0;2.0;5;1;0;0;2;3;3;4;1;1
676;3;3;0;2;0;4;0;1;2;2;12;0;2;5;0;0;2;3;2;2.0;2.0;1;2;0;0;2;3;3;4;1;1
676;3;2;0;2;0;0;13;1;5;2;4;0;2;5;3;0;2;3;2;2.0;2.0;1;3;2;3;3;3;3;4;19;1
543;4;0;0;2;0;1;3;1;2;2;4;0;2;5;0;3;2;6;2;2.0;1.0;5;1;1;0;1;1;3;4;11;1
543;4;2;0;3;0;1;15;1;5;2;2;3;2;5;0;3;2;6;2;2.0;1.0;5;3;2;3;3;3;3;4;1;1
136;2;0;0;3;1;2;6;1;5;2;12;0;2;4;0;3;3;6;2;2.0;1.0;1;1;0;1;2;3;3;4;10;1
136;2;3;0;2;0;2;6;1;4;2;12;0;2;4;0;3;3;6;2;2.0;1.0;2;1;0;4;2;3;3;4;6;1
541;0;0;0;1;2;2;3;1;5;2;8;0;2;6;4;3;2;6;2;1.0;1.0;5;3;2;3;3;3;3;4;13;1
926;0;0;0;2;0;4;14;1;5;2;8;0;2;5;2;3;3;6;2;2.0;1.0;4;3;2;3;3;4;3;4;18;1
926;0;1;0;2;0;3;13;3;3;2;9;2;2;5;2;3;3;6;2;2.0;1.0;1;1;0;5;2;3;3;4;16;1
278;0;2;0;2;1;3;15;1;5;2;4;0;2;6;0;3;3;6;2;2.0;1.0;1;3;2;3;3;3;3;4;3;1
278;0;1;0;2;0;4;13;1;5;2;8;0;2;6;0;3;3;6;0;2.0;1.0;1;1;0;5;1;3;3;4;1;1
961;6;0;0;1;2;2;5;1;5;2;12;0;2;5;3;3;3;6;6;2.0;1.0;1;1;0;0;2;3;3;4;18;1
961;6;0;0;3;2;2;3;1;5;2;12;2;2;5;0;3;3;6;2;2.0;1.0;1;1;0;0;2;0;3;4;13;1
227;6;1;0;2;0;1;12;1;5;2;9;0;2;4;0;3;3;6;2;2.0;1.0;1;3;2;3;3;3;3;4;16;0
227;6;3;0;2;0;1;3;1;5;2;8;2;2;4;0;3;3;6;6;2.0;1.0;1;1;0;5;2;6;3;4;16;0
171;4;1;0;0;0;2;3;2;5;2;9;5;2;4;0;3;3;6;2;1.0;1.0;1;0;1;1;2;3;3;8;18;1
108;0;2;0;2;2;1;3;1;5;2;8;2;2;5;3;3;3;6;2;1.0;1.0;1;3;2;3;3;3;3;4;18;1
497;3;1;0;2;0;2;13;1;5;2;2;2;2;4;0;3;2;6;2;1.0;1.0;5;1;0;5;2;3;3;4;11;1
673;3;1;0;2;0;1;3;2;2;2;9;2;2;5;0;3;2;6;0;2.0;1.0;1;3;2;3;3;3;3;4;10;1
673;3;0;0;2;0;2;3;1;4;2;11;5;2;5;0;3;2;6;0;2.0;1.0;1;1;1;0;2;3;3;4;0;1
326;3;1;0;2;0;1;13;1;2;2;3;5;8;4;0;0;3;3;7;3.0;1.0;9;1;0;4;2;3;3;4;1;0
326;3;1;0;3;0;0;3;1;1;2;12;0;2;4;0;0;3;3;2;3.0;1.0;1;3;2;3;3;3;3;4;6;0
326;3;3;0;1;0;2;3;1;5;2;11;3;2;4;0;0;3;3;2;3.0;1.0;9;1;0;4;1;3;3;4;13;0
164;3;1;0;2;2;0;3;1;4;2;12;5;2;6;0;3;3;6;2;2.0;1.0;5;1;0;5;2;3;3;4;13;1
164;3;2;0;2;0;1;12;1;2;2;4;0;2;6;0;3;3;6;7;2.0;1.0;1;3;2;3;3;3;3;4;0;1
446;5;1;0;2;0;0;3;1;5;2;2;2;2;6;0;3;3;6;7;2.0;1.0;2;1;0;0;2;3;3;4;16;1
446;5;2;0;3;0;4;3;1;5;2;8;2;2;6;0;3;3;6;2;2.0;1.0;1;3;2;3;3;3;3;4;9;1
832;2;1;0;2;0;1;3;1;5;2;12;2;2;5;3;3;2;6;2;2.0;1.0;5;0;0;5;1;3;3;4;10;1
832;2;1;0;2;0;1;4;1;5;2;8;3;2;5;0;3;2;6;2;2.0;1.0;5;0;0;5;2;0;3;8;0;1
72;2;3;0;2;0;1;3;1;5;2;8;3;2;4;0;3;3;6;6;2.0;1.0;5;3;2;3;3;3;3;4;6;1
72;2;1;0;2;0;1;3;3;5;2;8;3;2;4;0;3;3;6;2;2.0;1.0;0;1;0;1;2;3;3;4;18;1
515;1;1;0;3;0;1;5;1;5;2;9;3;2;5;0;3;2;6;6;2.0;1.0;5;1;1;0;2;3;3;4;1;1
515;1;0;0;2;0;1;6;1;5;2;8;3;2;5;3;3;2;6;2;2.0;1.0;5;2;1;5;2;6;3;4;18;1
716;1;0;0;3;0;2;15;1;1;2;12;0;2;6;0;3;2;6;2;1.0;1.0;5;2;1;5;2;3;3;4;18;1
654;6;1;0;3;0;1;11;1;1;2;4;4;2;5;0;3;2;6;6;2.0;1.0;1;1;1;4;2;6;3;4;19;1
654;6;0;0;2;0;4;3;1;5;2;12;4;2;5;0;3;2;6;2;2.0;1.0;1;2;0;4;2;3;3;4;11;1
9;0;1;0;2;0;4;0;1;5;2;8;3;2;6;0;0;2;3;2;1.0;1.0;1;2;0;1;2;6;3;4;6;0
794;4;1;0;1;0;4;13;3;5;2;8;2;2;4;0;3;2;6;6;1.0;1.0;1;3;2;3;3;3;3;4;10;0
288;4;3;0;2;0;2;0;3;5;2;12;3;2;5;0;3;3;6;6;2.0;1.0;1;3;2;3;3;3;3;4;13;1
288;4;1;0;2;2;1;3;1;5;2;12;2;2;5;0;3;3;6;2;2.0;1.0;1;3;2;3;3;6;3;4;3;1
324;6;0;0;3;0;0;3;1;5;2;8;3;2;6;0;3;3;6;2;3.0;1.0;1;1;0;5;2;0;3;4;10;1
324;6;0;0;2;0;1;3;1;5;2;8;2;2;6;4;3;3;6;2;3.0;1.0;1;1;0;0;1;1;3;4;0;1
324;6;3;0;2;0;2;3;1;2;2;8;0;2;6;0;3;3;6;2;3.0;1.0;1;3;2;3;3;0;3;4;1;1
558;4;0;0;2;0;2;13;1;5;2;12;0;2;5;0;3;2;6;2;2.0;1.0;1;3;2;3;3;3;3;4;18;1
558;4;0;0;3;2;2;3;1;5;2;12;0;2;5;0;3;2;6;2;2.0;1.0;1;1;0;1;2;0;3;4;18;1
915;0;0;0;1;1;4;6;1;5;2;1;0;2;4;0;3;3;6;2;2.0;1.0;2;3;2;3;3;3;3;4;16;1
915;0;2;0;2;0;4;3;1;5;2;2;0;2;4;0;3;3;6;2;2.0;1.0;1;1;0;1;2;0;3;4;13;1
123;5;2;0;2;0;0;0;0;0;2;1;5;2;4;0;3;3;6;2;1.0;1.0;5;0;0;4;2;0;3;4;13;1
736;3;3;0;1;2;2;13;1;2;2;11;5;2;4;0;3;2;6;2;1.0;1.0;1;2;1;0;2;0;3;4;19;1
563;5;0;0;2;0;1;3;1;5;2;2;3;2;4;3;3;2;6;2;2.0;1.0;3;3;2;3;3;3;3;4;1;1
563;5;2;1;2;0;2;15;1;2;2;8;2;2;4;0;3;2;6;2;2.0;1.0;1;1;1;1;2;3;3;4;1;1
145;5;1;0;2;0;1;6;1;1;2;9;4;8;6;0;3;3;6;2;2.0;1.0;1;2;0;5;2;2;3;4;16;1
145;5;1;0;2;0;4;6;1;5;2;12;4;2;6;0;3;3;6;2;2.0;1.0;1;1;1;4;2;3;3;4;0;1
737;0;0;0;3;0;2;3;1;5;2;12;0;2;4;0;3;2;6;2;2.0;1.0;1;3;2;3;3;6;3;4;0;1
737;0;2;0;2;0;2;14;3;0;2;4;4;2;4;0;3;2;6;2;2.0;1.0;4;1;1;5;2;3;3;4;6;1
358;2;0;0;0;0;0;13;3;0;2;2;5;8;4;0;3;3;6;2;3.0;1.0;6;0;0;5;2;3;3;8;1;1
358;2;2;0;3;0;4;15;2;0;2;8;5;2;4;0;3;3;6;2;3.0;1.0;6;3;2;3;3;3;3;4;0;1
358;2;2;1;3;0;2;13;1;5;2;8;0;2;4;0;3;3;6;6;3.0;1.0;6;1;0;5;2;3;3;4;10;1
664;2;1;0;3;0;1;5;1;5;2;8;3;2;4;0;3;2;6;2;1.0;1.0;6;3;2;3;3;3;3;4;6;0
1012;2;3;0;3;0;1;3;1;1;2;12;2;2;5;0;3;3;6;7;2.0;1.0;5;1;0;0;2;3;3;4;18;1
1012;2;0;0;2;0;2;12;1;5;2;8;0;2;5;0;3;3;6;2;2.0;1.0;6;3;2;3;3;3;3;4;16;1
699;0;0;0;2;0;0;3;1;5;2;12;3;2;4;0;3;2;6;6;2.0;2.0;4;3;2;3;3;3;3;4;16;1
699;0;0;0;2;0;2;3;1;4;2;4;2;2;4;0;3;2;6;2;2.0;2.0;6;1;1;0;2;6;3;4;16;1
699;0;0;0;2;0;2;3;1;5;2;9;5;2;4;0;3;2;6;2;2.0;2.0;6;0;1;4;2;6;3;4;1;1
119;0;1;0;0;0;2;13;1;5;2;12;2;2;5;0;3;3;6;2;2.0;1.0;6;3;2;3;3;6;3;4;13;1
119;0;0;0;2;0;4;3;1;2;2;12;4;2;5;3;3;3;6;2;2.0;1.0;6;1;0;4;2;3;3;4;6;1
264;0;0;0;3;0;1;3;1;0;2;12;4;2;4;0;3;3;6;2;1.0;1.0;6;2;0;1;2;1;3;4;10;1
386;3;2;0;2;0;2;13;1;5;2;12;0;2;4;0;3;3;6;0;1.0;1.0;5;1;1;4;2;3;3;4;0;0
684;4;0;0;2;0;2;3;1;5;2;12;2;2;5;0;0;2;6;6;2.0;1.0;1;2;0;4;2;6;3;4;16;1
684;4;2;0;2;0;2;3;3;3;2;9;5;8;5;0;0;2;6;2;2.0;1.0;1;1;0;1;2;1;3;4;0;1
305;6;1;0;2;0;2;3;1;5;2;8;2;2;6;0;3;3;6;2;2.0;1.0;5;2;1;4;2;3;3;4;7;1
305;6;1;0;2;0;2;12;1;5;2;8;2;2;6;0;3;3;6;6;2.0;1.0;1;2;0;4;2;3;3;4;13;1
1048;6;1;0;2;0;0;3;1;5;2;12;2;2;4;0;3;3;6;2;1.0;1.0;1;3;2;3;3;3;3;4;16;1
461;3;1;0;0;2;2;3;1;4;2;12;4;2;5;0;3;2;6;2;2.0;1.0;1;1;0;1;2;3;3;4;18;1
461;3;0;0;2;0;1;3;1;5;2;8;2;2;5;0;3;2;6;2;2.0;1.0;1;1;0;5;2;3;3;4;6;1
548;1;2;0;2;2;2;4;1;1;2;8;0;2;4;0;0;2;3;2;1.0;1.0;1;3;2;3;3;3;3;4;1;1
73;0;1;0;1;0;1;3;1;5;2;12;2;2;5;0;3;3;6;2;1.0;1.0;2;3;2;3;3;3;3;4;16;1
678;0;1;0;2;0;4;3;1;5;2;12;2;2;4;2;3;2;6;2;2.0;1.0;9;1;0;1;1;3;3;4;16;1
678;0;0;0;2;0;3;5;3;5;2;9;2;2;4;0;3;2;6;7;2.0;1.0;8;0;1;1;1;6;3;4;18;1
670;2;1;0;2;0;3;6;1;0;2;12;0;2;5;0;3;2;7;2;2.0;1.0;1;1;0;1;2;6;3;4;7;1
670;2;2;1;2;2;2;15;1;5;2;8;0;2;5;0;3;2;7;6;2.0;1.0;1;1;0;4;2;3;3;4;6;1
689;4;4;0;2;0;1;11;1;1;2;8;0;2;5;0;3;2;6;2;2.0;2.0;1;2;1;4;2;3;3;4;6;1
689;4;0;0;2;0;2;7;1;5;2;12;0;2;5;0;3;2;6;2;2.0;2.0;1;3;2;3;3;3;3;4;0;1
411;3;2;0;3;0;5;11;1;5;2;12;2;2;6;0;3;3;6;2;1.0;1.0;1;1;1;0;2;3;3;4;6;1
151;6;0;0;2;0;4;3;1;4;2;12;0;2;4;0;3;3;6;2;2.0;1.0;1;0;1;1;2;3;3;8;1;1
151;6;1;0;2;2;4;3;1;5;2;8;2;2;4;0;3;3;6;2;2.0;1.0;1;1;0;0;1;3;3;4;6;1
451;3;3;0;2;0;4;2;1;4;2;8;2;2;5;0;3;2;6;2;2.0;1.0;1;3;2;3;3;3;3;4;6;1
451;3;1;0;2;0;4;12;1;5;2;12;2;8;5;0;3;2;6;2;2.0;1.0;1;3;2;3;3;3;3;4;10;1
1063;5;1;0;2;2;2;3;1;4;2;2;5;2;5;0;3;3;6;2;2.0;1.0;1;1;0;1;2;3;3;4;6;1
1063;5;1;0;2;0;3;11;3;5;2;4;0;2;5;0;3;3;6;2;2.0;1.0;1;0;0;5;0;3;3;6;18;1
377;3;1;0;2;0;1;3;2;1;2;12;0;2;4;0;3;3;6;6;2.0;1.0;5;1;0;5;2;6;3;4;6;1
377;3;0;0;2;0;2;5;1;2;2;12;2;2;4;0;3;3;6;2;2.0;1.0;1;3;2;3;3;3;3;4;7;1
796;1;2;1;0;0;0;3;1;0;2;8;0;3;4;0;3;2;6;6;1.0;1.0;9;3;2;3;3;3;3;4;11;1
474;3;0;0;2;0;0;3;1;5;2;12;4;2;4;0;0;2;3;2;2.0;1.0;5;1;0;0;2;3;3;4;18;1
474;3;2;2;2;0;0;13;1;5;2;1;0;8;4;0;0;2;3;2;2.0;1.0;1;2;1;0;2;3;3;4;6;1
140;2;0;0;4;0;2;3;3;5;2;12;2;8;6;4;3;3;6;2;1.0;1.0;1;1;0;0;2;3;3;4;16;1
564;1;0;0;2;0;4;0;3;2;2;2;2;2;6;0;0;2;3;7;2.0;1.0;1;3;2;3;3;3;3;4;16;1
564;1;2;0;2;0;4;3;1;5;2;9;0;2;6;0;0;2;3;2;2.0;1.0;1;1;0;1;2;6;3;4;16;1
335;1;2;0;2;0;2;5;1;2;2;8;2;2;5;0;3;3;6;2;2.0;1.0;1;3;2;3;3;3;3;4;16;1
335;1;2;0;2;0;1;5;1;1;2;12;2;2;5;0;3;3;6;2;2.0;1.0;1;0;0;4;2;3;3;4;18;1
297;0;3;0;2;0;3;3;3;1;2;8;0;2;4;0;3;3;6;7;1.0;1.0;1;0;0;5;2;3;3;6;13;1
81;4;1;0;2;0;0;3;1;5;2;8;5;2;4;0;0;3;0;6;1.0;1.0;1;0;1;5;2;3;3;8;18;1
525;4;1;0;2;0;2;3;1;5;2;12;4;4;6;0;0;2;6;2;1.0;1.0;1;3;2;3;3;3;3;4;1;1
406;4;0;0;2;0;3;13;1;5;2;9;0;2;4;4;3;2;6;2;2.0;1.0;5;1;0;0;1;3;3;4;1;1
406;4;1;0;3;0;2;5;1;5;2;1;4;2;4;0;3;2;6;2;2.0;1.0;2;0;0;5;2;3;3;6;17;1
1067;4;1;0;2;0;1;15;1;5;2;2;0;2;4;0;3;3;6;2;1.0;1.0;5;1;1;5;2;6;3;4;13;1
1030;0;1;0;2;0;2;3;1;5;2;12;4;2;6;0;0;3;3;2;2.0;1.0;5;1;1;0;2;6;3;4;1;1
1030;0;1;0;3;0;2;3;1;5;2;12;0;2;6;0;0;3;3;2;2.0;1.0;2;0;0;4;2;3;3;7;18;1
483;6;3;0;2;0;4;3;1;5;2;12;2;2;5;0;3;2;6;2;2.0;2.0;1;0;1;1;2;3;3;7;16;1
483;6;0;0;2;0;0;1;3;5;2;9;5;2;5;0;3;2;6;6;2.0;2.0;1;3;2;3;3;3;3;4;0;1
483;6;0;0;1;0;3;5;1;4;2;11;5;2;5;0;3;2;6;6;2.0;2.0;1;1;0;0;2;3;3;4;18;1
189;6;1;0;3;0;4;15;1;4;2;2;2;2;4;0;3;3;6;2;1.0;1.0;1;0;0;4;1;3;3;6;18;1
474;5;0;0;1;2;0;3;1;4;2;12;5;2;4;0;3;2;6;2;2.0;1.0;4;2;1;1;2;3;3;4;19;1
474;5;0;0;2;0;1;3;1;3;2;12;2;2;4;4;3;2;6;2;2.0;1.0;1;2;1;1;2;6;3;4;17;1
113;5;1;0;2;0;2;3;1;1;2;8;0;2;4;0;3;3;6;2;1.0;1.0;1;3;2;3;3;6;3;4;1;1
63;3;1;0;1;2;1;15;1;1;2;8;2;2;4;0;3;3;6;2;1.0;1.0;1;0;0;4;2;6;3;4;18;1
510;1;1;0;1;0;4;13;1;1;2;12;0;2;0;0;3;2;6;0;2.0;1.0;1;1;0;1;2;3;3;4;6;1
510;1;1;0;2;0;0;4;1;3;2;3;0;2;0;0;3;2;6;2;2.0;1.0;1;3;2;3;3;6;3;4;18;1
509;2;0;0;3;0;0;15;1;1;2;12;0;2;4;1;3;2;6;6;1.0;1.0;9;3;2;3;3;6;3;4;0;1
1033;0;3;0;1;0;0;11;1;5;2;12;2;2;4;0;3;3;6;7;2.0;1.0;1;1;1;4;2;3;1;4;11;1
1033;0;1;0;0;0;2;2;1;5;2;12;0;2;4;0;3;3;6;2;2.0;1.0;1;3;2;3;3;3;3;4;6;1
208;0;0;0;2;0;2;2;1;5;2;12;3;2;5;0;0;3;0;2;1.0;1.0;4;3;2;3;3;6;3;4;13;1
12;2;2;0;2;0;2;15;3;5;2;12;2;0;6;0;3;2;6;2;1.0;1.0;1;1;0;0;1;6;3;4;18;1
222;6;2;0;3;2;2;3;1;4;2;3;2;2;5;0;3;3;6;2;2.0;3.0;1;3;2;3;3;3;3;4;11;1
222;6;2;0;3;0;2;3;1;4;2;12;2;2;5;3;3;3;6;2;2.0;3.0;1;1;0;0;2;3;3;4;6;1
222;6;4;0;1;2;2;13;1;5;2;12;4;2;5;0;3;3;6;2;2.0;3.0;1;2;1;0;2;3;3;4;6;1
353;6;1;0;2;0;2;2;1;1;2;12;2;0;4;0;3;2;6;2;2.0;1.0;1;0;1;5;2;3;3;4;13;1
353;6;0;0;2;2;0;13;1;5;2;8;2;2;4;0;3;2;6;6;2.0;1.0;1;1;0;0;2;3;3;4;6;1
428;1;2;1;2;0;1;3;1;5;2;9;2;2;6;0;3;2;6;0;2.0;1.0;9;1;0;4;2;2;3;4;7;1
428;1;1;0;2;2;2;4;1;1;2;12;2;2;6;0;3;2;6;2;2.0;1.0;1;3;2;3;3;0;3;4;1;1
456;6;1;0;2;2;4;13;1;5;2;9;2;2;4;0;3;2;6;7;2.0;1.0;1;1;1;1;2;3;3;4;18;1
456;6;2;0;1;0;2;6;1;5;2;12;0;2;4;0;3;2;6;2;2.0;1.0;1;0;0;4;1;1;3;4;18;1
862;3;0;0;1;2;1;14;1;1;2;9;3;2;4;0;0;2;5;2;2.0;2.0;1;1;0;0;2;3;3;4;0;1
862;3;0;0;2;0;2;3;1;5;2;8;2;2;4;0;0;2;5;7;2.0;2.0;9;1;1;0;2;3;3;4;10;1
469;3;1;0;3;0;1;3;1;2;2;8;2;0;4;0;0;2;6;7;1.0;1.0;1;0;1;4;1;3;3;6;0;1
942;0;0;0;3;0;2;2;1;5;2;8;3;2;6;0;3;3;6;2;2.0;1.0;5;0;1;4;2;0;3;8;1;1
942;0;2;0;2;0;0;3;1;5;2;1;2;2;6;2;3;3;6;2;2.0;1.0;5;1;0;0;2;3;3;4;13;1
524;5;0;0;2;0;2;14;1;5;2;12;2;2;5;0;3;2;6;2;2.0;1.0;1;1;0;1;2;3;3;4;18;1
524;5;2;0;2;0;2;5;1;5;2;12;5;2;5;0;3;2;6;2;2.0;1.0;1;0;1;4;1;3;3;4;0;1
350;1;1;0;3;0;4;5;1;2;2;12;2;2;4;0;3;3;6;2;1.0;2.0;1;0;0;4;2;6;3;4;13;1
350;1;1;0;3;0;3;2;1;5;2;12;3;2;4;0;3;3;6;6;1.0;2.0;1;2;1;4;2;3;3;4;18;1
897;5;1;0;2;0;1;2;1;1;2;12;0;3;5;0;0;2;3;2;2.0;1.0;5;3;2;3;3;1;3;4;7;1
897;5;1;0;3;2;0;2;1;1;2;8;2;2;5;0;0;2;3;2;2.0;1.0;1;0;0;0;2;3;3;6;7;1
625;6;2;0;2;2;2;5;1;4;2;8;2;2;4;0;0;2;6;2;1.0;1.0;3;3;2;3;3;3;3;4;13;1
754;1;2;1;2;0;1;13;1;5;2;8;4;2;5;0;3;2;6;2;2.0;1.0;1;1;0;4;2;6;3;4;13;1
754;1;0;0;2;0;1;2;1;4;2;9;3;2;5;0;3;2;6;2;2.0;1.0;1;0;0;1;1;6;3;4;11;1
367;2;2;1;1;0;1;5;3;3;2;1;2;2;4;0;3;3;6;2;1.0;1.0;1;3;2;3;3;6;3;4;6;1
346;4;1;0;2;0;4;2;1;5;2;2;3;2;4;0;3;2;6;2;2.0;1.0;1;1;0;1;2;3;2;4;1;1
346;4;1;0;2;0;1;15;1;5;2;8;0;2;4;0;3;2;6;2;2.0;1.0;1;3;2;3;3;3;0;4;10;1
1060;4;2;0;2;0;0;2;1;5;2;12;2;2;6;0;3;3;6;2;1.0;1.0;1;1;0;1;2;3;3;4;18;1
710;4;1;0;2;0;1;2;1;5;2;9;5;8;4;0;3;0;6;2;2.0;1.0;9;3;2;3;3;6;3;4;13;1
710;4;1;0;2;0;2;2;1;5;2;11;5;2;4;0;3;0;6;2;2.0;1.0;1;1;1;0;2;3;3;4;1;1
94;0;3;0;2;0;0;4;1;0;2;8;2;2;4;0;3;3;6;2;2.0;1.0;5;1;1;1;2;3;3;4;0;1
94;0;0;0;3;0;0;3;1;4;2;12;5;2;4;0;3;3;6;2;2.0;1.0;1;2;0;5;2;3;3;4;18;1
307;1;2;0;2;0;1;2;1;5;2;12;2;2;4;0;3;3;6;2;2.0;1.0;1;3;2;3;3;3;3;4;9;1
307;1;0;0;2;0;4;13;2;1;2;8;2;3;4;0;3;3;6;2;2.0;1.0;1;1;0;0;1;3;3;4;0;1
528;6;2;0;2;0;3;6;1;5;2;8;2;2;6;0;3;2;6;6;2.0;1.0;1;3;2;3;3;3;3;4;16;1
528;6;0;0;2;0;4;3;1;2;2;12;0;2;6;0;3;2;6;2;2.0;1.0;1;3;2;3;3;3;3;4;18;1
737;5;1;0;3;2;2;4;1;2;2;8;2;2;5;0;3;2;6;2;2.0;1.0;9;1;0;4;2;0;3;4;2;1
737;5;0;0;3;0;4;13;1;1;2;4;2;2;5;0;3;2;6;2;2.0;1.0;1;3;2;3;3;3;3;4;18;1
716;0;4;0;2;0;0;5;1;5;2;8;0;2;5;0;3;2;6;2;2.0;1.0;1;3;2;3;3;3;3;4;0;1
716;0;2;0;2;0;2;2;1;5;2;12;0;2;5;3;3;2;6;7;2.0;1.0;1;1;1;1;2;6;3;4;18;1
575;1;1;0;1;2;2;13;1;4;2;12;2;2;5;0;3;0;6;2;2.0;1.0;1;1;1;5;2;6;3;4;1;1
575;1;1;0;3;0;1;4;1;5;2;8;2;2;5;0;3;0;6;2;2.0;1.0;1;1;0;0;2;3;3;4;6;1
465;2;3;0;2;0;2;2;1;4;2;9;2;2;5;0;0;2;3;2;2.0;1.0;1;1;1;1;2;6;3;4;0;1
465;2;0;0;2;0;2;13;1;2;2;8;0;2;5;0;0;2;3;2;2.0;1.0;1;2;0;1;2;2;3;4;16;1
819;0;1;0;1;2;0;7;1;5;2;1;5;2;6;3;3;2;6;2;2.0;1.0;1;0;0;4;1;3;3;8;18;0
819;0;1;0;2;0;0;3;3;5;2;8;5;0;6;0;3;2;6;2;2.0;1.0;1;2;1;5;2;3;3;4;17;0
789;4;1;0;2;0;0;3;1;2;2;4;5;2;4;0;0;2;5;2;1.0;1.0;1;3;2;3;3;3;3;4;17;1
992;2;1;0;2;0;4;11;1;5;2;12;2;2;5;3;0;3;6;2;1.0;1.0;1;1;1;4;2;3;3;4;16;1
942;5;0;0;2;0;0;2;1;5;2;9;0;2;5;0;3;3;6;7;2.0;1.0;5;1;0;1;2;3;3;4;1;1
942;5;2;0;1;2;4;13;3;4;2;9;5;2;5;0;3;3;6;2;2.0;1.0;1;3;2;3;3;3;3;4;1;1
367;6;0;0;2;0;4;13;1;0;2;4;5;2;4;0;0;2;3;2;2.0;1.0;1;1;1;1;2;3;3;4;18;1
367;6;1;0;2;0;0;14;1;1;2;9;0;2;4;0;0;2;3;2;2.0;1.0;1;1;0;4;1;3;3;4;16;1
1022;5;1;0;2;0;0;11;1;5;2;9;5;2;5;0;3;3;6;2;1.0;1.0;1;1;1;0;2;3;3;4;18;1
343;5;3;0;1;0;1;5;1;5;2;8;0;2;5;0;3;3;6;6;1.0;1.0;1;1;0;1;2;3;3;4;18;1
865;1;1;0;2;0;1;3;1;1;2;8;3;4;0;0;3;2;6;2;2.0;2.0;1;0;1;5;1;3;3;4;0;1
865;1;0;0;2;0;0;5;1;4;2;8;5;2;0;0;3;2;6;2;2.0;2.0;9;0;0;4;2;3;3;4;1;1
657;1;4;0;3;0;2;13;1;0;2;8;0;4;5;0;0;2;3;2;2.0;1.0;1;3;2;3;3;1;3;4;18;1
657;1;1;0;2;0;2;3;1;5;2;8;4;2;5;0;0;2;3;2;2.0;1.0;1;1;0;4;2;3;3;4;3;1
644;1;1;0;2;0;0;13;1;5;2;8;0;2;4;0;0;2;3;2;1.0;1.0;1;1;0;1;1;3;3;4;16;1
36;0;1;0;3;1;2;13;1;5;2;8;5;2;4;0;3;2;6;2;2.0;1.0;1;3;2;3;3;3;3;4;13;1
36;0;1;0;2;0;1;4;1;4;2;9;5;2;4;1;3;2;6;2;2.0;1.0;1;3;2;3;3;3;3;4;10;1
297;4;1;0;3;0;4;13;1;4;2;9;5;1;4;0;3;3;6;2;2.0;1.0;1;0;0;1;1;3;3;8;16;1
297;4;0;0;2;0;2;15;1;1;2;8;3;2;4;0;3;3;6;2;2.0;1.0;5;1;0;1;2;6;3;4;5;1
377;4;0;0;2;0;1;15;1;1;2;0;0;2;6;0;3;2;6;6;2.0;1.0;1;1;1;1;2;3;3;4;10;1
377;4;2;0;3;0;4;3;1;5;2;13;5;2;6;0;3;2;6;2;2.0;1.0;1;3;2;3;3;3;3;4;0;1
97;2;0;0;2;0;1;3;1;5;2;4;5;2;6;0;3;3;6;2;2.0;1.0;1;1;0;4;2;3;3;4;0;1
97;2;1;0;3;0;4;3;1;5;2;9;1;2;6;0;3;3;6;2;2.0;1.0;1;2;1;5;2;3;3;4;0;1
553;2;3;0;2;0;4;6;3;3;2;9;0;2;5;0;0;1;3;6;2.0;1.0;1;1;1;1;2;3;3;4;0;1
553;2;4;0;2;0;1;5;1;2;2;12;0;2;5;0;0;1;3;6;2.0;1.0;1;3;2;3;3;3;3;4;13;1
426;6;0;0;2;0;4;2;3;5;2;9;5;2;4;0;0;2;0;2;2.0;1.0;1;1;1;1;2;3;3;4;18;1
426;6;2;0;2;0;4;3;1;0;2;6;0;6;4;0;0;2;0;2;2.0;1.0;5;0;1;4;0;3;3;4;5;1
817;4;0;0;2;0;3;3;1;1;2;6;0;6;6;0;3;2;6;6;2.0;1.0;1;3;2;3;3;3;3;4;18;1
817;4;2;0;2;2;4;6;1;5;2;8;3;2;6;0;3;2;6;6;2.0;1.0;1;1;0;5;1;3;3;4;6;1
396;5;3;0;1;1;4;6;1;1;2;9;0;6;4;0;0;2;6;2;1.0;1.0;1;3;2;3;3;3;3;4;18;1
988;5;1;0;2;0;2;3;1;5;2;9;5;2;4;2;3;3;6;2;2.0;1.0;1;1;0;0;2;3;3;4;18;1
988;5;2;0;3;0;2;2;1;5;1;5;5;2;4;0;3;3;6;2;2.0;1.0;1;0;0;1;2;3;3;6;18;1
446;3;1;0;2;0;2;4;1;4;2;9;5;2;4;0;3;2;6;6;1.0;1.0;1;0;1;1;1;0;3;4;0;1
689;1;2;1;2;0;2;13;1;2;0;2;5;2;4;0;3;2;6;2;1.0;1.0;1;3;2;3;3;3;3;4;18;1
590;0;4;0;2;2;3;3;1;5;2;8;0;2;5;0;3;2;6;4;2.0;1.0;1;1;1;4;2;3;3;4;16;1
590;0;2;0;2;0;2;3;1;5;2;8;2;3;5;0;3;2;6;2;2.0;1.0;1;2;1;0;2;3;3;4;1;1
161;2;4;0;3;0;1;13;3;5;2;8;2;4;5;0;3;3;6;6;1.0;2.0;9;2;1;1;2;6;3;4;13;1
161;2;4;0;2;2;1;3;1;1;2;12;0;3;5;0;3;3;6;2;1.0;2.0;1;3;2;3;3;3;3;4;6;1
660;2;4;0;3;0;1;2;1;1;2;12;0;2;4;0;3;2;6;2;2.0;1.0;1;1;1;1;2;6;3;4;1;1
660;2;2;1;2;2;1;3;1;5;2;9;2;2;4;0;3;2;6;2;2.0;1.0;1;2;1;5;2;3;3;4;17;1
474;5;3;0;2;0;4;3;1;5;2;12;2;2;4;0;3;2;6;2;2.0;1.0;1;2;1;5;2;6;3;4;18;1
474;5;2;0;2;0;1;3;1;3;2;12;0;0;4;0;3;2;6;2;2.0;1.0;9;3;2;3;3;3;3;4;18;1
613;4;2;0;2;0;0;3;1;2;2;12;2;2;5;0;3;2;6;4;4.0;1.0;1;1;0;4;2;3;3;4;3;1
613;4;0;0;2;0;1;13;3;2;2;12;0;2;5;0;3;2;6;4;4.0;1.0;5;2;1;4;2;6;3;4;18;1
613;4;0;0;2;0;0;2;1;1;2;12;3;0;5;0;3;2;6;3;4.0;1.0;5;3;2;3;3;0;3;4;8;1
613;4;2;0;2;0;2;4;1;5;2;12;2;2;5;2;3;2;6;3;4.0;1.0;1;0;0;5;2;1;3;8;13;1
43;6;3;0;2;0;2;11;1;1;2;2;2;2;6;0;3;3;6;3;1.0;1.0;1;0;0;4;2;0;3;4;17;1
687;6;1;0;3;2;1;2;1;2;2;12;0;2;4;0;3;2;6;3;1.0;1.0;1;3;2;3;3;3;3;4;1;1
466;3;1;0;3;0;3;4;2;1;2;4;2;2;6;0;3;2;6;3;1.0;2.0;1;3;2;3;3;0;3;4;1;1
466;3;1;0;2;0;2;11;1;5;2;9;3;2;6;0;3;2;6;3;1.0;2.0;5;1;1;0;2;3;3;4;19;1
942;1;0;0;2;0;4;13;3;4;2;12;2;2;6;3;3;3;6;3;1.0;1.0;1;1;0;5;2;0;3;4;18;1
446;4;1;0;1;0;0;3;1;5;2;8;2;2;4;0;3;2;6;3;4.0;1.0;3;2;0;5;1;0;3;4;0;1
446;4;1;0;2;2;2;3;1;5;2;4;6;2;4;0;3;2;6;3;4.0;1.0;1;3;2;3;3;0;3;4;0;1
446;4;0;0;2;0;0;3;1;0;2;4;3;2;4;0;3;2;6;3;4.0;1.0;1;3;2;3;3;3;3;4;13;1
446;4;2;0;2;0;4;3;1;5;2;12;2;2;4;2;3;2;6;3;4.0;1.0;1;1;0;1;2;3;3;4;9;1
359;2;3;0;2;0;3;16;2;4;2;3;2;2;4;0;0;2;3;3;3.0;3.0;1;2;1;1;2;2;3;4;1;1
359;2;3;0;3;0;1;3;1;5;2;8;4;2;4;0;0;2;3;1;3.0;3.0;1;3;2;3;3;3;3;4;0;1
359;2;0;0;2;0;2;11;1;1;2;2;0;2;4;0;0;2;3;0;3.0;3.0;1;0;1;1;2;6;3;4;18;1
359;2;0;0;3;0;2;3;2;2;2;3;0;3;4;3;0;2;3;3;3.0;3.0;9;0;0;0;2;3;3;4;0;1
278;4;0;0;2;2;0;3;1;4;2;8;5;2;4;0;3;3;6;0;2.0;1.0;1;3;2;3;3;3;3;4;0;1
278;4;4;0;2;0;2;3;1;1;2;12;2;4;4;0;3;3;6;3;2.0;1.0;5;1;0;1;2;3;3;4;18;1
1037;0;1;0;4;1;2;4;1;0;2;8;0;2;1;0;3;3;6;3;1.0;1.0;1;3;2;3;3;3;3;4;0;0
970;0;1;0;1;0;1;13;1;1;2;8;2;3;4;0;3;3;6;2;1.0;1.0;1;1;0;1;2;3;3;4;6;1
790;0;1;0;2;0;0;13;1;5;2;12;3;8;5;0;3;2;6;8;2.0;1.0;1;3;2;3;3;3;3;4;6;1
790;0;1;0;2;0;2;3;1;0;2;8;0;0;5;3;3;2;6;4;2.0;1.0;1;1;0;1;1;3;3;4;0;1
2;0;1;0;2;0;1;13;1;5;2;9;0;2;4;0;3;2;6;4;2.0;1.0;1;3;2;3;3;3;3;4;3;1
2;0;3;0;2;0;5;13;1;5;2;12;2;2;4;0;3;2;6;0;2.0;1.0;9;1;0;5;2;6;3;4;0;1
324;2;0;0;2;0;4;13;1;1;2;8;3;2;4;0;3;3;6;3;2.0;1.0;1;3;2;3;3;6;3;4;13;1
324;2;2;0;2;0;4;13;1;2;2;8;0;3;4;0;3;3;6;3;2.0;1.0;1;2;0;0;2;6;3;4;18;1
131;1;0;0;2;0;2;3;1;5;2;8;5;2;4;0;3;3;6;8;2.0;1.0;1;0;0;0;2;3;3;4;3;1
131;1;2;0;1;0;1;3;1;2;2;12;2;0;4;0;3;3;6;4;2.0;1.0;1;0;0;5;1;1;3;4;6;1
751;4;0;0;1;2;1;3;1;5;2;2;0;2;6;0;3;2;6;3;1.0;1.0;1;3;2;3;3;3;3;4;0;1
581;6;0;0;2;0;3;6;1;5;2;4;0;2;6;0;3;2;6;3;1.0;1.0;1;1;0;1;1;6;3;4;9;1
484;5;1;0;2;2;4;3;1;0;2;8;3;2;1;0;3;2;6;7;2.0;1.0;1;3;2;3;3;1;3;4;1;1
484;5;2;0;2;0;4;6;1;5;2;2;0;2;1;0;3;2;6;2;2.0;1.0;1;2;0;1;1;3;3;4;6;1
524;1;3;0;3;0;1;6;1;5;2;8;0;2;5;0;3;2;6;2;2.0;1.0;1;3;2;3;3;3;3;4;18;1
524;1;2;0;2;0;1;3;1;5;2;8;5;2;5;3;3;2;6;7;2.0;1.0;1;1;0;1;1;3;3;4;13;1
416;3;3;0;4;0;4;15;1;5;2;9;2;2;6;0;3;2;6;2;2.0;1.0;1;3;2;3;3;3;3;4;17;1
416;3;0;0;3;0;2;3;1;2;2;8;2;2;6;0;3;2;6;6;2.0;1.0;5;1;0;1;1;3;3;4;13;1
131;3;0;0;2;0;3;13;1;2;2;9;0;2;4;0;3;3;6;2;2.0;1.0;1;0;0;5;2;3;3;6;0;1
131;3;0;0;3;0;3;2;1;1;2;8;3;2;4;0;3;3;6;2;2.0;1.0;1;1;0;1;1;3;3;4;18;1
287;1;1;0;2;0;3;4;1;1;2;8;3;2;4;4;3;3;6;2;1.0;1.0;1;3;2;3;3;3;3;4;8;1
667;0;4;0;2;0;2;15;1;5;2;12;2;2;6;2;3;2;6;0;2.0;1.0;1;3;2;3;3;6;3;4;0;1
667;0;1;0;2;2;2;9;1;5;2;12;2;2;6;2;3;2;6;2;2.0;1.0;1;1;0;0;1;6;3;4;6;1
446;2;3;0;1;2;2;4;1;4;2;9;2;2;4;0;3;2;6;2;2.0;1.0;1;1;1;4;2;3;3;4;7;1
446;2;2;0;2;0;2;15;1;5;2;2;2;2;4;0;3;2;6;2;2.0;1.0;9;1;0;1;2;3;3;4;0;1
37;6;0;0;2;0;1;15;3;5;2;2;3;2;5;3;3;2;6;7;2.0;1.0;1;1;1;1;2;3;3;4;0;0
37;6;1;0;3;0;2;3;1;1;2;9;3;2;5;0;3;2;6;2;2.0;1.0;1;1;1;1;2;3;3;4;6;0
416;6;0;0;2;0;1;3;1;5;2;8;2;0;4;0;0;2;5;6;2.0;1.0;1;2;0;5;2;3;3;4;1;1
416;6;2;0;2;0;3;2;1;2;2;8;2;0;4;0;0;2;5;2;2.0;1.0;1;2;1;5;0;3;3;4;16;1
268;5;0;0;3;0;1;2;1;1;2;9;2;2;4;0;3;3;6;0;2.0;1.0;1;2;1;5;2;2;3;4;6;1
268;5;4;0;2;0;1;3;1;2;2;2;5;2;4;3;3;3;6;2;2.0;1.0;1;1;0;5;2;3;3;4;0;1
603;3;0;0;2;0;1;12;1;5;2;12;2;2;5;0;0;2;5;2;2.0;1.0;1;3;2;3;3;3;3;4;6;1
603;3;0;0;2;0;2;2;1;5;2;8;2;2;5;0;0;2;5;2;2.0;1.0;3;3;2;3;3;3;3;4;10;1
236;2;0;0;2;0;2;12;1;5;2;12;2;2;5;0;3;3;6;2;3.0;1.0;1;1;1;0;2;3;3;4;18;1
236;2;1;0;2;0;2;15;1;5;2;12;2;2;5;0;3;3;6;2;3.0;1.0;1;3;2;3;3;3;3;4;1;1
236;2;1;0;2;2;2;3;1;5;2;12;2;2;5;0;3;3;6;6;3.0;1.0;4;1;0;1;2;3;3;4;16;1
377;2;1;0;2;0;1;2;3;1;2;9;2;2;6;0;3;3;6;2;1.0;1.0;9;3;2;3;3;3;3;4;13;1
113;3;3;0;2;0;3;3;1;3;2;2;0;2;5;0;3;3;6;2;2.0;1.0;1;3;2;3;3;3;3;4;13;1
113;3;2;0;2;0;0;3;1;5;2;12;0;2;5;0;3;3;6;6;2.0;1.0;9;1;0;4;1;3;3;4;18;1
358;1;4;0;2;0;3;3;1;5;2;12;4;2;5;0;3;3;6;6;2.0;1.0;1;2;1;4;2;3;3;4;0;1
358;1;1;0;2;0;4;3;1;5;2;9;2;2;5;0;3;3;6;2;2.0;1.0;1;3;2;3;3;3;3;4;0;1
182;5;1;0;2;0;3;13;1;5;2;8;4;2;5;3;3;3;6;2;2.0;1.0;1;1;0;0;2;3;3;4;13;1
182;5;2;0;2;0;1;2;1;5;2;4;2;2;5;0;3;3;6;2;2.0;1.0;1;2;1;0;2;1;3;4;6;1
860;6;1;0;2;0;0;4;3;5;2;9;3;2;5;0;3;2;6;2;1.0;1.0;1;3;2;3;3;3;3;4;10;1
67;3;2;1;3;0;2;4;1;5;2;8;6;2;4;0;3;3;6;6;1.0;1.0;1;1;1;0;2;3;3;4;18;1
67;5;2;0;2;2;3;3;1;1;2;12;2;2;5;0;3;3;6;2;2.0;2.0;1;1;0;4;2;3;3;4;18;1
67;5;0;0;2;0;3;14;1;5;2;2;5;2;5;3;3;3;6;2;2.0;2.0;1;0;0;5;1;3;3;6;16;1
1007;0;3;0;6;0;3;3;1;4;2;4;2;2;4;0;3;3;6;2;2.0;1.0;1;3;2;3;3;4;3;4;7;1
1007;0;1;0;2;0;0;6;1;5;2;1;4;2;4;0;3;3;6;2;2.0;1.0;1;1;0;1;2;3;3;4;16;1
629;6;0;0;3;2;2;13;1;5;2;0;0;2;5;0;3;2;6;2;2.0;2.0;1;2;1;1;2;3;3;4;16;1
629;6;0;0;2;0;1;6;1;5;2;12;2;2;5;0;3;2;6;2;2.0;2.0;5;3;2;3;3;3;3;4;16;1
629;6;2;0;2;2;3;2;1;5;2;12;2;2;5;0;3;2;6;6;2.0;2.0;5;1;0;0;2;3;3;4;18;1
172;0;0;0;6;0;2;13;1;5;2;4;2;2;6;0;3;3;6;2;1.0;1.0;1;3;2;3;3;0;3;4;13;1
43;1;1;0;6;0;2;13;3;1;2;12;2;2;4;0;3;3;6;7;2.0;1.0;1;1;0;0;2;3;3;4;0;1
43;1;1;0;2;0;2;14;3;5;2;8;5;2;4;0;3;3;6;6;2.0;1.0;3;0;1;0;2;6;3;4;6;1
1;6;1;0;2;0;1;4;1;5;2;12;5;2;4;4;3;2;6;6;2.0;1.0;1;3;2;3;3;3;3;4;1;1
1;6;2;0;2;0;4;4;1;5;2;8;2;2;4;0;3;2;6;2;2.0;1.0;1;2;0;1;2;3;3;4;18;1
441;6;4;0;2;0;2;13;1;5;2;8;0;2;4;0;3;2;6;0;2.0;1.0;1;2;1;4;2;3;3;4;0;1
441;6;0;0;2;0;4;13;2;5;2;12;5;2;4;0;3;2;6;2;2.0;1.0;1;1;0;0;2;3;3;4;10;1
760;4;1;0;2;0;1;3;3;1;2;12;5;2;4;0;3;2;6;2;1.0;1.0;1;1;1;0;2;3;3;4;18;0
358;0;3;0;2;0;3;2;1;5;2;12;0;2;4;0;3;3;6;2;1.0;1.0;3;2;0;5;2;3;3;4;3;1
942;2;2;1;2;0;3;3;1;4;2;12;5;2;4;0;3;3;6;2;1.0;1.0;1;0;1;0;2;3;3;4;18;1
904;0;0;0;2;2;2;2;1;5;2;9;0;2;4;0;3;2;6;2;2.0;1.0;1;3;2;3;3;3;3;4;0;1
904;0;1;0;2;0;1;3;1;1;2;2;0;2;4;3;3;2;6;2;2.0;1.0;5;1;0;1;1;3;3;4;16;1
434;5;0;0;3;0;3;4;1;1;2;8;3;2;6;0;3;2;6;2;2.0;1.0;1;0;0;4;2;3;3;8;0;1
434;5;0;0;2;0;1;3;1;1;2;2;5;2;6;0;3;2;6;2;2.0;1.0;1;1;1;0;2;3;3;4;1;1
105;2;1;0;2;0;2;5;1;1;2;12;2;2;4;0;3;3;6;6;1.0;1.0;1;3;2;3;3;3;3;4;18;1
407;1;0;0;1;0;4;3;1;5;2;12;5;2;4;0;3;3;6;2;2.0;1.0;1;1;1;0;2;3;3;4;17;1
407;1;1;0;1;0;4;2;1;0;2;11;5;8;4;0;3;3;6;2;2.0;1.0;1;1;1;0;2;0;3;4;6;1
294;5;0;0;2;0;2;5;1;2;2;8;2;0;4;0;3;3;6;2;2.0;1.0;2;1;0;1;2;3;3;4;18;1
294;5;2;1;3;0;0;11;1;3;2;12;5;8;4;0;3;3;6;2;2.0;1.0;5;1;1;1;2;3;3;4;6;1
293;1;2;0;3;0;2;13;1;5;2;8;0;2;4;0;3;3;6;7;2.0;1.0;1;3;2;3;3;3;3;4;6;1
293;1;2;0;2;0;2;13;1;5;2;12;0;2;4;0;3;3;6;2;2.0;1.0;1;1;0;1;2;6;3;4;13;1
751;3;2;1;2;0;0;13;1;1;2;12;2;2;5;0;3;2;6;2;2.0;1.0;1;3;2;3;3;3;3;4;11;1
751;3;0;0;2;2;2;3;1;5;2;8;0;2;5;0;3;2;6;2;2.0;1.0;1;1;0;1;2;6;3;4;16;1
490;3;0;0;1;2;4;13;1;5;2;12;3;2;5;0;3;2;6;2;2.0;1.0;1;2;1;0;2;3;3;4;16;0
490;3;1;0;2;2;3;3;1;5;2;2;5;2;5;0;3;2;6;2;2.0;1.0;1;1;0;0;2;6;3;4;1;0
937;6;1;0;6;2;2;5;1;5;2;8;2;2;6;0;3;3;6;2;2.0;1.0;1;0;0;5;2;3;3;8;16;1
937;6;1;0;0;0;4;3;1;4;2;8;2;2;6;0;3;3;6;6;2.0;1.0;1;2;1;0;2;3;3;4;18;1
411;6;1;0;1;0;3;11;1;1;2;12;0;3;4;3;0;2;3;2;1.0;2.0;1;3;2;3;3;6;3;4;13;0
411;6;1;0;2;0;0;3;1;1;2;9;0;2;4;0;0;2;3;2;1.0;2.0;9;3;2;3;3;0;3;4;0;0
571;0;1;0;2;0;4;13;1;5;2;9;0;2;4;0;3;2;6;2;2.0;1.0;9;1;0;5;1;1;3;4;18;1
571;0;0;0;2;2;4;2;1;2;1;12;2;2;4;0;3;2;6;2;2.0;1.0;4;3;2;3;3;0;3;4;11;1
788;2;2;1;2;0;4;4;1;5;1;12;5;2;4;0;3;2;6;2;1.0;1.0;5;1;0;1;2;3;3;4;18;1
128;0;0;0;2;0;5;3;1;5;2;8;2;8;5;0;3;3;6;2;1.0;1.0;5;1;1;0;2;0;3;4;1;1
467;3;2;1;2;0;0;13;3;5;2;11;3;2;4;0;3;2;6;2;1.0;1.0;1;3;2;3;3;3;3;4;10;1
396;6;0;0;5;2;0;3;1;5;2;12;2;8;6;0;3;2;6;2;2.0;1.0;1;0;0;0;2;0;3;8;18;1
396;6;1;0;2;2;3;6;1;2;2;12;2;1;6;0;3;2;6;0;2.0;1.0;5;0;0;4;2;0;3;8;18;1
148;0;0;0;2;2;0;3;3;5;2;2;2;2;4;0;3;3;6;2;2.0;1.0;5;0;1;4;1;0;3;8;0;1
148;0;2;1;2;2;1;13;1;5;2;8;2;0;4;0;3;3;6;2;2.0;1.0;1;0;1;5;1;3;3;4;1;1
142;1;3;0;4;2;2;5;1;5;2;12;2;0;5;0;0;3;6;2;1.0;1.0;2;1;0;0;2;3;3;4;13;0
764;1;1;0;4;2;4;9;3;5;2;9;3;2;7;2;3;2;6;6;1.0;1.0;5;2;0;0;2;2;3;4;18;1
1000;1;0;0;2;2;1;5;1;5;2;8;2;2;4;0;3;3;6;2;2.0;1.0;4;2;1;5;2;3;3;4;18;1
1000;1;1;0;3;2;4;13;1;5;2;8;0;2;4;0;3;3;6;2;2.0;1.0;1;1;1;1;2;6;3;4;6;1
1019;5;0;0;6;2;2;3;1;3;2;8;2;2;6;0;3;3;6;2;2.0;1.0;1;3;2;3;3;3;3;4;13;1
1019;5;0;0;2;2;2;13;2;0;2;2;2;2;6;0;3;3;6;6;2.0;1.0;1;1;0;1;1;3;3;4;18;1
211;1;0;0;2;2;2;11;1;5;2;8;2;2;4;0;3;3;6;2;2.0;1.0;1;1;0;0;2;3;3;4;0;1
211;1;0;0;2;2;3;4;1;0;2;8;2;0;4;0;3;3;6;2;2.0;1.0;1;3;2;3;3;3;3;4;6;1
992;1;0;0;2;2;1;3;1;5;2;8;2;0;4;0;3;3;6;2;2.0;1.0;1;0;0;5;1;3;3;8;7;1
992;1;1;0;3;0;1;3;1;2;2;8;2;2;4;0;3;3;6;2;2.0;1.0;1;3;2;3;3;3;3;4;0;1
520;0;1;0;2;0;1;3;1;5;2;12;2;2;4;0;3;2;6;6;2.0;1.0;1;1;0;1;2;3;3;4;6;1
520;0;1;0;2;0;1;2;1;5;2;9;3;2;4;0;3;2;6;2;2.0;1.0;1;1;1;4;2;3;3;4;0;1
730;3;2;1;2;0;2;3;1;5;2;2;0;2;5;0;3;2;6;2;2.0;1.0;5;1;1;4;2;6;3;4;16;1
730;3;1;0;2;0;2;6;1;5;2;12;2;2;5;0;3;2;6;2;2.0;1.0;1;0;1;5;2;6;3;4;0;1
60;3;1;0;2;0;4;6;1;5;2;1;2;2;5;0;3;3;8;2;2.0;1.0;1;3;2;3;3;6;3;4;2;1
60;3;0;0;3;0;2;3;1;5;2;12;2;2;5;0;3;3;8;2;2.0;1.0;9;1;0;1;2;3;3;4;16;1
1012;5;1;0;2;0;2;5;1;5;2;4;0;0;4;0;3;3;6;7;2.0;1.0;1;1;1;1;2;1;3;4;9;0
1012;5;1;0;2;0;4;5;1;5;2;12;2;2;4;0;3;3;6;2;2.0;1.0;9;2;1;0;2;3;3;4;18;0
589;0;1;0;3;2;2;13;1;5;2;12;5;2;4;0;0;2;6;2;2.0;1.0;5;2;1;1;1;6;3;4;18;1
589;0;0;0;2;2;2;3;1;2;2;2;5;2;4;4;0;2;6;6;2.0;1.0;1;3;2;3;3;1;3;4;6;1
441;3;0;0;2;0;2;4;1;2;2;2;0;2;4;0;3;2;6;2;2.0;1.0;2;2;1;1;2;3;3;4;6;1
441;3;0;0;2;0;3;4;1;5;2;12;2;2;4;0;3;2;6;2;2.0;1.0;1;1;1;1;2;3;3;4;13;1
630;4;2;1;2;0;2;13;1;5;2;12;4;2;4;0;3;2;6;7;2.0;1.0;5;1;0;0;2;3;3;4;18;1
630;4;0;0;2;0;2;3;3;1;2;1;2;2;4;0;3;2;6;2;2.0;1.0;5;3;2;3;3;3;3;4;0;1
963;3;0;0;2;0;2;11;1;1;2;12;0;2;4;0;3;3;6;2;2.0;1.0;5;3;2;3;3;3;3;4;11;1
963;3;3;0;2;0;4;9;1;2;2;8;0;2;4;0;3;3;6;7;2.0;1.0;0;1;0;1;2;3;3;4;18;1
953;3;0;0;1;0;4;3;1;2;2;2;2;2;5;0;3;3;8;7;2.0;1.0;5;2;0;4;2;3;3;4;11;0
953;3;1;0;2;0;4;2;1;1;2;8;2;2;5;4;3;3;8;7;2.0;1.0;5;3;2;3;3;3;3;4;13;0
937;5;1;0;2;0;4;3;1;5;2;8;0;3;6;0;3;3;6;6;3.0;1.0;5;3;2;3;3;6;3;4;18;0
937;5;3;0;2;0;4;3;1;1;2;12;0;2;6;0;3;3;6;2;3.0;1.0;1;1;1;0;2;6;3;4;18;0
937;5;0;0;2;0;4;3;3;5;2;9;2;2;6;0;3;3;6;2;3.0;1.0;1;3;2;3;3;3;3;4;16;0
469;5;0;0;2;0;2;0;1;1;2;8;2;0;5;0;3;2;6;2;2.0;1.0;1;1;0;1;2;3;3;4;16;1
469;5;2;1;2;0;1;3;1;1;2;9;5;2;5;0;3;2;6;2;2.0;1.0;1;3;2;3;3;3;3;4;1;1
589;0;2;1;2;0;3;2;1;5;2;9;2;2;7;0;3;2;6;2;1.0;1.0;1;1;0;0;1;3;3;4;18;1
264;1;1;0;2;0;3;3;1;5;2;12;3;2;5;0;3;3;6;2;1.0;1.0;1;1;0;0;1;3;3;4;10;1
888;0;1;0;2;0;1;2;1;5;2;3;4;2;4;0;3;2;6;7;2.0;1.0;1;3;2;3;3;3;3;4;1;1
888;0;2;1;3;0;3;13;3;5;2;12;0;2;4;0;3;2;6;6;2.0;1.0;1;1;0;0;2;3;3;4;0;1
218;1;3;0;2;0;3;4;1;5;2;12;0;2;4;4;3;3;6;2;2.0;1.0;1;3;2;3;3;3;3;4;7;1
218;1;0;0;2;0;2;6;1;5;2;1;4;0;4;0;3;3;6;2;2.0;1.0;1;1;0;1;2;3;3;4;9;1
315;1;0;0;2;0;2;3;1;5;2;12;0;2;5;0;3;3;6;2;1.0;1.0;1;3;2;3;3;3;3;4;11;1
68;5;0;0;6;0;3;4;1;5;2;12;0;2;6;0;3;3;6;2;1.0;2.0;2;0;1;0;2;6;3;4;0;0
68;5;0;0;2;0;3;3;1;5;2;12;0;2;6;0;3;3;6;5;1.0;2.0;1;0;0;1;2;3;3;4;0;0
243;4;0;0;2;0;0;13;1;3;2;8;2;2;4;1;3;3;6;2;1.0;1.0;5;3;2;3;3;3;3;4;13;1
216;6;0;0;3;0;4;3;1;1;2;12;2;0;4;0;3;3;6;2;2.0;1.0;1;1;0;1;1;3;3;4;13;1
216;6;0;0;3;0;4;13;1;5;2;9;2;2;4;0;3;3;6;2;2.0;1.0;3;1;0;5;2;3;3;4;1;1
179;4;0;0;3;0;3;13;1;2;2;12;0;2;5;0;3;3;6;2;1.0;2.0;1;1;0;5;2;3;3;4;13;1
179;4;0;0;1;0;1;13;1;5;2;12;0;2;5;0;3;3;6;2;1.0;2.0;1;3;2;3;3;3;3;4;18;1
1048;0;1;0;2;0;1;6;1;5;2;2;0;2;7;0;3;3;6;2;2.0;1.0;1;1;1;5;2;6;3;4;13;1
1048;0;0;0;0;0;4;3;1;0;0;8;0;2;7;3;3;3;6;2;2.0;1.0;1;2;1;4;2;3;3;4;0;1
471;5;2;1;2;0;1;2;1;4;2;11;5;2;4;0;0;2;6;2;1.0;1.0;4;1;0;0;2;3;3;4;1;1
1002;5;2;1;2;0;1;2;1;1;2;12;0;2;4;0;3;3;6;2;1.0;1.0;6;3;2;3;3;3;3;4;16;1
350;5;2;1;1;0;0;2;1;0;2;8;0;2;4;0;3;3;6;7;1.0;1.0;6;1;0;1;2;3;3;4;18;1
753;1;3;0;2;0;2;3;1;0;2;9;5;8;4;0;3;2;6;6;1.0;1.0;6;3;2;3;3;3;3;4;16;1
723;4;1;0;2;0;3;2;1;0;2;4;4;2;5;0;3;2;6;6;1.0;1.0;6;1;0;4;2;3;3;4;10;1
581;3;1;0;2;0;3;13;1;1;2;12;0;2;7;0;3;2;6;2;2.0;1.0;5;3;2;3;3;3;3;4;0;1
581;3;0;0;3;0;2;5;1;0;2;9;0;2;7;0;3;2;6;2;2.0;1.0;6;1;0;1;2;6;3;4;18;1
693;4;0;0;2;0;3;13;1;0;2;1;2;2;4;0;0;2;3;2;1.0;1.0;4;1;1;1;2;6;3;4;18;1
441;1;2;1;2;0;0;5;1;5;1;8;5;2;5;0;3;3;6;2;1.0;1.0;6;2;0;0;2;3;3;4;1;0
128;4;1;0;3;0;1;13;1;5;2;5;2;2;4;0;3;3;8;2;2.0;1.0;6;1;0;5;2;3;3;4;0;1
128;4;0;0;1;0;0;2;1;0;2;5;2;2;4;0;3;3;8;6;2.0;1.0;6;2;1;5;2;3;3;4;0;1
1002;5;0;0;2;0;2;13;1;0;2;5;0;2;4;2;3;3;6;2;2.0;1.0;6;0;0;5;2;3;3;8;10;1
1002;5;0;0;2;0;3;3;3;3;2;5;0;2;4;0;3;3;6;2;2.0;1.0;6;0;0;5;2;3;3;5;13;1
39;5;0;0;1;0;4;0;1;5;2;5;5;8;6;0;3;3;6;2;2.0;1.0;5;0;1;0;2;3;3;4;1;1
39;5;0;0;3;2;2;13;1;5;2;11;5;8;6;0;3;3;6;2;2.0;1.0;1;3;2;3;3;6;3;4;17;1
540;1;0;0;3;0;3;2;1;4;2;5;2;2;5;0;3;2;6;2;2.0;1.0;1;1;0;1;2;6;3;4;18;1
540;1;2;0;2;0;2;2;1;5;2;5;0;2;5;0;3;2;6;2;2.0;1.0;5;2;1;1;2;6;3;4;18;1
105;0;1;0;3;2;2;3;1;5;2;5;2;4;4;0;3;3;6;7;2.0;1.0;1;3;2;3;3;3;3;4;1;1
105;0;2;2;2;0;1;13;1;1;2;5;2;3;4;0;3;3;6;7;2.0;1.0;1;1;1;1;1;6;3;4;0;1
90;3;1;0;2;0;4;4;1;1;2;8;0;3;4;0;3;3;6;6;1.0;1.0;1;0;1;5;1;6;3;6;6;1
866;6;1;0;2;0;2;3;1;1;2;5;0;3;6;0;0;3;3;7;1.0;1.0;1;3;2;3;3;3;1;4;18;1
462;5;3;0;1;0;0;3;1;5;2;5;0;3;4;0;3;3;6;2;2.0;1.0;1;1;1;1;2;3;3;4;1;1
462;5;0;0;3;0;2;2;1;1;2;5;0;2;4;0;3;3;6;2;2.0;1.0;2;3;2;3;3;6;3;4;13;1
915;4;1;0;3;0;1;3;1;5;2;8;0;2;4;0;3;3;6;2;2.0;1.0;9;1;0;5;2;6;3;4;18;1
915;4;2;1;2;0;3;11;1;5;2;1;0;2;4;0;3;3;6;6;2.0;1.0;8;0;1;0;0;3;3;8;17;1
307;1;0;0;2;0;3;2;1;4;2;8;0;2;4;0;3;3;6;6;2.0;1.0;1;3;2;3;3;3;3;4;1;1
307;1;2;1;2;0;2;3;1;1;2;12;2;0;4;0;3;3;6;2;2.0;1.0;1;3;2;3;3;3;3;4;18;1
992;6;1;2;2;2;2;7;1;4;2;9;2;2;4;0;3;3;6;2;1.0;1.0;1;1;0;1;1;3;3;4;6;1
985;1;0;2;3;0;0;3;1;4;2;9;5;2;6;0;3;3;6;2;1.0;2.0;1;3;2;3;3;3;3;4;16;1
985;1;0;0;2;0;2;2;1;5;2;9;0;2;6;0;3;3;6;2;1.0;2.0;1;1;0;1;2;2;3;4;0;1
446;5;0;0;3;0;4;13;1;4;2;12;0;2;4;0;3;3;6;2;2.0;1.0;1;3;2;3;3;0;3;4;13;1
446;5;1;0;2;2;0;13;1;5;2;8;2;2;4;0;3;3;6;2;2.0;1.0;1;1;1;0;2;3;3;4;16;1
216;5;1;0;2;0;2;13;1;5;2;12;2;2;4;0;3;3;6;2;1.0;1.0;2;3;2;3;3;1;3;4;17;1
797;0;3;0;2;0;4;11;1;4;2;12;5;2;6;4;3;2;6;2;1.0;1.0;1;1;1;1;1;3;3;4;1;0
886;2;3;0;3;2;1;13;1;2;2;8;2;2;4;0;3;3;6;2;2.0;2.0;1;2;0;5;2;3;3;4;1;1
886;2;0;0;2;0;2;3;1;3;2;2;5;2;4;0;3;3;6;6;2.0;2.0;5;1;0;1;2;3;3;4;10;1
128;2;1;0;2;0;3;3;1;5;2;12;2;2;6;0;0;3;0;6;1.0;1.0;6;1;1;0;2;0;3;4;13;1
1022;1;1;0;2;0;2;4;1;5;2;12;4;2;4;0;3;3;6;7;2.0;1.0;4;1;0;1;2;3;3;4;0;1
1022;1;2;1;1;0;4;12;1;5;2;8;3;2;4;0;3;3;6;2;2.0;1.0;1;2;0;1;2;3;3;4;0;1
750;1;1;0;2;0;2;3;1;5;2;8;4;0;4;0;3;2;6;2;2.0;1.0;1;2;1;1;2;3;3;4;18;1
750;1;1;0;3;0;0;3;1;5;2;8;0;2;4;0;3;2;6;2;2.0;1.0;1;1;0;0;2;6;3;4;13;1
1060;1;3;0;2;0;2;3;1;5;2;8;3;2;4;0;0;3;6;2;2.0;1.0;1;1;0;5;2;3;3;4;18;1
1060;1;3;0;3;0;0;14;1;5;2;12;2;2;4;0;0;3;6;2;2.0;1.0;1;1;1;0;2;1;3;4;6;1
1028;1;1;0;2;2;0;5;1;3;2;8;0;2;4;0;0;3;3;2;1.0;1.0;1;3;2;3;3;3;3;4;17;1
1030;5;1;0;0;2;0;4;1;5;2;12;2;2;5;0;3;3;6;2;2.0;1.0;1;1;1;1;2;3;3;4;16;1
1030;5;2;1;2;2;2;3;1;5;2;12;3;2;5;0;3;3;6;2;2.0;1.0;1;3;2;3;3;6;3;4;13;1
878;4;0;0;2;0;2;2;3;5;2;12;2;2;5;0;3;3;6;2;2.0;1.0;3;1;0;4;2;6;3;4;0;1
878;4;2;1;3;0;2;13;1;5;2;8;2;2;5;4;3;3;6;7;2.0;1.0;3;2;1;4;2;6;3;4;18;1
248;0;1;0;1;2;3;3;1;5;2;8;2;2;4;0;3;3;6;7;2.0;1.0;3;1;1;5;2;3;2;4;6;1
248;0;0;0;2;0;4;4;1;5;2;8;2;2;4;0;3;3;6;2;2.0;1.0;9;2;1;5;2;3;0;4;1;1
42;1;0;0;2;0;2;13;3;5;2;8;2;2;4;0;3;3;6;2;2.0;1.0;1;0;0;5;1;3;3;8;13;0
42;1;1;0;2;0;3;13;1;1;2;2;0;2;4;0;3;3;6;2;2.0;1.0;1;1;0;0;2;6;3;4;18;0
332;1;2;1;2;0;4;14;3;5;2;8;2;2;4;0;3;3;6;2;1.0;1.0;7;1;0;0;2;3;3;4;13;1
1055;5;1;0;2;0;2;0;3;5;2;9;2;2;4;0;3;3;6;2;2.0;1.0;1;1;1;1;2;3;3;4;11;1
1055;5;1;0;2;2;4;0;1;5;2;11;2;2;4;0;3;3;6;2;2.0;1.0;5;1;1;0;2;3;3;4;1;1
470;3;3;0;2;0;2;3;1;5;2;8;0;2;4;0;3;3;6;2;2.0;1.0;1;3;2;3;3;3;3;4;0;1
470;3;4;0;2;0;0;3;1;2;2;12;0;2;4;0;3;3;6;2;2.0;1.0;1;1;1;1;2;3;3;4;11;1
516;1;3;0;2;0;0;3;1;5;2;12;3;2;4;4;3;3;6;2;2.0;1.0;1;2;1;0;2;3;3;4;12;0
516;1;0;0;2;0;0;2;3;5;2;12;3;2;4;0;3;3;6;2;2.0;1.0;1;3;2;3;3;3;3;4;4;0
1022;3;1;0;1;0;1;5;1;2;2;12;2;2;4;0;3;3;6;2;2.0;1.0;8;1;1;0;2;0;3;4;16;1
1022;3;0;0;1;2;4;3;1;5;2;8;3;0;4;0;3;3;6;2;2.0;1.0;1;0;1;0;2;3;3;8;0;1
1017;3;1;0;3;0;1;11;1;5;2;8;2;2;4;0;3;3;6;2;2.0;1.0;1;3;2;3;3;3;3;4;13;1
1017;3;1;0;2;0;4;3;1;5;2;8;2;0;4;0;3;3;6;2;2.0;1.0;1;1;0;1;1;6;3;4;1;1
509;3;0;0;1;0;1;3;1;5;2;8;2;0;4;0;3;3;6;2;2.0;1.0;4;3;2;3;3;6;3;4;17;1
509;3;0;0;2;1;5;3;1;5;2;8;4;2;4;3;3;3;6;2;2.0;1.0;1;3;2;3;3;3;3;4;18;1
678;6;3;0;2;0;0;3;1;5;2;8;2;2;4;0;3;2;6;2;1.0;1.0;1;1;0;0;2;6;3;4;16;1
719;1;1;0;2;2;2;3;1;5;2;8;2;2;4;0;3;2;6;2;1.0;1.0;3;1;0;0;2;3;3;4;18;1
481;5;0;0;2;0;0;4;1;2;2;12;0;2;6;0;3;3;6;2;2.0;1.0;9;1;1;1;2;6;3;4;18;1
481;5;2;0;2;0;4;16;1;5;2;12;2;2;6;0;3;3;6;2;2.0;1.0;3;2;1;1;2;3;3;4;13;1
236;3;1;0;2;0;0;4;1;1;2;9;2;2;4;0;3;3;8;2;2.0;1.0;8;1;0;1;1;6;3;4;0;1
236;3;1;0;2;0;0;2;1;5;2;12;2;2;4;0;3;3;8;6;2.0;1.0;1;3;2;3;3;6;3;4;17;1
381;3;1;0;2;0;1;11;1;2;2;12;2;2;4;0;3;3;6;6;1.0;1.0;1;3;2;3;3;6;3;4;13;1
722;0;1;0;1;0;0;4;3;5;2;12;2;2;6;0;3;2;6;2;1.0;1.0;1;2;0;1;2;3;3;4;19;1
70;3;1;0;2;0;0;13;1;2;2;12;0;2;6;0;3;3;6;2;3.0;3.0;2;2;1;5;2;0;3;4;11;1
70;3;1;0;3;0;4;13;1;5;2;4;0;2;6;0;3;3;6;2;3.0;3.0;3;3;2;3;3;3;3;4;12;1
70;3;1;0;2;0;4;3;1;2;2;4;0;2;6;0;3;3;6;2;3.0;3.0;1;1;0;1;2;3;3;4;0;1
70;3;0;0;3;0;4;3;1;5;2;2;3;2;6;0;3;3;6;6;3.0;3.0;1;3;2;3;3;3;3;4;14;1
70;3;1;0;2;0;4;4;1;5;2;12;0;2;6;0;3;3;6;2;3.0;3.0;1;1;1;4;2;3;3;4;4;1
70;3;1;0;2;0;0;4;1;4;2;12;0;2;6;0;3;3;6;6;3.0;3.0;2;0;1;4;2;6;3;6;1;1
148;3;1;0;2;0;2;13;1;5;2;8;0;2;6;0;3;3;6;6;1.0;1.0;1;3;2;3;3;3;3;4;0;1
43;3;1;0;1;2;1;5;1;5;2;8;0;2;4;0;3;3;6;7;1.0;1.0;0;1;0;1;2;3;3;4;17;1
965;5;0;0;2;0;1;2;3;3;2;9;2;2;4;0;3;3;6;2;2.0;1.0;8;3;2;3;3;3;3;4;5;1
965;5;3;0;2;0;2;11;1;5;2;4;0;2;4;3;3;3;6;6;2.0;1.0;1;1;1;4;2;3;3;4;1;1
490;5;0;0;2;0;2;3;1;5;2;8;0;2;6;0;3;3;6;2;2.0;1.0;2;0;1;4;1;3;3;4;16;1
490;5;3;0;2;0;1;3;1;5;2;12;0;2;6;0;3;3;6;2;2.0;1.0;1;3;2;3;3;6;3;4;0;1
295;3;0;0;1;0;4;13;1;5;2;12;2;2;4;0;3;3;6;2;1.0;1.0;1;1;0;4;2;3;3;4;18;1
454;0;2;1;3;0;2;11;1;5;2;9;0;2;6;0;3;3;6;2;2.0;1.0;2;3;2;3;3;3;3;4;17;1
454;0;2;0;2;0;4;13;1;5;2;8;2;2;6;0;3;3;6;2;2.0;1.0;1;1;0;1;2;6;3;4;18;1
416;0;1;0;6;0;1;0;2;5;2;9;5;2;4;0;3;3;6;2;2.0;1.0;7;3;2;3;3;6;3;4;16;1
416;0;1;0;2;0;1;3;1;5;2;8;2;2;4;0;3;3;6;6;2.0;1.0;1;1;1;1;2;3;3;4;4;1
127;1;1;0;1;0;1;3;1;5;2;2;2;2;4;0;3;3;6;2;2.0;1.0;1;1;0;1;2;6;3;4;6;1
127;1;0;0;2;0;0;3;2;2;2;9;2;2;4;0;3;3;6;6;2.0;1.0;1;3;2;3;3;2;3;4;1;1
576;0;1;0;1;0;2;3;1;4;2;11;5;2;4;0;3;3;6;2;2.0;1.0;1;0;1;4;1;3;3;6;6;1
576;0;1;0;3;0;1;13;1;2;2;3;5;8;4;3;3;3;6;2;2.0;1.0;3;0;0;5;2;3;3;5;1;1
414;1;3;0;2;0;0;13;1;1;2;12;0;2;4;0;3;3;6;2;2.0;1.0;1;0;1;0;2;3;3;4;16;1
414;1;0;0;3;0;0;3;1;5;2;11;3;2;4;0;3;3;6;6;2.0;1.0;1;1;1;1;2;3;3;4;18;1
515;3;1;0;1;0;5;11;1;4;2;12;5;2;4;0;3;3;6;6;2.0;1.0;1;2;1;5;2;3;3;4;0;1
515;3;2;1;2;2;2;5;1;2;2;4;0;2;4;0;3;3;6;2;2.0;1.0;2;2;1;5;2;3;3;4;0;1
660;1;1;0;2;0;0;5;1;5;2;2;2;2;4;0;3;3;6;2;2.0;1.0;4;1;1;0;2;3;3;4;9;1
660;1;1;0;2;0;1;3;1;5;2;8;2;2;4;0;3;3;6;2;2.0;1.0;1;2;1;0;2;3;3;4;18;1
528;1;1;0;2;0;2;5;1;5;2;12;2;2;4;0;3;3;6;2;2.0;1.0;1;2;0;5;2;3;3;4;0;1
528;1;0;0;2;0;2;5;1;5;2;8;3;2;4;0;3;3;6;2;2.0;1.0;1;1;0;1;2;3;3;4;1;1
315;2;0;0;2;0;2;13;1;5;2;8;3;2;6;2;3;3;6;2;2.0;1.0;1;0;0;5;2;3;3;8;19;1
315;2;0;0;2;0;1;3;3;5;2;8;3;2;6;0;3;3;6;2;2.0;1.0;3;0;1;5;1;3;3;6;4;1
331;6;1;0;2;0;4;13;1;5;2;9;3;2;5;0;3;3;6;6;2.0;4.0;1;1;1;1;2;1;3;4;4;1
331;6;1;0;2;2;4;3;1;5;2;8;3;2;5;0;3;3;6;6;2.0;4.0;1;2;1;5;2;3;3;4;18;1
331;6;1;0;2;0;2;3;1;1;2;12;0;2;5;0;3;3;6;6;2.0;4.0;1;2;1;5;2;3;3;4;16;1
331;6;1;0;3;2;4;11;1;1;2;4;4;2;5;0;3;3;6;2;2.0;4.0;1;2;0;5;2;3;3;4;11;1
154;0;1;0;2;0;2;3;1;5;2;12;4;2;5;0;3;3;6;2;2.0;1.0;1;2;0;5;2;3;3;4;17;1
154;0;0;0;2;2;2;3;1;5;2;8;3;2;5;0;3;3;6;2;2.0;1.0;1;1;0;0;2;4;3;4;18;1
880;0;0;0;2;2;4;3;3;5;2;8;2;2;5;0;0;3;3;2;1.0;2.0;1;3;2;3;3;3;3;4;0;1
880;0;0;0;1;2;4;11;3;5;2;12;3;2;5;0;0;3;3;7;1.0;2.0;1;1;0;0;2;3;3;4;6;1
81;5;0;0;2;0;2;3;1;5;2;12;2;2;4;0;3;3;6;7;2.0;1.0;1;3;2;3;3;3;3;4;0;1
81;5;2;1;3;0;2;2;1;5;2;8;3;2;4;0;3;3;6;2;2.0;1.0;1;1;0;1;1;3;3;4;11;1
553;6;1;0;3;2;4;2;1;5;2;8;2;2;4;0;3;3;6;2;2.0;1.0;2;3;2;3;3;0;3;4;4;1
553;6;1;0;2;2;3;3;1;2;2;8;0;2;4;0;3;3;6;2;2.0;1.0;1;1;0;1;2;3;3;4;7;1
421;6;1;0;2;2;1;13;1;5;2;12;0;2;6;0;3;3;6;2;1.0;1.0;4;3;2;3;3;6;3;4;9;0
151;5;0;0;2;2;1;13;1;5;2;12;0;2;5;0;3;3;6;2;2.0;1.0;1;2;0;4;2;3;3;4;15;1
151;5;2;0;1;2;2;13;1;5;2;1;0;2;5;0;3;3;6;2;2.0;1.0;1;1;0;0;2;3;3;4;0;1
997;6;2;1;2;2;2;3;1;5;2;2;0;2;5;0;3;3;6;2;1.0;1.0;1;2;1;5;1;3;3;4;18;1
992;6;0;0;2;2;3;3;0;0;2;1;5;2;4;0;0;3;5;2;2.0;1.0;1;3;2;3;3;3;3;4;4;1
992;6;0;0;3;2;4;6;1;2;2;11;5;2;4;0;0;3;5;2;2.0;1.0;2;1;0;4;2;3;3;4;16;1
1030;3;0;0;3;2;3;6;1;5;2;2;3;2;4;0;3;3;6;2;1.0;1.0;1;3;2;3;3;3;3;4;1;0
941;1;1;0;2;2;2;13;1;2;2;8;2;2;4;3;3;3;6;6;1.0;1.0;4;1;0;4;2;3;3;4;17;1
462;3;0;0;2;2;2;13;1;1;2;9;4;8;4;0;3;3;6;0;2.0;1.0;1;3;2;3;3;3;3;4;11;1
462;3;3;0;2;2;2;5;1;5;2;12;4;2;4;0;3;3;6;2;2.0;1.0;1;1;0;4;2;3;3;4;6;1
1002;6;2;1;2;0;0;2;1;5;2;12;0;2;4;0;3;3;6;2;1.0;1.0;1;2;0;4;2;3;3;4;16;1
942;6;4;0;1;2;2;13;3;0;2;4;4;2;6;0;3;3;6;2;2.0;1.0;1;1;0;5;2;3;3;4;17;1
942;6;2;1;2;0;2;3;3;0;2;2;5;8;6;0;3;3;6;2;2.0;1.0;1;2;1;1;2;3;3;4;0;1
264;4;1;0;2;0;2;2;2;0;2;8;5;2;4;0;3;3;6;2;2.0;1.0;3;3;2;3;3;3;3;4;6;0
264;4;2;1;2;0;2;9;1;5;2;8;0;2;4;0;3;3;6;6;2.0;1.0;9;1;0;0;2;0;3;4;0;0
667;0;1;0;2;0;4;3;1;5;2;8;3;2;4;2;3;2;6;6;2.0;1.0;1;2;1;5;2;3;3;4;0;0
667;0;0;0;2;0;2;3;1;1;2;12;2;2;4;0;3;2;6;2;2.0;1.0;4;1;0;5;1;3;3;4;1;0
706;3;0;0;2;0;5;13;1;5;2;8;0;2;5;0;3;2;6;6;2.0;1.0;1;3;2;3;3;3;3;4;3;1
706;3;1;0;0;0;3;3;1;5;2;12;3;2;5;0;3;2;6;2;2.0;1.0;1;1;1;4;1;6;3;4;6;1
157;5;0;0;3;0;2;0;1;4;2;4;2;2;4;4;3;3;6;2;1.0;1.0;1;3;2;3;3;3;3;4;18;1
709;1;1;0;3;0;2;13;1;5;2;9;5;2;4;0;3;2;6;2;1.0;1.0;1;1;0;5;2;6;3;4;6;0
337;4;1;0;2;0;2;0;1;5;2;12;2;2;4;0;3;3;6;2;2.0;1.0;1;3;2;3;3;3;3;4;1;1
337;4;2;1;1;0;2;13;1;2;2;12;4;2;4;0;3;3;6;2;2.0;1.0;1;1;0;1;2;6;3;4;16;1
58;3;1;0;2;0;2;13;1;0;2;12;4;2;6;0;3;3;6;2;2.0;1.0;4;1;0;1;2;3;3;4;0;1
58;3;1;0;2;0;1;13;1;5;2;12;0;2;6;0;3;3;6;7;2.0;1.0;4;2;0;4;2;3;3;4;18;1
164;3;4;0;6;0;2;5;1;4;2;9;2;2;4;0;3;3;6;2;1.0;1.0;1;2;1;0;2;6;3;4;13;1
591;4;1;0;2;0;4;5;1;2;2;8;0;2;5;0;3;0;8;6;1.0;1.0;3;3;2;3;3;0;3;4;13;1
1048;6;2;1;2;0;0;11;1;5;2;1;5;2;4;0;3;3;6;2;1.0;1.0;3;3;2;3;3;1;3;4;18;1
327;4;2;0;6;0;3;13;3;5;2;8;5;0;4;0;3;3;6;6;1.0;1.0;1;1;0;1;2;0;3;4;18;1
995;4;0;0;3;0;0;3;1;2;2;4;5;2;5;0;3;3;6;2;3.0;1.0;8;3;2;3;3;3;3;4;18;1
995;4;1;0;2;0;2;4;1;5;2;12;2;2;5;0;3;3;6;2;3.0;1.0;2;2;1;1;2;0;3;4;17;1
995;4;1;0;3;0;4;3;1;5;2;9;0;2;5;0;3;3;6;7;3.0;1.0;1;1;1;1;2;3;3;4;6;1
1017;5;0;0;2;0;2;6;3;4;2;9;5;2;4;0;3;3;6;2;1.0;1.0;3;1;1;0;2;0;3;4;0;0
63;4;2;0;3;0;1;0;1;0;2;4;5;2;6;0;3;3;6;2;1.0;1.0;3;3;2;3;3;0;3;4;1;1
494;3;0;0;2;0;1;11;1;1;2;9;0;2;4;2;3;3;8;2;2.0;1.0;2;1;1;1;1;0;3;4;6;1
494;3;3;0;2;0;4;3;1;5;2;9;5;2;4;0;3;3;8;2;2.0;1.0;4;3;2;3;3;3;3;4;6;1
358;5;2;0;2;0;1;13;1;5;2;8;0;2;6;0;3;3;6;7;1.0;1.0;9;1;1;0;2;3;3;4;18;1
466;4;0;0;2;2;3;11;1;1;2;8;3;4;4;0;3;3;6;2;2.0;2.0;1;3;2;3;3;2;3;4;4;1
466;4;1;0;2;0;1;13;1;4;2;8;5;2;4;4;3;3;6;2;2.0;2.0;1;1;1;1;2;3;3;4;0;1
319;0;0;0;2;0;4;5;1;0;2;8;0;4;4;0;3;3;6;2;2.0;1.0;1;3;2;3;3;6;3;4;0;1
319;0;1;0;2;0;1;13;1;5;2;8;4;2;4;4;3;3;6;2;2.0;1.0;1;1;0;0;2;3;3;4;18;1
890;0;1;0;3;0;4;2;1;5;2;8;0;2;4;0;3;3;6;6;2.0;1.0;2;3;2;3;3;3;3;4;18;1
890;0;0;0;3;0;4;11;1;5;2;8;5;2;4;0;3;3;6;2;2.0;1.0;1;0;1;4;1;3;3;8;3;1
951;6;0;0;3;1;4;3;1;4;2;9;5;2;5;0;3;3;6;2;2.0;1.0;1;3;2;3;3;3;3;4;9;1
951;6;1;0;2;0;4;0;1;2;2;9;4;2;5;0;3;3;6;2;2.0;1.0;1;1;0;0;2;3;3;4;16;1
451;0;1;0;2;0;3;2;1;5;2;12;4;2;4;0;3;3;6;2;1.0;1.0;1;3;2;3;3;3;3;4;17;1
464;0;1;0;3;0;2;13;1;2;2;2;0;2;6;0;3;3;6;6;2.0;1.0;3;1;0;4;2;3;3;4;16;1
464;0;2;0;2;0;1;3;1;5;2;1;5;2;6;0;3;3;6;2;2.0;1.0;1;0;1;4;1;3;3;5;4;1
919;3;2;1;2;0;4;0;1;5;2;4;0;2;4;0;3;3;6;2;1.0;1.0;1;3;2;3;3;6;3;4;4;1
636;0;0;0;2;0;3;3;1;5;2;9;5;2;4;0;3;3;6;2;2.0;1.0;1;1;1;1;2;6;3;4;13;0
636;0;3;0;2;2;1;3;1;4;2;9;5;1;4;0;3;3;6;2;2.0;1.0;1;1;1;0;2;6;3;4;18;0
970;1;0;0;2;0;4;4;1;1;2;8;3;2;5;0;3;3;6;2;2.0;1.0;2;1;1;1;2;3;3;4;13;1
970;1;0;0;6;0;1;5;1;1;2;0;0;2;5;0;3;3;6;2;2.0;1.0;9;1;1;0;2;1;3;4;16;1
416;2;1;0;2;0;1;13;1;5;2;13;5;2;5;0;3;3;6;2;1.0;2.0;1;2;0;5;2;3;3;4;6;1
416;2;1;0;1;0;1;13;1;5;2;4;5;2;5;0;3;3;6;2;1.0;2.0;1;1;0;5;2;6;3;4;18;1
1007;2;0;0;2;0;0;13;1;5;2;9;1;2;4;0;3;3;6;2;1.0;1.0;1;2;0;5;2;1;3;4;4;1
1010;3;3;0;1;0;2;6;3;3;2;9;0;2;4;0;3;3;6;2;1.0;1.0;1;1;1;5;2;3;3;4;0;1
1062;5;0;0;3;0;1;13;1;2;2;12;0;2;7;0;3;3;6;2;2.0;1.0;1;3;2;3;3;3;3;4;18;1
1062;5;1;0;2;0;0;13;3;5;2;9;5;2;7;0;3;3;6;6;2.0;1.0;1;1;1;1;1;3;3;4;6;1
164;6;1;0;3;0;0;9;1;0;2;6;0;6;4;0;3;3;6;6;3.0;1.0;4;3;2;3;3;3;3;4;18;1
164;6;2;0;1;0;5;13;1;1;2;6;0;6;4;0;3;3;6;6;3.0;1.0;1;3;2;3;3;3;3;4;16;1
164;6;0;0;2;2;2;7;1;5;2;8;3;2;4;0;3;3;6;7;3.0;1.0;5;1;0;1;2;3;3;4;0;1
1000;5;0;0;2;0;0;3;1;1;2;9;0;6;5;3;3;3;6;2;1.0;1.0;1;3;2;3;3;3;3;4;17;0
63;6;1;0;2;0;1;13;1;5;2;9;5;2;6;0;3;3;6;2;2.0;1.0;1;2;1;5;2;3;3;4;16;1
63;6;2;0;2;0;2;4;1;5;1;5;5;2;6;0;3;3;6;7;2.0;1.0;1;3;2;3;3;6;3;4;1;1
478;4;1;0;2;0;2;0;1;4;2;9;5;2;4;0;3;3;6;2;1.0;2.0;1;1;0;0;1;6;3;4;2;1
478;4;1;0;2;0;2;11;1;2;0;2;5;2;4;0;3;3;6;2;1.0;2.0;1;0;1;5;2;3;3;4;7;1
951;3;1;0;2;0;1;3;1;5;2;8;0;2;5;0;3;3;6;2;2.0;1.0;9;3;2;3;3;3;3;4;6;1
951;3;2;0;2;0;4;5;1;5;2;8;2;3;5;0;3;3;6;2;2.0;1.0;9;1;1;0;2;3;3;4;7;1
939;5;1;0;2;2;4;3;3;5;2;8;2;4;4;0;3;3;6;2;2.0;1.0;9;2;0;5;2;3;3;4;6;1
939;5;1;0;2;0;2;3;1;1;2;12;0;3;4;0;3;3;6;2;2.0;1.0;5;2;0;5;2;3;3;4;17;1
43;6;1;0;3;2;4;3;1;1;2;12;0;2;4;0;3;3;6;6;1.0;1.0;1;3;2;3;3;3;3;4;6;1
283;6;1;0;2;0;2;13;1;5;2;9;2;2;6;0;3;3;6;7;1.0;1.0;12;1;0;1;2;3;3;4;0;1
517;3;1;0;2;2;2;3;1;5;2;12;2;2;6;2;3;3;6;2;2.0;1.0;4;3;2;3;3;3;3;4;13;1
517;3;0;0;2;2;4;3;1;3;2;12;0;0;6;0;3;3;6;2;2.0;1.0;3;3;2;3;3;3;3;4;6;1
1009;3;0;0;1;2;4;5;1;2;2;12;2;2;4;3;3;3;6;6;2.0;1.0;1;1;0;0;2;3;3;4;0;1
1009;3;3;0;2;0;2;12;3;2;2;12;0;2;4;0;3;3;6;2;2.0;1.0;1;0;0;4;0;6;3;6;6;1
1017;6;1;0;3;0;2;3;1;1;2;12;3;0;6;0;3;3;6;2;2.0;1.0;1;3;2;3;3;3;3;4;6;1
1017;6;2;0;3;2;4;5;1;5;2;12;2;2;6;0;3;3;6;2;2.0;1.0;4;1;0;0;2;3;3;4;6;1
208;6;0;0;2;2;3;11;1;1;2;2;2;2;5;3;3;3;6;2;2.0;1.0;2;2;0;4;2;3;3;4;0;1
208;6;1;0;2;2;1;11;1;2;2;12;0;2;5;0;3;3;6;2;2.0;1.0;9;3;2;3;3;2;3;4;0;1
983;3;1;0;2;2;1;3;2;1;2;4;2;2;4;0;3;3;6;2;2.0;1.0;5;3;2;3;3;3;3;4;6;1
983;3;1;0;1;2;2;13;1;5;2;9;3;2;4;0;3;3;6;2;2.0;1.0;1;1;1;1;2;3;3;4;11;1
223;2;0;0;2;2;2;3;3;4;2;12;2;2;4;0;3;3;6;2;2.0;1.0;1;0;1;4;2;3;3;4;0;1
223;2;0;0;2;2;3;5;1;5;2;8;2;2;4;0;3;3;6;6;2.0;1.0;1;3;2;3;3;3;3;4;18;1
504;5;0;0;3;2;4;3;1;5;2;4;6;2;5;0;3;3;6;6;1.0;1.0;1;1;0;5;2;3;3;4;4;1
613;0;0;0;3;2;3;3;1;0;2;4;3;2;4;0;3;2;6;6;1.0;1.0;1;3;2;3;3;3;3;4;0;1
1012;5;0;0;2;2;2;13;1;5;2;12;2;2;4;0;3;3;6;2;2.0;1.0;1;1;0;0;2;3;3;4;0;1
1012;5;1;0;2;2;2;3;2;4;2;3;2;2;4;0;3;3;6;7;2.0;1.0;1;1;1;0;2;3;3;4;11;1
1021;6;1;0;2;2;2;9;1;5;2;8;4;2;7;0;3;3;6;2;2.0;1.0;1;2;1;5;2;3;3;4;4;2
1021;6;0;0;2;0;0;3;1;1;2;2;0;2;7;0;3;3;6;7;2.0;1.0;1;1;1;0;2;3;3;4;7;2
983;6;0;0;1;2;2;3;2;2;2;3;0;3;4;0;3;3;6;2;2.0;1.0;5;3;2;3;3;3;3;4;11;1
983;6;0;0;2;0;2;3;1;4;2;8;5;2;4;0;3;3;6;7;2.0;1.0;9;1;1;0;1;3;3;4;16;1
630;2;4;0;2;0;2;3;1;1;2;12;2;4;4;0;3;3;6;2;2.0;2.0;1;1;1;1;2;1;3;4;13;1
630;2;1;0;2;0;2;0;1;0;2;8;0;2;4;0;3;3;6;2;2.0;2.0;9;1;1;4;2;3;3;4;4;1
417;0;1;0;2;0;4;3;1;1;2;8;2;3;6;0;3;3;6;2;2.0;1.0;1;1;1;4;2;3;3;4;16;1
417;0;1;0;2;0;2;3;1;5;2;12;3;8;6;0;3;3;6;2;2.0;1.0;9;3;2;3;3;3;3;4;17;1
981;5;1;0;2;0;5;3;1;0;2;8;0;0;4;0;3;3;6;2;2.0;3.0;1;3;2;3;3;3;3;4;0;1
981;5;0;0;0;0;3;2;1;5;2;9;0;2;4;0;3;3;6;2;2.0;3.0;1;1;0;4;2;4;3;4;0;1
981;5;0;0;3;0;2;11;1;5;2;12;2;2;4;0;3;3;6;2;2.0;3.0;1;1;0;1;2;3;3;4;0;1
466;6;0;0;3;0;2;13;1;1;2;8;3;2;2;3;3;3;6;2;2.0;1.0;1;3;2;3;3;3;3;4;7;1
466;6;2;1;2;0;2;12;1;2;2;8;0;3;2;0;3;3;6;2;2.0;1.0;1;1;0;1;2;3;3;4;1;1
927;5;2;0;1;0;2;2;1;5;2;8;5;2;5;0;3;3;6;2;2.0;1.0;5;2;1;5;2;3;3;4;13;1
927;5;2;1;2;0;2;5;1;2;2;12;2;0;5;4;3;3;6;2;2.0;1.0;1;3;2;3;3;0;3;4;9;1
520;3;0;0;2;0;1;3;1;5;2;2;0;2;6;0;3;3;6;2;2.0;4.0;9;3;2;3;3;3;3;4;13;1
520;3;0;0;6;0;2;3;1;5;2;4;0;2;6;0;3;3;6;0;2.0;4.0;9;1;1;5;2;6;3;4;18;1
520;3;0;0;2;0;4;6;1;0;2;8;3;2;6;0;3;3;6;6;2.0;4.0;9;3;2;3;3;3;3;4;4;1
520;3;0;0;2;0;0;13;1;5;2;2;0;2;6;0;3;3;6;2;2.0;4.0;1;1;0;1;2;3;3;4;16;1
520;3;0;0;6;0;3;13;1;5;2;8;0;2;6;0;3;3;6;2;2.0;4.0;1;2;1;1;2;3;3;4;0;1
26;0;2;0;3;0;0;15;1;5;2;8;5;2;4;0;3;2;6;2;2.0;1.0;1;0;0;5;2;3;3;4;4;1
26;0;1;0;2;0;2;9;1;5;2;9;2;2;4;0;3;2;6;7;2.0;1.0;1;3;2;3;3;3;3;4;18;1
1002;6;1;0;2;0;0;13;1;2;2;8;2;2;4;0;3;3;6;7;2.0;1.0;5;1;1;0;2;3;3;4;6;1
1002;6;0;0;3;2;2;11;1;2;2;9;0;2;4;0;3;3;6;2;2.0;1.0;1;1;1;1;0;3;3;4;18;1
915;2;3;0;2;0;1;3;1;1;2;8;3;2;5;0;3;3;6;2;2.0;2.0;1;3;2;3;3;3;3;4;13;1
915;2;1;0;2;2;3;2;1;1;2;8;3;2;5;0;3;3;6;7;2.0;2.0;1;1;0;1;1;3;3;4;18;1
372;3;1;0;6;0;2;2;1;5;2;12;2;2;4;0;3;3;6;7;2.0;1.0;2;0;0;1;1;3;3;6;13;1
372;3;0;0;6;0;2;12;1;5;2;12;2;2;4;0;3;3;6;7;2.0;1.0;9;3;2;3;3;3;3;4;17;1
997;3;0;0;2;0;2;3;1;4;2;9;2;2;4;0;3;3;6;2;2.0;1.0;1;1;0;1;2;3;3;4;1;1
997;3;1;1;2;0;1;14;1;5;2;2;2;2;4;0;3;3;6;6;2.0;1.0;1;0;1;0;2;3;3;6;18;1
1055;6;1;0;2;0;4;14;3;5;2;2;3;2;5;0;3;3;6;2;1.0;1.0;2;3;2;3;3;0;3;4;4;0
761;5;2;1;2;0;2;13;1;1;2;9;3;2;4;0;3;2;6;2;1.0;1.0;1;2;0;0;2;3;3;4;18;0
140;4;1;0;2;0;4;13;1;5;2;8;2;0;4;0;3;3;6;6;2.0;1.0;2;2;1;0;2;3;3;4;17;1
140;4;2;1;2;0;1;15;1;2;2;8;2;0;4;0;3;3;6;2;2.0;1.0;5;0;0;0;2;3;3;4;13;1
798;5;2;0;2;0;3;3;1;1;2;9;2;2;4;0;3;2;6;2;2.0;1.0;1;3;2;3;3;6;3;4;17;1
798;5;2;1;2;0;3;12;1;2;2;2;5;2;4;2;3;2;6;2;2.0;1.0;1;1;0;4;1;3;3;4;18;1
514;0;0;0;2;2;2;2;1;5;2;12;2;2;4;0;3;3;6;2;2.0;1.0;1;3;2;3;3;6;3;4;17;0
514;0;2;1;2;0;1;3;1;5;2;8;2;2;4;0;3;3;6;7;2.0;1.0;1;1;0;1;1;3;3;4;6;0
524;5;0;0;3;0;3;3;1;5;2;12;2;2;4;0;3;3;6;0;2.0;1.0;1;3;2;3;3;6;3;4;19;1
524;5;2;0;2;0;1;3;1;5;2;12;2;2;4;0;3;3;6;2;2.0;1.0;1;1;1;1;2;3;3;4;6;1
98;3;0;0;2;0;2;3;1;5;2;12;2;2;4;0;3;3;6;2;2.0;1.0;1;1;0;0;2;3;3;4;1;1
98;3;0;0;1;0;4;0;3;1;2;9;2;2;4;0;3;3;6;2;2.0;1.0;1;3;2;3;3;6;3;4;16;1
461;6;2;1;1;0;4;15;1;3;2;2;0;2;4;0;3;3;6;6;2.0;1.0;1;3;2;3;3;0;3;4;0;1
461;6;1;0;2;0;2;13;1;5;2;12;0;2;4;0;3;3;6;2;2.0;1.0;1;1;1;1;1;1;3;4;0;1
209;0;2;0;3;0;0;13;1;5;2;12;4;2;4;0;3;3;6;0;2.0;1.0;1;3;2;3;3;0;3;4;18;1
209;0;1;0;3;0;2;11;1;5;2;9;2;2;4;0;3;3;6;6;2.0;1.0;1;1;0;1;2;3;3;4;18;1
932;1;1;0;2;0;2;2;1;5;2;8;4;2;4;0;3;3;6;2;2.0;1.0;1;3;2;3;3;0;3;4;1;1
932;1;0;0;2;0;0;3;1;5;2;4;2;2;4;0;3;3;6;2;2.0;1.0;1;1;0;1;2;3;3;4;0;1
722;5;1;0;2;2;2;4;3;5;2;9;3;2;5;0;3;2;6;2;2.0;1.0;1;3;2;3;3;0;3;4;16;1
722;5;1;0;1;2;4;9;1;5;2;8;6;2;5;0;3;2;6;2;2.0;1.0;1;1;0;1;2;0;3;4;1;1
1058;0;2;0;2;2;3;3;1;1;2;12;2;2;4;0;3;3;6;2;1.0;1.0;9;3;2;3;3;0;3;4;16;0
386;0;0;0;6;2;2;4;1;5;2;2;5;2;4;0;3;3;6;2;1.0;1.0;1;1;0;1;2;3;3;4;13;1
994;2;0;0;0;0;4;9;1;4;2;4;2;2;5;0;3;3;6;7;1.0;3.0;1;0;1;4;1;3;3;6;2;1
994;2;0;0;1;0;3;11;1;5;2;1;4;2;5;2;3;3;6;2;1.0;3.0;1;1;0;0;2;2;3;4;18;1
994;2;0;0;2;0;0;13;1;5;2;0;0;2;5;0;3;3;6;2;1.0;3.0;1;3;2;3;3;3;3;4;18;1
479;6;0;0;2;0;4;12;1;5;2;12;2;2;4;2;3;3;6;6;1.0;1.0;4;3;2;3;3;6;3;4;18;1
558;1;1;0;2;2;4;3;1;5;2;12;2;2;4;0;3;3;6;2;2.0;1.0;1;1;0;1;2;3;3;4;1;0
558;1;1;0;2;0;4;14;1;5;2;4;2;2;4;0;3;3;6;2;2.0;1.0;1;3;2;3;3;3;3;4;16;0
977;6;0;0;2;0;5;3;3;1;2;12;2;2;4;0;3;3;6;2;2.0;1.0;1;3;2;3;3;3;3;4;13;1
977;6;2;1;2;0;0;5;3;5;2;8;5;2;4;0;3;3;6;6;2.0;1.0;1;1;1;1;2;3;3;4;11;1
111;0;0;0;5;2;0;15;1;5;2;12;5;2;4;0;3;3;6;2;2.0;1.0;1;3;2;3;3;3;3;4;1;1
111;0;2;1;2;2;3;4;1;5;2;8;2;2;4;0;3;3;6;2;2.0;1.0;1;1;1;1;2;3;3;4;0;1
125;1;1;0;2;2;0;13;1;5;2;8;0;2;4;0;3;3;6;2;2.0;1.0;1;0;1;5;2;3;3;4;11;1
125;1;1;0;2;2;1;2;2;5;2;12;5;2;4;0;3;3;6;2;2.0;1.0;1;0;0;5;2;3;3;4;12;1
307;1;1;0;4;2;2;3;3;1;2;12;5;2;4;0;3;3;6;2;2.0;1.0;1;3;2;3;3;6;3;4;4;1
307;1;1;0;4;2;4;14;1;5;2;12;0;2;4;0;3;3;6;2;2.0;1.0;4;1;0;1;2;6;3;4;16;1
386;5;0;0;2;2;1;15;1;4;2;12;5;2;4;0;3;3;6;2;1.0;1.0;1;1;1;4;2;6;3;4;0;1
541;6;0;0;3;2;4;14;1;5;2;9;0;2;5;0;3;3;6;6;2.0;1.0;2;1;1;1;2;3;3;4;13;1
541;6;0;0;6;2;2;3;1;1;2;2;0;2;5;0;3;3;6;2;2.0;1.0;5;3;2;3;3;1;3;4;1;1
116;6;0;0;2;2;2;12;1;1;2;8;3;2;6;0;3;3;6;2;2.0;1.0;1;1;0;4;2;3;3;4;17;1
116;6;0;0;2;2;2;12;1;1;2;2;5;2;6;0;3;3;6;2;2.0;1.0;1;0;0;5;2;6;3;0;18;1
695;5;0;0;2;2;3;14;1;1;2;12;2;2;4;0;3;2;6;2;2.0;1.0;4;1;0;4;2;1;3;4;16;0
695;5;1;0;2;2;1;15;1;5;2;12;5;2;4;0;3;2;6;2;2.0;1.0;5;0;0;0;1;3;3;5;18;0
999;1;1;0;3;0;1;15;1;0;2;11;5;8;4;0;3;3;6;2;1.0;1.0;1;3;2;3;3;3;3;4;18;1
267;3;1;0;2;0;1;14;1;2;2;8;2;0;4;0;3;3;6;2;1.0;1.0;1;3;2;3;3;3;3;4;13;1
608;4;0;0;2;0;1;16;1;3;2;12;5;8;4;0;3;2;6;6;3.0;2.0;5;1;0;1;2;3;3;4;0;1
608;4;2;1;2;0;2;14;1;5;2;8;0;2;4;0;3;2;6;0;3.0;2.0;1;3;2;3;3;3;3;4;17;1
608;4;1;0;2;0;2;14;1;5;2;12;0;2;4;0;3;2;6;2;3.0;2.0;4;3;2;3;3;3;3;4;13;1
585;2;1;0;2;0;4;6;1;1;2;12;2;2;6;0;3;3;6;2;2.0;2.0;1;1;0;0;2;3;3;4;19;1
585;2;1;0;3;0;2;3;1;5;2;8;0;2;6;0;3;3;6;2;2.0;2.0;4;1;0;4;2;3;3;4;11;1
922;1;1;0;2;0;2;3;1;5;2;12;3;2;5;0;3;3;6;2;2.0;1.0;1;3;2;3;3;6;3;4;12;1
922;1;1;0;2;0;4;4;1;5;2;2;5;2;5;0;3;3;6;2;2.0;1.0;9;3;2;3;3;6;3;4;0;1
1062;0;1;0;3;2;2;3;1;5;2;8;2;2;4;0;3;3;6;2;2.0;1.0;1;1;0;0;2;3;3;4;14;1
1062;0;0;0;2;2;2;11;1;4;2;8;2;2;4;0;3;3;6;2;2.0;1.0;1;1;0;0;1;3;3;4;4;1
401;0;3;0;2;0;2;3;1;1;2;12;0;3;4;0;3;3;6;2;1.0;1.0;1;0;0;5;2;3;3;8;1;1
589;0;1;0;2;0;3;3;1;1;2;9;0;2;4;0;3;2;6;6;1.0;1.0;2;3;2;3;3;3;3;4;0;1
533;0;1;0;2;0;2;3;1;5;2;9;0;2;7;0;3;3;6;2;2.0;1.0;2;1;0;0;2;3;3;4;17;1
533;0;1;0;2;0;2;14;1;2;1;12;2;2;7;0;3;3;6;2;2.0;1.0;2;3;2;3;3;3;3;4;5;1
1055;1;0;0;2;0;2;6;1;5;1;12;5;2;6;0;3;3;8;2;2.0;1.0;1;1;0;0;2;3;3;4;1;0
1055;1;2;1;2;0;4;6;1;5;2;8;2;8;6;0;3;3;8;2;2.0;1.0;1;1;0;0;1;3;3;4;16;0
362;4;1;0;1;0;4;15;3;5;2;11;3;2;6;0;3;3;6;7;2.0;1.0;1;3;2;3;3;3;3;4;0;1
362;4;0;0;2;0;4;15;1;5;2;12;2;8;6;0;3;3;6;7;2.0;1.0;1;3;2;3;3;3;3;4;18;1
1067;3;0;0;2;0;4;4;1;2;2;12;2;1;6;0;3;3;6;2;2.0;1.0;9;2;1;0;2;6;3;4;17;0
1067;3;0;0;2;0;4;3;3;5;2;2;2;2;6;0;3;3;6;2;2.0;1.0;1;2;1;5;2;3;3;4;18;0
242;4;1;0;2;0;4;3;1;5;2;8;2;0;4;0;3;3;6;2;1.0;1.0;9;3;2;3;3;3;3;4;16;0
635;4;2;1;2;0;2;3;1;5;2;12;2;0;4;0;3;2;6;0;1.0;1.0;9;0;1;5;2;3;3;4;4;1
151;3;0;0;2;0;1;14;3;5;2;9;3;2;4;0;3;3;6;2;1.0;2.0;1;0;1;5;2;3;3;5;6;1
151;3;0;0;2;0;3;14;1;5;2;8;2;2;4;0;3;3;6;2;1.0;2.0;5;3;2;3;3;3;3;4;1;1
406;0;1;0;2;0;3;3;1;5;2;8;0;2;4;0;3;3;6;7;1.0;1.0;1;1;0;5;2;3;3;4;6;1
561;3;1;0;2;0;1;11;1;3;2;8;2;2;4;0;3;3;6;2;2.0;1.0;5;3;2;3;3;6;3;4;1;1
561;3;0;0;3;0;3;3;2;0;2;2;2;2;4;0;3;3;6;2;2.0;1.0;1;2;1;4;2;3;3;4;16;1
883;5;0;0;2;0;3;2;1;5;2;8;2;2;4;0;3;3;6;2;2.0;1.0;2;2;1;1;2;3;3;4;18;1
883;5;1;0;2;0;2;10;1;0;2;8;2;0;4;0;3;3;6;7;2.0;1.0;1;2;1;4;2;3;3;4;0;1
426;2;1;0;2;0;2;13;1;5;2;8;2;0;6;0;3;3;6;2;1.0;1.0;1;3;2;3;3;3;3;4;0;1
426;1;3;0;6;0;3;4;1;2;2;8;2;2;5;0;3;3;6;7;2.0;1.0;1;3;2;3;3;3;3;4;9;1
426;1;3;0;2;0;3;15;1;5;2;12;2;2;5;0;3;3;6;2;2.0;1.0;1;1;1;4;2;3;3;4;18;1
432;6;1;0;2;0;0;13;1;5;2;9;3;2;4;0;3;3;6;2;1.0;2.0;1;3;2;3;3;3;3;4;0;1
432;6;1;0;3;0;4;9;1;5;2;2;0;2;4;0;3;3;6;2;1.0;2.0;1;3;2;3;3;6;3;4;1;1
140;1;1;0;3;0;4;3;1;5;2;12;2;2;6;0;3;3;6;2;1.0;1.0;1;0;0;4;2;6;3;4;19;1
441;5;0;0;3;0;3;3;1;5;2;1;2;2;5;0;3;3;6;2;2.0;1.0;5;0;0;4;1;3;3;4;4;1
441;5;1;0;1;0;1;3;1;5;2;12;2;2;5;0;3;3;6;6;2.0;1.0;1;0;0;0;2;3;3;4;4;1
569;1;0;0;2;0;1;11;1;5;2;4;0;0;4;0;3;3;6;2;1.0;2.0;1;2;1;5;2;3;3;4;18;1
569;1;0;0;0;0;4;3;1;5;2;12;2;2;4;0;3;3;6;2;1.0;2.0;1;3;2;3;3;3;3;4;16;1
990;3;0;0;2;0;1;0;1;5;2;12;5;2;6;0;3;3;6;6;1.0;1.0;1;3;2;3;3;3;3;4;11;0
779;5;1;0;2;0;1;0;1;2;2;2;5;2;4;0;3;2;6;2;1.0;1.0;2;3;2;3;3;3;3;4;17;1
635;0;3;0;1;0;0;11;1;2;2;2;0;2;4;0;3;3;6;2;2.0;1.0;1;1;0;0;2;6;3;4;18;1
635;0;1;0;2;0;2;3;1;5;2;12;2;2;4;0;3;3;6;2;2.0;1.0;1;1;1;0;2;6;3;4;0;1
716;6;3;0;2;0;3;8;1;5;2;12;4;2;4;0;3;2;6;2;2.0;1.0;5;3;2;3;3;6;3;4;6;1
716;6;1;0;2;0;3;3;3;1;2;1;2;2;4;0;3;2;6;7;2.0;1.0;1;0;1;1;1;3;3;4;0;1
813;4;3;0;3;0;2;13;1;1;2;12;0;2;5;0;0;2;3;7;2.0;3.0;1;3;2;3;3;6;3;4;11;1
813;4;3;0;2;0;3;3;1;2;2;8;0;2;5;0;0;2;3;2;2.0;3.0;1;1;0;0;2;6;3;4;4;1
813;4;3;0;2;0;0;6;1;2;2;2;2;2;5;0;0;2;3;2;2.0;3.0;4;3;2;3;3;3;1;4;7;1
813;4;4;0;3;0;1;10;1;1;2;8;2;2;5;0;0;2;3;6;2.0;3.0;1;1;0;1;2;3;3;4;9;1
967;2;1;0;1;0;0;3;1;5;2;8;0;3;4;0;3;3;6;2;2.0;1.0;1;0;1;0;2;6;3;6;15;1
967;2;1;0;2;0;2;6;1;1;2;12;0;2;4;0;3;3;6;2;2.0;1.0;2;3;2;3;3;6;3;4;0;1
1002;4;0;0;2;0;3;3;3;5;2;9;2;2;5;0;3;3;6;2;2.0;1.0;5;1;0;0;2;3;3;4;18;1
1002;4;0;0;1;0;4;13;1;1;2;8;2;0;5;0;3;3;6;2;2.0;1.0;1;1;0;0;2;3;3;4;4;1
203;6;3;0;3;2;2;13;1;1;2;9;5;2;4;0;3;3;6;6;1.0;1.0;1;1;0;0;2;3;3;4;16;1
278;4;3;0;3;0;3;5;1;5;2;9;2;2;4;0;3;3;6;2;2.0;1.0;9;1;1;1;2;3;3;4;1;1
278;4;0;0;2;0;2;13;1;5;2;12;3;2;4;0;3;3;6;2;2.0;1.0;2;1;0;4;1;3;3;4;17;1
112;1;3;0;3;2;2;13;1;5;2;3;4;2;4;0;3;3;6;6;2.0;1.0;1;3;2;3;3;2;3;4;11;1
112;1;1;0;2;0;1;5;3;5;2;12;0;2;4;0;3;3;6;2;2.0;1.0;1;0;0;5;2;0;3;4;6;1
7;4;0;0;2;0;4;0;1;5;2;12;0;2;4;0;3;2;6;6;2.0;1.0;9;3;2;3;3;3;3;4;16;1
7;4;1;0;2;0;2;3;1;5;2;1;4;0;4;0;3;2;6;2;2.0;1.0;1;1;0;0;1;1;3;4;17;1
889;3;1;0;1;0;0;4;1;5;2;12;0;2;4;0;3;3;6;2;1.0;1.0;1;1;0;1;2;3;3;4;0;1
381;3;0;0;2;0;4;11;1;5;2;12;0;2;4;0;3;3;6;2;2.0;1.0;1;1;1;4;2;3;3;4;6;1
381;3;1;0;3;2;1;2;1;5;2;12;0;2;4;0;3;3;6;2;2.0;1.0;1;3;2;3;3;3;3;4;0;1
992;0;0;0;2;0;2;3;1;3;2;8;2;2;5;0;3;3;6;2;3.0;1.0;1;1;1;1;2;0;3;4;0;0
992;0;1;0;2;0;3;3;1;1;2;12;2;0;5;0;3;3;6;2;3.0;1.0;1;1;0;1;2;3;3;4;1;0
992;0;1;0;2;0;2;11;1;5;2;9;2;2;5;0;3;3;6;2;3.0;1.0;1;1;1;1;2;3;3;4;3;0
764;3;2;1;1;0;4;4;1;2;2;12;0;2;4;0;3;2;6;2;1.0;1.0;1;3;2;3;3;3;3;4;6;1
85;2;0;0;2;0;2;13;1;5;2;12;0;2;5;0;3;3;6;7;1.0;1.0;2;1;0;1;2;6;3;4;18;1
944;6;3;0;3;0;0;3;1;5;2;2;0;2;5;0;3;3;6;6;2.0;1.0;1;2;1;0;2;3;3;4;6;1
944;6;1;0;2;0;2;3;1;0;0;8;0;2;5;0;3;3;6;2;2.0;1.0;1;2;0;5;2;1;3;4;1;1
1012;6;2;1;0;0;0;13;1;4;2;11;5;2;4;0;3;3;6;2;1.0;1.0;1;2;0;0;2;3;3;4;16;1
1022;5;1;0;2;0;4;13;1;1;2;12;0;2;4;0;0;3;3;6;2.0;1.0;1;2;0;0;2;3;3;4;0;1
1022;5;1;0;2;0;0;13;1;0;2;8;0;2;4;0;0;3;3;2;2.0;1.0;1;2;0;5;2;6;3;4;18;1
1022;6;1;0;2;0;2;4;1;0;2;9;5;8;4;0;3;3;6;2;1.0;2.0;1;1;0;0;2;6;3;4;13;1
1022;6;1;0;2;0;1;4;1;0;2;4;4;2;4;0;3;3;6;7;1.0;2.0;5;3;2;3;3;6;3;4;13;1
63;3;1;0;2;0;2;3;1;1;2;12;0;2;4;0;3;3;6;2;2.0;1.0;9;3;2;3;3;3;2;4;18;1
63;3;3;0;2;0;1;2;1;0;2;9;0;2;4;0;3;3;6;7;2.0;1.0;5;1;1;5;2;3;0;4;18;1
1009;1;0;0;2;0;1;3;1;0;2;1;2;2;4;0;0;3;3;2;2.0;1.0;1;3;2;3;3;3;3;4;18;1
1009;1;2;0;2;0;4;3;1;5;1;8;5;2;4;0;0;3;3;2;2.0;1.0;1;1;0;0;2;6;3;4;17;1
843;5;1;0;2;0;0;9;1;5;2;5;2;2;5;0;3;2;6;6;2.0;1.0;1;3;2;3;3;3;3;4;6;1
843;5;0;0;0;2;0;3;1;0;2;5;2;2;5;0;3;2;6;2;2.0;1.0;5;1;0;1;2;3;3;4;0;1
970;1;1;0;0;0;5;3;1;0;2;5;0;2;4;0;3;3;6;2;2.0;1.0;1;0;1;5;2;3;3;6;1;1
970;1;1;0;2;0;0;5;3;3;2;5;0;2;4;0;3;3;6;2;2.0;1.0;1;3;2;3;3;3;3;4;6;1
1039;4;3;0;2;0;2;14;1;5;2;5;5;8;6;0;3;3;6;7;1.0;1.0;1;1;0;0;2;3;3;4;6;0
519;1;3;0;2;0;4;3;1;5;2;11;5;8;5;0;3;3;6;6;1.0;1.0;1;2;0;0;2;3;3;4;18;1
519;5;1;0;2;0;4;3;1;4;2;5;2;2;4;0;3;3;6;7;1.0;2.0;1;3;2;3;3;3;3;4;4;1
519;5;1;0;2;2;2;0;1;5;2;5;0;2;4;0;3;3;6;2;1.0;2.0;1;1;0;4;2;0;3;4;0;1
219;6;1;0;3;0;1;4;1;5;2;5;2;4;4;0;3;3;6;2;1.0;1.0;9;3;2;3;3;3;3;4;0;1
667;6;0;0;2;0;1;13;1;1;2;5;2;3;6;0;0;2;3;2;2.0;1.0;9;3;2;3;3;3;3;4;18;1
667;6;1;0;2;0;3;3;1;1;2;8;0;3;6;0;0;2;3;2;2.0;1.0;1;1;0;4;2;6;3;4;18;1
268;2;1;0;2;0;1;6;1;1;2;5;0;3;4;0;3;3;6;2;1.0;1.0;1;2;1;1;2;6;3;4;3;1
410;5;3;0;2;0;1;3;1;5;2;5;0;3;4;0;3;3;6;6;1.0;1.0;4;3;2;3;3;3;3;4;9;1
396;1;2;1;3;0;2;0;1;1;2;5;0;2;7;0;3;3;6;6;2.0;1.0;1;1;1;1;2;6;3;4;16;1
396;1;1;0;2;0;4;5;1;5;2;8;0;2;7;0;3;3;6;2;2.0;1.0;1;1;1;5;2;3;3;4;17;1
411;5;2;0;2;0;2;3;1;5;2;1;0;2;4;0;3;3;6;2;1.0;1.0;1;3;2;3;3;6;3;4;16;1
358;0;2;1;2;0;1;13;1;4;2;8;0;2;4;0;3;3;6;2;2.0;1.0;1;1;0;0;2;3;3;4;4;1
358;0;1;0;2;0;2;3;1;1;2;12;2;0;4;0;3;3;6;2;2.0;1.0;1;1;1;0;2;6;3;4;4;1
416;2;0;0;0;0;1;4;1;4;2;9;2;2;7;0;3;3;6;2;1.0;1.0;1;1;1;0;2;6;3;4;13;0
885;5;1;0;2;0;2;5;1;4;2;9;5;2;4;0;3;2;6;2;2.0;1.0;1;1;0;1;2;6;3;4;18;1
885;5;1;0;2;0;0;3;1;5;2;9;0;2;4;0;3;2;6;2;2.0;1.0;1;1;0;4;2;3;3;4;13;1
401;3;2;1;2;0;1;3;1;4;2;12;0;2;4;0;3;3;6;2;2.0;1.0;1;2;1;5;2;0;3;4;16;1
401;3;0;0;2;0;4;3;1;5;2;8;2;2;4;0;3;3;6;2;2.0;1.0;5;3;2;3;3;3;3;4;6;1
0;2;2;1;2;0;3;11;1;5;2;12;2;2;6;0;3;2;6;2;2.0;1.0;3;1;0;1;2;3;3;4;18;1
0;2;1;0;2;0;1;2;1;4;2;12;5;2;6;0;3;2;6;1;2.0;1.0;1;0;1;4;2;3;3;4;4;1
992;6;1;0;2;0;3;2;1;2;2;8;2;2;4;0;3;3;6;2;2.0;1.0;1;3;2;3;3;3;3;4;0;1
992;6;2;1;1;0;2;2;1;3;2;2;5;2;4;0;3;3;6;6;2.0;1.0;1;1;1;1;2;6;3;4;18;1
1034;3;0;0;0;0;0;6;1;5;2;12;2;2;5;0;3;3;6;2;2.0;1.0;5;2;0;5;2;3;3;4;6;1
1034;3;2;1;2;0;3;13;1;5;2;12;4;2;5;0;3;3;6;2;2.0;1.0;1;1;0;4;2;3;3;4;18;1
459;6;1;0;2;0;2;5;1;5;2;8;3;2;5;0;3;3;6;2;2.0;1.0;9;3;2;3;3;3;3;4;16;1
459;6;1;0;1;0;3;3;1;5;2;8;4;0;5;0;3;3;6;2;2.0;1.0;5;0;1;1;1;3;3;0;0;1
293;3;2;0;1;0;3;3;1;5;2;8;0;2;4;0;3;3;6;2;1.0;1.0;1;1;0;4;2;3;3;4;17;1
148;5;0;0;2;0;2;11;1;5;2;8;3;2;4;0;3;3;6;2;2.0;1.0;1;1;1;0;2;6;3;4;16;0
148;5;1;0;1;0;1;13;1;5;2;12;2;2;4;0;3;3;6;6;2.0;1.0;1;0;1;5;1;3;3;6;1;0
879;4;1;0;2;0;4;13;1;3;2;8;0;2;4;0;3;2;6;6;2.0;1.0;1;3;2;3;3;3;3;4;2;1
879;4;0;0;2;0;4;13;1;5;2;12;2;2;4;0;3;2;6;2;2.0;1.0;1;1;1;4;2;6;3;4;7;1
713;1;0;0;2;0;2;0;1;5;2;12;3;2;4;2;3;2;6;6;2.0;1.0;1;3;2;3;3;6;3;4;6;1
713;1;1;0;2;0;0;5;3;5;2;12;2;2;4;0;3;2;6;6;2.0;1.0;1;1;0;1;2;3;3;4;7;1
519;1;1;0;4;0;3;2;1;5;2;8;2;2;4;0;3;2;6;2;1.0;1.0;1;3;2;3;3;6;3;4;6;1
380;4;1;0;2;0;3;5;1;5;2;8;2;2;6;0;3;3;6;2;1.0;1.0;1;1;0;0;2;3;3;4;17;1
90;6;2;1;1;0;1;2;1;5;2;8;2;2;6;0;3;3;6;6;1.0;1.0;1;0;0;4;1;3;3;8;6;1
441;6;1;0;2;2;0;5;3;5;2;8;2;2;4;0;0;2;3;2;1.0;1.0;1;1;0;4;1;3;3;4;0;1
722;6;4;0;2;0;2;11;1;1;2;2;0;2;6;0;0;2;3;2;2.0;1.0;1;0;1;1;2;6;3;4;13;1
722;6;0;0;3;0;1;3;3;5;2;8;2;2;6;0;0;2;3;2;2.0;1.0;1;0;0;0;2;3;3;8;6;1
19;5;0;0;3;2;2;13;3;5;2;9;2;2;5;0;3;2;6;2;1.0;1.0;1;0;1;0;2;0;3;6;0;1
1062;0;2;0;2;0;4;10;1;5;2;11;2;2;5;0;3;3;6;2;1.0;1.0;1;0;1;5;2;3;3;4;6;1
47;5;0;0;2;0;2;13;1;5;2;8;0;2;6;1;3;3;6;2;2.0;1.0;1;1;0;1;1;3;3;4;6;1
47;5;1;0;1;0;2;13;1;2;2;12;0;2;6;0;3;3;6;7;2.0;1.0;1;3;2;3;3;3;3;4;6;1
73;5;1;0;2;0;2;0;1;5;2;12;3;2;4;0;0;3;6;2;1.0;1.0;1;1;0;1;2;3;3;4;0;1
382;5;1;0;2;0;4;3;3;5;2;12;3;2;5;0;3;2;6;6;2.0;1.0;1;3;2;3;3;3;3;4;0;1
382;5;1;0;2;0;0;3;1;2;2;12;2;2;5;0;3;2;6;2;2.0;1.0;1;3;2;3;3;3;3;4;6;1
688;5;0;0;2;0;1;3;1;5;2;8;3;0;5;0;3;2;6;2;1.0;1.0;4;1;0;1;2;0;3;4;11;1
921;3;1;0;2;0;0;0;1;5;2;8;2;2;4;0;3;2;6;2;2.0;1.0;9;1;1;4;2;3;3;4;0;1
921;3;1;0;2;0;2;15;1;5;2;8;2;0;4;0;3;2;6;2;2.0;1.0;1;3;2;3;3;0;3;4;18;1
148;3;2;2;3;0;2;4;1;5;2;8;2;0;4;0;3;3;6;2;1.0;1.0;1;3;2;3;3;6;3;4;4;1
113;3;1;0;2;0;2;15;1;5;2;8;4;2;5;0;3;3;6;2;1.0;1.0;9;1;0;4;2;3;3;4;0;1
937;3;0;0;2;0;4;4;1;5;2;8;2;2;4;0;3;3;6;2;3.0;2.0;1;1;0;1;2;3;3;4;0;0
937;3;0;0;2;0;1;10;1;5;2;8;2;2;4;0;3;3;6;2;3.0;2.0;9;1;0;1;2;6;3;4;11;0
937;3;0;0;2;2;4;15;1;2;2;12;0;2;4;0;3;3;6;2;3.0;2.0;1;1;0;0;2;6;3;4;4;0
446;3;1;0;2;0;1;3;1;5;2;12;2;2;5;0;3;2;6;6;2.0;1.0;1;3;2;3;3;3;3;4;7;1
446;3;1;0;3;1;2;3;1;1;2;9;2;2;5;0;3;2;6;2;2.0;1.0;1;1;0;1;2;3;3;4;11;1
283;5;0;0;3;0;2;13;1;5;2;12;2;2;4;0;0;3;3;6;2.0;1.0;5;0;0;0;2;6;3;4;16;1
283;5;3;0;2;0;2;2;1;2;2;12;2;2;4;0;0;3;3;2;2.0;1.0;5;3;2;3;3;6;3;4;13;1
248;1;0;0;2;0;2;2;3;5;2;12;2;2;5;0;3;3;6;2;1.0;1.0;1;1;0;0;2;3;3;4;4;1
90;1;1;0;3;0;4;3;1;2;2;12;0;2;6;0;0;3;6;2;2.0;1.0;2;0;0;0;2;3;3;4;16;1
90;1;1;0;2;0;3;2;1;5;2;4;0;2;6;0;0;3;6;7;2.0;1.0;1;0;1;4;2;3;3;8;17;1
314;1;0;0;2;0;2;3;1;2;2;4;0;2;6;0;3;3;6;2;1.0;1.0;1;2;0;4;2;3;3;4;0;0
667;2;1;0;3;0;0;6;1;5;2;2;3;2;4;0;3;2;6;2;2.0;1.0;1;3;2;3;3;3;3;4;0;1
667;2;1;0;2;0;2;13;1;5;2;12;0;2;4;0;3;2;6;2;2.0;1.0;1;1;0;1;2;3;3;4;0;1
533;2;0;0;2;0;4;3;1;4;2;12;0;2;0;0;3;3;6;7;2.0;1.0;9;1;0;0;2;3;3;4;7;1
533;2;0;0;1;2;1;0;1;5;2;8;0;2;0;0;3;3;6;6;2.0;1.0;1;3;2;3;3;3;3;4;1;1
572;2;0;0;2;0;0;13;1;5;2;8;0;2;4;0;0;2;6;2;2.0;2.0;1;0;0;1;2;3;3;0;13;1
572;2;0;0;2;0;0;0;3;3;2;9;2;2;4;0;0;2;6;2;2.0;2.0;1;1;0;1;2;3;3;4;9;1
809;4;0;0;0;2;1;3;1;5;2;4;0;2;4;0;3;2;6;2;1.0;1.0;1;3;2;3;3;3;3;4;13;1
386;2;0;0;2;0;2;3;1;5;2;8;0;2;4;0;3;2;6;2;1.0;1.0;1;0;0;4;1;3;3;4;18;1
737;4;0;0;3;2;1;3;1;5;2;12;0;2;4;0;0;2;3;2;2.0;1.0;9;0;1;1;2;3;3;4;4;1
737;4;0;0;2;0;0;3;1;5;2;12;2;2;4;0;0;2;3;2;2.0;1.0;1;1;0;1;2;3;3;4;16;1
983;1;2;0;2;2;2;13;1;5;2;9;0;2;4;0;0;3;3;2;1.0;1.0;1;3;2;3;3;3;3;4;0;1
906;0;0;0;2;0;3;3;1;5;2;8;2;2;4;0;0;2;6;6;2.0;1.0;9;1;0;4;2;3;3;4;4;1
906;0;1;0;2;0;1;6;2;5;2;9;5;2;4;0;0;2;6;6;2.0;1.0;9;1;1;0;2;3;3;4;18;1
972;0;1;0;2;0;2;3;1;5;2;8;2;2;5;0;3;3;6;2;2.0;1.0;1;1;0;0;2;3;3;4;6;1
972;0;1;0;2;0;4;0;1;5;2;2;2;2;5;0;3;3;6;2;2.0;1.0;4;1;0;1;2;3;3;4;18;1
951;6;1;0;3;0;1;13;2;2;2;9;2;2;4;0;3;3;6;2;2.0;1.0;4;0;1;1;2;3;3;4;13;1
951;6;1;0;3;2;4;3;1;4;2;11;5;2;4;0;3;3;6;2;2.0;1.0;1;0;1;0;2;3;3;4;18;1
1002;6;2;0;2;0;0;15;1;2;2;3;5;8;6;0;0;3;6;2;1.0;1.0;1;2;0;5;2;3;3;4;13;1
567;6;1;0;2;0;2;6;1;1;2;12;0;2;6;0;0;2;6;0;1.0;1.0;1;3;2;3;3;3;3;4;17;1
100;5;3;0;2;0;1;6;1;5;2;11;3;2;4;0;3;3;6;2;2.0;1.0;1;2;1;1;2;3;3;4;1;1
100;5;1;0;2;0;1;3;1;4;2;12;5;2;4;0;3;3;6;6;2.0;1.0;1;0;1;5;2;3;3;4;18;1
526;5;1;0;2;0;1;14;1;2;2;4;0;2;4;0;3;2;6;7;1.0;1.0;1;1;0;0;2;3;3;4;4;1
729;5;0;0;2;0;1;13;1;5;2;2;2;2;4;0;0;2;6;2;2.0;1.0;3;3;2;3;3;3;3;4;18;1
729;5;0;0;2;0;4;15;1;5;2;8;2;2;4;0;0;2;6;2;2.0;1.0;9;0;1;4;2;3;3;4;17;1
63;0;2;0;2;0;4;13;1;5;2;12;2;2;6;0;3;3;6;2;1.0;1.0;5;2;0;1;2;3;3;4;13;1
221;3;1;0;3;0;2;5;1;5;2;8;3;2;4;0;3;3;6;2;1.0;1.0;1;1;1;0;1;3;3;4;17;1
556;3;3;0;2;0;2;3;1;5;2;8;3;2;6;0;3;2;6;2;2.0;1.0;1;3;2;3;3;3;3;4;18;1
556;3;3;0;2;0;1;12;3;5;2;8;3;2;6;0;3;2;6;2;2.0;1.0;1;1;0;1;2;3;3;4;17;1
745;3;2;0;3;0;2;3;1;5;2;9;3;2;4;0;0;2;6;2;2.0;1.0;1;1;0;1;2;3;3;4;6;1
745;3;2;1;2;0;2;3;1;5;2;8;3;2;4;0;0;2;6;6;2.0;1.0;1;3;2;3;3;3;3;4;19;1
714;1;1;0;2;0;4;3;1;1;2;12;0;2;4;0;3;2;6;0;1.0;2.0;1;1;0;0;2;3;3;4;6;1
714;1;1;0;2;0;2;13;1;1;2;4;4;2;4;0;3;2;6;2;1.0;2.0;1;1;0;0;2;3;3;4;1;1
222;0;0;0;2;0;4;3;1;5;2;12;4;2;4;0;3;3;6;7;2.0;1.0;1;2;0;0;2;3;3;4;16;1
222;0;2;0;3;0;3;3;1;5;2;8;3;2;4;0;3;3;6;2;2.0;1.0;1;3;2;3;3;3;3;4;0;1
710;0;0;0;3;0;2;13;3;5;2;8;2;2;5;0;3;2;6;2;2.0;1.0;1;0;0;0;2;3;3;8;0;1
710;0;0;0;3;0;0;3;3;5;2;12;3;2;5;0;3;2;6;7;2.0;1.0;1;3;2;3;3;3;3;4;18;1
467;0;1;0;3;0;2;3;1;5;2;12;2;2;6;0;3;3;6;7;1.0;1.0;1;1;0;1;2;3;3;4;18;0
14;4;3;0;3;0;2;3;1;5;2;8;3;2;5;0;0;2;3;2;1.0;1.0;9;3;2;3;3;3;3;4;1;1
726;0;1;0;3;0;1;12;1;5;2;8;2;2;4;0;0;2;3;2;2.0;4.0;1;0;1;0;1;6;3;4;0;1
726;0;1;0;3;0;2;3;1;2;2;8;0;2;4;0;0;2;3;2;2.0;4.0;9;3;2;3;3;6;3;4;16;1
726;0;0;0;2;0;2;3;1;5;2;12;0;2;4;0;0;2;3;2;2.0;4.0;9;1;0;1;2;3;3;4;1;1
726;0;0;0;2;0;4;3;1;5;2;12;0;2;4;0;0;2;3;2;2.0;4.0;1;1;0;0;2;3;3;4;16;1
156;4;2;0;2;0;4;4;1;5;2;1;0;2;4;0;3;3;6;6;2.0;1.0;1;3;2;3;3;3;3;4;13;1
156;4;0;0;3;0;3;3;1;5;2;2;0;2;4;0;3;3;6;2;2.0;1.0;1;1;0;0;2;3;3;4;2;1
460;4;1;0;3;0;2;3;0;0;2;1;5;2;6;1;3;2;6;2;1.0;1.0;1;3;2;3;3;3;3;4;18;1
494;4;1;0;3;2;2;5;1;2;2;11;5;2;6;0;3;2;6;2;2.0;1.0;1;3;2;3;3;3;3;4;18;1
494;4;2;0;3;0;1;6;1;5;2;2;3;2;6;0;3;2;6;2;2.0;1.0;1;1;0;5;2;3;3;4;18;1
726;4;1;0;3;0;4;15;1;2;2;8;2;2;6;0;3;2;6;2;1.0;1.0;1;2;1;5;2;3;3;4;1;1
25;2;1;0;3;0;1;11;1;1;2;9;4;8;5;0;3;2;6;2;2.0;2.0;5;3;2;3;3;3;3;4;16;1
25;2;0;0;2;0;4;7;1;5;2;12;4;2;5;2;3;2;6;2;2.0;2.0;1;3;2;3;3;6;3;4;9;1
783;2;0;0;2;0;3;11;1;5;2;12;0;2;4;0;3;2;6;2;3.0;4.0;1;1;0;1;2;3;3;4;11;1
783;2;0;0;2;0;1;3;3;0;2;4;4;2;4;0;3;2;6;2;3.0;4.0;8;3;2;3;3;3;3;4;4;1
783;2;0;0;3;0;2;3;3;0;2;2;5;8;4;0;3;2;6;2;3.0;4.0;2;1;0;0;2;3;3;4;1;1
783;2;0;0;3;0;2;2;2;0;2;8;5;2;4;0;3;2;6;2;3.0;4.0;1;2;1;0;2;3;3;4;17;1
951;1;3;0;3;0;0;12;1;5;2;8;0;2;6;0;3;3;6;2;2.0;1.0;5;3;2;3;3;3;3;4;1;1
951;1;2;0;3;0;2;3;1;5;2;8;3;2;6;0;3;3;6;2;2.0;1.0;9;1;0;0;2;3;3;4;18;1
23;0;1;0;2;0;0;11;1;1;2;12;2;2;6;0;3;2;6;2;2.0;1.0;1;1;0;4;2;3;3;4;13;1
23;0;1;2;2;0;2;3;1;5;2;8;0;2;6;0;3;2;6;2;2.0;1.0;5;3;2;3;3;3;3;4;1;1
563;6;0;0;3;2;0;5;1;5;2;12;3;2;0;0;3;2;6;6;2.0;1.0;9;0;0;1;1;3;3;4;4;1
563;6;1;0;2;0;2;3;1;4;2;4;2;2;0;0;3;2;6;2;2.0;1.0;1;3;2;3;3;3;3;4;18;1
272;6;3;0;2;0;1;3;1;5;2;9;5;2;5;0;3;3;6;2;1.0;1.0;1;1;0;1;2;3;3;4;13;1
484;6;1;0;2;0;1;13;1;5;2;12;2;2;5;0;3;2;6;2;2.0;1.0;9;1;0;0;2;6;3;4;18;1
484;6;1;0;2;0;2;3;1;2;2;12;4;2;5;0;3;2;6;2;2.0;1.0;1;1;0;1;2;6;3;4;1;1
42;0;0;0;2;2;3;0;1;0;2;12;4;2;5;0;3;3;6;7;2.0;3.0;3;3;2;3;3;3;3;4;1;1
42;0;0;0;1;0;3;3;1;5;2;12;0;2;5;0;3;3;6;2;2.0;3.0;1;1;0;0;2;3;3;4;17;1
42;0;0;0;2;0;2;5;1;5;2;12;2;2;5;0;3;3;6;2;2.0;3.0;1;0;1;0;2;6;3;4;1;1
42;0;2;0;2;0;3;5;3;3;2;9;5;8;5;0;3;3;6;2;2.0;3.0;9;0;0;2;2;6;3;5;6;1
266;5;3;0;2;0;1;3;1;5;2;8;2;2;5;0;3;3;6;2;1.0;1.0;1;1;0;0;2;3;3;4;6;1
932;5;1;0;2;0;1;3;1;5;2;8;2;2;6;0;3;3;6;2;1.0;1.0;1;3;2;3;3;0;3;4;17;0
773;5;1;0;2;0;2;3;1;5;2;12;2;2;5;0;3;2;6;2;1.0;1.0;1;1;1;0;2;3;3;4;19;1
629;3;1;0;3;0;2;13;1;4;2;12;4;2;4;3;3;2;6;2;1.0;1.0;1;3;2;3;3;3;3;4;18;0
566;3;3;0;2;2;2;5;1;5;2;8;2;2;5;0;3;2;6;2;2.0;1.0;1;1;0;1;2;3;3;4;1;1
566;3;0;0;2;0;2;15;1;1;2;8;0;2;5;0;3;2;6;7;2.0;1.0;9;3;2;3;3;3;3;4;16;1
543;3;1;0;2;2;2;3;1;5;2;12;2;2;6;0;3;2;6;2;1.0;1.0;1;1;0;1;2;3;3;4;18;1
372;1;2;1;5;0;1;3;1;5;2;12;2;2;6;0;3;3;6;2;1.0;1.0;1;3;2;3;3;3;3;4;17;1
559;1;0;0;2;0;2;3;3;5;2;9;2;2;4;0;0;2;6;2;2.0;1.0;9;1;0;5;2;3;3;4;17;1
559;1;0;0;2;0;3;1;1;0;2;12;0;2;4;0;0;2;6;2;2.0;1.0;9;1;1;4;2;3;3;4;16;1
437;1;4;0;2;0;0;5;1;5;2;8;0;2;4;0;0;2;3;6;2.0;1.0;1;3;2;3;3;6;3;4;6;1
437;1;1;0;3;0;1;15;1;1;2;8;0;2;4;0;0;2;3;2;2.0;1.0;1;3;2;3;3;6;3;4;0;1
1025;1;0;0;3;0;1;3;1;5;2;12;0;2;6;0;3;3;6;2;1.0;1.0;1;1;0;0;2;6;3;4;1;1
1054;1;1;0;3;0;2;3;1;5;2;12;2;2;5;1;3;3;6;2;1.0;1.0;1;0;0;0;2;6;3;1;13;1
148;1;2;0;2;0;2;3;1;4;2;12;0;2;4;0;3;3;6;2;2.0;1.0;1;1;0;0;2;3;3;4;6;1
148;1;1;0;2;0;2;15;1;5;2;8;2;2;4;0;3;3;6;2;2.0;1.0;1;0;0;4;2;6;3;0;7;1
854;0;1;0;2;0;4;13;1;4;2;8;2;2;5;0;0;2;3;2;2.0;1.0;1;3;2;3;3;6;3;4;7;1
854;0;3;0;2;0;4;4;1;5;2;12;2;8;5;0;0;2;3;2;2.0;1.0;1;1;0;1;2;6;3;4;17;1
164;4;1;0;2;2;4;15;1;4;2;2;5;2;5;0;0;3;3;6;2.0;2.0;1;0;1;0;2;3;3;4;1;1
164;4;0;0;2;0;6;11;3;5;2;4;0;2;5;0;0;3;3;2;2.0;2.0;1;1;0;1;2;3;3;4;0;1
164;4;0;0;2;0;2;2;2;1;2;12;0;2;5;0;0;3;3;2;2.0;2.0;5;3;2;3;3;3;3;4;6;1
131;0;3;0;2;0;1;2;1;2;2;12;2;2;4;0;3;3;6;2;2.0;1.0;1;3;2;3;3;3;3;4;18;0
131;0;0;0;3;0;2;15;1;0;2;8;0;3;4;0;3;3;6;2;2.0;1.0;2;1;0;1;2;6;3;4;19;0
323;0;0;0;2;0;1;3;1;5;2;12;4;2;5;0;3;3;6;0;1.0;2.0;1;1;0;0;2;3;3;4;10;1
323;0;0;0;1;2;2;3;1;5;2;1;0;8;5;0;3;3;6;2;1.0;2.0;2;2;1;0;2;3;3;4;0;1
615;4;1;0;2;0;4;13;3;5;2;12;2;8;5;0;3;2;6;2;1.0;1.0;1;1;0;1;2;3;3;4;6;1
674;0;3;0;2;0;1;2;3;2;2;2;2;2;5;0;3;2;6;6;1.0;1.0;2;3;2;3;3;3;3;4;13;1
347;4;1;0;3;0;1;13;1;5;2;9;0;2;5;0;3;3;6;2;2.0;3.0;1;1;0;0;1;3;3;4;2;1
347;4;1;0;1;2;4;3;1;2;2;8;2;2;5;0;3;3;6;2;2.0;3.0;1;2;0;1;2;3;3;4;0;1
347;4;1;0;3;0;0;4;1;1;2;12;2;2;5;0;3;3;6;2;2.0;3.0;2;0;0;1;2;3;3;4;6;1
347;4;0;0;2;0;4;13;3;1;2;8;0;2;5;0;3;3;6;6;2.0;3.0;5;1;0;5;1;3;3;4;16;1
617;4;3;0;2;0;2;6;1;5;2;8;5;2;4;0;0;2;6;6;2.0;1.0;1;3;2;3;3;6;3;4;13;1
617;4;0;0;2;2;2;14;1;5;2;12;4;4;4;0;0;2;6;2;2.0;1.0;1;0;1;0;2;3;3;4;1;1
767;2;1;0;0;0;2;3;1;5;2;9;0;2;5;0;3;2;6;2;2.0;1.0;1;0;1;1;2;6;3;5;13;1
767;2;3;0;2;0;2;3;1;5;2;1;4;2;5;0;3;2;6;6;2.0;1.0;9;1;0;1;2;3;3;4;11;1
965;3;2;0;2;0;4;2;1;5;2;2;0;2;6;0;3;3;6;6;1.0;1.0;1;3;2;3;3;3;3;4;1;1
446;0;3;0;2;0;0;3;1;5;2;12;4;2;5;0;3;2;6;2;2.0;1.0;1;1;0;0;2;3;3;4;0;1
446;0;2;0;2;0;1;14;1;5;2;12;0;2;5;0;3;2;6;2;2.0;1.0;1;1;1;4;2;3;3;4;11;1
113;6;0;0;2;0;3;5;1;5;2;12;2;2;4;0;3;3;6;2;2.0;1.0;1;2;1;4;2;3;3;4;12;1
113;6;1;0;2;0;4;5;3;5;2;9;5;2;4;0;3;3;6;6;2.0;1.0;5;1;1;0;2;3;3;4;4;1
179;6;1;0;2;0;0;2;1;4;2;11;5;2;4;0;3;3;6;2;2.0;1.0;1;3;2;3;3;6;3;4;16;1
179;6;1;0;0;0;2;2;1;4;2;2;2;2;4;0;3;3;6;2;2.0;1.0;1;1;0;4;2;3;3;4;0;1
319;6;0;0;2;0;2;2;1;4;2;12;5;2;5;0;3;3;6;2;1.0;1.0;4;3;2;3;3;6;3;4;13;1
524;6;1;0;3;2;3;5;1;3;2;12;2;2;4;0;3;2;6;0;1.0;1.0;1;3;2;3;3;3;3;4;1;1
760;6;1;0;2;0;2;13;1;1;2;8;0;2;4;0;3;2;6;2;2.0;1.0;9;2;1;4;2;3;3;4;17;1
760;6;2;1;2;0;4;2;1;1;2;8;2;2;4;0;3;2;6;2;2.0;1.0;9;1;0;5;1;3;3;4;18;1
576;6;0;0;2;0;2;5;1;1;2;12;0;2;6;0;3;2;6;7;2.0;1.0;1;2;1;0;2;3;3;4;16;1
576;6;2;0;2;0;0;2;1;3;2;3;0;2;6;0;3;2;6;2;2.0;1.0;5;1;0;1;2;6;3;4;18;1
713;0;0;0;2;2;1;15;1;1;2;12;0;2;6;0;3;2;6;2;2.0;1.0;1;2;1;0;2;3;3;4;18;1
713;0;2;0;2;0;6;2;1;5;2;12;2;2;6;0;3;2;6;2;2.0;1.0;1;2;1;0;2;3;3;4;13;1
497;5;2;0;2;0;4;2;1;5;2;12;0;2;5;0;3;2;6;2;2.0;1.0;1;2;1;0;2;6;3;4;0;1
497;5;1;0;2;2;1;2;1;5;2;12;3;2;5;0;3;2;6;6;2.0;1.0;1;2;0;1;2;3;3;4;17;1
932;5;0;0;2;0;2;4;3;5;2;12;2;0;6;0;0;3;6;2;1.0;1.0;1;1;0;2;2;3;3;4;13;1
933;3;1;0;2;0;1;3;1;4;2;3;2;2;5;0;0;3;6;2;2.0;1.0;1;0;1;4;2;3;3;4;19;1
933;3;1;0;2;0;0;2;1;4;2;12;2;2;5;0;0;3;6;2;2.0;1.0;1;1;0;1;2;3;3;4;11;1
1057;3;3;0;2;0;2;13;1;5;2;12;4;2;6;0;3;3;6;2;1.0;1.0;1;3;2;3;3;6;3;4;12;1
1066;3;1;0;2;0;1;6;1;1;2;12;2;0;6;0;3;3;6;6;2.0;1.0;5;3;2;3;3;6;3;4;0;1
1066;3;1;0;3;0;2;3;1;5;2;8;2;2;6;0;3;3;6;2;2.0;1.0;1;3;2;3;3;3;3;4;14;1
50;0;3;0;0;2;2;4;1;5;2;9;2;2;5;0;3;3;6;6;3.0;1.0;8;1;0;0;2;6;3;4;4;1
50;0;2;0;2;0;1;13;1;1;2;12;2;2;5;0;3;3;6;2;3.0;1.0;1;3;2;3;3;3;3;4;1;1
50;0;2;1;2;0;1;5;1;5;2;9;2;2;5;0;3;3;6;0;3.0;1.0;1;1;0;1;2;3;3;4;0;1
236;3;0;0;2;0;1;2;1;5;2;12;0;2;6;0;3;3;6;2;1.0;1.0;1;3;2;3;3;3;3;4;17;0
1007;6;1;0;2;0;2;13;1;1;2;9;3;2;4;0;0;3;6;2;2.0;1.0;11;1;0;0;2;3;3;4;5;1
1007;6;2;0;2;0;0;4;1;5;2;8;2;2;4;0;0;3;6;2;2.0;1.0;1;3;2;3;3;3;3;4;1;1
1017;0;1;0;2;2;1;2;1;2;2;8;2;0;5;0;3;3;6;2;1.0;1.0;1;1;0;0;2;3;3;4;16;1
466;1;1;0;1;2;1;13;1;5;2;8;3;2;6;0;3;2;6;2;2.0;1.0;1;2;1;0;2;6;3;4;0;1
466;1;1;0;2;0;2;7;1;5;2;1;2;2;6;0;3;2;6;7;2.0;1.0;1;1;0;4;2;3;3;4;18;1
268;0;3;0;2;2;0;3;1;5;2;12;2;2;6;0;3;3;6;0;1.0;1.0;4;3;2;3;3;3;3;4;17;0
572;0;1;0;2;0;3;3;1;5;2;12;5;2;5;0;3;2;6;2;2.0;1.0;1;1;1;0;2;3;3;4;18;1
572;0;3;0;1;0;0;11;1;2;2;12;2;2;5;0;3;2;6;0;2.0;1.0;1;3;2;3;3;3;3;4;16;1
902;4;1;0;0;0;0;2;1;5;2;12;3;2;4;0;0;2;6;2;2.0;1.0;9;3;2;3;3;3;3;4;4;1
902;4;0;0;2;0;4;13;1;1;2;12;0;3;4;0;0;2;6;2;2.0;1.0;1;1;0;1;2;3;3;4;6;1
92;4;0;0;1;0;0;13;1;1;2;8;2;2;5;0;3;3;6;2;2.0;1.0;9;1;0;1;2;3;3;4;1;1
92;4;1;2;2;0;1;14;1;4;2;8;2;2;5;0;3;3;6;8;2.0;1.0;1;3;2;3;3;6;3;4;6;1
607;2;2;0;0;1;1;11;1;5;2;8;4;2;4;0;3;2;6;2;2.0;1.0;1;1;0;0;2;6;3;4;1;1
607;2;0;0;1;0;4;5;1;4;2;9;3;2;4;0;3;2;6;6;2.0;1.0;1;3;2;3;3;3;3;4;16;1
965;2;1;0;3;0;2;3;3;3;2;1;2;2;5;0;3;3;6;2;2.0;1.0;1;1;0;0;2;6;3;4;18;1
965;2;0;0;1;0;0;5;1;5;2;2;3;2;5;0;3;3;6;2;2.0;1.0;11;3;2;3;3;3;3;4;0;1
1007;5;2;0;1;0;2;13;1;5;2;8;0;2;4;0;3;3;6;2;1.0;1.0;1;1;1;0;2;6;3;4;0;1
924;6;0;0;1;0;1;3;1;5;2;12;2;2;6;0;0;3;6;7;2.0;1.0;1;1;0;1;1;0;3;4;9;1
924;6;1;0;2;0;0;13;1;5;2;9;5;8;6;0;0;3;6;2;2.0;1.0;1;3;2;3;3;3;3;4;18;1
446;6;0;0;0;0;4;13;1;5;2;11;5;2;5;0;3;2;6;2;2.0;1.0;1;3;2;3;3;3;3;4;0;1
446;6;2;0;0;0;1;4;1;0;2;8;2;2;5;0;3;2;6;2;2.0;1.0;1;1;0;0;2;3;3;4;1;1
951;6;0;0;3;0;2;2;1;4;2;12;5;2;5;0;3;3;6;0;2.0;1.0;1;1;0;0;2;3;3;4;19;0
951;6;0;0;3;0;0;3;1;5;2;12;2;2;5;0;3;3;6;6;2.0;1.0;0;3;2;3;3;3;3;4;4;0
970;1;1;0;2;0;2;3;2;1;2;8;2;3;4;0;3;3;6;2;2.0;1.0;4;1;1;1;1;3;3;4;4;1
970;1;2;0;2;0;2;15;1;5;2;8;2;2;4;0;3;3;6;2;2.0;1.0;3;3;2;3;3;6;3;4;18;1
455;3;1;0;3;0;2;1;1;2;2;12;0;2;4;0;3;2;6;6;2.0;1.0;9;1;0;1;2;6;3;4;16;1
455;3;2;1;2;0;1;3;1;2;2;8;2;2;4;0;3;2;6;2;2.0;1.0;9;3;2;3;3;6;3;4;11;1
945;5;1;0;2;0;2;13;1;1;2;4;2;2;6;0;3;3;6;2;2.0;2.0;1;1;0;1;1;3;3;4;17;1
945;5;0;0;1;0;1;15;1;5;2;8;0;2;6;0;3;3;6;2;2.0;2.0;4;2;0;1;2;3;3;4;18;1
945;5;0;0;2;0;0;15;1;5;2;12;0;2;6;0;3;3;6;0;2.0;2.0;1;3;2;3;3;3;3;4;0;1
17;1;0;0;2;0;0;3;1;4;2;12;2;2;6;0;3;2;6;0;3.0;1.0;1;1;1;5;2;6;3;4;6;1
17;1;2;1;2;0;2;3;1;5;2;8;2;2;6;0;3;2;6;7;3.0;1.0;11;0;0;0;2;3;3;4;0;1
17;1;2;1;5;0;6;3;1;5;2;2;2;2;6;0;3;2;6;2;3.0;1.0;1;3;2;3;3;0;3;4;11;1
105;3;1;0;2;0;2;6;1;5;2;8;5;2;5;0;3;3;6;2;2.0;1.0;1;3;2;3;3;1;3;4;4;1
105;3;0;0;2;0;0;5;1;5;2;9;5;2;5;0;3;3;6;2;2.0;1.0;11;1;0;4;2;3;3;4;7;1
651;5;2;0;2;0;1;2;1;5;2;1;2;2;6;0;3;2;6;7;2.0;1.0;0;3;2;3;3;3;3;4;9;1
651;5;2;0;2;0;4;3;3;2;2;12;5;2;6;0;3;2;6;7;2.0;1.0;1;1;0;1;2;3;3;4;15;1
416;5;1;0;2;2;2;3;1;5;2;2;0;2;4;0;3;3;6;2;2.0;1.0;9;3;2;3;3;3;3;4;0;1
416;5;2;0;1;0;0;6;1;5;2;12;4;2;4;0;3;3;6;2;2.0;1.0;3;1;0;5;2;0;3;4;18;1
741;2;2;0;2;0;4;6;1;4;2;12;2;2;6;0;3;2;6;2;1.0;1.0;1;3;2;3;3;3;3;4;4;1
489;3;2;0;2;0;0;3;1;2;2;2;0;2;5;0;3;2;6;6;1.0;1.0;1;1;0;4;2;3;3;4;16;1
167;5;1;0;2;0;1;2;1;5;2;8;2;0;4;0;3;3;6;2;1.0;1.0;4;3;2;3;3;3;3;4;1;1
992;1;4;0;2;0;4;4;1;5;2;8;3;2;6;0;3;3;6;6;1.0;2.0;9;1;0;0;2;3;3;4;17;1
992;1;4;0;2;0;1;13;2;2;2;2;2;2;6;0;3;3;6;2;1.0;2.0;1;3;2;3;3;3;3;4;11;1
69;1;1;0;3;0;2;3;2;1;2;12;0;3;5;3;3;3;6;2;1.0;1.0;9;1;0;0;2;6;3;4;6;1
268;1;0;0;2;0;2;3;1;5;2;12;0;2;4;0;3;3;6;6;1.0;1.0;1;3;2;3;3;3;3;4;16;1
411;1;1;0;3;0;0;13;1;5;2;2;0;2;4;0;3;3;6;2;1.0;1.0;1;1;0;0;2;3;3;4;17;1
461;1;1;0;3;0;2;3;1;2;2;4;2;0;4;0;3;2;6;2;1.0;1.0;1;0;0;4;1;3;3;4;0;1
766;4;0;0;3;0;2;2;1;5;2;8;0;2;6;0;3;2;6;6;2.0;1.0;1;0;0;4;1;3;3;6;6;1
766;4;0;0;2;0;0;3;1;5;2;11;0;2;6;0;3;2;6;6;2.0;1.0;1;1;1;0;2;3;3;4;0;1
710;4;4;0;2;0;2;3;1;5;2;12;0;2;4;0;3;2;6;2;2.0;1.0;1;2;0;0;2;6;3;4;0;1
710;4;2;0;2;0;2;3;1;5;2;2;4;2;4;0;3;2;6;2;2.0;1.0;1;3;2;3;3;3;3;4;1;1
63;0;0;0;2;0;1;3;1;5;2;8;0;2;6;0;0;3;6;2;1.0;1.0;1;1;0;0;2;3;3;4;3;1
587;4;0;0;2;0;0;13;1;5;2;12;5;8;5;0;0;2;6;2;2.0;1.0;1;1;0;1;2;3;3;4;6;1
587;4;0;0;2;0;2;2;1;1;2;12;5;2;5;0;0;2;6;2;2.0;1.0;1;1;1;1;2;3;3;4;18;1
307;2;0;0;2;0;3;4;1;5;2;12;2;2;4;0;3;3;6;2;2.0;1.0;1;3;2;3;3;3;3;4;6;1
307;2;0;0;2;0;2;11;1;1;2;12;4;2;4;0;3;3;6;2;2.0;1.0;5;0;0;1;1;6;3;4;1;1
548;0;1;0;2;2;2;2;1;4;2;2;2;0;6;0;3;2;6;2;2.0;1.0;5;0;0;5;2;3;3;4;16;1
548;0;0;0;2;2;2;4;3;1;2;9;2;2;6;0;3;2;6;2;2.0;1.0;1;1;1;0;2;3;3;4;0;1
470;0;2;0;2;0;2;11;1;1;2;8;2;0;7;0;0;2;3;2;2.0;1.0;1;3;2;3;3;3;3;4;18;1
470;0;2;0;1;0;1;13;1;1;2;12;2;2;7;0;0;2;3;2;2.0;1.0;3;2;0;1;2;3;3;4;13;1
923;0;3;0;0;0;2;3;1;1;2;8;2;0;6;0;3;3;6;2;2.0;1.0;1;0;1;4;1;3;3;4;13;1
923;0;2;0;2;0;4;3;1;1;2;12;2;2;6;0;3;3;6;2;2.0;1.0;1;0;1;0;2;3;3;6;18;1
300;5;0;0;2;0;3;3;1;0;2;2;0;2;4;0;3;3;6;2;1.0;1.0;1;1;0;0;2;3;3;4;18;1
174;6;1;0;3;0;2;3;1;5;2;8;2;2;5;0;0;3;6;2;3.0;1.0;1;3;2;3;3;3;3;4;18;1
174;6;1;0;3;0;1;16;1;5;2;12;2;2;5;0;0;3;6;2;3.0;1.0;1;1;0;0;2;6;3;4;17;1
174;6;0;0;2;0;1;3;1;5;2;12;2;2;5;0;0;3;6;2;3.0;1.0;3;3;2;3;3;3;3;4;6;1
490;5;2;0;2;0;0;11;1;4;2;11;2;2;4;0;3;2;6;2;2.0;1.0;1;3;2;3;3;3;3;4;0;1
490;5;3;0;2;0;1;3;1;5;2;2;3;0;4;0;3;2;6;6;2.0;1.0;1;1;0;0;2;3;3;4;1;1
159;5;3;0;2;0;1;3;1;5;2;11;0;2;4;0;3;3;6;2;1.0;1.0;5;1;0;1;2;3;3;4;6;1
346;5;0;0;2;0;4;3;1;1;2;9;3;2;5;0;3;3;6;7;1.0;1.0;1;1;0;1;2;3;3;4;6;1
570;5;2;0;1;0;3;4;1;5;2;8;2;2;6;0;3;2;6;2;1.0;1.0;1;1;0;5;2;0;3;4;18;1
1048;3;0;0;2;0;1;13;1;5;2;8;0;2;5;0;3;3;6;6;2.0;1.0;1;3;2;3;3;3;3;4;4;1
1048;3;1;0;1;0;4;13;3;2;2;2;2;2;5;0;3;3;6;2;2.0;1.0;1;0;0;1;2;3;3;8;0;1
433;3;2;0;2;0;4;3;1;1;2;9;0;2;6;0;3;2;6;2;1.0;1.0;1;0;0;1;2;6;3;0;0;0
278;0;1;0;1;0;2;13;1;5;2;8;5;2;6;0;3;3;6;2;2.0;1.0;2;1;0;0;2;6;3;4;18;1
278;0;2;0;2;0;4;13;1;1;2;9;4;2;6;0;3;3;6;2;2.0;1.0;5;3;2;3;3;0;3;4;18;1
1002;1;1;0;2;0;0;13;1;1;2;12;2;2;4;0;3;3;6;2;2.0;1.0;1;2;1;4;2;3;3;4;3;0
1002;1;1;0;2;0;1;13;3;1;2;12;2;2;4;0;3;3;6;0;2.0;1.0;1;3;2;3;3;3;3;4;9;0
153;1;1;0;3;0;1;3;1;5;2;9;2;2;0;0;0;3;6;6;1.0;2.0;1;3;2;3;3;0;3;4;16;1
153;1;1;0;3;1;2;3;1;2;2;4;0;2;0;0;0;3;6;2;1.0;2.0;1;1;0;1;2;6;3;4;17;1
645;1;0;0;2;0;2;3;1;1;2;12;0;8;6;0;3;2;6;6;1.0;1.0;1;3;2;3;3;3;3;4;16;1
785;0;1;0;1;2;2;6;1;0;2;8;0;2;6;0;0;2;3;2;1.0;1.0;1;1;0;5;2;3;3;4;4;1
245;4;1;0;2;0;4;3;2;1;2;12;2;3;6;0;3;3;6;2;1.0;1.0;1;3;2;3;3;6;3;4;4;0
16;2;1;0;2;0;3;6;3;0;2;12;0;2;5;0;3;2;6;2;2.0;2.0;1;1;0;0;2;3;3;4;13;1
16;2;0;0;2;1;3;6;1;5;2;12;2;2;5;0;3;2;6;2;2.0;2.0;1;3;2;3;3;3;3;4;18;1
16;2;0;0;2;0;4;3;1;1;2;12;3;2;5;0;3;2;6;2;2.0;2.0;9;1;0;0;2;3;3;4;13;1
217;2;0;0;1;2;2;15;1;5;1;8;0;2;6;0;0;3;6;6;2.0;3.0;9;1;0;1;2;6;3;4;16;1
217;2;0;0;3;2;2;3;3;0;2;12;2;2;6;0;0;3;6;2;2.0;3.0;4;3;2;3;3;0;3;4;6;1
217;2;3;0;2;0;1;13;1;5;2;12;5;2;6;0;0;3;6;6;2.0;3.0;5;1;0;0;2;3;3;4;18;1
284;2;1;0;2;0;1;2;2;5;2;12;2;2;5;0;0;3;3;2;2.0;1.0;5;1;0;0;2;6;3;4;4;1
284;2;0;0;0;0;2;4;1;4;2;12;5;8;5;0;0;3;3;2;2.0;1.0;1;0;0;1;2;3;3;8;0;1
148;1;0;0;2;2;1;15;1;5;2;8;0;2;6;0;3;3;6;2;2.0;2.0;1;3;2;3;3;3;3;4;18;1
148;1;0;0;2;0;2;9;1;5;2;8;4;2;6;0;3;3;6;2;2.0;2.0;5;1;0;0;2;3;3;4;6;1
148;1;2;0;2;0;1;4;1;4;2;2;5;2;6;0;3;3;6;2;2.0;2.0;5;1;0;1;2;3;3;4;18;1
524;5;0;0;2;0;2;15;1;5;2;8;3;2;6;0;3;2;6;2;1.0;1.0;1;0;0;0;2;6;3;6;16;1
907;3;2;0;2;0;1;15;1;4;2;8;5;2;6;0;0;2;3;2;2.0;1.0;2;0;1;5;2;3;3;5;0;1
907;3;0;0;3;0;0;3;1;5;2;8;2;2;6;0;0;2;3;2;2.0;1.0;5;1;0;0;2;3;3;4;17;1
576;4;2;0;1;0;2;3;1;5;2;8;4;2;5;0;3;2;6;2;1.0;1.0;4;2;1;4;2;3;3;4;16;0
140;3;3;0;2;2;0;2;1;1;2;9;0;2;0;0;3;3;6;2;2.0;1.0;1;3;2;3;3;6;3;4;1;1
140;3;1;0;2;0;1;2;1;4;2;9;5;2;0;0;3;3;6;2;2.0;1.0;1;2;1;4;2;3;3;4;2;1
171;3;0;0;2;0;0;3;1;2;2;9;0;2;0;0;3;3;6;0;2.0;1.0;1;1;0;1;2;3;3;4;7;1
171;3;0;0;3;0;4;12;1;2;2;8;3;2;0;0;3;3;6;6;2.0;1.0;1;1;0;4;2;3;3;4;6;1
386;0;1;0;2;0;1;2;1;5;2;9;2;8;6;0;3;3;6;2;1.0;2.0;1;1;0;0;2;1;3;4;7;1
386;0;1;0;2;0;1;12;3;5;2;12;2;2;6;0;3;3;6;2;1.0;2.0;1;3;2;3;3;0;3;4;6;1
474;5;4;0;2;0;1;15;3;3;2;12;2;2;6;0;3;2;6;6;2.0;1.0;1;3;2;3;3;3;3;4;17;1
474;5;2;0;2;0;1;3;1;5;2;12;2;2;6;0;3;2;6;2;2.0;1.0;1;1;0;0;2;6;3;4;6;1
576;4;2;0;3;0;1;2;1;5;2;11;3;2;0;0;3;2;6;2;1.0;1.0;1;1;0;0;2;3;3;4;0;1
872;0;1;0;2;0;1;3;1;5;2;11;3;2;6;0;3;2;6;2;1.0;1.0;5;3;2;3;3;3;3;4;13;1
683;1;2;0;3;0;2;3;1;1;2;11;0;2;4;0;3;2;6;0;1.0;1.0;1;1;0;1;2;3;3;4;6;1
970;1;0;0;3;0;1;3;1;5;2;9;4;2;6;0;3;3;6;0;3.0;1.0;1;3;2;3;3;3;3;4;0;1
970;1;2;1;2;0;4;3;1;5;2;12;0;2;6;0;3;3;6;7;3.0;1.0;9;3;2;3;3;6;3;4;6;1
970;1;2;1;2;0;4;13;1;5;2;8;2;2;6;0;3;3;6;2;3.0;1.0;1;3;2;3;3;6;3;4;6;1
830;3;2;0;1;0;4;2;1;2;2;12;2;2;6;0;3;2;6;2;1.0;1.0;9;1;0;1;2;3;3;4;6;0
841;4;1;0;2;0;2;4;1;4;2;11;0;2;6;0;3;2;6;2;2.0;4.0;5;2;1;0;2;3;3;4;0;1
841;4;1;0;2;2;1;4;1;2;2;12;3;2;6;0;3;2;6;7;2.0;4.0;1;3;2;3;3;6;3;4;0;1
841;4;1;0;3;0;0;3;1;1;2;4;2;2;6;0;3;2;6;7;2.0;4.0;2;3;2;3;3;3;3;4;6;1
841;4;1;0;2;0;1;14;1;1;2;12;2;2;6;0;3;2;6;2;2.0;4.0;1;1;0;0;2;6;3;4;11;1
907;4;1;0;2;0;2;3;1;5;2;8;2;2;4;0;3;3;6;2;2.0;1.0;5;1;0;0;2;3;3;4;0;1
907;4;1;0;2;0;2;6;1;5;2;12;2;2;4;0;3;3;6;2;2.0;1.0;5;3;2;3;3;3;3;4;18;1
630;2;0;0;3;2;2;13;1;5;2;12;2;2;4;0;3;2;6;6;1.0;1.0;5;0;0;1;2;3;3;6;4;1
581;0;1;0;1;1;4;6;2;4;2;5;0;2;6;0;3;2;6;2;1.0;1.0;0;0;0;1;2;3;3;6;0;1
110;0;1;0;2;0;4;2;1;5;2;12;5;2;4;0;3;3;6;6;2.0;1.0;5;0;1;1;2;3;3;4;0;0
110;0;0;0;2;0;0;13;1;4;2;9;2;2;4;0;3;3;6;2;2.0;1.0;5;0;1;0;2;3;3;4;11;0
189;0;1;0;1;2;2;13;1;4;2;8;2;2;6;0;3;3;6;2;1.0;1.0;5;3;2;3;3;3;3;4;4;0
358;0;1;0;2;0;1;14;1;5;2;8;3;2;6;0;3;3;6;6;1.0;1.0;1;1;0;0;2;3;3;4;7;1
536;0;1;0;2;0;2;4;1;1;2;3;4;2;4;0;3;2;6;2;2.0;1.0;1;1;0;0;2;3;3;4;11;1
536;0;3;0;2;0;1;4;1;5;2;4;2;2;4;0;3;2;6;2;2.0;1.0;1;3;2;3;3;6;3;4;16;1
946;1;0;2;2;0;4;13;1;1;2;12;0;2;5;0;0;3;6;6;2.0;1.0;1;0;1;1;2;3;3;4;13;1
946;1;1;0;3;0;2;13;1;5;2;8;0;2;5;0;0;3;6;6;2.0;1.0;1;1;0;5;1;3;3;4;4;1
634;6;2;0;2;0;2;3;1;5;2;8;5;2;4;0;3;2;6;2;2.0;1.0;1;3;2;3;3;6;3;4;16;1
634;6;0;0;0;0;0;2;1;5;2;9;2;2;4;0;3;2;6;2;2.0;1.0;1;1;0;0;2;3;3;4;17;1
132;6;1;0;3;0;4;3;1;5;2;9;2;2;4;0;3;3;6;2;2.0;1.0;1;3;2;3;3;0;3;4;0;1
132;6;1;0;3;0;2;2;1;5;2;11;2;2;4;0;3;3;6;2;2.0;1.0;1;3;2;3;3;3;3;4;0;1
121;6;0;0;3;0;1;3;3;5;2;12;2;2;4;0;0;3;6;2;2.0;1.0;1;1;0;1;2;3;3;4;0;1
121;6;0;0;3;0;1;4;3;5;2;0;0;2;4;0;0;3;6;2;2.0;1.0;1;3;2;3;3;3;3;4;7;1
498;6;0;0;2;0;2;3;1;5;2;8;5;2;4;0;3;2;6;2;2.0;1.0;2;1;0;1;2;3;3;4;1;1
498;6;0;0;2;0;0;5;1;5;2;2;2;2;4;0;3;2;6;2;2.0;1.0;1;3;2;3;3;3;3;4;13;1
382;6;1;0;2;0;2;3;3;5;2;2;2;2;5;0;3;3;6;2;1.0;1.0;5;1;0;1;2;3;3;4;9;1
377;6;1;0;2;0;2;2;1;5;2;9;3;2;4;0;3;3;6;2;1.0;1.0;1;0;1;5;2;3;3;7;13;1
461;6;0;0;0;0;2;5;1;4;2;9;2;2;5;0;3;2;6;2;2.0;1.0;3;1;0;1;2;3;3;4;18;1
461;6;1;0;2;0;4;11;1;5;2;9;3;2;5;0;3;2;6;2;2.0;1.0;1;3;2;3;3;3;3;4;4;1
354;6;3;0;3;0;1;13;1;4;2;9;2;2;5;0;3;3;6;2;1.0;1.0;1;1;1;1;2;0;3;4;16;1
431;5;2;1;2;0;2;13;1;0;2;12;3;2;6;0;3;2;6;2;1.0;1.0;1;0;0;1;2;3;3;0;0;1
946;5;0;0;2;0;2;13;1;5;2;12;2;2;4;0;3;3;6;2;2.0;1.0;1;2;0;5;2;3;3;4;4;1
946;5;1;0;2;0;2;3;1;1;2;9;2;2;4;0;3;3;6;2;2.0;1.0;4;2;1;5;2;3;3;4;18;1
82;5;1;0;2;0;2;13;1;5;2;12;5;2;5;0;3;3;6;2;1.0;1.0;6;2;1;1;2;3;3;4;6;1
961;3;0;0;2;0;2;3;1;5;2;2;0;2;5;0;0;3;3;2;2.0;1.0;6;3;2;3;3;3;3;4;18;1
961;3;1;0;2;0;0;5;1;5;2;12;0;2;5;0;0;3;3;6;2.0;1.0;6;3;2;3;3;6;3;4;13;1
696;3;2;1;0;2;2;3;1;5;2;8;0;2;4;0;3;2;6;2;1.0;1.0;6;1;1;1;2;3;3;4;18;1
533;6;2;0;2;0;1;11;1;1;2;8;2;2;5;0;3;2;6;7;2.0;1.0;5;1;0;0;2;0;3;4;13;1
533;6;1;0;2;2;2;3;1;5;2;9;0;2;5;0;3;2;6;2;2.0;1.0;6;3;2;3;3;3;3;4;17;1
199;4;1;0;1;0;1;13;1;5;2;12;2;2;6;0;3;3;6;6;1.0;1.0;4;1;0;1;2;3;3;4;1;0
660;2;1;0;2;0;4;2;1;4;2;4;0;2;4;0;3;2;6;2;1.0;1.0;6;3;2;3;3;3;3;4;18;0
440;5;2;1;2;0;3;4;1;5;2;8;2;2;5;0;3;3;6;2;1.0;1.0;6;2;1;4;2;6;3;4;4;1
1007;1;0;0;2;0;3;3;2;5;2;1;2;2;6;0;3;3;6;2;2.0;1.0;6;3;2;3;3;3;3;4;18;1
1007;1;1;0;2;2;2;13;1;0;2;9;2;2;6;0;3;3;6;2;2.0;1.0;6;1;0;0;2;6;3;4;17;1
484;1;0;0;2;0;1;3;1;4;2;9;0;2;5;0;3;3;6;2;1.0;1.0;6;2;0;4;2;6;3;4;13;1
5;0;3;0;2;0;2;6;1;2;2;2;0;8;4;2;0;2;6;0;2.0;2.0;5;1;0;1;2;3;3;4;17;1
5;0;3;0;3;0;5;3;1;2;2;9;0;2;4;0;0;2;6;6;2.0;2.0;1;0;0;1;2;3;3;4;18;1
5;0;1;0;2;0;4;13;1;5;2;12;5;2;4;0;0;2;6;2;2.0;2.0;1;1;0;1;2;3;3;4;17;1
729;1;0;0;2;2;4;5;1;2;2;12;0;2;5;0;3;2;6;2;2.0;1.0;5;1;1;1;2;1;3;4;6;1
729;1;0;0;2;0;4;9;1;5;2;12;1;2;5;0;3;2;6;6;2.0;1.0;1;0;1;1;2;6;3;4;19;1
372;0;1;0;2;0;4;5;1;5;2;2;1;2;5;0;3;3;6;2;2.0;2.0;1;3;2;3;3;6;3;4;6;1
372;0;1;0;2;2;2;13;3;5;2;12;1;2;5;0;3;3;6;2;2.0;2.0;1;1;1;0;2;3;3;4;1;1
372;0;1;0;2;0;3;3;1;5;2;2;1;2;5;0;3;3;6;2;2.0;2.0;1;3;2;3;3;0;3;4;16;1
469;0;1;0;2;0;1;13;1;5;2;2;2;2;5;0;3;2;6;2;2.0;1.0;1;1;0;1;2;3;3;4;0;1
469;0;1;0;2;0;2;11;1;4;2;12;0;2;5;0;3;2;6;2;2.0;1.0;2;0;0;4;2;3;3;4;0;1
333;0;1;0;0;0;0;4;3;2;2;12;0;2;6;1;3;3;6;2;1.0;1.0;9;0;0;0;2;3;3;6;18;1
543;0;1;0;2;0;0;3;1;2;2;11;5;2;4;0;3;2;6;7;1.0;1.0;8;3;2;3;3;3;3;4;18;1
1048;4;1;0;2;0;0;3;1;4;2;9;0;2;6;0;3;3;6;2;2.0;2.0;1;1;0;0;2;6;3;4;1;1
1048;4;1;0;4;0;2;3;1;0;2;12;2;2;6;0;3;3;6;6;2.0;2.0;1;3;2;3;3;3;3;4;0;1
264;4;3;0;2;0;4;2;1;4;2;8;0;2;6;0;3;3;6;2;1.0;1.0;1;1;0;0;2;1;3;4;16;1
596;2;2;0;2;0;4;3;1;4;2;9;0;2;6;0;3;2;6;2;1.0;3.0;1;2;0;4;2;3;3;4;1;0
596;2;2;0;2;0;2;6;1;4;2;12;4;8;6;0;3;2;6;2;1.0;3.0;1;3;2;3;3;3;3;4;16;0
596;2;2;0;2;0;1;6;1;4;2;9;2;2;6;0;3;2;6;2;1.0;3.0;1;1;0;1;2;3;3;4;13;0
674;4;1;0;2;0;3;3;1;2;2;9;0;2;6;0;3;2;6;2;2.0;1.0;1;3;2;3;3;3;3;4;2;1
674;4;0;0;2;0;0;5;1;5;2;9;2;2;6;0;3;2;6;2;2.0;1.0;1;2;1;0;2;3;3;4;18;1
632;1;1;0;2;0;2;5;1;0;2;12;5;2;5;0;3;2;6;2;2.0;1.0;1;0;1;0;2;3;3;6;18;1
632;1;2;0;2;0;3;13;1;2;2;12;0;2;5;0;3;2;6;2;2.0;1.0;1;1;0;0;2;3;3;4;18;1
161;6;1;0;3;0;2;3;1;2;2;12;4;2;4;0;3;3;6;2;2.0;1.0;1;3;2;3;3;3;3;4;1;1
161;6;0;0;2;0;1;4;1;0;2;3;0;2;4;0;3;3;6;6;2.0;1.0;5;1;0;0;2;3;3;4;16;1
48;6;2;0;2;0;2;4;1;1;2;9;0;2;4;0;3;3;6;2;2.0;1.0;1;3;2;3;3;6;3;4;9;1
48;6;1;0;3;0;2;13;1;2;2;9;4;2;4;0;3;3;6;6;2.0;1.0;9;1;0;4;2;3;3;4;11;1
992;6;0;0;2;0;4;3;1;2;2;9;0;2;4;0;3;3;6;2;2.0;1.0;5;3;2;3;3;3;3;4;4;1
992;6;0;0;2;0;0;11;1;0;2;12;2;2;4;0;3;3;6;2;2.0;1.0;1;0;1;5;2;3;3;4;1;1
953;6;1;0;1;0;3;9;1;0;2;8;2;2;6;0;3;3;6;2;2.0;1.0;1;1;0;0;2;3;3;4;17;1
953;6;1;0;3;0;4;3;1;1;2;12;5;2;6;0;3;3;6;7;2.0;1.0;1;3;2;3;3;3;3;4;1;1
927;5;1;0;1;2;0;2;1;5;2;8;3;2;7;0;3;3;6;2;2.0;1.0;1;1;1;0;2;3;3;4;18;1
927;5;0;0;2;0;1;3;1;5;2;9;2;2;7;0;3;3;6;2;2.0;1.0;1;3;2;3;3;3;3;4;13;1
259;5;1;0;2;0;2;3;1;5;2;8;3;6;5;0;3;3;6;2;1.0;1.0;1;0;1;4;2;3;3;7;1;1
90;5;0;0;1;2;1;3;1;5;2;8;3;2;4;0;3;3;6;7;2.0;1.0;1;0;0;1;2;3;3;0;4;1
90;5;1;0;1;0;4;0;2;5;2;12;3;2;4;0;3;3;6;6;2.0;1.0;1;3;2;3;3;3;3;4;18;1
414;3;1;0;2;0;0;3;1;5;2;8;2;2;4;0;3;3;6;2;1.0;1.0;1;3;2;3;3;3;3;4;13;1
706;1;1;0;3;0;0;2;1;5;2;8;2;2;4;0;3;2;6;2;1.0;1.0;5;1;0;1;2;1;3;4;18;1
210;1;1;0;1;0;0;3;3;5;2;8;4;2;4;0;3;3;6;2;2.0;1.0;2;0;0;5;2;6;3;6;1;1
210;1;0;0;0;0;2;2;1;5;2;12;0;2;4;0;3;3;6;2;2.0;1.0;5;1;0;1;2;3;3;4;1;1
570;1;0;0;2;0;2;13;1;5;2;9;2;2;5;0;3;2;6;2;1.0;1.0;5;3;2;3;3;3;3;4;17;1
427;1;1;0;2;0;2;4;1;1;2;9;2;6;5;0;3;3;6;2;2.0;1.0;2;0;1;4;2;6;3;6;1;1
427;1;0;0;3;2;2;6;1;2;2;2;2;2;5;0;3;3;6;2;2.0;1.0;1;3;2;3;3;3;3;4;6;1
951;3;0;0;3;0;2;3;1;2;2;12;2;2;5;0;3;3;6;6;2.0;1.0;1;1;0;0;2;3;3;4;6;1
951;3;2;0;1;2;2;4;1;5;2;9;2;2;5;0;3;3;6;6;2.0;1.0;1;3;2;3;3;3;3;4;17;1
956;5;0;0;2;0;2;3;1;1;2;12;0;2;6;0;0;3;3;2;1.0;1.0;1;1;0;5;2;3;3;4;19;1
956;1;0;0;2;2;0;13;1;1;2;9;0;2;4;0;3;3;6;2;2.0;1.0;4;2;1;4;2;4;3;4;18;1
956;1;2;0;2;0;1;3;1;1;2;9;2;2;4;0;3;3;6;2;2.0;1.0;1;0;1;4;2;3;3;4;1;1
436;3;2;0;2;2;2;13;1;2;2;12;2;2;6;0;3;3;6;2;1.0;1.0;1;2;1;0;2;3;3;4;16;1
60;4;1;0;2;2;4;13;1;5;2;12;2;2;6;0;3;3;6;2;2.0;1.0;1;3;2;3;3;3;3;4;18;1
60;4;0;0;1;0;2;13;1;5;2;12;0;2;6;0;3;3;6;0;2.0;1.0;1;3;2;3;3;3;3;4;17;1
904;6;1;0;1;2;1;6;1;5;2;12;3;2;4;0;3;3;6;2;2.0;1.0;1;1;1;1;2;3;3;4;17;1
904;6;0;0;2;0;2;3;1;5;2;9;2;2;4;0;3;3;6;6;2.0;1.0;9;3;2;3;3;3;3;4;16;1
994;0;1;0;3;0;1;2;1;1;2;1;0;2;6;0;3;3;6;7;1.0;1.0;1;3;2;3;3;6;3;4;6;0
182;0;4;0;3;0;2;2;1;5;2;12;5;2;7;0;3;3;5;2;1.0;1.0;1;2;1;2;2;3;3;4;0;0
197;0;0;0;2;0;0;2;1;5;2;8;0;2;6;0;3;3;6;2;2.0;1.0;4;1;0;0;2;3;3;4;1;1
197;0;1;0;2;0;2;3;1;5;2;12;0;2;6;0;3;3;6;2;2.0;1.0;1;3;2;3;3;5;3;4;13;1
576;0;1;0;2;0;2;2;1;5;2;8;0;2;5;0;3;2;6;2;2.0;1.0;1;1;1;4;2;3;3;4;6;1
576;0;1;0;3;0;4;13;1;5;2;8;4;2;5;0;3;2;6;2;2.0;1.0;1;3;2;3;3;3;3;4;7;1
1011;4;2;0;3;0;3;5;1;5;2;8;0;2;6;0;3;3;6;2;2.0;1.0;1;1;1;0;2;3;3;4;7;1
1011;4;1;0;2;0;1;13;1;5;2;12;0;2;6;0;3;3;6;2;2.0;1.0;1;3;2;3;3;1;3;4;17;1
157;4;1;0;3;2;0;5;3;5;2;12;3;2;5;0;3;3;6;6;1.0;1.0;1;2;1;1;2;1;3;4;1;1
576;4;3;0;2;2;2;13;1;5;2;8;1;2;6;0;3;2;6;0;3.0;1.0;9;1;0;0;2;6;3;4;0;1
576;4;2;0;2;0;1;2;1;5;2;9;5;2;6;0;3;2;6;2;3.0;1.0;1;3;2;3;3;3;3;4;6;1
576;4;1;0;2;0;1;13;3;1;2;1;0;2;6;0;3;2;6;7;3.0;1.0;1;3;2;3;3;3;3;4;18;1
818;2;0;0;1;0;1;3;1;0;2;12;5;2;5;0;3;2;6;2;2.0;1.0;1;1;0;0;2;3;3;4;19;1
818;2;2;0;2;0;4;0;1;4;2;9;5;2;5;0;3;2;6;2;2.0;1.0;1;2;0;1;2;3;3;4;10;1
597;2;0;0;2;0;1;13;1;5;2;12;5;2;5;0;3;2;6;7;2.0;2.0;9;1;0;4;2;3;3;4;0;1
597;2;0;0;2;0;0;2;1;5;2;12;5;2;5;0;3;2;6;7;2.0;2.0;1;2;1;0;2;3;3;4;6;1
597;2;1;0;2;0;1;2;1;2;2;12;4;2;5;0;3;2;6;2;2.0;2.0;5;1;0;5;2;1;3;4;13;1
436;6;1;0;2;0;2;3;1;5;2;12;2;2;4;0;3;3;6;2;1.0;1.0;5;3;2;3;3;3;3;4;2;1
174;1;0;0;2;0;0;13;1;1;2;12;5;2;4;0;3;3;6;2;2.0;1.0;1;1;0;0;2;3;3;4;0;1
174;1;2;0;3;0;0;4;1;5;2;11;0;2;4;0;3;3;6;2;2.0;1.0;1;1;0;1;2;3;3;4;6;1
271;6;0;0;2;0;1;3;1;5;2;8;2;2;5;0;3;3;6;2;2.0;1.0;1;3;2;3;3;3;3;4;16;1
271;6;4;0;2;0;4;3;1;5;2;8;2;2;5;0;3;3;6;6;2.0;1.0;1;1;0;1;2;0;3;4;13;1
20;5;1;0;2;0;3;2;1;2;2;8;2;2;4;0;3;2;6;2;2.0;1.0;5;3;2;3;3;3;3;4;1;1
20;5;1;0;2;0;4;3;1;5;2;11;2;2;4;1;3;2;6;2;2.0;1.0;1;1;0;0;2;2;3;4;3;1
1035;6;1;0;3;2;2;11;3;5;2;11;0;2;6;0;3;3;6;2;1.0;1.0;3;3;2;3;3;3;3;4;18;1
746;5;0;0;3;0;4;2;1;5;2;8;2;2;4;0;3;2;6;2;2.0;1.0;1;1;0;5;2;6;3;4;6;1
746;5;2;0;2;0;0;3;1;5;2;8;2;2;4;0;3;2;6;2;2.0;1.0;1;0;0;4;1;6;3;4;18;1
925;5;1;0;2;0;2;7;3;4;2;11;2;2;5;0;3;3;6;2;2.0;1.0;1;1;0;0;2;3;3;4;1;0
925;5;1;2;1;2;2;3;1;0;2;12;2;2;5;2;3;3;6;2;2.0;1.0;1;0;0;1;1;3;3;4;17;0
1065;5;0;0;3;0;1;2;1;4;2;12;2;2;5;0;3;3;6;2;3.0;1.0;1;3;2;3;3;3;3;4;18;1
1065;5;4;0;2;0;2;13;1;3;2;12;0;2;5;0;3;3;6;2;3.0;1.0;1;1;1;0;2;3;3;4;18;1
1065;5;2;1;2;0;2;13;1;4;2;12;2;2;5;0;3;3;6;2;3.0;1.0;9;0;0;2;2;6;3;7;1;1
1032;3;3;0;1;2;0;13;1;5;2;9;0;2;5;0;3;3;6;2;1.0;1.0;1;3;2;3;3;3;3;4;18;1
330;3;1;0;2;0;0;11;3;0;2;12;0;2;6;0;3;3;6;2;1.0;1.0;5;1;0;1;2;3;3;4;1;1
446;3;3;0;2;0;0;13;1;0;2;12;0;2;4;0;3;3;6;2;1.0;1.0;1;3;2;3;3;3;3;4;18;1
489;3;0;0;2;0;4;3;1;5;2;4;0;2;4;0;3;2;6;2;2.0;1.0;1;1;0;5;2;3;3;4;18;1
489;3;0;0;2;0;0;3;1;5;2;1;0;2;4;0;3;2;6;2;2.0;1.0;1;3;2;3;3;3;3;4;18;1
514;3;0;0;1;2;4;4;1;4;2;2;2;2;5;0;3;2;6;6;2.0;1.0;1;1;0;5;2;3;3;4;1;1
514;3;0;0;2;0;4;12;1;5;2;8;2;2;5;0;3;2;6;2;2.0;1.0;1;3;2;3;3;6;4;4;0;1
174;0;1;0;2;0;0;3;1;5;2;12;2;2;6;0;3;3;6;2;1.0;1.0;9;1;1;0;2;3;3;4;13;1
965;0;3;0;2;0;0;3;1;5;2;8;0;2;6;0;3;3;6;2;2.0;1.0;1;0;1;0;1;3;3;8;0;1
965;0;0;0;1;0;1;3;1;5;2;8;2;2;6;0;3;3;6;2;2.0;1.0;1;1;0;0;2;1;3;4;18;1
232;1;1;0;2;0;1;14;1;5;2;12;2;2;6;3;3;3;6;7;1.0;1.0;1;3;2;3;3;3;3;4;11;1
346;1;0;0;2;0;0;5;1;4;2;9;0;2;6;0;3;3;6;2;2.0;2.0;1;3;2;3;3;3;3;4;4;1
346;1;1;0;3;0;2;4;1;4;2;8;5;3;6;0;3;3;6;2;2.0;2.0;1;2;1;0;2;1;3;4;4;1
85;1;1;0;2;0;2;3;1;4;2;9;5;2;4;0;3;3;6;2;1.0;1.0;1;0;1;1;2;3;3;8;0;1
67;0;1;0;2;0;0;2;1;5;2;11;2;2;4;0;3;3;6;2;2.0;1.0;1;3;2;3;3;3;3;4;17;1
67;0;1;0;3;1;2;13;1;4;2;8;2;7;4;3;3;3;6;2;2.0;1.0;1;1;1;0;2;3;3;4;16;1
53;0;0;0;2;0;1;3;1;2;2;12;5;2;4;0;3;3;6;2;1.0;1.0;1;1;0;4;2;3;3;4;1;1
113;0;1;0;3;0;2;4;1;4;2;12;0;2;6;0;3;3;6;2;3.0;1.0;1;3;2;3;3;3;3;4;1;1
113;0;1;0;2;0;4;13;1;4;2;2;5;2;6;3;3;3;6;2;3.0;1.0;1;2;1;4;2;3;3;4;11;1
113;0;2;1;2;0;4;13;1;5;2;8;2;2;6;0;3;3;6;7;3.0;1.0;5;1;0;0;2;3;3;4;18;1
346;0;0;0;3;2;1;14;1;5;2;12;2;2;6;0;3;3;6;2;1.0;1.0;1;1;0;0;2;3;3;4;16;1
259;0;2;0;3;0;2;0;1;5;2;8;2;0;0;0;3;3;6;2;1.0;1.0;1;0;0;1;1;3;3;4;0;1
431;0;2;0;2;2;0;0;1;5;2;8;2;2;4;0;3;3;6;2;1.0;1.0;1;1;1;0;2;3;3;4;1;1
912;4;1;0;3;0;4;3;1;4;2;8;2;7;4;0;3;3;6;2;2.0;1.0;1;3;2;3;3;3;3;4;18;1
912;4;1;0;2;0;2;3;1;4;2;2;0;7;4;0;3;3;6;6;2.0;1.0;1;0;0;1;2;1;3;6;6;1
1004;4;3;0;2;0;1;3;1;4;2;8;0;6;6;0;3;3;6;2;2.0;1.0;1;3;2;3;3;6;3;4;17;1
1004;4;1;0;3;0;4;2;1;2;2;12;3;6;6;0;3;3;6;2;2.0;1.0;9;1;0;2;2;3;3;4;6;1
299;4;3;0;2;0;1;5;1;5;2;12;2;2;5;0;3;3;6;2;2.0;1.0;1;1;0;0;1;2;3;4;13;1
299;4;0;0;3;0;4;3;1;2;2;2;6;3;5;0;3;3;6;2;2.0;1.0;1;1;0;2;2;1;3;4;18;1
612;2;0;0;2;0;4;11;1;0;2;11;0;2;4;0;3;2;6;2;2.0;1.0;1;0;0;4;2;3;3;4;18;1
612;2;2;0;2;0;1;3;1;5;2;2;2;2;4;0;3;2;6;2;2.0;1.0;1;3;2;3;3;1;3;4;18;1
775;4;0;0;2;0;4;3;1;4;2;8;0;2;6;1;3;2;6;2;2.0;1.0;1;1;0;2;2;3;3;4;1;1
775;4;0;0;2;0;4;3;1;1;2;12;5;2;6;0;3;2;6;6;2.0;1.0;1;3;2;3;3;1;3;4;1;1
151;2;3;0;2;0;3;3;1;4;2;2;2;5;4;0;3;3;6;2;2.0;2.0;1;1;0;0;2;3;3;4;13;1
151;2;2;0;2;2;4;3;3;0;2;12;3;2;4;0;3;3;6;2;2.0;2.0;1;0;1;1;1;3;3;4;0;1
548;2;2;0;1;1;4;4;3;4;2;12;3;2;5;0;3;2;6;2;1.0;1.0;1;3;2;3;3;3;3;4;16;1
691;0;2;1;2;0;2;16;2;2;2;8;2;6;5;0;3;2;6;2;2.0;1.0;1;1;0;2;2;6;3;4;13;1
691;0;0;0;3;0;2;4;2;4;2;12;2;2;5;0;3;2;6;0;2.0;1.0;1;3;2;3;3;3;3;4;6;1
441;6;1;0;2;0;2;2;1;1;2;12;2;2;5;0;3;3;6;2;1.0;1.0;1;1;0;1;2;3;3;4;6;1
737;6;1;0;2;0;2;11;3;5;2;9;2;2;6;0;0;2;5;2;1.0;1.0;5;3;2;3;3;0;3;4;10;1
431;4;0;0;2;2;3;4;1;1;2;8;2;2;5;0;3;3;6;6;2.0;1.0;1;1;0;5;2;3;3;4;17;1
431;4;2;0;2;0;2;13;1;1;2;2;4;2;5;0;3;3;6;2;2.0;1.0;1;3;2;3;3;1;3;4;16;1
143;5;1;0;3;0;1;13;1;0;2;12;0;2;6;0;3;3;6;2;1.0;1.0;1;3;2;3;3;3;3;4;6;1
429;5;0;0;2;2;1;3;1;4;2;0;5;8;4;0;0;3;3;2;1.0;2.0;1;1;0;0;2;3;3;4;13;1
429;5;0;0;3;0;1;3;1;4;2;12;2;3;4;0;0;3;3;6;1.0;2.0;1;2;1;1;2;3;3;4;6;1
518;2;1;0;2;2;1;4;1;5;2;12;0;3;4;0;3;2;6;6;2.0;1.0;1;0;1;0;2;3;3;8;16;1
518;2;2;0;2;0;4;4;1;5;2;2;0;2;4;0;3;2;6;2;2.0;1.0;1;3;2;3;3;3;3;4;0;1
484;3;1;0;2;0;1;13;3;0;2;9;0;2;7;0;3;3;6;2;2.0;1.0;5;1;0;0;2;3;3;4;1;1
484;3;2;0;2;0;0;5;1;5;2;12;0;2;7;0;3;3;6;6;2.0;1.0;1;0;1;1;2;3;3;4;16;1
329;5;2;0;2;0;1;2;1;5;2;12;2;2;5;0;3;3;6;6;1.0;1.0;1;1;1;0;2;3;3;4;6;1
696;3;0;0;2;0;0;11;1;5;2;12;3;2;6;0;3;2;6;2;2.0;1.0;1;3;2;3;3;3;3;4;13;1
696;3;2;1;2;0;2;3;1;5;2;1;2;2;6;2;3;2;6;7;2.0;1.0;1;3;2;3;3;3;3;4;18;1
156;3;1;0;2;0;2;3;1;5;2;1;4;2;4;0;3;3;6;2;1.0;1.0;1;1;0;1;2;3;3;4;1;1
90;1;0;0;3;2;1;13;1;5;2;12;2;2;6;0;0;3;3;2;1.0;1.0;1;3;2;3;3;3;3;4;1;1
963;1;1;0;3;0;3;11;2;0;2;8;2;2;5;0;0;3;3;2;2.0;1.0;1;1;0;0;2;3;3;4;18;1
963;1;1;0;2;0;2;13;1;1;2;9;2;2;5;0;0;3;3;2;2.0;1.0;1;3;2;3;3;3;3;4;1;1
21;0;3;0;2;0;4;0;1;1;2;12;2;2;5;0;3;2;6;2;2.0;1.0;1;1;0;0;2;3;3;4;6;1
21;0;0;0;1;0;0;3;1;0;2;9;0;8;5;0;3;2;6;6;2.0;1.0;9;2;1;0;2;3;3;4;1;1
344;1;1;0;2;2;2;3;1;5;2;2;3;2;4;0;3;3;6;6;1.0;1.0;1;1;0;0;2;3;3;4;18;1
653;0;2;1;2;0;0;3;1;1;2;12;4;2;6;0;3;2;6;2;1.0;1.0;1;3;2;3;3;3;3;4;0;1
652;0;3;0;2;0;4;3;1;2;2;8;2;3;7;0;3;2;6;2;1.0;1.0;1;2;1;4;2;3;3;4;18;1
1035;0;1;0;2;0;3;13;1;1;2;12;0;2;6;0;3;3;6;2;2.0;1.0;1;0;1;4;2;3;3;4;7;1
1035;0;1;0;3;0;1;13;1;5;2;1;2;8;6;0;3;3;6;2;2.0;1.0;9;1;0;0;2;3;3;4;18;1
179;4;3;0;2;0;2;3;1;5;2;12;0;2;5;0;3;3;6;2;1.0;1.0;1;3;2;3;3;3;3;4;11;1
297;4;3;0;3;0;2;11;1;0;2;8;2;2;5;0;3;3;6;2;4.0;2.0;5;3;2;3;3;3;3;4;10;1
297;4;3;0;2;2;0;5;3;5;2;9;0;2;5;0;3;3;6;2;4.0;2.0;5;1;1;1;2;3;3;4;17;1
297;4;3;0;2;0;2;5;1;5;2;8;4;2;5;2;3;3;6;2;4.0;2.0;1;1;0;0;1;6;3;4;13;1
297;4;1;0;4;1;2;3;1;5;2;8;2;2;5;0;3;3;6;2;4.0;2.0;1;3;2;3;3;3;3;4;0;1
328;4;0;0;1;0;1;5;1;5;2;2;3;2;4;0;3;3;6;2;2.0;2.0;1;0;1;5;2;3;3;4;1;1
328;4;3;0;2;0;0;5;1;5;2;2;0;2;4;0;3;3;6;1;2.0;2.0;1;2;1;1;2;6;3;4;0;1
372;2;0;0;2;0;2;13;1;5;2;9;0;2;6;0;0;3;6;2;2.0;1.0;5;3;2;3;3;3;3;4;10;1
372;2;0;0;2;0;1;3;1;5;2;12;0;2;6;3;0;3;6;6;2.0;1.0;1;3;2;3;3;3;3;4;16;1
804;2;0;0;2;0;5;13;1;5;2;12;5;2;5;0;0;2;6;2;2.0;1.0;3;1;0;0;2;1;3;4;16;1
804;2;2;0;2;0;4;3;1;5;2;12;0;2;5;0;0;2;6;2;2.0;1.0;1;1;0;0;2;3;3;4;1;1
475;6;0;0;2;0;4;3;1;1;2;9;0;2;4;0;3;3;6;2;2.0;1.0;1;1;0;0;2;6;3;4;0;1
475;6;2;1;2;0;2;11;1;5;2;8;0;2;4;2;3;3;6;2;2.0;1.0;1;3;2;3;3;3;3;4;0;1
786;5;1;0;1;0;1;3;1;5;2;9;0;2;6;0;0;2;1;2;1.0;1.0;1;1;0;0;2;3;3;4;1;1
379;6;1;0;1;2;1;3;1;5;2;12;2;2;5;0;3;3;6;2;1.0;1.0;1;2;1;5;2;3;3;4;1;1
203;3;2;0;2;0;3;3;1;5;2;12;2;2;6;0;3;3;6;6;1.0;1.0;1;3;2;3;3;3;3;4;19;1
1036;5;1;0;2;2;4;11;1;5;2;1;2;2;6;3;3;3;6;6;1.0;1.0;9;1;0;0;2;3;3;4;11;1
173;5;0;0;2;0;4;3;1;2;2;2;4;2;6;0;3;3;6;2;1.0;1.0;1;3;2;3;3;3;3;4;1;1
67;5;1;0;3;0;1;2;1;5;2;11;2;2;4;0;3;3;6;6;1.0;1.0;5;0;1;1;1;3;3;5;10;0
271;5;2;1;2;0;1;2;1;1;2;8;0;2;4;0;3;3;6;6;1.0;1.0;1;3;2;3;3;3;3;4;6;1
851;3;1;0;4;0;4;3;1;0;2;12;2;2;6;0;3;2;6;2;2.0;1.0;1;1;0;4;2;3;3;4;13;1
851;3;1;0;3;0;2;13;1;2;2;9;0;2;6;0;3;2;6;2;2.0;1.0;1;2;1;0;2;3;3;4;18;1
321;3;2;1;2;0;3;13;1;4;2;12;0;2;5;3;3;3;6;6;1.0;1.0;1;2;1;0;2;3;3;4;16;1
332;3;1;0;3;0;3;13;1;0;2;12;5;8;4;0;3;3;6;2;2.0;2.0;1;3;2;3;3;3;3;4;3;1
332;3;1;0;2;0;3;3;1;1;2;8;4;8;4;0;3;3;6;2;2.0;2.0;9;3;2;3;3;3;3;4;1;1
332;3;2;0;2;0;2;3;1;5;2;9;2;2;4;0;3;3;6;2;2.0;2.0;1;1;0;1;2;3;3;4;18;1
528;1;1;0;2;2;2;6;1;5;2;12;2;2;5;0;3;3;6;2;1.0;1.0;1;0;1;0;2;3;3;5;13;0
806;4;2;0;1;2;2;6;2;1;2;9;0;2;5;0;3;2;6;2;1.0;1.0;1;1;1;0;2;3;3;4;16;1
589;4;2;1;2;0;2;13;1;5;2;2;2;2;6;0;3;2;6;2;1.0;1.0;1;3;2;3;3;3;3;4;16;1
770;1;1;0;2;0;1;13;3;5;2;9;2;2;6;0;0;2;6;7;2.0;1.0;1;0;1;1;2;3;3;4;18;1
770;1;2;0;3;0;2;5;1;5;2;8;4;2;6;0;0;2;6;2;2.0;1.0;1;1;0;0;2;3;3;4;18;1
829;4;1;0;2;0;1;2;3;3;2;9;2;2;4;0;3;2;6;6;1.0;1.0;1;3;2;3;3;3;3;4;11;1
113;4;1;0;2;0;3;13;1;5;2;12;4;2;5;0;3;3;6;2;2.0;1.0;1;1;0;0;2;3;3;4;10;1
113;4;3;0;3;0;1;3;1;5;2;4;2;2;5;0;3;3;6;2;2.0;1.0;1;0;1;1;2;3;3;5;0;1
756;4;0;0;2;0;1;2;1;5;2;2;2;2;6;3;3;2;6;2;2.0;1.0;1;3;2;3;3;3;3;4;1;1
756;4;0;0;2;0;1;9;1;1;2;9;0;8;6;0;3;2;6;2;2.0;1.0;1;1;0;1;2;3;3;4;6;1
800;2;2;0;2;0;2;3;1;5;2;12;2;2;6;0;3;2;6;2;1.0;1.0;5;0;0;1;2;3;3;0;13;1
278;5;3;0;2;0;2;3;1;5;2;12;2;2;5;0;3;3;6;2;2.0;1.0;1;3;2;3;3;3;3;4;13;1
278;5;2;1;2;0;2;13;1;0;2;8;0;2;5;0;3;3;6;2;2.0;1.0;1;1;0;0;2;6;3;4;0;1
278;1;2;1;2;2;2;3;1;4;2;5;2;3;4;4;3;3;6;2;1.0;1.0;1;1;0;5;2;0;3;4;16;1
113;1;1;0;2;0;1;0;1;4;2;2;2;8;6;2;3;3;6;2;1.0;1.0;1;3;2;3;3;3;3;4;9;1
108;0;1;0;2;0;3;13;1;5;2;8;5;3;4;2;3;3;6;6;2.0;1.0;1;1;0;0;2;1;3;4;10;1
108;0;2;0;2;0;0;0;1;4;2;2;2;8;4;0;3;3;6;2;2.0;1.0;1;3;2;3;3;6;3;4;0;1
710;4;1;0;2;0;3;13;1;5;2;8;5;3;4;0;3;2;6;6;2.0;1.0;9;1;1;0;2;6;3;4;6;1
710;4;2;0;2;0;4;13;3;5;2;8;0;2;4;3;3;2;6;2;2.0;1.0;1;3;2;3;3;0;3;4;18;1
332;3;4;0;2;0;3;13;1;0;2;11;2;2;4;0;3;3;6;2;2.0;1.0;1;1;1;0;2;6;3;4;1;1
332;3;4;0;2;0;1;5;1;3;2;9;2;2;4;0;3;3;6;2;2.0;1.0;1;1;0;5;1;3;3;4;18;1
1069;5;1;0;2;0;0;5;1;5;2;8;5;3;4;0;3;3;6;7;2.0;1.0;1;3;2;3;3;3;3;4;18;1
1069;5;2;0;3;0;2;11;1;5;2;7;5;2;4;0;3;3;6;2;2.0;1.0;1;1;0;0;2;3;3;4;19;1
486;5;1;0;2;2;3;13;1;5;2;12;2;2;4;3;3;3;6;2;1.0;1.0;1;0;1;1;1;3;3;4;11;1
422;5;1;0;2;0;3;3;1;5;2;9;0;2;4;0;3;3;6;2;2.0;1.0;1;1;0;0;2;3;3;4;6;1
422;5;0;0;6;0;3;4;1;5;2;8;0;2;4;0;3;3;6;7;2.0;1.0;3;3;2;3;3;3;3;4;10;1
988;5;0;0;2;0;0;3;1;5;2;8;0;2;4;0;3;3;6;6;1.0;1.0;1;3;2;3;3;3;3;4;13;1
753;3;2;0;3;2;2;6;1;5;2;9;0;2;6;0;3;2;6;2;1.0;1.0;1;1;0;0;2;3;3;4;3;1
900;1;1;0;2;0;1;0;1;5;2;8;0;2;4;0;3;3;6;2;2.0;1.0;4;3;2;3;3;3;3;4;10;1
900;1;2;0;2;2;3;11;1;5;2;8;0;2;4;0;3;3;6;2;2.0;1.0;9;1;0;0;2;6;3;4;0;1
131;6;0;0;6;0;2;3;1;5;2;8;2;2;5;0;3;3;6;2;2.0;1.0;1;1;1;4;2;3;3;4;1;1
131;6;2;0;6;0;2;13;1;5;2;8;2;2;5;0;3;3;6;2;2.0;1.0;9;2;1;4;2;3;3;4;18;1
1055;5;2;0;2;0;2;11;1;5;2;12;0;2;4;0;3;3;6;2;1.0;1.0;1;2;0;5;2;6;3;4;18;1
1026;1;1;0;2;0;1;13;1;5;2;12;2;2;4;0;3;3;6;2;2.0;1.0;1;1;0;0;2;3;3;4;16;0
1026;1;0;0;2;0;4;5;1;1;2;12;2;2;4;3;3;3;6;6;2.0;1.0;1;0;1;1;2;3;3;7;13;0
1055;0;1;0;2;0;2;13;1;1;2;9;4;2;5;0;3;3;6;6;2.0;1.0;1;3;2;3;3;6;3;4;13;1
1055;0;0;0;2;0;4;2;1;1;2;11;0;0;5;0;3;3;6;2;2.0;1.0;1;1;1;1;2;3;3;4;19;1
734;1;4;0;2;0;1;11;1;1;2;9;0;0;4;0;3;2;6;2;1.0;1.0;1;3;2;3;3;6;3;4;1;1
633;1;0;0;2;0;3;3;1;1;2;8;2;2;5;0;3;2;6;2;2.0;1.0;1;1;0;0;2;6;3;4;1;1
633;1;1;0;2;0;3;0;1;5;2;2;4;2;5;3;3;2;6;2;2.0;1.0;1;3;2;3;3;6;3;4;16;1
617;0;1;0;2;2;2;2;1;5;2;12;0;2;5;0;3;2;6;2;2.0;1.0;1;1;0;1;2;3;3;4;0;1
617;0;1;0;2;0;1;13;1;1;2;12;4;2;5;0;3;2;6;0;2.0;1.0;1;3;2;3;3;3;3;4;0;1
208;2;0;0;3;0;3;3;1;2;2;12;2;2;5;0;3;3;6;2;2.0;1.0;1;3;2;3;3;2;3;4;6;1
208;2;2;0;2;0;1;0;1;5;2;12;2;2;5;0;3;3;6;6;2.0;1.0;5;1;0;1;2;3;3;4;1;1
736;4;1;0;2;0;2;3;1;5;2;8;0;2;5;0;3;2;6;7;2.0;2.0;5;1;0;1;2;3;3;4;0;1
736;4;1;0;1;0;4;3;1;5;2;8;1;2;5;0;3;2;6;2;2.0;2.0;1;3;2;3;3;6;3;4;10;1
736;4;3;0;1;0;4;4;1;5;2;9;0;2;5;0;3;2;6;2;2.0;2.0;1;1;0;5;2;6;3;4;6;1
434;2;1;0;2;0;2;5;1;5;2;8;4;2;5;0;3;3;6;2;2.0;2.0;3;2;0;5;2;3;3;4;18;1
434;2;1;0;3;0;0;13;1;5;2;9;2;2;5;4;3;3;6;2;2.0;2.0;1;3;2;3;3;3;3;4;16;1
1017;0;0;0;3;0;2;13;1;5;2;8;0;2;6;0;3;3;6;2;2.0;1.0;1;3;2;3;3;3;3;4;16;1
1017;0;2;0;2;0;2;13;1;5;2;12;2;2;6;0;3;3;6;2;2.0;1.0;1;1;0;1;1;6;3;4;16;1
39;0;0;0;2;0;0;6;1;5;2;8;4;2;5;0;3;3;6;2;2.0;1.0;1;3;2;3;3;3;3;4;1;1
39;0;2;0;2;2;2;13;1;5;2;11;0;2;5;0;3;3;6;6;2.0;1.0;1;1;0;1;2;3;3;4;13;1
1017;4;0;0;1;2;4;13;1;5;2;9;4;2;5;0;3;3;6;0;2.0;1.0;3;0;0;0;2;3;3;4;6;1
1017;4;2;0;2;2;3;9;1;5;2;8;0;2;5;0;3;3;6;2;2.0;1.0;1;3;2;3;3;6;3;4;10;1
431;1;2;0;6;2;2;13;1;5;2;9;0;2;5;0;3;3;6;7;1.0;1.0;1;1;0;0;2;6;3;4;0;1
606;5;2;0;0;0;4;7;1;4;2;8;0;2;0;3;3;2;6;2;1.0;1.0;5;0;0;1;1;3;3;8;16;1
346;6;3;0;1;0;3;3;1;4;2;9;4;2;4;0;3;3;6;2;3.0;1.0;1;1;0;5;2;3;3;4;0;1
346;6;0;0;2;0;0;13;1;5;2;12;5;2;4;0;3;3;6;7;3.0;1.0;1;3;2;3;3;1;3;4;7;1
346;6;1;0;2;0;4;4;0;5;2;12;2;2;4;0;3;3;6;7;3.0;1.0;1;1;0;1;2;0;3;4;13;1
94;6;1;0;2;2;4;0;1;2;2;8;2;2;5;0;3;3;6;2;1.0;1.0;1;3;2;3;3;3;3;4;16;1
1030;6;3;0;2;0;4;11;1;4;2;8;2;2;4;0;3;3;6;2;2.0;1.0;1;0;0;1;2;3;3;4;18;1
1030;6;1;0;2;0;5;3;1;1;2;9;2;2;4;0;3;3;6;2;2.0;1.0;2;1;0;0;2;0;3;4;6;1
1048;5;2;1;2;0;0;5;1;5;2;12;2;2;4;0;3;3;6;2;1.0;1.0;5;3;2;3;3;3;3;4;1;0
624;5;2;1;5;2;0;3;3;5;2;12;0;2;4;0;3;2;6;2;2.0;1.0;1;1;0;1;2;3;3;4;16;1
624;5;2;0;2;2;3;3;1;5;2;8;2;2;4;0;3;2;6;6;2.0;1.0;1;3;2;3;3;3;3;4;16;1
527;5;1;0;2;2;0;3;1;5;2;8;2;2;5;0;3;3;6;2;1.0;1.0;1;1;0;1;2;3;3;4;18;1
276;5;3;0;2;2;1;13;1;5;2;2;0;2;5;0;3;3;6;2;1.0;1.0;1;3;2;3;3;3;3;4;7;1
227;5;1;0;4;2;2;3;3;5;2;12;4;2;6;0;3;3;6;2;2.0;1.0;1;3;2;3;3;3;3;4;6;1
227;5;2;0;4;2;4;3;1;5;2;8;0;2;6;0;3;3;6;2;2.0;1.0;1;1;0;1;2;3;3;4;6;1
358;5;2;1;2;2;1;5;1;0;2;8;2;2;4;0;3;3;6;2;2.0;1.0;1;3;2;3;3;3;3;4;0;1
358;5;1;0;3;2;4;12;1;3;2;9;2;2;4;0;3;3;6;2;2.0;1.0;1;1;0;2;2;3;3;4;6;1
251;5;2;0;6;2;2;3;1;5;2;12;0;2;4;3;3;3;6;2;1.0;1.0;1;1;1;0;2;3;3;4;1;1
550;5;3;0;2;2;2;5;1;2;2;9;2;2;4;0;3;2;6;2;1.0;1.0;9;3;2;3;3;3;3;4;6;0
215;3;1;0;2;2;2;11;3;5;2;8;2;2;6;0;3;3;6;2;1.0;1.0;9;0;0;0;2;6;3;4;6;1
970;3;1;0;2;2;3;11;1;2;2;8;0;2;5;0;3;3;6;2;1.0;2.0;4;0;1;5;2;6;3;4;10;0
970;3;1;0;2;2;1;3;1;4;2;12;0;2;5;0;3;3;6;2;1.0;2.0;5;1;0;0;2;3;3;4;6;0
208;3;0;0;3;0;1;13;1;0;2;12;5;8;5;0;3;3;6;2;2.0;2.0;5;3;2;3;3;3;3;4;18;1
208;3;0;0;2;0;1;3;1;1;2;8;4;8;5;0;3;3;6;2;2.0;2.0;1;1;0;0;2;3;3;4;6;1
737;3;1;0;2;0;1;5;1;5;2;9;2;2;5;0;3;2;6;2;1.0;1.0;1;3;2;3;3;3;3;4;7;1
735;3;1;0;2;0;2;3;1;5;2;12;2;2;5;0;3;2;6;2;2.0;2.0;5;3;2;3;3;3;3;4;11;1
735;3;1;0;2;0;2;3;2;1;2;9;0;2;5;0;3;2;6;6;2.0;2.0;5;1;1;4;2;3;3;4;18;1
735;3;2;0;2;0;4;13;1;5;2;2;2;2;5;0;3;2;6;2;2.0;2.0;1;3;2;3;3;1;3;4;6;1
431;6;1;0;3;0;2;3;3;5;2;9;2;2;7;0;3;2;6;2;1.0;1.0;2;1;0;5;2;0;3;4;16;1
63;4;1;0;2;0;2;9;1;5;2;8;4;2;6;2;0;3;3;2;2.0;2.0;5;0;1;5;2;6;3;4;16;1
548;2;0;0;2;0;4;3;3;3;2;9;2;2;6;0;3;3;6;2;1.0;1.0;4;0;1;2;2;3;3;4;16;0
395;0;2;0;3;2;2;3;1;5;2;12;4;2;0;0;3;3;6;7;2.0;1.0;1;2;0;5;2;3;3;4;16;1
395;0;0;0;2;2;2;3;1;5;2;4;2;2;0;0;3;3;6;2;2.0;1.0;1;2;1;5;2;1;3;4;18;1
400;2;1;0;2;0;2;3;1;5;2;2;2;2;4;0;3;3;6;2;2.0;1.0;1;2;0;5;2;3;3;4;13;1
400;2;1;0;2;0;3;0;1;1;2;9;0;8;4;0;3;3;6;2;2.0;1.0;1;1;0;0;2;3;3;4;18;1
377;1;3;0;2;0;2;3;1;5;2;12;2;2;6;0;3;3;6;2;1.0;1.0;1;0;0;4;2;3;3;6;1;1
523;3;4;0;2;0;2;3;1;5;2;12;2;2;4;0;3;3;6;2;2.0;1.0;1;3;2;3;3;3;3;4;1;1
523;3;1;0;2;0;2;3;1;0;2;8;0;2;4;0;3;3;6;2;2.0;1.0;1;1;0;0;2;3;3;4;17;1
982;0;0;0;2;0;4;2;1;4;2;5;2;3;4;0;3;3;6;2;2.0;1.0;1;3;2;3;3;3;3;4;13;1
982;0;3;0;1;0;4;11;1;4;2;2;2;8;4;0;3;3;6;2;2.0;1.0;1;1;0;1;2;3;3;4;1;1
1049;6;3;0;2;0;4;13;1;5;2;8;5;3;5;0;3;3;6;7;1.0;1.0;5;3;2;3;3;3;3;4;18;0
386;0;1;0;2;0;4;12;1;4;2;2;2;8;4;0;3;3;6;2;1.0;1.0;1;1;0;2;2;3;3;4;16;1
667;1;0;0;2;0;4;2;1;5;2;8;5;3;6;0;3;0;8;2;2.0;1.0;1;1;0;1;2;6;3;4;0;1
667;1;2;0;2;0;4;5;3;5;2;8;0;2;6;0;3;0;8;2;2.0;1.0;9;3;2;3;3;1;3;4;18;1
474;0;2;1;2;0;2;3;1;0;2;11;2;2;6;0;3;3;6;2;1.0;1.0;1;1;0;1;2;3;3;4;18;1
628;6;4;0;2;0;1;3;1;3;2;9;2;2;4;0;0;3;3;6;2.0;1.0;9;3;2;3;3;3;3;4;19;1
628;6;1;0;2;0;3;6;1;5;2;8;5;3;4;0;0;3;3;2;2.0;1.0;5;0;1;4;1;6;3;4;17;1
849;4;0;0;2;0;3;13;1;5;2;7;5;2;6;4;3;2;6;2;2.0;1.0;1;0;1;0;2;3;3;4;1;1
849;4;2;0;2;0;1;13;1;5;2;12;2;2;6;0;3;2;6;2;2.0;1.0;2;3;2;3;3;3;3;4;18;1
977;1;0;0;3;0;3;15;1;5;2;9;0;2;6;0;3;3;6;2;1.0;1.0;1;1;0;0;2;3;3;4;6;1
1058;1;2;1;2;0;3;9;1;5;2;8;0;2;2;0;3;3;6;2;2.0;1.0;5;1;1;1;2;1;3;4;18;1
1058;1;0;0;2;0;2;13;1;5;2;8;0;2;2;0;3;3;6;2;2.0;1.0;5;3;2;3;3;3;3;4;0;1
217;1;3;0;2;0;2;11;1;5;2;9;0;2;6;0;3;3;8;2;1.0;1.0;5;1;1;1;2;3;3;4;11;1
176;4;0;0;6;0;3;3;1;5;2;8;0;2;6;0;3;3;6;6;1.0;1.0;0;3;2;3;3;3;3;4;6;1
131;0;0;0;2;0;3;2;1;5;2;8;0;2;6;0;3;3;6;2;1.0;1.0;5;1;0;0;2;3;3;4;13;0
297;0;1;0;2;0;0;2;1;5;2;8;2;2;0;4;3;3;8;2;2.0;3.0;5;3;2;3;3;3;3;4;18;1
297;0;0;0;3;0;4;12;1;5;2;8;2;2;0;0;3;3;8;2;2.0;3.0;5;0;1;4;2;3;3;4;11;1
297;0;0;0;3;0;4;3;1;5;2;12;0;2;0;0;3;3;8;2;2.0;3.0;1;3;2;3;3;3;3;4;6;1
297;0;0;0;3;0;3;14;1;5;2;12;2;2;0;0;3;3;8;0;2.0;3.0;1;2;1;5;2;3;3;4;6;1
372;3;2;0;1;0;1;14;1;1;2;12;2;2;5;0;3;3;6;2;2.0;1.0;1;0;0;2;1;3;3;4;13;1
372;3;3;0;2;0;1;13;1;1;2;9;4;2;5;0;3;3;6;2;2.0;1.0;1;3;2;3;3;3;3;4;6;1
777;4;2;0;0;0;4;13;1;1;2;11;0;0;6;0;0;2;6;6;2.0;1.0;1;2;1;0;1;3;3;4;7;1
777;4;0;0;2;0;1;15;1;1;2;9;0;0;6;0;0;2;6;2;2.0;1.0;1;0;0;1;2;6;3;4;1;1
324;5;2;0;2;0;1;3;1;1;2;8;2;2;6;0;3;3;6;2;2.0;1.0;1;3;2;3;3;3;3;4;18;1
324;5;1;0;1;0;0;12;1;5;2;2;4;2;6;0;3;3;6;2;2.0;1.0;1;1;0;0;2;3;3;4;18;1
299;5;1;0;2;0;2;2;1;5;2;12;0;2;4;4;3;3;6;6;2.0;1.0;1;3;2;3;3;6;3;4;0;0
299;5;4;0;2;0;3;3;1;1;2;12;4;2;4;0;3;3;6;6;2.0;1.0;1;1;0;5;2;3;3;4;10;0
568;5;3;0;2;0;3;3;1;2;2;12;2;2;6;0;3;1;6;2;2.0;1.0;1;0;0;1;2;0;3;4;0;0
568;5;1;0;3;0;2;3;1;5;2;12;2;2;6;0;3;1;6;2;2.0;1.0;2;0;1;4;1;3;3;4;1;0
297;1;2;1;3;0;3;4;1;5;2;11;0;2;7;0;3;3;6;2;2.0;1.0;4;3;2;3;3;3;3;4;13;1
297;1;0;0;2;0;2;9;1;5;2;9;4;2;7;0;3;3;6;0;2.0;1.0;6;3;2;3;3;3;3;4;11;1
396;5;1;0;3;2;2;3;1;5;2;8;0;2;7;0;0;3;3;2;1.0;1.0;6;1;0;0;2;6;3;4;6;1
537;1;0;2;2;0;1;4;1;5;2;9;0;2;6;0;3;3;6;2;1.0;1.0;6;2;1;4;2;6;3;4;1;1
650;1;0;0;2;0;4;9;1;5;2;8;0;2;6;0;3;2;6;7;1.0;1.0;6;1;0;0;1;3;3;4;10;2
582;1;1;0;2;0;2;11;1;1;2;8;2;2;0;0;3;2;6;2;2.0;1.0;5;3;2;3;3;3;3;4;18;1
582;1;0;0;1;0;0;13;1;5;2;9;0;2;0;0;3;2;6;2;2.0;1.0;6;1;0;0;2;1;3;4;13;1
351;1;1;0;3;0;2;12;1;5;2;12;2;2;6;0;3;3;5;2;1.0;1.0;4;3;2;3;3;0;3;4;1;1
386;0;2;1;3;0;1;3;1;4;2;4;0;2;4;0;3;3;6;2;2.0;1.0;6;3;2;3;3;3;3;4;0;0
386;0;1;0;2;0;3;14;1;5;2;8;2;2;4;0;3;3;6;6;2.0;1.0;6;1;0;0;2;3;3;4;18;0
284;1;2;0;2;0;3;3;2;5;2;1;2;2;5;0;3;3;6;2;2.0;1.0;6;0;1;1;2;0;3;4;9;1
284;1;3;0;2;0;2;5;1;0;2;9;2;2;5;2;3;3;6;2;2.0;1.0;6;3;2;3;3;3;3;4;0;1
240;1;3;0;2;2;2;15;1;4;2;9;0;2;6;0;3;3;6;2;2.0;2.0;6;1;0;0;2;3;3;4;16;0
240;1;0;0;3;0;0;4;1;2;2;2;0;8;6;0;3;3;6;2;2.0;2.0;5;1;0;0;2;3;3;4;18;0
435;6;1;0;2;0;2;13;1;2;2;9;0;2;6;0;3;3;6;6;1.0;1.0;1;3;2;3;3;3;3;4;2;1
72;2;1;0;3;0;4;2;1;5;2;12;5;2;6;0;3;3;6;2;2.0;2.0;1;1;0;1;2;3;3;4;18;1
72;2;1;0;2;2;0;3;1;2;2;12;0;2;6;0;3;3;6;6;2.0;2.0;5;3;2;3;3;3;3;4;0;1
768;4;1;0;2;0;2;14;1;5;2;12;1;2;4;0;3;2;6;2;2.0;1.0;1;1;0;5;2;3;3;4;18;1
768;4;0;0;2;0;4;15;1;5;2;2;1;2;4;0;3;2;6;0;2.0;1.0;1;3;2;3;3;3;3;4;1;1
914;3;3;0;3;2;1;14;3;5;2;12;1;2;4;0;3;2;6;2;1.0;1.0;1;1;1;1;2;3;3;4;6;1
386;1;3;0;2;0;2;3;1;5;2;2;1;2;6;0;3;3;6;2;3.0;1.0;1;3;2;3;3;3;3;4;0;1
386;1;0;0;2;0;3;12;1;5;2;2;2;2;6;0;3;3;6;2;3.0;1.0;1;1;0;4;2;3;3;4;16;1
386;1;1;0;2;0;2;12;1;4;2;12;0;2;6;0;3;3;6;2;3.0;1.0;2;3;2;3;3;6;3;4;18;1
94;4;1;0;1;0;4;14;3;2;2;12;0;2;4;0;3;3;6;2;1.0;1.0;9;3;2;3;3;6;3;4;17;1
1010;3;0;0;2;0;2;15;1;2;2;11;5;2;7;0;0;3;3;7;2.0;1.0;8;1;0;1;2;3;3;4;17;1
1010;3;0;0;3;0;0;15;1;4;2;9;0;2;7;0;0;3;3;0;2.0;1.0;1;1;0;1;2;3;3;4;16;1
1009;5;1;0;2;0;2;14;1;0;2;12;2;2;5;0;0;3;3;2;2.0;3.0;1;2;0;0;2;3;3;4;1;1
1009;5;1;0;3;0;0;16;1;4;2;8;0;2;5;0;0;3;3;0;2.0;3.0;1;2;1;0;2;3;3;4;1;1
1009;5;1;0;2;2;0;14;1;4;2;9;0;2;5;0;0;3;3;2;2.0;3.0;2;3;2;3;3;3;3;4;18;1
722;6;0;0;0;2;0;14;1;4;2;12;4;8;6;0;3;2;6;2;2.0;1.0;1;1;0;1;2;3;3;4;16;1
722;6;2;1;2;2;2;6;1;4;2;9;2;2;6;0;3;2;6;2;2.0;1.0;1;3;2;3;3;1;3;4;18;1
307;6;2;1;2;0;2;3;1;2;2;9;0;2;4;0;3;3;6;8;1.0;1.0;5;3;2;3;3;0;3;4;18;0
137;4;3;0;3;0;2;3;1;5;2;9;2;2;4;0;3;3;6;2;2.0;1.0;6;1;0;0;2;6;3;4;0;1
137;4;0;0;1;2;3;4;1;0;2;12;5;2;4;4;3;3;6;6;2.0;1.0;4;3;2;3;3;3;3;4;1;1
134;4;0;0;2;0;4;3;1;2;2;12;0;2;6;0;3;3;6;2;2.0;1.0;1;2;1;1;2;3;3;4;18;1
134;4;0;0;2;0;2;11;1;2;2;12;4;2;6;0;3;3;6;2;2.0;1.0;1;2;0;5;2;1;3;4;3;1
667;6;0;0;2;0;3;3;1;0;2;3;0;2;5;0;3;2;6;2;2.0;1.0;1;0;0;0;1;3;3;4;16;1
667;6;2;0;2;0;4;3;1;1;2;9;0;2;5;0;3;2;6;7;2.0;1.0;1;1;0;1;2;3;3;4;13;1
271;3;1;0;2;0;2;3;1;2;2;9;4;2;6;0;3;3;6;2;1.0;2.0;1;3;2;3;3;3;3;4;10;1
271;3;1;0;2;2;4;14;1;2;2;9;0;2;6;0;3;3;6;2;1.0;2.0;1;3;2;3;3;3;3;4;13;1
992;3;1;0;2;0;2;6;1;0;2;12;2;2;0;0;0;3;3;2;2.0;1.0;1;1;0;0;2;3;3;4;0;1
992;3;0;0;2;0;0;6;1;0;2;8;2;2;0;0;0;3;3;0;2.0;1.0;1;1;0;0;2;3;3;4;5;1
285;4;0;0;2;0;0;15;1;1;2;12;5;2;0;0;3;3;6;6;2.0;1.0;3;3;2;3;3;3;3;4;10;0
285;4;0;0;2;0;0;15;1;5;2;8;3;2;0;0;3;3;6;2;2.0;1.0;3;1;0;1;2;3;3;4;6;0
351;6;0;0;1;0;1;4;1;5;2;9;2;2;4;0;3;3;6;2;1.0;2.0;3;3;2;3;3;3;3;4;18;1
351;6;0;0;1;2;4;3;1;5;2;8;3;6;4;0;3;3;6;6;1.0;2.0;9;0;0;0;2;6;3;6;16;1
174;4;3;0;3;0;1;3;1;5;2;8;3;2;5;0;3;3;6;2;1.0;1.0;1;1;0;5;2;1;3;4;5;0
91;3;3;0;2;0;4;3;2;5;2;12;3;2;4;4;0;3;3;2;2.0;1.0;1;3;2;3;3;3;3;4;10;1
91;3;3;0;1;0;1;14;1;5;2;8;2;2;4;0;0;3;3;2;2.0;1.0;7;1;0;0;2;3;3;4;0;1
457;3;0;0;2;1;5;14;1;5;2;8;2;2;5;0;0;1;6;0;2.0;1.0;1;3;2;3;3;6;3;4;0;1
457;3;3;0;2;0;0;3;3;5;2;8;4;2;5;0;0;1;6;0;2.0;1.0;5;1;0;5;2;3;3;4;0;1
411;1;0;0;2;2;2;11;1;5;2;12;0;2;4;0;3;3;6;7;1.0;1.0;1;3;2;3;3;3;3;4;0;1
63;4;0;0;2;0;0;3;1;5;2;9;2;2;5;0;0;3;3;2;1.0;1.0;1;0;0;4;2;3;3;4;13;1
494;3;4;0;2;0;4;2;1;1;2;9;2;6;4;0;3;3;6;2;2.0;2.0;1;1;0;2;2;1;3;4;18;0
494;3;4;0;2;0;0;10;1;2;2;2;2;2;4;0;3;3;6;2;2.0;2.0;1;1;0;0;2;3;3;4;5;0
438;6;1;0;2;0;0;13;1;2;2;12;2;2;7;0;3;2;6;7;1.0;1.0;8;3;2;3;3;3;3;4;18;1
376;0;1;0;2;0;1;4;1;5;2;9;2;2;7;0;3;3;6;7;1.0;1.0;1;0;1;4;2;3;3;8;6;1
655;2;4;0;1;0;0;15;1;1;2;12;0;2;4;4;0;2;3;2;2.0;1.0;1;3;2;3;3;3;3;4;18;1
655;2;0;0;2;0;0;13;1;1;2;9;0;2;4;0;0;2;3;2;2.0;1.0;1;1;1;1;1;3;3;4;18;1
734;3;0;0;3;0;4;9;1;1;2;9;2;2;6;0;3;2;6;2;1.0;3.0;4;1;0;0;2;3;3;4;18;1
734;3;0;0;2;0;4;3;1;2;2;12;2;2;6;0;3;2;6;6;1.0;3.0;1;3;2;3;3;3;3;4;0;1
734;3;0;0;3;0;4;3;1;5;2;12;2;2;6;0;3;2;6;2;1.0;3.0;1;1;0;1;2;3;3;4;18;1
872;3;1;0;2;0;4;3;1;5;2;12;0;2;6;0;0;2;3;6;2.0;1.0;3;1;0;1;2;3;3;4;16;1
872;3;2;1;2;0;0;11;1;5;2;12;3;2;6;0;0;2;3;2;2.0;1.0;9;1;0;0;2;3;3;4;1;1
1041;6;3;0;2;0;2;3;1;5;2;9;2;2;6;3;3;3;6;2;2.0;1.0;3;3;2;3;3;3;3;4;13;1
1041;6;0;0;1;2;1;0;1;1;2;1;0;2;6;0;3;3;6;6;2.0;1.0;8;1;0;0;2;6;3;4;6;1
1045;3;2;0;2;0;1;0;1;5;2;12;5;2;4;0;0;3;3;2;2.0;1.0;1;3;2;3;3;3;3;4;1;1
1045;3;1;2;2;0;2;11;1;5;2;8;0;2;4;0;0;3;3;2;2.0;1.0;1;1;1;0;2;3;3;4;17;1
231;2;1;0;2;0;2;3;1;5;2;12;0;2;4;0;3;3;6;6;3.0;2.0;1;3;2;3;3;5;3;4;18;1
231;2;3;0;2;0;1;8;1;5;2;8;0;2;4;0;3;3;6;6;3.0;2.0;2;1;0;5;2;3;3;4;18;1
231;2;1;0;1;0;4;3;1;5;2;8;4;2;4;0;3;3;6;2;3.0;2.0;3;3;2;3;3;3;3;4;3;1
846;4;0;0;3;0;2;13;1;5;2;8;0;2;5;0;3;2;6;2;2.0;2.0;1;1;0;0;2;3;3;4;18;1
846;4;3;0;2;0;4;3;1;5;2;12;0;2;5;0;3;2;6;2;2.0;2.0;1;3;2;3;3;1;3;4;8;1
801;1;0;0;6;0;1;6;3;5;2;12;3;2;4;0;3;2;6;2;1.0;2.0;1;3;2;3;3;1;3;4;13;0
801;1;0;0;2;0;1;10;1;5;2;8;1;2;4;0;3;2;6;2;1.0;2.0;2;1;0;0;2;6;3;4;17;0
533;5;2;1;1;0;1;3;1;5;2;9;5;2;6;0;0;2;5;2;2.0;1.0;1;0;0;5;2;3;3;4;1;1
533;5;4;0;2;0;0;6;3;1;2;1;0;2;6;0;0;2;5;2;2.0;1.0;0;1;0;1;2;3;3;4;1;1
230;0;3;0;1;0;2;3;1;0;2;12;5;2;6;0;3;3;6;2;1.0;1.0;8;3;2;3;3;3;3;4;19;1
959;1;0;0;3;0;1;13;1;4;2;9;5;2;5;0;0;3;3;2;2.0;3.0;1;2;1;0;2;3;3;4;18;1
959;1;0;0;2;0;0;13;1;5;2;12;5;2;5;0;0;3;3;2;2.0;3.0;2;3;2;3;3;3;3;4;0;1
959;1;3;0;3;0;0;5;1;5;2;12;5;2;5;0;0;3;3;2;2.0;3.0;1;1;0;5;2;3;3;4;0;1
628;5;1;0;1;0;5;13;1;2;2;12;4;2;6;0;0;2;3;2;1.0;1.0;1;3;2;3;3;1;3;4;13;0
385;5;3;0;2;2;2;13;1;5;2;12;2;2;6;3;0;3;3;2;3.0;1.0;2;1;0;0;2;3;3;4;9;1
385;5;4;0;2;0;0;5;1;1;2;12;5;2;6;0;0;3;3;2;3.0;1.0;1;3;2;3;3;3;3;4;1;1
385;5;2;0;2;0;1;0;1;5;2;11;0;2;6;0;0;3;3;2;3.0;1.0;7;1;0;1;2;3;3;4;0;1
36;4;0;0;2;0;2;3;1;5;2;8;2;2;4;0;3;2;6;2;1.0;3.0;1;3;2;3;3;3;3;4;18;0
36;4;0;0;2;0;2;4;1;5;2;8;2;2;4;0;3;2;6;2;1.0;3.0;1;1;0;0;2;0;3;4;0;0
36;4;0;0;2;0;2;11;1;2;2;8;2;2;4;0;3;2;6;2;1.0;3.0;1;1;1;1;2;3;3;4;0;0
504;6;0;0;2;0;1;2;1;5;2;11;2;2;6;0;3;2;6;6;2.0;2.0;1;3;2;3;3;2;3;4;18;0
504;6;0;0;2;0;4;3;3;5;2;11;0;2;6;0;3;2;6;2;2.0;2.0;3;1;0;0;2;3;3;4;0;0
504;6;1;0;2;2;4;3;1;5;2;8;2;2;6;0;3;2;6;7;2.0;2.0;1;0;0;1;2;6;3;8;6;0
980;5;1;0;2;0;2;11;1;5;2;8;2;2;6;0;3;3;6;2;2.0;1.0;1;0;0;0;2;6;3;4;6;0
980;5;1;0;3;2;4;4;3;4;2;11;2;2;6;0;3;3;6;6;2.0;1.0;1;1;0;2;2;3;3;4;0;0
500;6;0;2;2;0;2;13;1;0;2;12;2;2;5;3;3;2;6;2;2.0;3.0;2;3;2;3;3;3;3;4;3;1
500;6;0;0;2;2;2;3;1;4;2;12;2;2;5;0;3;2;6;2;2.0;3.0;4;3;2;3;3;3;3;4;0;1
500;6;1;0;2;2;4;3;1;3;2;12;0;2;5;0;3;2;6;2;2.0;3.0;1;1;1;0;1;3;3;4;13;1
7;4;0;0;1;2;4;13;1;4;2;12;2;2;6;0;3;2;6;2;3.0;3.0;1;3;2;3;3;6;3;4;18;0
7;4;0;0;2;0;2;13;1;5;2;9;0;2;6;0;3;2;6;2;3.0;3.0;1;1;0;0;2;3;3;4;3;0
7;4;1;0;3;0;2;13;3;0;2;12;0;2;6;0;3;2;6;0;3.0;3.0;1;3;2;3;3;3;3;4;6;0
7;4;3;0;3;2;4;4;1;0;2;12;0;2;6;0;3;2;6;6;3.0;3.0;3;1;0;1;2;3;3;4;0;0
7;4;3;0;2;2;3;4;1;5;2;4;0;2;6;0;3;2;6;2;3.0;3.0;1;0;0;5;2;3;3;4;9;0
7;4;2;0;2;2;1;3;1;5;2;1;0;2;6;0;3;2;6;6;3.0;3.0;1;1;0;0;2;3;3;4;1;0
978;3;1;0;2;2;1;2;1;4;2;2;2;2;4;2;0;3;7;2;2.0;2.0;1;3;2;3;3;3;3;4;6;1
978;3;1;0;1;2;2;3;1;5;2;8;2;2;4;0;0;3;7;2;2.0;2.0;1;1;0;5;2;6;4;4;18;1
978;3;1;0;2;2;2;3;1;5;2;12;2;2;4;0;0;3;7;2;2.0;2.0;1;2;1;0;2;3;3;4;13;1
462;6;0;0;2;2;3;9;1;5;2;8;0;2;4;0;0;2;7;2;2.0;1.0;1;3;2;3;3;3;3;4;17;1
462;6;1;0;3;2;4;3;1;5;2;8;2;2;4;0;0;2;7;2;2.0;1.0;1;2;0;0;1;1;3;4;13;1
804;4;2;1;3;2;3;3;1;5;2;12;2;2;6;0;3;2;6;6;1.0;2.0;1;0;0;4;2;3;3;4;0;1
804;4;2;1;2;2;2;5;1;4;2;9;0;2;6;0;3;2;6;2;1.0;2.0;1;1;0;0;2;3;3;4;18;1
729;4;0;0;2;0;4;6;1;5;2;8;2;2;6;0;3;2;6;2;2.0;1.0;1;1;0;1;2;3;3;4;1;1
729;4;2;0;2;0;2;3;1;5;2;12;2;2;6;0;3;2;6;2;2.0;1.0;2;3;2;3;3;3;3;4;16;1
451;4;1;0;2;0;5;0;1;5;2;8;2;0;4;0;3;2;6;2;3.0;2.0;1;2;1;1;2;3;3;4;6;0
451;4;1;0;0;0;3;5;1;5;2;8;2;2;4;0;3;2;6;2;3.0;2.0;4;0;1;1;2;3;3;4;0;0
451;4;2;1;3;0;2;3;1;4;2;8;2;7;4;0;3;2;6;2;3.0;2.0;1;3;2;3;3;3;3;4;6;0
140;1;0;0;3;0;2;13;1;4;2;2;0;7;6;0;3;3;6;0;2.0;1.0;1;1;0;2;2;1;3;4;10;1
140;1;2;1;2;0;2;3;1;4;2;8;0;6;6;0;3;3;6;6;2.0;1.0;1;3;2;3;3;6;3;4;18;1
1030;3;2;0;1;0;2;4;1;2;2;12;3;6;6;3;3;3;6;2;1.0;1.0;1;1;0;0;2;3;3;4;1;1
391;0;0;0;2;0;2;5;1;5;2;12;2;2;4;0;3;3;6;2;1.0;1.0;1;3;2;3;3;2;3;4;16;0
715;5;1;0;2;0;1;3;1;2;2;2;6;3;6;0;0;2;6;6;2.0;1.0;3;1;0;0;2;1;3;4;13;1
715;5;0;0;6;0;2;3;1;0;2;11;0;2;6;0;0;2;6;2;2.0;1.0;9;3;2;3;3;3;3;4;13;1
916;1;1;0;2;0;4;3;1;5;2;2;2;2;7;0;0;2;3;2;1.0;1.0;1;1;0;1;2;1;3;4;18;0
727;4;1;0;2;0;0;11;1;4;2;8;0;2;4;0;0;2;6;2;2.0;1.0;4;2;0;0;2;3;3;4;0;1
727;4;4;0;6;0;3;2;1;1;2;12;5;2;4;0;0;2;6;0;2.0;1.0;1;3;2;3;3;1;3;4;0;1
988;1;4;2;3;0;0;2;1;4;2;2;2;5;4;0;0;3;0;0;2.0;1.0;1;0;1;0;2;3;3;4;13;1
988;1;4;0;2;0;2;2;3;0;2;12;3;2;4;2;0;3;0;7;2.0;1.0;1;1;0;1;2;3;3;4;6;1
714;3;2;1;3;0;4;6;3;4;2;12;3;2;4;0;0;2;0;2;2.0;1.0;1;3;2;3;3;3;3;4;10;1
714;3;0;0;2;0;2;13;2;2;2;8;2;6;4;0;0;2;0;2;2.0;1.0;1;3;2;3;3;6;3;4;18;1
436;1;4;0;3;0;1;5;2;4;2;12;2;2;6;0;0;2;6;2;2.0;1.0;1;1;1;0;2;3;3;4;18;1
436;1;3;0;2;0;1;3;1;1;2;12;2;2;6;4;0;2;6;7;2.0;1.0;4;3;2;3;3;3;3;4;16;1
297;4;2;0;2;0;4;3;3;5;2;9;2;2;4;0;0;3;6;7;2.0;1.0;4;1;0;1;2;0;3;4;7;1
297;4;0;0;2;0;1;11;1;1;2;8;2;2;4;0;0;3;6;2;2.0;1.0;1;1;0;0;2;3;3;4;16;1
39;5;0;0;2;2;3;13;1;1;2;2;4;2;4;0;0;3;6;2;2.0;1.0;3;3;2;3;3;1;3;4;16;1
39;5;2;0;2;0;1;13;1;0;2;12;0;2;4;0;0;3;6;2;2.0;1.0;3;1;0;0;2;3;3;4;16;1
144;4;1;0;2;0;4;13;1;4;2;0;5;8;4;0;3;3;6;6;2.0;1.0;1;3;2;3;3;3;3;4;18;1
144;4;1;0;2;0;1;0;1;4;2;9;2;2;4;0;3;3;6;2;2.0;1.0;8;1;0;4;2;3;3;4;13;1
386;6;1;0;3;0;4;5;1;2;2;8;0;2;2;0;0;2;5;6;1.0;1.0;2;3;2;3;3;3;3;4;0;0
667;4;2;1;3;0;4;2;1;5;2;1;5;2;5;0;3;2;6;2;2.0;1.0;1;1;0;1;1;3;3;4;6;1
667;4;1;0;3;1;4;5;3;5;2;8;5;0;5;0;3;2;6;2;2.0;1.0;3;3;2;3;3;3;3;4;1;1
90;2;2;0;2;0;4;2;1;2;2;4;5;2;6;0;0;3;6;6;2.0;1.0;3;3;2;3;3;3;3;4;18;0
90;2;0;0;2;0;3;5;1;5;2;12;2;2;6;0;0;3;6;2;2.0;1.0;2;1;0;1;2;3;3;4;0;0
81;0;3;0;3;0;2;11;1;5;2;9;0;2;6;0;3;3;8;2;1.0;1.0;4;3;2;3;3;3;3;4;10;1
307;4;0;0;2;0;1;3;3;4;2;9;5;2;4;0;0;3;3;6;2.0;1.0;9;1;0;1;2;3;3;4;18;1
307;4;1;0;2;0;4;13;1;0;2;4;5;2;4;0;0;3;3;6;2.0;1.0;1;3;2;3;3;3;3;4;3;1
451;4;3;0;2;0;3;10;1;1;2;9;0;2;4;2;0;2;6;2;2.0;1.0;1;2;0;0;2;3;3;4;18;0
451;4;0;0;2;2;1;13;1;5;2;9;5;2;4;0;0;2;6;2;2.0;1.0;1;1;0;1;2;3;3;4;0;0
479;4;0;0;2;0;4;13;1;5;2;8;0;2;6;0;0;2;5;2;2.0;1.0;1;3;2;3;3;3;3;4;16;1
479;4;4;0;6;0;1;0;1;1;2;8;3;4;6;0;0;2;5;2;2.0;1.0;2;3;2;3;3;3;3;4;0;1
194;1;2;0;2;0;1;3;1;4;2;8;5;2;6;4;3;3;6;2;1.0;1.0;1;0;0;1;2;3;3;8;1;1
514;2;2;1;1;0;1;3;1;0;2;8;0;4;6;0;3;2;1;2;1.0;1.0;1;1;0;5;2;3;3;4;18;1
616;6;4;0;2;0;0;3;1;5;2;8;4;2;4;4;0;2;1;2;2.0;1.0;1;3;2;3;3;3;3;4;17;1
616;6;2;0;1;0;2;0;1;5;2;8;0;2;4;0;0;2;1;2;2.0;1.0;1;3;2;3;3;3;3;4;6;1
101;6;2;0;3;0;1;15;1;5;2;8;5;2;6;0;3;3;8;2;1.0;1.0;3;1;0;1;2;3;3;4;18;1
372;5;1;0;2;0;0;4;1;4;2;9;5;2;6;0;3;3;6;2;2.0;2.0;1;3;2;3;3;3;3;4;6;1
372;5;1;0;3;0;0;15;1;2;2;9;4;2;6;0;3;3;6;2;2.0;2.0;1;1;0;0;2;3;3;4;6;1
372;5;2;0;1;0;5;4;1;5;2;12;4;2;6;0;3;3;6;2;2.0;2.0;1;1;1;0;2;3;3;4;13;1
89;0;3;0;2;2;2;10;1;2;2;2;0;2;6;0;3;3;6;2;1.0;1.0;1;3;2;3;3;3;3;4;11;1
331;3;3;0;2;0;0;15;1;5;2;1;5;2;5;0;3;3;6;2;1.0;1.0;2;2;1;1;2;6;3;4;16;1
350;3;2;2;2;0;1;3;1;5;2;4;0;2;0;0;3;3;6;2;2.0;2.0;9;3;2;3;3;3;3;4;16;1
350;3;1;0;2;0;2;3;1;5;2;9;5;2;0;0;3;3;6;2;2.0;2.0;1;0;1;4;2;3;3;4;1;1
350;3;1;0;2;0;2;13;1;4;2;9;5;1;0;0;3;3;6;2;2.0;2.0;1;3;2;3;3;6;3;4;16;1
1013;0;1;0;2;0;2;2;1;1;2;8;3;2;4;0;0;3;6;2;2.0;1.0;1;1;0;1;2;3;3;4;18;1
1013;0;4;0;2;0;1;2;1;1;2;0;0;2;4;0;0;3;6;6;2.0;1.0;1;3;2;3;3;3;3;4;13;1
1015;6;0;0;2;0;4;3;1;5;2;13;5;2;4;0;0;3;6;2;2.0;1.0;1;1;0;0;2;1;3;4;0;1
1015;6;0;0;2;2;4;2;1;5;2;4;5;2;4;0;0;3;6;7;2.0;1.0;1;1;1;4;2;3;3;4;18;1
426;1;1;0;2;0;2;3;1;5;2;9;1;2;0;0;0;2;5;2;2.0;1.0;4;3;2;3;3;6;3;4;11;1
426;1;4;0;3;2;4;6;3;3;2;9;0;2;0;0;0;2;5;6;2.0;1.0;1;3;2;3;3;3;3;4;18;1
484;2;2;1;2;0;2;13;1;2;2;12;0;2;6;0;3;3;8;2;2.0;1.0;5;1;0;1;1;3;3;4;1;1
484;2;1;0;2;2;2;3;3;5;2;9;5;2;6;0;3;3;8;2;2.0;1.0;1;3;2;3;3;3;3;4;10;1
878;5;0;0;2;2;4;3;1;0;2;6;0;6;7;0;3;2;6;2;2.0;1.0;1;1;0;0;2;3;3;4;18;1
878;5;0;0;1;2;4;3;1;1;2;6;0;6;7;0;3;2;6;2;2.0;1.0;1;1;0;4;2;3;3;4;18;1
326;6;0;0;2;0;2;13;1;5;2;8;3;2;4;0;3;3;6;2;1.0;1.0;1;3;2;3;3;3;3;4;0;1
1025;1;0;0;3;0;2;3;1;1;2;9;0;6;6;3;1;3;4;0;1.0;1.0;1;3;2;3;3;3;3;4;1;1
834;4;2;0;3;2;4;13;1;5;2;9;5;2;6;0;0;2;5;6;2.0;1.0;9;1;1;0;2;3;3;4;13;1
834;4;0;0;2;2;3;12;1;5;1;5;5;2;6;0;0;2;5;2;2.0;1.0;9;3;2;3;3;3;3;4;18;1
111;5;0;0;2;2;1;13;1;4;2;9;5;2;4;0;3;3;6;2;1.0;1.0;9;1;0;0;2;3;3;4;18;1
1040;5;3;0;2;2;1;13;1;2;0;2;5;2;5;0;0;3;6;6;2.0;1.0;5;1;0;0;2;3;3;4;6;1
1040;5;0;0;1;2;2;2;1;5;2;8;0;2;5;0;0;3;6;2;2.0;1.0;1;3;2;3;3;3;3;4;13;1
904;6;0;0;2;2;2;11;1;5;2;8;2;3;6;0;3;3;5;2;2.0;1.0;12;3;2;3;3;3;3;4;18;0
904;6;0;0;2;2;3;11;3;5;2;8;2;4;6;0;3;3;5;2;2.0;1.0;4;1;0;0;2;3;3;4;0;0
474;6;2;0;3;2;4;13;1;1;2;12;0;3;4;0;3;2;6;2;2.0;1.0;3;1;0;2;2;3;3;4;6;1
474;6;0;0;3;2;3;13;1;1;2;12;0;2;4;0;3;2;6;2;2.0;1.0;1;2;0;0;2;3;3;4;7;1
980;0;2;0;2;2;2;2;1;5;2;9;2;2;6;0;0;3;6;2;2.0;2.0;1;2;0;5;2;3;3;4;0;1
980;0;4;0;2;2;2;3;1;5;2;12;2;2;6;2;0;3;6;7;2.0;2.0;1;3;2;3;3;3;3;4;6;1
980;0;4;0;2;2;2;3;1;3;2;12;0;0;6;0;0;3;6;2;2.0;2.0;4;2;1;4;2;3;3;4;0;1
39;6;1;0;2;0;0;12;1;2;2;12;2;2;0;3;3;3;6;6;1.0;1.0;2;0;1;0;2;3;3;8;16;1
401;4;3;0;1;2;2;13;3;2;2;12;0;2;4;0;3;2;6;2;2.0;1.0;9;1;0;0;2;3;3;4;0;1
401;4;0;0;2;0;2;2;1;1;2;12;3;0;4;0;3;2;6;2;2.0;1.0;5;3;2;3;3;3;3;4;2;1
893;2;1;0;2;0;2;3;1;5;2;12;2;2;4;0;0;2;7;2;1.0;2.0;1;1;0;1;2;3;3;4;16;1
893;2;1;0;2;0;2;0;1;1;2;2;2;2;4;3;0;2;7;2;1.0;2.0;1;2;1;5;2;3;3;4;9;1
938;6;1;0;2;0;4;11;1;2;2;12;0;2;0;0;0;2;6;2;1.0;1.0;1;1;1;4;2;2;3;4;18;1
164;3;0;0;2;0;2;3;2;1;2;4;2;2;0;0;3;3;8;2;1.0;1.0;1;2;1;0;2;3;3;4;18;1
278;3;1;0;2;0;5;13;1;5;2;9;3;2;5;0;3;3;6;2;2.0;1.0;1;1;0;0;2;3;3;4;6;1
278;3;3;0;0;0;3;2;3;4;2;12;2;2;5;0;3;3;6;2;2.0;1.0;1;3;2;3;3;3;3;4;6;1
372;5;2;0;3;0;2;6;1;5;2;8;2;2;4;0;3;3;5;2;1.0;1.0;1;1;0;0;2;3;3;4;13;1
159;2;1;0;3;0;2;2;1;5;2;4;6;2;6;0;0;3;5;6;2.0;1.0;1;3;2;3;3;3;3;4;18;1
159;2;2;1;2;0;2;2;1;0;2;4;3;2;6;0;0;3;5;2;2.0;1.0;1;1;0;0;2;3;3;4;0;1
63;5;2;0;1;0;2;7;1;5;2;12;2;2;4;0;3;3;6;6;1.0;1.0;5;3;2;3;3;3;3;4;11;1
649;0;2;0;2;0;2;13;2;4;2;3;2;2;4;0;3;2;6;2;2.0;2.0;9;3;2;3;3;3;3;4;18;1
649;0;1;0;2;0;1;13;1;5;2;8;4;2;4;0;3;2;6;2;2.0;2.0;1;1;0;1;2;3;3;4;11;1
649;0;1;0;6;0;2;4;1;1;2;2;0;2;4;0;3;2;6;2;2.0;2.0;9;3;2;3;3;3;3;4;13;1
273;0;2;0;2;0;4;15;2;2;2;3;0;3;4;0;0;3;3;7;1.0;1.0;1;1;0;1;2;3;3;4;18;1
94;3;1;0;2;0;0;3;1;4;2;8;5;2;6;0;3;3;6;2;1.0;2.0;9;3;2;3;3;3;3;4;18;1
94;3;1;0;6;0;3;3;1;1;2;12;2;4;6;0;3;3;6;2;1.0;2.0;1;1;0;0;2;1;3;4;16;1
324;4;2;1;3;0;0;4;1;0;2;8;0;2;6;0;3;3;6;2;1.0;1.0;1;1;0;0;2;3;3;4;16;1
533;0;0;0;2;0;2;3;1;1;2;8;2;3;6;0;3;3;6;7;1.0;1.0;1;3;2;3;3;3;3;4;1;0
1014;0;0;0;2;0;0;2;1;5;2;12;3;8;6;0;0;3;6;6;2.0;1.0;1;1;0;1;1;3;3;4;18;1
1014;0;1;0;3;2;2;13;1;0;2;8;0;0;6;0;0;3;6;2;2.0;1.0;1;3;2;3;3;3;3;4;10;1
140;3;2;1;2;0;1;6;1;5;2;9;0;2;4;0;3;3;6;2;1.0;1.0;5;3;2;3;3;4;3;4;1;1
993;6;1;0;2;2;3;4;1;5;2;12;2;2;4;0;3;3;6;2;2.0;1.0;1;1;0;1;2;3;3;4;0;1
993;6;4;0;6;0;2;11;1;1;2;8;3;2;4;3;3;3;6;2;2.0;1.0;9;3;2;3;3;3;3;4;7;1
730;5;4;0;6;0;2;2;1;2;2;8;0;3;4;0;3;2;6;2;2.0;1.0;9;1;1;0;2;3;3;4;9;0
730;5;1;0;2;0;2;4;1;5;2;8;5;2;4;0;3;2;6;2;2.0;1.0;9;3;2;3;3;3;3;4;11;0
494;4;0;0;2;0;1;6;1;2;2;12;2;0;6;4;0;2;3;2;1.0;1.0;1;1;0;0;2;0;3;4;0;0
54;5;0;0;2;0;4;5;1;5;2;2;0;2;4;0;0;3;6;6;2.0;2.0;1;1;0;1;2;3;3;4;0;1
54;5;1;0;2;0;2;13;1;5;2;4;0;2;4;0;0;3;6;6;2.0;2.0;1;2;1;4;2;6;3;4;13;1
499;3;0;0;2;0;4;4;1;0;2;8;3;2;4;0;3;3;6;2;1.0;1.0;1;1;0;0;2;3;3;4;13;0
164;0;2;0;2;0;1;13;1;5;2;2;0;2;6;0;0;3;3;2;2.0;1.0;5;3;2;3;3;3;3;4;1;1
164;0;3;0;2;0;3;4;1;5;2;8;0;2;6;0;0;3;3;2;2.0;1.0;1;3;2;3;3;3;3;4;13;1
319;6;1;0;2;0;3;14;1;5;2;8;5;2;0;0;3;3;8;2;1.0;1.0;1;1;0;0;2;3;3;4;18;1
376;6;1;0;2;2;2;3;1;5;2;9;2;2;5;0;3;3;6;2;2.0;2.0;1;3;2;3;3;3;3;4;13;1
376;6;1;0;2;0;1;2;1;2;2;8;2;2;5;0;3;3;6;0;2.0;2.0;2;1;1;0;2;3;3;4;0;1
376;6;1;0;3;0;3;3;1;2;2;9;0;2;5;0;3;3;6;2;2.0;2.0;9;3;2;3;3;3;3;4;1;1
431;5;3;0;2;0;1;6;1;1;2;8;3;2;4;0;3;3;6;6;2.0;1.0;1;1;1;4;1;3;3;4;16;1
431;5;0;0;2;0;2;10;1;1;2;8;3;2;4;0;3;3;6;7;2.0;1.0;1;3;2;3;3;3;3;4;18;1
504;3;1;0;1;0;4;13;1;5;2;12;2;2;4;0;0;2;6;2;1.0;1.0;2;1;0;0;2;3;3;4;16;1
474;5;2;0;1;0;4;13;1;5;2;12;2;2;4;0;3;2;6;2;3.0;1.0;1;3;2;3;3;3;3;4;10;0
474;5;1;0;2;0;2;0;1;4;2;9;2;2;4;0;3;2;6;2;3.0;1.0;2;1;0;1;2;3;3;4;0;0
474;5;2;0;3;0;0;3;1;5;2;2;2;2;4;0;3;2;6;2;3.0;1.0;5;3;2;3;3;3;3;4;18;0
1002;6;2;0;3;0;2;3;3;5;2;2;3;2;6;0;3;3;6;2;2.0;1.0;1;1;0;1;2;0;3;4;18;1
1002;6;2;1;2;0;2;3;1;1;2;9;3;2;6;0;3;3;6;2;2.0;1.0;1;1;0;0;2;3;3;4;1;1
563;6;2;0;2;0;0;0;1;5;2;8;2;0;6;0;0;2;3;2;2.0;1.0;1;3;2;3;3;3;3;4;0;1
563;6;1;0;2;2;2;15;1;2;2;8;2;0;6;0;0;2;3;6;2.0;1.0;1;3;2;3;3;3;3;4;0;1
685;6;2;1;1;2;4;4;1;1;2;9;2;2;4;0;0;2;3;0;2.0;1.0;1;1;0;1;2;6;3;4;10;1
685;6;4;0;2;2;3;15;1;2;2;2;5;2;4;2;0;2;3;2;2.0;1.0;1;3;2;3;3;3;3;4;13;1
1039;5;2;0;6;2;2;4;1;5;2;12;2;2;6;0;3;3;6;7;2.0;1.0;1;1;0;1;2;6;3;4;1;1
1039;5;0;0;0;0;4;10;1;5;2;8;2;2;6;0;3;3;6;2;2.0;1.0;1;1;0;0;2;3;3;4;17;1
394;3;1;0;1;0;3;15;1;5;2;12;2;2;4;0;3;3;6;2;2.0;2.0;1;3;2;3;3;6;3;4;18;1
394;3;1;0;2;0;0;3;1;5;2;12;2;2;4;0;3;3;6;7;2.0;2.0;1;3;2;3;3;3;3;4;18;1
394;3;2;1;2;0;4;3;1;5;2;12;2;2;4;0;3;3;6;7;2.0;2.0;1;1;0;0;2;3;3;4;1;1
40;0;3;0;2;2;4;13;3;1;2;9;2;2;4;0;3;3;6;2;2.0;2.0;1;3;2;3;3;6;3;4;0;0
40;0;0;0;2;0;4;2;1;3;2;2;0;2;4;0;3;3;6;2;2.0;2.0;1;1;0;1;2;0;3;4;6;0
40;0;0;0;2;0;5;2;1;5;2;12;0;2;4;0;3;3;6;2;2.0;2.0;1;2;1;4;2;1;3;4;18;0
113;3;1;0;2;0;0;3;1;5;2;12;4;2;4;0;3;3;6;2;4.0;2.0;1;3;2;3;3;0;3;4;1;1
113;3;0;0;5;2;0;2;1;5;2;9;2;2;4;0;3;3;6;2;4.0;2.0;1;1;1;1;2;3;3;4;13;1
113;3;3;0;2;2;3;3;1;5;2;8;4;2;4;0;3;3;6;6;4.0;2.0;9;0;0;4;2;0;3;6;18;1
113;3;2;0;2;2;0;6;1;5;2;4;2;2;4;0;3;3;6;2;4.0;2.0;1;0;1;4;2;3;3;4;17;1
341;5;2;0;2;2;1;13;3;5;2;9;3;2;4;0;3;3;6;2;2.0;2.0;1;3;2;3;3;0;3;4;1;1
341;5;0;0;4;2;2;3;1;5;2;8;6;2;4;0;3;3;6;2;2.0;2.0;1;1;0;0;2;0;3;4;18;1
341;5;0;0;4;2;4;3;1;1;2;12;2;2;4;0;3;3;6;2;2.0;2.0;1;1;0;4;2;0;3;4;6;1
143;2;1;0;2;2;1;3;1;5;2;2;5;2;4;0;3;3;6;2;2.0;2.0;4;2;0;0;2;3;3;4;16;1
143;2;1;0;3;2;4;13;1;4;2;4;2;2;4;0;3;3;6;2;2.0;2.0;1;3;2;3;3;3;3;4;0;1
56;6;0;0;6;2;2;3;1;5;2;1;4;2;6;2;3;3;6;2;3.0;2.0;1;1;0;0;2;2;3;4;13;1
56;6;1;0;2;2;2;13;1;5;2;0;0;2;6;0;3;3;6;2;3.0;2.0;1;3;2;3;3;3;3;4;16;1
56;6;1;0;2;2;2;12;1;5;2;12;2;2;6;2;3;3;6;2;3.0;2.0;1;1;0;0;2;6;3;4;17;1
56;6;1;0;2;2;3;13;1;5;2;12;2;2;6;0;3;3;6;2;3.0;2.0;1;3;2;3;3;3;3;4;1;1
660;6;1;0;2;2;1;13;1;5;2;4;2;2;4;0;3;2;6;2;1.0;1.0;1;2;0;0;2;3;3;4;1;2
474;0;2;0;3;0;1;2;3;1;2;12;2;2;5;0;0;3;5;2;2.0;1.0;1;3;2;3;3;3;3;4;10;1
474;0;1;0;2;0;1;11;3;5;2;8;5;2;5;0;0;3;5;2;2.0;1.0;1;1;1;1;2;3;3;4;13;1
563;1;2;0;2;0;1;11;1;5;2;12;5;2;4;0;3;2;8;2;2.0;1.0;1;3;2;3;3;3;3;4;0;1
563;1;0;0;2;0;2;13;1;5;2;8;2;2;4;0;3;2;8;2;2.0;1.0;4;1;0;1;2;3;3;4;0;1
932;3;0;0;2;0;2;13;1;5;2;8;0;2;6;0;3;3;8;6;2.0;1.0;1;1;1;0;2;3;3;4;18;0
932;3;2;0;2;0;4;2;2;5;2;12;5;2;6;0;3;3;8;2;2.0;1.0;2;3;2;3;3;3;3;4;13;0
346;1;2;1;3;0;2;3;3;1;2;12;5;2;6;0;3;3;8;2;2.0;1.0;5;1;0;1;1;6;3;4;18;1
346;1;1;0;2;0;2;3;1;5;2;12;0;2;6;0;3;3;8;2;2.0;1.0;1;3;2;3;3;6;3;4;6;1
135;0;3;0;2;0;4;12;1;4;2;12;5;2;6;0;0;3;3;2;1.0;1.0;1;2;0;4;2;6;3;4;17;1
533;1;0;0;3;2;2;13;1;5;2;9;0;2;5;0;3;3;6;7;1.0;1.0;4;0;1;4;2;3;3;4;16;1
533;3;1;0;2;2;2;2;1;1;2;2;0;2;0;0;3;3;6;2;1.0;1.0;5;0;1;0;2;1;3;4;13;1
1010;5;2;0;2;0;2;3;1;1;2;8;3;2;4;0;3;3;6;2;2.0;1.0;1;3;2;3;3;3;3;4;0;1
1010;5;2;1;2;0;3;0;1;1;2;2;5;2;4;0;3;3;6;2;2.0;1.0;1;1;0;0;2;6;3;4;18;1
164;3;3;0;2;0;2;11;1;1;2;12;2;2;6;0;3;3;6;2;1.0;1.0;5;3;2;3;3;1;3;4;6;1
358;0;0;0;2;0;2;3;1;5;2;12;5;2;6;0;3;3;6;2;1.0;1.0;1;3;2;3;3;3;3;4;1;1
1048;5;3;0;2;0;2;13;1;0;2;11;5;8;4;0;0;3;5;2;2.0;2.0;4;1;0;4;1;3;3;4;13;1
1048;5;1;2;2;0;4;2;1;2;2;8;2;0;4;0;0;3;5;2;2.0;2.0;1;1;0;1;2;3;3;4;18;1
223;2;1;0;1;0;4;6;1;3;2;12;5;8;6;0;3;3;6;2;2.0;2.0;4;3;2;3;3;3;3;4;0;1
223;2;1;0;2;0;4;2;1;5;2;8;0;2;6;0;3;3;6;7;2.0;2.0;1;1;0;1;2;3;3;4;16;1
223;2;2;0;2;0;4;2;1;5;2;12;0;2;6;0;3;3;6;2;2.0;2.0;9;3;2;3;3;3;3;4;19;1
31;4;2;1;2;0;4;7;1;1;2;12;2;2;7;0;0;2;3;2;2.0;1.0;1;1;0;1;2;3;3;4;18;1
31;4;0;0;2;0;4;13;1;5;2;8;0;2;7;0;0;2;3;2;2.0;1.0;1;3;2;3;3;3;3;4;18;1
431;5;1;0;2;0;2;13;1;5;2;12;3;2;6;0;3;3;6;2;2.0;1.0;1;3;2;3;3;6;3;4;1;1
431;5;0;0;2;0;1;4;1;5;2;2;5;2;6;0;3;3;6;6;2.0;1.0;2;1;0;1;2;6;3;4;16;1
213;0;2;0;2;0;3;15;1;5;2;8;2;2;6;0;3;3;8;2;2.0;1.0;2;3;2;3;3;3;3;4;6;1
213;0;1;0;2;0;3;3;1;4;2;8;2;2;6;0;3;3;8;2;2.0;1.0;2;1;0;0;2;3;3;4;0;1
576;5;3;0;2;0;1;3;1;1;2;12;0;3;6;0;3;3;8;2;2.0;1.0;1;0;0;1;2;3;3;4;18;1
576;5;0;0;3;0;3;15;1;1;2;9;0;2;6;0;3;3;8;2;2.0;1.0;1;3;2;3;3;3;3;4;0;1
568;5;2;1;2;0;3;9;1;5;2;9;0;2;6;0;3;3;6;2;2.0;1.0;1;1;0;0;2;3;3;4;18;1
568;5;1;0;2;0;2;13;1;2;1;12;2;2;6;0;3;3;6;2;2.0;1.0;1;2;1;0;1;3;3;4;10;1
264;2;1;0;2;0;2;11;1;5;1;12;5;2;6;0;3;3;6;2;2.0;1.0;9;0;1;0;1;3;3;4;1;1
264;2;2;0;6;0;3;3;1;5;2;8;2;8;6;0;3;3;6;6;2.0;1.0;1;3;2;3;3;3;3;4;19;1
689;0;2;0;2;0;3;2;3;5;2;11;3;2;5;0;3;2;6;2;2.0;2.0;9;1;0;1;2;3;3;4;12;1
689;0;1;0;2;0;0;2;1;5;2;12;2;8;5;0;3;2;6;2;2.0;2.0;9;3;2;3;3;3;3;4;6;1
689;0;1;0;3;0;4;12;1;2;2;12;2;1;5;0;3;2;6;2;2.0;2.0;1;1;0;0;2;6;3;4;11;1
649;4;2;1;3;0;4;3;3;5;2;2;2;2;4;0;3;3;6;2;1.0;1.0;5;3;2;3;3;3;3;4;18;1
543;1;2;0;3;0;3;14;1;5;2;8;2;0;4;0;3;3;6;0;2.0;1.0;1;3;2;3;3;3;3;4;3;1
543;1;0;0;1;0;1;14;1;5;2;12;2;0;4;0;3;3;6;2;2.0;1.0;5;1;0;0;2;3;3;4;6;1
536;2;1;0;2;0;1;13;3;5;2;9;3;2;4;0;3;2;6;2;2.0;1.0;1;1;0;0;2;3;3;4;17;0
536;2;4;0;0;0;4;13;1;5;2;8;2;2;4;0;3;2;6;6;2.0;1.0;2;3;2;3;3;3;3;4;18;0
297;0;0;0;2;0;1;15;1;5;2;8;0;2;5;0;3;3;6;2;2.0;1.0;1;2;1;1;2;3;3;4;16;1
297;0;1;0;2;0;1;3;1;3;2;8;2;2;5;0;3;3;6;2;2.0;1.0;1;1;1;4;2;6;3;4;19;1
456;3;3;0;1;0;0;12;2;0;2;2;2;2;4;0;3;3;6;2;2.0;2.0;1;1;0;0;2;3;3;4;17;1
456;3;4;0;2;0;2;2;1;5;2;8;2;2;4;0;3;3;6;6;2.0;2.0;1;3;2;3;3;3;3;4;0;1
456;3;4;0;2;0;3;3;1;0;2;8;2;0;4;0;3;3;6;6;2.0;2.0;1;1;0;1;2;3;3;4;13;1
683;0;2;1;2;0;3;3;1;5;2;8;2;0;4;0;0;3;3;2;2.0;1.0;1;3;2;3;3;3;3;4;1;1
683;0;3;0;3;0;2;3;1;2;2;8;2;2;4;0;0;3;3;2;2.0;1.0;1;1;0;0;2;3;3;4;18;1
358;2;4;0;2;0;3;3;1;5;2;12;2;2;4;0;3;3;8;6;2.0;2.0;5;3;2;3;3;3;3;4;6;1
358;2;4;0;2;0;0;0;1;5;2;9;3;2;4;0;3;3;8;6;2.0;2.0;1;1;0;0;2;3;3;4;10;1
358;2;2;0;3;0;1;15;1;5;2;2;0;2;4;0;3;3;8;2;2.0;2.0;1;3;2;3;3;6;3;4;6;1
147;1;0;0;1;0;0;13;1;5;2;12;2;2;6;0;3;3;6;2;1.0;1.0;1;3;2;3;3;6;3;4;6;1
1010;0;0;0;2;0;2;13;1;5;2;1;2;2;4;0;3;3;6;2;2.0;1.0;1;0;0;4;1;3;3;6;0;1
1010;0;3;0;2;0;3;11;1;5;2;12;2;2;4;0;3;3;6;6;2.0;1.0;2;3;2;3;3;3;3;4;18;1
1018;4;4;0;1;0;4;2;1;5;2;4;0;0;4;0;3;3;6;2;2.0;3.0;1;1;0;0;2;3;3;4;6;1
1018;4;1;0;3;2;2;3;1;5;2;12;2;2;4;0;3;3;6;4;2.0;3.0;1;1;0;0;2;3;3;4;17;1
1018;4;1;0;3;0;3;4;1;5;2;12;5;2;4;0;3;3;6;2;2.0;3.0;5;2;0;0;2;3;3;4;18;1
550;4;4;0;2;0;2;9;1;2;2;2;5;2;6;0;0;2;6;6;2.0;1.0;1;3;2;3;3;3;3;4;13;1
550;4;1;0;3;2;2;3;1;2;2;2;0;2;6;0;0;2;6;2;2.0;1.0;1;3;2;3;3;6;3;4;13;1
362;6;2;0;2;0;1;4;1;5;2;12;2;2;4;0;3;3;6;2;1.0;1.0;1;1;0;0;2;6;3;4;16;0
689;4;2;1;2;0;4;9;1;5;2;12;4;2;6;0;3;2;6;2;2.0;1.0;4;0;1;0;2;6;3;6;18;1
689;4;0;0;2;0;2;11;3;1;2;1;2;2;6;0;3;2;6;2;2.0;1.0;1;0;0;1;1;3;3;4;13;1
895;6;1;0;1;0;0;13;1;1;2;12;0;2;4;0;3;3;6;2;1.0;1.0;1;1;0;0;2;6;3;4;0;1
406;5;1;0;2;0;4;12;1;2;2;8;0;2;6;0;3;3;6;4;3.0;2.0;2;3;2;3;3;6;3;4;13;1
406;5;1;0;3;2;1;3;1;2;2;2;2;2;6;0;3;3;6;4;3.0;2.0;5;3;2;3;3;3;1;4;0;1
406;5;1;0;2;0;2;14;1;1;2;8;2;2;6;0;3;3;6;3;3.0;2.0;1;1;0;1;2;3;3;4;6;1
406;5;1;0;2;0;3;3;1;5;2;8;0;3;6;0;3;3;6;3;3.0;2.0;1;0;0;0;2;6;3;8;0;1
519;5;4;0;2;0;2;5;1;1;2;12;0;2;5;0;0;3;0;3;1.0;1.0;9;1;0;1;2;6;3;4;18;1
719;2;2;1;1;0;4;15;3;5;2;9;2;2;4;0;3;2;6;3;2.0;1.0;2;3;2;3;3;3;3;4;13;1
719;2;1;0;2;0;2;4;1;1;2;8;2;0;4;0;3;2;6;3;2.0;1.0;1;1;0;2;2;3;3;4;6;1
703;6;0;0;3;0;0;13;1;1;2;9;5;2;6;0;0;2;5;3;4.0;1.0;1;0;1;1;2;3;3;4;18;1
703;6;2;1;2;0;2;2;1;5;2;9;2;2;6;0;0;2;5;3;4.0;1.0;9;1;0;1;2;3;3;4;16;1
703;6;2;0;0;0;0;3;1;5;2;12;3;2;6;0;0;2;5;3;4.0;1.0;1;3;2;3;3;3;3;4;0;1
703;6;2;0;2;0;4;14;1;5;2;3;4;2;6;0;0;2;5;3;4.0;1.0;1;1;0;1;2;2;3;4;13;1
289;2;0;0;2;0;0;15;3;5;2;12;0;2;4;0;3;3;6;3;1.0;1.0;1;3;2;3;3;0;3;4;10;0
368;2;1;0;2;0;2;14;1;5;2;12;0;2;4;0;3;3;6;3;1.0;1.0;1;1;0;5;2;3;3;4;0;0
718;1;0;0;2;0;1;3;1;5;2;1;4;0;6;0;0;2;3;3;3.0;3.0;1;1;0;0;2;1;3;4;16;0
718;1;0;0;2;0;2;12;1;5;2;12;0;2;6;0;0;2;3;1;3.0;3.0;1;0;1;1;2;3;3;4;1;0
718;1;4;0;2;0;1;12;1;5;2;12;0;2;6;0;0;2;3;0;3.0;3.0;1;1;0;0;2;3;3;4;6;0
718;1;3;0;2;0;1;14;1;5;2;12;0;2;6;0;0;2;3;3;3.0;3.0;1;3;2;3;3;3;3;4;17;0
307;5;1;0;2;0;4;15;1;3;2;8;2;2;4;0;3;3;5;0;2.0;1.0;2;3;2;3;3;0;3;4;17;1
307;5;0;0;2;0;0;15;1;1;2;12;2;0;4;0;3;3;5;3;2.0;1.0;1;1;0;1;2;3;3;4;0;1
341;1;0;0;0;2;0;14;1;5;2;9;2;2;6;0;3;3;8;3;2.0;2.0;1;3;2;3;3;3;3;4;8;1
341;1;1;0;0;0;5;16;1;2;2;12;0;2;6;0;3;3;8;2;2.0;2.0;1;1;0;1;2;3;3;4;1;1
341;1;1;0;2;0;0;14;1;5;2;12;0;2;6;0;3;3;8;8;2.0;2.0;1;1;1;1;2;6;3;4;1;1
106;4;4;0;2;0;2;14;1;5;2;2;0;2;6;0;3;3;6;4;2.0;1.0;1;3;2;3;3;3;3;4;7;1
106;4;1;0;2;0;4;6;1;0;0;8;0;2;6;0;3;3;6;4;2.0;1.0;1;0;0;5;2;1;3;8;1;1
140;4;2;0;2;0;4;3;1;4;2;11;5;2;1;0;3;3;8;0;2.0;1.0;5;1;1;0;2;3;3;4;10;1
140;4;3;0;2;2;2;3;1;1;2;12;0;2;1;0;3;3;8;3;2.0;1.0;9;3;2;3;3;3;3;4;17;1
227;6;0;0;3;0;1;4;1;0;2;8;0;2;4;0;3;3;6;3;2.0;1.0;5;2;1;1;2;6;3;4;1;0
227;6;0;0;2;0;1;3;1;0;2;9;5;8;4;0;3;3;6;8;2.0;1.0;1;1;0;0;2;6;3;4;13;0
334;3;0;0;2;0;3;11;1;0;2;4;4;2;4;0;3;3;6;4;1.0;1.0;1;3;2;3;3;6;3;4;18;1
354;5;1;2;2;0;1;3;1;1;2;12;0;2;6;0;0;3;3;3;2.0;2.0;1;3;2;3;3;3;2;4;0;1
354;5;0;0;2;0;1;3;1;0;2;9;0;2;6;0;0;3;3;3;2.0;2.0;5;1;0;2;2;3;0;4;16;1
354;5;0;0;3;0;2;3;1;0;2;1;2;2;6;0;0;3;3;7;2.0;2.0;1;0;0;4;2;3;3;4;13;1
997;6;2;0;2;0;4;14;1;5;1;8;5;2;0;0;3;3;8;2;2.0;1.0;1;1;0;1;2;6;3;4;11;1
997;6;0;0;2;0;2;6;1;5;2;5;2;2;0;0;3;3;8;2;2.0;1.0;1;0;0;5;2;3;3;4;1;1
581;0;2;0;2;0;1;6;1;0;2;5;2;2;4;0;3;3;6;7;2.0;1.0;1;3;2;3;3;3;3;4;0;1
581;0;4;0;2;0;2;15;1;0;2;5;0;2;4;0;3;3;6;2;2.0;1.0;1;1;0;1;2;3;3;4;11;1
927;1;3;0;0;0;1;15;3;3;2;5;0;2;7;0;0;3;3;6;1.0;1.0;1;2;1;1;2;3;3;4;12;1
316;0;0;0;2;0;2;4;1;5;2;5;5;8;6;0;3;3;6;2;1.0;1.0;9;1;0;1;2;3;3;4;4;0
461;3;3;0;2;0;0;3;1;5;2;11;5;8;4;0;3;3;8;2;2.0;1.0;9;3;2;3;3;3;3;4;16;1
461;3;0;0;2;0;1;3;1;4;2;5;2;2;4;0;3;3;8;2;2.0;1.0;1;3;2;3;3;3;3;4;0;1
278;0;1;0;2;0;4;3;1;5;2;5;0;2;4;0;0;3;5;0;2.0;1.0;1;1;0;0;2;0;3;4;13;0
278;0;0;0;2;0;3;14;1;5;2;5;2;4;4;0;0;3;5;2;2.0;1.0;4;2;1;0;2;3;3;4;1;0
653;2;0;0;2;0;1;14;1;1;2;5;2;3;6;0;3;3;6;2;1.0;1.0;1;2;1;4;2;3;3;4;17;1
930;1;3;0;2;0;3;3;1;1;2;8;0;3;6;0;0;3;6;2;2.0;1.0;1;3;2;3;3;6;3;4;18;1
930;1;3;0;1;0;2;11;1;1;2;5;0;3;6;0;0;3;6;7;2.0;1.0;1;1;0;0;2;6;3;4;16;1
423;3;3;0;0;0;0;3;1;5;2;5;0;3;4;0;3;3;6;2;1.0;1.0;1;0;1;0;2;3;3;4;18;1
236;1;2;0;2;0;3;2;1;1;2;5;0;2;6;0;3;3;6;6;2.0;1.0;1;1;0;1;2;6;3;4;18;1
236;1;3;0;2;0;2;10;1;5;2;8;0;2;6;0;3;3;6;2;2.0;1.0;1;1;0;1;2;3;3;4;13;1
514;0;1;0;1;0;3;13;1;5;2;1;0;2;4;0;3;2;6;0;2.0;4.0;1;3;2;3;3;6;3;4;0;1
514;0;0;0;1;0;3;4;1;4;2;8;0;2;4;0;3;2;6;2;2.0;4.0;1;1;0;0;2;3;3;4;17;1
514;0;0;0;2;0;2;15;1;1;2;12;2;0;4;0;3;2;6;2;2.0;4.0;1;3;2;3;3;6;3;4;13;1
514;0;0;0;1;0;1;13;1;4;2;9;2;2;4;0;3;2;6;2;2.0;4.0;5;1;0;1;2;6;3;4;19;1
910;3;0;0;2;0;4;9;1;4;2;9;5;2;6;0;0;3;7;2;1.0;1.0;3;1;0;0;2;6;3;4;11;1
367;6;0;0;2;0;4;3;1;5;2;9;0;2;4;0;3;3;6;2;2.0;2.0;1;0;1;4;2;3;3;4;12;1
367;6;0;0;2;0;2;3;1;4;2;12;0;2;4;0;3;3;6;6;2.0;2.0;1;1;1;2;2;0;3;4;0;1
367;6;3;0;2;0;0;3;1;5;2;8;2;2;4;0;3;3;6;2;2.0;2.0;1;2;1;0;2;3;3;4;14;1
1001;6;0;0;4;0;3;11;1;5;2;12;2;2;4;0;3;3;6;2;1.0;1.0;5;1;0;5;2;3;3;4;4;1
222;5;0;0;2;0;3;3;1;4;2;12;5;2;0;0;3;3;6;6;2.0;1.0;1;2;1;5;2;3;3;4;1;1
222;5;1;0;1;0;1;0;1;2;2;8;2;2;0;0;3;3;6;6;2.0;1.0;9;3;2;3;3;3;3;4;0;1
543;6;1;0;2;2;0;0;1;3;2;2;5;2;6;0;3;3;6;2;2.0;2.0;5;3;2;3;3;6;3;4;17;0
543;6;0;0;2;0;2;11;1;5;2;12;2;2;6;0;3;3;6;2;2.0;2.0;1;1;0;1;2;3;3;4;5;0
431;1;2;0;3;0;1;3;1;5;2;12;4;2;6;0;3;3;6;2;2.0;1.0;1;1;0;1;2;3;3;4;1;1
431;1;0;0;3;2;2;8;1;5;2;8;3;2;6;0;3;3;6;2;2.0;1.0;1;3;2;3;3;3;3;4;16;1
60;2;0;0;2;0;4;3;1;5;2;8;4;0;6;0;3;3;6;6;2.0;4.0;1;1;0;0;2;3;3;4;0;1
60;2;0;0;2;0;2;13;1;5;2;8;0;2;6;0;3;3;6;2;2.0;4.0;1;1;0;0;2;3;3;4;18;1
60;2;0;0;1;0;2;3;1;5;2;8;3;2;6;0;3;3;6;2;2.0;4.0;1;1;0;1;2;6;3;4;17;1
60;2;1;0;2;0;2;6;1;5;2;12;2;2;6;0;3;3;6;2;2.0;4.0;1;1;0;0;2;3;3;4;18;1
324;0;0;0;3;0;2;13;1;5;2;8;2;2;6;0;3;3;8;7;2.0;1.0;1;3;2;3;3;3;3;4;1;1
324;0;1;0;2;0;2;5;1;5;2;8;2;2;6;0;3;3;8;6;2.0;1.0;1;1;0;1;2;3;3;4;16;1
286;5;2;1;2;0;4;13;3;5;2;8;2;2;6;0;3;3;6;6;4.0;1.0;1;0;0;5;2;3;3;4;18;1
286;5;2;1;2;0;1;13;1;1;2;2;0;2;6;0;3;3;6;2;4.0;1.0;1;3;2;3;3;6;3;4;0;1
286;5;0;0;2;2;4;5;3;5;2;8;2;2;6;0;3;3;6;0;4.0;1.0;1;1;0;0;2;3;3;4;0;1
286;5;1;0;2;0;1;0;3;5;2;9;2;2;6;0;3;3;6;2;4.0;1.0;1;0;0;2;2;0;3;4;9;1
140;3;3;0;3;1;2;3;1;5;2;11;2;2;4;0;3;3;8;2;2.0;1.0;1;1;1;1;2;3;3;4;18;1
140;3;2;0;3;0;2;4;1;5;2;8;0;2;4;1;3;3;8;2;2.0;1.0;1;3;2;3;3;3;3;4;0;1
372;0;1;0;2;0;2;11;1;2;2;12;0;2;5;0;3;3;6;2;2.0;1.0;4;0;1;0;2;3;3;4;1;1
372;0;0;0;2;0;2;2;1;5;2;12;3;2;5;0;3;3;6;2;2.0;1.0;9;1;0;1;2;3;3;4;19;1
63;3;1;0;3;0;4;3;3;5;2;12;3;2;0;0;3;3;6;2;1.0;1.0;1;3;2;3;3;3;3;4;4;1
20;4;2;0;2;0;3;3;1;2;2;12;2;2;6;0;3;2;6;2;2.0;2.0;1;3;2;3;3;3;3;4;4;1
20;4;1;0;2;0;2;11;1;5;2;8;3;0;6;0;3;2;6;2;2.0;2.0;9;1;0;0;2;0;3;4;18;1
20;4;1;0;3;0;0;4;1;5;2;8;2;2;6;0;3;2;6;6;2.0;2.0;1;3;2;3;3;3;3;4;16;1
521;0;0;0;2;0;2;13;1;5;2;8;2;0;6;0;0;3;3;2;3.0;1.0;9;1;0;0;2;0;3;4;11;1
521;0;1;0;2;0;4;3;1;5;2;8;2;0;6;0;0;3;3;2;3.0;1.0;1;3;2;3;3;6;3;4;17;1
521;0;1;0;1;2;1;3;1;5;2;8;4;2;6;0;0;3;3;2;3.0;1.0;1;1;0;0;2;3;3;4;18;1
456;1;1;0;2;0;0;13;1;5;2;8;2;2;4;0;3;3;6;2;2.0;2.0;1;1;0;1;2;3;3;4;0;1
456;1;4;0;2;0;0;13;1;5;2;8;2;2;4;0;3;3;6;7;2.0;2.0;5;3;2;3;3;6;3;4;6;1
194;0;2;0;0;2;1;13;1;2;2;12;0;2;4;0;3;3;6;2;3.0;1.0;5;1;0;5;2;6;3;4;0;1
194;0;2;0;2;0;2;4;1;5;2;12;2;2;4;0;3;3;6;2;3.0;1.0;1;3;2;3;3;3;3;4;11;1
194;0;0;0;3;2;1;4;1;1;2;9;2;2;4;0;3;3;6;2;3.0;1.0;2;1;0;1;2;3;3;4;4;1
372;0;2;0;2;0;0;3;1;5;2;12;2;2;4;0;3;3;6;2;1.0;1.0;1;3;2;3;3;6;3;4;7;1
135;3;2;0;2;2;2;2;1;2;2;12;2;2;6;0;3;3;8;2;2.0;1.0;1;1;0;4;2;6;3;4;9;1
135;3;4;0;2;0;3;3;3;5;2;12;2;2;6;0;3;3;8;2;2.0;1.0;1;3;2;3;3;3;3;4;15;1
72;3;2;1;2;0;1;3;1;2;2;12;0;2;6;0;3;3;6;6;2.0;1.0;1;3;2;3;3;3;3;4;0;1
72;3;1;0;2;0;2;9;1;5;2;4;0;2;6;0;3;3;6;2;2.0;1.0;9;1;0;1;1;3;3;4;18;1
9;2;2;1;2;0;4;3;1;2;2;4;0;2;4;0;3;2;6;2;3.0;1.0;1;0;0;0;2;3;3;6;4;1
9;2;2;1;3;0;1;3;1;5;2;2;3;2;4;0;3;2;6;2;3.0;1.0;1;0;1;0;2;3;3;5;16;1
9;2;3;0;3;2;4;5;1;5;2;12;0;2;4;0;3;2;6;2;3.0;1.0;1;1;0;0;2;3;3;4;1;1
324;4;0;0;2;0;0;3;1;4;2;12;0;2;4;0;3;3;6;2;3.0;4.0;1;3;2;3;3;3;3;4;17;1
324;4;0;0;2;0;2;0;1;5;2;8;0;2;4;0;3;3;6;2;3.0;4.0;1;1;0;0;2;3;3;4;11;1
324;4;0;0;2;0;1;13;1;5;2;8;0;2;4;0;3;3;6;2;3.0;4.0;9;3;2;3;3;3;3;4;6;1
324;4;0;0;2;0;1;0;3;3;2;9;2;2;4;0;3;3;6;2;3.0;4.0;1;1;0;1;2;3;3;4;16;1
324;4;2;0;2;0;1;3;1;5;2;4;0;2;4;0;3;3;6;0;3.0;4.0;1;0;0;4;2;3;3;5;17;1
500;1;0;0;2;0;1;3;1;5;2;8;0;2;6;0;3;3;6;2;2.0;1.0;9;1;0;1;2;3;3;4;0;1
500;1;4;0;2;0;4;3;1;5;2;12;0;2;6;0;3;3;6;2;2.0;1.0;9;1;0;0;2;3;3;4;6;1
105;1;3;0;2;0;4;3;1;5;2;12;2;2;4;0;3;3;6;2;1.0;1.0;1;1;0;5;2;3;3;4;0;1
513;6;4;0;3;0;2;13;1;5;2;9;0;2;4;0;3;3;6;6;2.0;1.0;4;3;2;3;3;3;3;4;0;1
513;6;2;0;2;0;2;3;1;5;2;8;2;2;4;0;3;3;6;2;2.0;1.0;4;2;1;0;2;3;3;4;1;1
563;1;2;0;2;0;1;6;2;5;2;9;5;2;5;0;3;3;6;2;2.0;1.0;1;3;2;3;3;3;3;4;3;1
563;1;3;2;3;0;2;3;1;5;2;8;2;2;5;0;3;3;6;2;2.0;1.0;1;2;1;0;2;3;3;4;6;1
302;4;0;0;2;0;2;0;1;4;2;9;2;2;5;0;3;3;6;6;2.0;2.0;1;2;1;0;2;3;3;4;18;1
302;4;2;0;2;0;4;13;1;2;2;8;0;2;5;0;3;3;6;2;2.0;2.0;1;1;0;4;2;3;3;4;6;1
293;2;3;0;2;0;2;3;1;5;2;1;5;2;4;0;3;3;6;2;2.0;1.0;1;2;0;0;2;3;3;4;1;0
293;2;0;0;2;0;4;15;3;5;2;8;5;0;4;0;3;3;6;2;2.0;1.0;1;2;1;0;2;3;3;4;16;0
1002;5;0;0;3;0;3;6;1;2;2;4;5;2;6;0;0;3;3;2;1.0;1.0;3;2;0;0;2;3;3;4;0;1
311;3;2;0;3;0;2;6;1;5;2;12;2;2;6;0;0;3;3;6;2.0;1.0;9;3;2;3;3;3;3;4;18;1
311;3;1;0;3;0;0;3;1;5;2;9;0;2;6;0;0;3;3;2;2.0;1.0;5;3;2;3;3;3;3;4;13;1
146;4;0;0;3;0;2;14;3;4;2;9;5;2;6;0;3;3;6;2;2.0;2.0;1;1;0;0;2;3;3;4;13;1
146;4;0;0;3;0;2;13;1;0;2;4;5;2;6;0;3;3;6;2;2.0;2.0;1;1;0;0;2;3;3;4;18;1
146;4;1;0;3;0;1;15;1;1;2;9;0;2;6;0;3;3;6;2;2.0;2.0;1;3;2;3;3;3;3;4;18;1
761;1;4;0;3;0;2;13;1;5;2;9;5;2;6;0;3;2;6;2;1.0;2.0;1;1;0;0;2;3;3;4;18;1
761;1;4;0;2;0;2;5;1;5;2;8;0;2;6;0;3;2;6;7;1.0;2.0;1;3;2;3;3;3;3;4;17;1
1002;1;2;1;2;0;4;3;1;1;2;8;3;4;6;0;3;3;6;2;3.0;2.0;1;3;2;3;3;3;3;4;6;1
1002;1;0;0;2;0;4;12;1;4;2;8;5;2;6;0;3;3;6;2;3.0;2.0;1;1;0;5;2;3;3;4;0;1
1002;1;0;0;3;0;3;3;1;0;2;8;0;4;6;0;3;3;6;6;3.0;2.0;1;1;0;0;2;3;3;4;1;1
1002;1;1;0;3;0;2;3;1;5;2;8;4;2;6;0;3;3;6;2;3.0;2.0;1;3;2;3;3;3;3;4;6;1
456;6;1;0;3;2;2;3;1;5;2;8;0;2;5;0;3;3;8;2;2.0;1.0;1;0;0;0;2;3;3;8;6;1
456;6;4;0;3;0;1;13;1;5;2;8;5;2;5;0;3;3;8;7;2.0;1.0;1;3;2;3;3;3;3;4;18;1
86;0;0;0;3;0;4;3;1;4;2;9;5;2;0;0;0;3;6;2;1.0;2.0;1;0;0;4;2;3;3;4;4;1
86;0;0;0;3;0;1;3;1;2;2;9;4;2;0;0;0;3;6;2;1.0;2.0;9;1;0;1;2;3;3;4;0;1
194;5;2;0;2;0;4;13;1;5;2;12;4;2;1;0;3;3;6;7;2.0;1.0;1;3;2;3;3;3;3;4;0;1
194;5;0;0;2;0;3;3;1;2;2;2;0;2;1;0;3;3;6;7;2.0;1.0;9;0;1;2;2;3;3;4;18;1
1048;0;2;0;2;0;1;3;1;5;2;1;5;2;4;0;3;3;6;7;1.0;1.0;9;0;0;4;2;3;3;4;18;1
307;3;2;0;3;0;2;3;1;5;2;4;0;2;6;0;3;3;6;6;2.0;1.0;1;1;0;5;2;3;3;4;3;1
307;3;0;0;3;0;2;12;1;5;2;9;5;2;6;0;3;3;6;2;2.0;1.0;1;3;2;3;3;6;3;4;9;1
426;1;1;0;3;0;0;3;1;4;2;9;5;1;5;0;3;3;6;2;2.0;1.0;1;1;0;5;2;6;3;4;16;0
426;1;0;0;3;0;2;3;1;1;2;8;3;2;5;0;3;3;6;2;2.0;1.0;1;0;1;0;2;3;3;4;17;0
310;4;0;0;2;0;0;3;1;1;2;0;0;2;4;0;0;3;6;2;2.0;4.0;1;1;0;5;2;3;3;4;16;2
310;4;1;0;2;0;2;4;1;5;2;13;5;2;4;0;0;3;6;2;2.0;4.0;1;3;2;3;3;3;3;4;4;2
310;4;1;0;3;2;0;3;1;5;2;4;5;2;4;0;0;3;6;2;2.0;4.0;1;1;0;4;2;3;3;4;4;2
310;4;1;0;2;0;2;3;1;5;2;9;1;2;4;1;0;3;6;7;2.0;4.0;5;3;2;3;3;3;3;4;13;2
319;5;4;0;2;0;1;5;3;3;2;9;0;2;4;0;3;3;6;6;1.0;1.0;1;1;0;2;2;3;3;4;18;0
110;2;0;0;2;0;1;6;1;2;2;12;0;2;4;0;3;3;6;2;2.0;1.0;1;3;2;3;3;3;3;4;13;1
110;2;3;0;2;0;2;15;3;5;2;9;5;2;4;0;3;3;6;2;2.0;1.0;8;3;2;3;3;3;3;4;16;1
50;6;1;0;2;2;3;11;1;0;2;6;0;6;4;0;3;3;6;2;2.0;1.0;2;3;2;3;3;3;3;4;6;1
50;6;3;0;1;0;3;7;1;1;2;6;0;6;4;2;3;3;6;2;2.0;1.0;1;0;1;0;2;6;3;4;18;1
729;4;4;0;2;0;2;11;1;5;2;8;3;2;4;0;0;2;3;5;2.0;1.0;5;0;1;1;2;3;3;4;4;1
729;4;2;0;2;0;3;3;1;1;2;9;0;6;4;0;0;2;3;2;2.0;1.0;9;1;0;1;2;3;3;4;0;1
273;0;1;0;2;0;1;3;1;5;2;9;5;2;6;0;3;3;6;2;2.0;1.0;1;0;1;1;2;3;3;4;18;1
273;0;2;1;2;0;1;2;1;5;1;5;5;2;6;0;3;3;6;2;2.0;1.0;5;1;1;0;2;3;3;4;6;1
719;0;2;0;2;0;2;12;1;4;2;9;5;2;5;0;3;2;6;2;2.0;2.0;9;1;0;1;2;3;3;4;18;1
719;0;1;0;3;0;2;3;1;2;0;2;5;2;5;0;3;2;6;2;2.0;2.0;1;3;2;3;3;3;3;4;16;1
719;0;1;0;2;2;2;11;1;5;2;8;0;2;5;0;3;2;6;2;2.0;2.0;1;3;2;3;3;3;3;4;0;1
278;5;3;0;2;0;2;3;1;5;2;8;2;3;4;0;3;3;6;2;1.0;1.0;9;3;2;3;3;3;3;4;17;1
276;4;1;0;2;2;2;5;3;5;2;8;2;4;4;0;0;3;3;2;2.0;1.0;1;1;0;4;2;3;3;4;16;1
276;4;1;0;5;0;1;3;1;1;2;12;0;3;4;0;0;3;3;2;2.0;1.0;3;2;1;1;2;3;3;4;1;1
713;4;0;0;2;0;2;3;1;1;2;12;0;2;5;0;3;0;6;7;2.0;3.0;1;3;2;3;3;3;3;4;2;1
713;4;0;0;2;0;3;13;1;5;2;9;2;2;5;0;3;0;6;6;2.0;3.0;1;1;0;0;2;6;3;4;7;1
713;4;1;0;2;0;0;3;1;5;2;12;2;2;5;0;3;0;6;6;2.0;3.0;9;3;2;3;3;6;3;4;6;1
1007;6;0;0;3;0;1;0;1;3;2;12;0;0;6;0;3;3;6;2;2.0;1.0;1;1;0;5;2;3;3;4;7;1
1007;6;1;0;3;0;1;3;1;2;2;12;2;2;6;0;3;3;6;2;2.0;1.0;1;2;0;4;1;3;3;4;6;1
1022;0;2;1;3;0;2;5;3;2;2;12;0;2;6;0;3;3;6;2;1.0;1.0;1;0;0;2;2;6;3;6;17;1
63;0;2;2;2;0;2;5;1;1;2;12;3;0;6;0;0;3;3;2;2.0;1.0;1;3;2;3;3;6;3;4;6;1
63;0;1;0;2;0;2;3;1;5;2;12;2;2;6;0;0;3;3;2;2.0;1.0;1;1;0;1;2;3;3;4;0;1
504;0;2;0;2;0;4;3;1;1;2;2;2;2;6;0;3;3;6;6;2.0;1.0;9;3;2;3;3;0;3;4;13;1
504;0;1;0;2;0;4;3;1;2;2;12;0;2;6;0;3;3;6;2;2.0;1.0;1;1;0;4;2;3;3;4;6;1
427;3;1;0;2;2;4;13;2;1;2;4;2;2;7;3;3;3;6;2;1.0;1.0;1;1;0;0;2;3;3;4;0;1
196;5;0;0;2;0;6;5;1;5;2;9;3;2;6;0;3;3;6;2;2.0;3.0;9;3;2;3;3;3;3;4;6;1
196;5;0;0;2;0;2;15;3;4;2;12;2;2;6;0;3;3;6;2;2.0;3.0;9;1;0;0;2;3;3;4;6;1
196;5;0;0;2;0;1;3;1;5;2;8;2;2;6;0;3;3;6;2;2.0;3.0;1;3;2;3;3;3;3;4;6;1
196;5;0;0;3;0;2;3;1;5;2;4;6;2;6;0;3;3;6;2;2.0;3.0;1;0;0;0;2;3;3;4;0;1
426;3;3;0;2;0;1;3;1;0;2;4;3;2;5;0;3;3;8;7;2.0;1.0;1;0;0;4;2;3;3;4;0;1
426;3;4;0;1;2;2;1;1;5;2;12;2;2;5;0;3;3;8;7;2.0;1.0;1;1;1;1;2;3;3;4;6;1
324;3;1;0;2;0;4;5;2;4;2;3;2;2;6;0;3;3;6;6;1.0;1.0;1;3;2;3;3;6;3;4;11;1
640;4;2;0;2;0;1;15;1;5;2;8;4;2;6;0;3;3;6;7;2.0;2.0;1;1;0;4;2;6;3;4;0;1
640;4;0;0;3;0;1;3;1;1;2;2;0;2;6;0;3;3;6;2;2.0;2.0;1;3;2;3;3;6;3;4;18;1
640;4;0;0;1;2;4;3;2;2;2;3;0;3;6;1;3;3;6;2;2.0;2.0;1;3;2;3;3;6;3;4;4;1
955;1;1;0;3;0;0;3;1;4;2;8;5;2;4;0;3;3;6;2;2.0;3.0;1;1;0;0;2;3;3;4;0;0
955;1;0;0;2;0;4;15;1;1;2;12;2;4;4;0;3;3;6;6;2.0;3.0;1;1;0;0;2;6;3;4;0;0
955;1;0;0;2;0;2;13;1;0;2;8;0;2;4;0;3;3;6;6;2.0;3.0;5;3;2;3;3;6;3;4;11;0
955;1;0;0;2;2;2;4;1;1;2;8;2;3;4;0;3;3;6;2;2.0;3.0;1;2;1;1;2;6;3;4;4;0
250;6;1;0;0;0;2;15;1;5;2;12;3;8;4;0;3;3;6;2;2.0;1.0;2;1;0;5;2;3;3;4;7;1
250;6;2;0;2;0;2;11;1;0;2;8;0;0;4;0;3;3;6;2;2.0;1.0;1;3;2;3;3;3;3;4;11;1
983;2;0;0;2;0;4;2;1;5;2;9;0;2;4;0;3;3;8;2;1.0;1.0;2;1;0;4;2;3;3;4;16;1
354;6;3;0;2;0;0;2;1;5;2;12;2;2;0;0;3;3;6;2;2.0;1.0;1;3;2;3;3;3;3;4;13;1
354;6;1;0;2;0;1;15;1;1;2;8;3;2;0;0;3;3;6;2;2.0;1.0;2;3;2;3;3;6;3;4;4;1
208;0;3;0;2;0;3;3;1;2;2;8;0;3;4;0;3;3;6;2;2.0;2.0;1;1;0;1;1;3;3;4;16;0
208;0;3;0;2;0;4;0;1;5;2;8;5;2;4;0;3;3;6;2;2.0;2.0;1;1;0;0;2;3;3;4;17;0
208;0;3;0;2;0;0;13;1;2;2;12;2;0;4;0;3;3;6;2;2.0;2.0;2;3;2;3;3;3;3;4;0;0
164;0;0;0;0;0;2;0;1;5;2;2;0;2;6;0;3;3;6;6;1.0;1.0;5;3;2;3;3;3;3;4;0;1
259;3;0;0;2;0;2;3;1;5;2;4;0;2;4;0;3;3;6;6;2.0;1.0;1;1;1;5;2;3;3;4;0;1
259;3;3;0;3;2;3;3;1;0;2;8;3;2;4;0;3;3;6;7;2.0;1.0;1;1;0;0;2;3;3;4;7;1
66;6;1;0;2;0;2;3;1;5;2;2;0;2;5;0;3;3;6;2;1.0;1.0;1;3;2;3;3;3;3;4;1;1
179;3;4;0;2;0;4;3;1;5;2;8;0;2;6;0;3;3;6;2;1.0;1.0;9;2;1;0;2;3;3;4;13;1
983;2;0;0;2;0;2;13;1;5;2;8;5;2;4;0;0;3;3;2;1.0;1.0;1;3;2;3;3;6;3;4;9;0
460;4;2;0;2;0;0;3;1;5;2;9;2;2;4;0;3;3;6;2;2.0;1.0;1;3;2;3;3;3;3;4;13;1
460;4;1;0;2;2;1;6;1;2;2;8;2;2;4;0;3;3;6;2;2.0;1.0;1;0;0;1;2;6;3;4;18;1
140;4;0;0;2;0;6;3;1;2;2;9;0;2;5;0;3;3;6;2;2.0;2.0;1;1;0;4;2;3;3;4;4;1
140;4;3;0;2;0;4;0;1;1;2;8;3;2;5;0;3;3;6;2;2.0;2.0;5;3;2;3;3;3;3;4;16;1
140;4;3;0;2;2;1;13;1;1;2;8;3;2;5;0;3;3;6;2;2.0;2.0;1;3;2;3;3;3;3;4;0;1
298;0;3;0;2;0;2;3;1;5;2;12;2;2;4;0;3;3;6;2;2.0;2.0;1;2;1;5;2;3;3;4;4;1
298;0;4;0;2;0;1;15;1;5;2;12;2;2;4;0;3;3;6;7;2.0;2.0;4;1;0;1;2;3;3;4;18;1
222;0;0;0;2;0;0;6;1;4;2;9;2;2;6;0;3;3;6;7;2.0;1.0;1;3;2;3;3;3;3;4;6;1
222;0;2;0;2;0;2;6;1;5;2;2;2;2;6;0;3;3;6;2;2.0;1.0;9;1;0;1;2;6;3;4;18;1
587;4;3;0;2;0;1;3;3;5;2;2;3;2;5;0;3;2;6;2;1.0;1.0;9;0;0;1;2;3;3;4;13;1
535;5;0;0;3;0;2;14;1;1;2;9;3;2;0;0;3;3;6;2;2.0;2.0;1;0;0;5;2;6;3;8;18;0
535;5;0;0;0;2;2;13;1;5;2;8;2;0;0;0;3;3;6;2;2.0;2.0;5;0;0;0;2;3;3;8;13;0
671;0;1;0;2;0;1;15;1;2;2;8;2;0;4;0;3;2;6;2;2.0;1.0;1;3;2;3;3;3;3;4;17;1
671;0;0;0;2;0;1;13;1;1;2;9;2;2;4;0;3;2;6;2;2.0;1.0;1;1;0;1;2;3;3;4;1;1
879;2;0;0;2;0;1;5;1;2;2;2;5;2;6;0;0;3;3;2;1.0;1.0;1;1;0;0;2;3;3;4;18;1
156;4;0;0;2;0;2;3;1;5;2;12;2;2;5;0;3;3;6;2;2.0;2.0;1;2;1;0;2;6;3;4;4;1
156;4;0;0;2;0;0;12;1;5;2;8;2;2;5;0;3;3;6;2;2.0;2.0;1;3;2;3;3;3;3;4;18;1
396;5;1;0;2;2;1;3;1;5;2;12;2;2;4;0;3;3;6;2;1.0;1.0;1;0;0;4;2;3;3;8;17;1
159;5;2;1;1;2;1;3;1;5;2;12;2;2;6;0;3;3;6;2;2.0;1.0;1;1;0;1;2;6;3;4;13;1
159;5;3;0;2;0;2;3;1;5;2;12;2;2;6;0;3;3;6;2;2.0;1.0;1;3;2;3;3;3;3;4;17;1
140;6;2;0;2;2;0;13;3;1;2;9;2;2;4;0;3;3;8;2;2.0;1.0;5;1;0;1;2;3;3;4;18;1
140;6;2;0;2;0;3;3;1;3;2;2;0;2;4;0;3;3;8;2;2.0;1.0;1;3;2;3;3;3;3;4;17;1
911;2;2;0;1;0;0;3;1;5;2;12;0;2;6;0;0;3;3;2;2.0;1.0;8;1;0;5;2;3;3;4;6;1
911;2;1;0;0;0;0;13;1;5;2;12;4;2;6;0;0;3;3;2;2.0;1.0;1;3;2;3;3;6;3;4;19;1
703;5;1;0;2;0;4;3;1;5;2;9;2;2;5;0;3;2;6;2;2.0;1.0;1;0;0;0;1;6;3;6;6;1
703;5;0;0;1;0;0;3;1;5;2;8;4;2;5;0;3;2;6;2;2.0;1.0;1;0;1;5;2;3;3;8;1;1
406;3;3;0;2;0;1;3;1;5;2;4;2;2;6;0;3;3;6;2;2.0;1.0;11;0;1;0;2;6;3;8;16;1
406;3;3;0;0;1;1;12;3;5;2;9;3;2;6;0;3;3;6;2;2.0;1.0;1;3;2;3;3;3;3;4;0;1
263;4;0;0;1;0;4;3;1;5;2;8;6;2;4;0;3;3;6;2;1.0;1.0;1;1;0;1;2;3;3;4;0;0
865;3;2;1;3;0;2;3;1;1;2;12;2;2;4;0;0;3;5;6;2.0;1.0;1;3;2;3;3;3;3;4;18;1
865;3;0;0;1;0;0;3;1;5;2;2;5;2;4;0;0;3;5;6;2.0;1.0;1;1;1;0;2;3;3;4;18;1
252;6;4;0;1;0;2;4;1;4;2;4;2;2;0;0;3;3;6;2;2.0;1.0;4;0;0;0;2;3;3;5;1;1
252;6;3;0;1;0;1;3;1;5;2;1;4;2;0;0;3;3;6;2;2.0;1.0;1;3;2;3;3;3;3;4;0;1
621;2;1;0;2;0;0;3;1;5;2;0;0;2;1;0;3;3;6;2;2.0;1.0;1;1;0;1;2;6;3;4;16;1
621;2;0;0;0;0;4;5;1;5;2;12;2;2;1;0;3;3;6;2;2.0;1.0;9;1;1;0;2;3;3;4;1;1
742;0;4;0;0;0;1;6;1;5;2;12;2;2;6;0;0;2;3;6;1.0;2.0;1;3;2;3;3;3;3;4;16;1
742;0;4;0;3;0;2;15;1;5;2;4;2;2;6;0;0;2;3;2;1.0;2.0;9;1;0;2;2;3;3;4;13;1
204;3;0;0;3;0;0;11;3;1;2;12;2;2;4;0;0;3;3;6;2.0;1.0;1;3;2;3;3;3;3;4;2;1
204;3;0;0;2;0;2;7;3;5;2;8;5;2;4;0;0;3;3;6;2.0;1.0;1;3;2;3;3;3;3;4;18;1
630;1;3;0;2;0;2;11;1;5;2;12;5;2;6;0;3;3;6;7;3.0;1.0;1;1;0;0;2;3;3;4;18;1
630;1;1;0;3;0;2;3;1;5;2;8;2;2;6;0;3;3;6;2;3.0;1.0;1;3;2;3;3;3;3;4;18;1
630;1;1;0;2;0;1;3;1;5;2;8;0;2;6;0;3;3;6;6;3.0;1.0;11;1;0;1;1;6;3;4;1;1
324;3;1;0;2;0;2;2;2;5;2;12;5;2;6;0;3;3;6;2;2.0;2.0;1;3;2;3;3;6;3;4;16;1
324;3;1;0;1;0;1;12;3;1;2;12;5;2;6;0;3;3;6;2;2.0;2.0;1;1;0;1;2;3;3;4;9;1
82;1;1;0;2;0;0;3;1;5;2;12;0;2;5;0;3;3;6;2;2.0;2.0;1;1;0;1;2;6;3;4;11;1
82;1;3;0;2;0;0;11;1;4;2;12;5;2;5;0;3;3;6;2;2.0;2.0;1;0;1;0;1;3;3;5;4;1
82;1;3;0;2;0;2;3;1;5;2;9;0;2;5;0;3;3;6;2;2.0;2.0;1;3;2;3;3;6;3;4;1;1
1027;1;0;0;5;0;6;5;1;1;2;2;0;2;4;0;3;3;6;2;2.0;2.0;1;1;0;0;2;0;3;4;17;1
1027;1;0;0;2;0;2;3;1;1;2;8;3;2;4;0;3;3;6;6;2.0;2.0;0;0;0;0;2;3;3;8;1;1
1018;2;0;0;2;0;0;3;1;1;2;2;5;2;6;0;0;3;6;2;1.0;1.0;4;0;0;1;2;3;3;8;18;1
278;6;1;0;2;0;1;13;1;1;2;12;2;2;6;0;0;3;8;6;2.0;1.0;3;0;0;0;2;3;3;8;13;1
278;6;4;0;2;0;4;3;1;5;2;12;5;2;6;0;0;3;8;2;2.0;1.0;9;1;0;0;2;3;3;4;1;1
722;4;4;0;2;2;2;0;1;0;2;11;5;8;4;0;3;2;6;2;2.0;2.0;9;3;2;3;3;3;3;4;4;0
722;4;0;0;1;0;0;3;1;2;2;8;2;0;4;0;3;2;6;2;2.0;2.0;1;1;0;0;2;3;3;4;18;0
332;6;0;0;2;0;4;5;1;3;2;12;5;8;7;0;3;3;6;6;1.0;1.0;4;3;2;3;3;6;3;4;13;1
897;3;2;1;2;0;0;5;1;5;2;8;0;2;6;0;3;3;6;6;2.0;1.0;1;2;1;0;1;6;3;4;18;0
897;3;1;0;2;0;1;3;1;5;2;12;0;2;6;0;3;3;6;2;2.0;1.0;1;0;0;5;2;6;3;5;1;0
275;0;3;0;2;0;4;3;1;1;2;12;2;2;6;0;3;3;6;2;2.0;2.0;11;3;2;3;3;3;3;4;1;1
275;0;3;0;2;0;1;3;1;5;2;8;0;2;6;0;3;3;6;2;2.0;2.0;1;1;1;1;2;3;3;4;17;1
275;0;2;0;3;0;2;13;1;5;2;12;3;2;6;0;3;3;6;2;2.0;2.0;1;3;2;3;3;3;3;4;1;1
402;4;0;0;2;0;2;5;1;5;2;2;5;2;6;0;3;3;6;2;2.0;2.0;11;1;0;0;2;6;3;4;6;1
402;4;1;0;3;0;0;15;1;5;2;8;2;2;6;0;3;3;6;2;2.0;2.0;0;3;2;3;3;3;3;4;6;1
1058;6;2;1;3;0;2;3;1;4;2;8;2;2;6;0;3;3;6;2;2.0;1.0;1;1;0;0;2;0;3;4;17;1
1058;6;0;0;3;0;2;3;1;1;2;12;0;3;6;0;3;3;6;6;2.0;1.0;9;1;0;0;2;1;3;4;19;1
283;2;2;0;2;0;0;3;1;1;2;9;0;2;6;0;3;3;8;6;2.0;2.0;3;3;2;3;3;3;3;4;18;1
283;2;2;0;2;0;2;1;1;5;2;9;0;2;6;0;3;3;8;6;2.0;2.0;1;1;0;1;2;3;3;4;1;1
283;2;2;1;2;0;2;5;1;2;1;12;2;2;6;0;3;3;8;2;2.0;2.0;1;3;2;3;3;3;3;4;16;1
19;3;2;0;2;0;1;15;1;5;1;12;5;2;4;0;0;2;3;2;2.0;4.0;4;3;2;3;3;3;3;4;18;1
19;3;4;0;2;0;0;3;1;5;2;8;2;8;4;0;0;2;3;2;2.0;4.0;9;1;0;1;2;0;3;4;17;1
19;3;4;0;2;0;2;3;3;5;2;11;3;2;4;0;0;2;3;2;2.0;4.0;1;1;0;1;2;3;3;4;17;1
19;3;4;0;2;0;3;3;1;5;2;12;2;8;4;0;0;2;3;7;2.0;4.0;9;3;2;3;3;3;3;4;16;1
19;3;4;0;2;0;2;15;1;2;2;12;2;1;4;0;0;2;3;7;2.0;4.0;1;3;2;3;3;3;3;4;6;1
915;1;0;0;2;2;2;13;3;5;2;2;2;2;4;0;3;3;6;2;2.0;1.0;1;1;0;1;1;3;3;4;0;1
915;1;3;0;2;2;2;4;1;5;2;8;2;0;4;0;3;3;6;2;2.0;1.0;1;3;2;3;3;3;3;4;1;1
707;0;0;0;2;0;2;15;1;5;2;12;2;0;4;3;3;2;6;2;4.0;1.0;1;1;0;0;2;6;3;4;13;1
707;0;1;0;1;0;1;11;3;5;2;9;3;2;4;0;3;2;6;2;4.0;1.0;1;3;2;3;3;3;3;4;6;1
707;0;0;0;0;0;2;2;1;5;2;8;2;2;4;0;3;2;6;2;4.0;1.0;1;1;1;0;2;3;3;4;7;1
707;0;0;0;2;0;4;2;1;5;2;8;0;2;4;0;3;2;6;2;4.0;1.0;1;3;2;3;3;3;3;4;7;1
169;6;3;0;2;0;3;15;1;3;2;8;2;2;6;0;3;3;6;2;2.0;1.0;1;1;0;0;2;3;3;4;17;1
169;6;0;0;3;0;2;3;2;0;2;2;2;2;6;0;3;3;6;2;2.0;1.0;1;1;0;0;2;3;3;4;1;1
242;3;1;0;3;0;1;3;1;5;2;8;2;2;6;0;3;3;6;2;2.0;1.0;1;3;2;3;3;6;3;4;0;1
242;3;0;0;2;0;1;13;1;0;2;8;2;0;6;0;3;3;6;2;2.0;1.0;1;3;2;3;3;3;3;4;6;1
367;0;4;0;2;0;0;2;1;5;2;8;2;0;4;0;0;3;3;6;2.0;1.0;5;1;0;1;1;3;3;4;18;1
367;0;2;0;2;0;1;13;1;2;2;8;2;2;4;0;0;3;3;0;2.0;1.0;5;3;2;3;3;3;3;4;19;1
446;6;1;0;2;0;1;3;1;5;2;12;2;2;5;0;3;3;6;2;2.0;2.0;1;1;0;4;1;3;3;4;10;1
446;6;0;0;2;0;4;4;1;5;2;9;3;2;5;0;3;3;6;2;2.0;2.0;1;3;2;3;3;3;3;4;0;1
446;6;0;0;1;0;3;13;1;5;2;2;0;2;5;0;3;3;6;2;2.0;2.0;3;1;0;0;2;6;3;4;6;1
530;5;3;0;2;0;1;6;1;5;2;12;2;2;4;0;3;3;6;2;2.0;2.0;1;3;2;3;3;3;3;4;13;2
530;5;1;0;1;0;4;14;1;5;2;1;2;2;4;0;3;3;6;2;2.0;2.0;1;0;0;0;2;3;3;8;2;2
345;1;2;1;2;0;4;3;1;5;2;12;2;2;4;0;3;3;6;6;1.0;1.0;1;0;0;1;2;3;3;2;0;0
1031;1;3;0;1;0;2;3;1;5;2;4;0;0;4;0;3;3;6;6;2.0;1.0;1;1;0;1;2;3;3;4;6;1
1031;1;0;0;2;0;4;2;1;5;2;12;2;2;4;0;3;3;6;2;2.0;1.0;1;3;2;3;3;3;3;4;16;1
1022;0;1;0;2;0;0;3;1;5;2;12;5;2;4;0;0;3;3;6;2.0;1.0;3;3;2;3;3;3;3;4;13;1
1022;0;1;0;2;0;1;14;1;2;2;2;5;2;4;0;0;3;3;2;2.0;1.0;1;1;0;0;2;3;3;4;1;1
1003;3;3;0;3;0;1;5;1;2;2;2;0;2;4;0;3;3;6;2;2.0;1.0;1;0;0;5;2;3;3;8;3;1
1003;3;0;0;3;1;2;5;1;5;2;12;2;2;4;0;3;3;6;2;2.0;1.0;5;1;0;0;1;6;3;4;18;1
7;2;1;0;2;0;2;2;1;5;2;12;4;2;6;0;3;2;6;2;2.0;1.0;1;0;0;0;1;3;3;7;6;1
7;2;0;0;1;2;2;2;3;1;2;1;2;2;6;0;3;2;6;2;2.0;1.0;1;2;1;0;2;3;3;4;18;1
377;3;0;0;2;0;4;2;1;1;2;12;0;2;6;0;0;3;3;2;3.0;1.0;1;3;2;3;3;3;3;4;1;1
377;3;1;0;2;0;3;5;1;2;2;8;0;2;6;0;0;3;3;7;3.0;1.0;1;1;1;0;2;3;3;4;17;1
377;3;1;0;2;1;3;13;1;2;2;2;2;2;6;0;0;3;3;2;3.0;1.0;1;1;0;0;2;3;3;4;18;1
456;5;1;0;2;0;4;2;1;1;2;8;2;2;6;0;3;3;6;6;2.0;1.0;2;0;1;4;2;0;3;8;18;1
456;5;2;0;1;2;2;5;1;5;2;8;0;3;6;0;3;3;6;2;2.0;1.0;5;3;2;3;3;3;3;4;1;1
307;3;2;0;3;2;2;2;1;1;2;12;0;2;6;0;3;3;6;6;2.0;4.0;1;1;1;0;2;3;3;4;18;1
307;3;0;0;2;0;1;15;3;5;2;9;2;2;6;0;3;3;6;2;2.0;4.0;1;0;0;1;2;6;3;6;1;1
307;3;0;0;2;0;1;2;1;1;2;8;2;0;6;0;3;3;6;2;2.0;4.0;1;0;1;0;2;6;3;6;18;1
307;3;0;0;0;0;2;2;1;1;2;9;5;2;6;0;3;3;6;7;2.0;4.0;1;0;0;4;2;0;3;8;18;1
307;3;0;0;2;2;1;2;1;5;2;9;2;2;6;0;3;3;6;2;2.0;4.0;1;0;0;1;2;3;3;6;18;1
278;0;2;0;2;0;2;4;1;5;2;12;3;2;5;0;3;3;8;2;2.0;2.0;1;0;0;0;2;3;3;8;1;1
278;0;0;0;2;0;1;3;1;5;2;3;4;2;5;0;3;3;8;2;2.0;2.0;1;1;0;1;2;0;3;4;0;1
278;0;0;0;2;0;2;2;3;5;2;12;0;2;5;0;3;3;8;2;2.0;2.0;1;3;2;3;3;6;3;4;13;1
914;3;0;0;2;0;1;13;1;5;2;12;0;2;6;0;3;3;6;7;1.0;1.0;1;0;1;0;2;3;3;8;0;0
190;3;2;1;3;0;0;6;1;5;2;1;4;0;5;0;3;3;6;2;2.0;2.0;9;0;0;1;1;3;3;8;18;1
190;3;3;0;1;0;2;3;1;5;2;12;0;2;5;0;3;3;6;2;2.0;2.0;9;1;0;1;2;6;3;4;11;1
190;3;3;0;2;2;0;4;1;5;2;12;0;2;5;0;3;3;6;2;2.0;2.0;4;3;2;3;3;3;3;4;4;1
697;2;3;0;2;0;1;13;1;5;2;12;0;2;5;0;3;2;6;2;2.0;2.0;5;3;2;3;3;3;3;4;4;1
697;2;4;0;2;0;0;5;1;3;2;8;2;2;5;0;3;2;6;6;2.0;2.0;5;1;0;0;2;3;3;4;0;1
4;4;0;0;3;0;4;2;1;1;2;12;2;0;4;0;3;2;6;2;1.0;1.0;1;1;0;0;2;6;3;4;17;1
593;2;4;0;2;0;1;13;1;5;2;9;2;2;6;0;0;2;6;2;1.0;1.0;1;3;2;3;3;0;3;4;16;1
265;4;2;1;2;0;1;4;1;2;2;12;0;2;0;0;3;3;6;2;3.0;1.0;5;3;2;3;3;3;3;4;1;1
265;4;1;0;2;0;1;2;1;5;2;12;0;2;0;0;3;3;6;2;3.0;1.0;5;1;0;2;2;6;3;4;1;1
265;4;3;0;2;0;1;13;1;5;2;2;0;2;0;0;3;3;6;6;3.0;1.0;1;3;2;3;3;3;3;4;11;1
245;5;2;0;3;0;1;7;1;0;0;8;0;2;6;0;3;3;6;2;2.0;1.0;2;1;1;2;2;3;3;4;18;1
245;5;1;0;2;0;1;3;1;4;2;11;5;2;6;0;3;3;6;2;2.0;1.0;5;0;0;1;2;3;3;8;16;1
942;1;0;0;3;0;2;3;1;1;2;12;0;2;6;0;0;3;6;2;4.0;1.0;4;0;1;0;2;3;3;6;0;1
942;1;2;0;3;0;1;11;1;0;2;8;0;2;6;0;0;3;6;2;4.0;1.0;1;3;2;3;3;6;3;4;1;1
942;1;2;0;2;0;4;2;1;0;2;9;5;8;6;0;0;3;6;2;4.0;1.0;1;1;0;0;2;3;3;4;18;1
942;1;2;0;2;0;4;13;1;0;2;4;4;2;6;0;0;3;6;2;4.0;1.0;1;1;0;1;2;3;3;4;6;1
553;3;2;0;1;0;4;13;1;1;2;12;0;2;4;0;0;3;0;2;2.0;1.0;1;3;2;3;3;3;3;4;17;1
553;3;0;0;2;0;2;14;1;0;2;9;0;2;4;0;0;3;0;2;2.0;1.0;1;1;0;0;2;6;3;4;6;1
644;5;1;0;2;2;1;11;1;0;2;1;2;2;6;0;3;3;6;2;2.0;2.0;1;3;2;3;3;3;3;4;13;1
644;5;3;0;3;0;0;5;1;5;1;8;5;2;6;0;3;3;6;2;2.0;2.0;1;1;1;1;2;3;3;4;18;1
286;3;4;0;2;0;1;3;1;5;2;5;2;2;5;0;3;3;6;2;3.0;1.0;1;1;1;0;2;3;3;4;18;1
286;3;1;0;2;0;2;5;1;0;2;5;2;2;5;0;3;3;6;6;3.0;1.0;1;0;1;0;2;1;3;8;18;1
286;3;1;0;2;0;2;13;1;0;2;5;0;2;5;0;3;3;6;6;3.0;1.0;5;1;0;0;2;0;3;4;1;1
237;2;0;0;3;2;2;3;3;3;2;5;0;2;6;0;3;3;6;6;1.0;1.0;1;3;2;3;3;3;3;4;1;1
548;6;2;0;1;1;4;13;1;5;2;5;5;8;7;0;3;2;6;7;2.0;1.0;1;2;1;4;2;6;3;4;13;1
548;6;4;0;2;0;4;13;1;5;2;11;5;8;7;0;3;2;6;2;2.0;1.0;9;0;0;0;1;3;3;8;0;1
194;5;2;0;2;0;0;4;1;4;2;5;2;2;4;0;3;3;5;2;1.0;1.0;1;1;0;4;2;3;3;4;16;1
734;6;0;0;1;2;2;2;1;5;2;5;0;2;6;0;0;2;3;7;2.0;1.0;9;1;0;0;2;3;3;4;13;0
734;6;4;0;2;0;1;3;1;5;2;5;2;4;6;0;0;2;3;2;2.0;1.0;5;0;1;1;2;3;3;8;6;0
1029;2;3;0;2;0;2;3;1;1;2;5;2;3;6;0;3;3;6;2;2.0;1.0;1;1;0;1;2;6;3;4;6;1
1029;2;3;0;2;0;1;15;1;1;2;8;0;3;6;0;3;3;6;2;2.0;1.0;2;3;2;3;3;6;3;4;10;1
164;5;2;0;2;0;4;1;1;1;2;5;0;3;4;0;3;3;6;2;3.0;2.0;1;3;2;3;3;3;3;4;17;1
164;5;1;0;3;0;2;3;1;5;2;5;0;3;4;0;3;3;6;2;3.0;2.0;5;1;0;1;2;3;3;4;16;1
164;5;4;0;2;0;2;13;1;1;2;5;0;2;4;0;3;3;6;2;3.0;2.0;5;2;1;1;2;6;3;4;6;1
128;3;3;0;0;0;0;15;1;5;2;8;0;2;6;0;3;3;3;6;1.0;1.0;5;3;2;3;3;3;3;4;13;0
29;5;1;0;3;0;4;15;1;5;2;1;0;2;6;0;0;2;6;7;1.0;1.0;0;0;0;1;2;6;3;0;6;0
514;2;0;0;3;0;2;3;1;4;2;8;0;2;4;0;3;3;6;2;2.0;1.0;5;1;0;1;2;3;3;4;16;1
514;2;0;0;3;0;1;3;1;1;2;12;2;0;4;0;3;3;6;2;2.0;1.0;5;3;2;3;3;3;3;4;0;1
1004;6;2;0;3;0;1;3;1;4;2;9;2;2;6;0;3;3;8;6;1.0;1.0;5;1;0;0;2;3;3;4;1;1
723;5;0;0;2;0;2;6;1;4;2;9;5;2;6;0;3;2;6;2;1.0;2.0;1;3;2;3;3;3;3;4;16;2
723;5;0;0;2;0;0;5;1;5;2;9;0;2;6;0;3;2;6;2;1.0;2.0;1;3;2;3;3;3;3;4;6;2
956;0;2;0;2;0;2;2;1;4;2;12;0;2;4;0;3;3;6;2;2.0;1.0;1;1;0;0;2;3;3;4;13;1
956;0;1;0;2;0;2;3;1;5;2;8;2;2;4;0;3;3;6;2;2.0;1.0;1;3;2;3;3;3;3;4;18;1
446;5;0;0;0;0;2;3;1;5;2;12;2;2;6;0;3;3;6;2;1.0;1.0;1;1;1;1;1;3;3;4;1;0
302;0;1;0;2;0;4;6;1;4;2;12;5;2;0;0;3;3;6;2;1.0;1.0;1;0;1;1;2;3;3;8;1;0
640;5;2;0;3;0;1;6;1;2;2;8;2;2;5;0;3;3;6;2;2.0;3.0;1;1;0;1;2;6;3;4;18;1
640;5;0;0;2;0;2;3;1;3;2;2;5;2;5;0;3;3;6;2;2.0;3.0;1;3;2;3;3;3;3;4;1;1
640;5;0;0;2;0;2;2;1;5;2;12;2;2;5;0;3;3;6;6;2.0;3.0;1;3;2;3;3;3;3;4;6;1
640;5;0;0;2;0;2;4;1;5;2;12;4;2;5;0;3;3;6;6;2.0;3.0;1;1;1;5;2;6;3;4;1;1
304;1;1;0;2;0;2;13;1;5;2;8;3;2;7;0;3;3;6;6;3.0;1.0;1;1;0;4;1;3;3;4;18;1
304;1;0;0;2;0;2;3;1;5;2;8;4;0;7;0;3;3;6;2;3.0;1.0;2;3;2;3;3;0;3;4;0;1
304;1;2;0;2;0;0;3;1;5;2;8;0;2;7;0;3;3;6;7;3.0;1.0;1;1;0;1;2;3;3;4;18;1
266;2;1;0;0;2;2;13;1;5;2;8;3;2;4;0;3;3;6;2;2.0;1.0;5;3;2;3;3;3;3;4;7;1
266;2;0;0;2;0;1;3;1;5;2;12;2;2;4;0;3;3;6;7;2.0;1.0;1;1;0;1;2;3;3;4;18;1
303;5;3;0;2;2;2;2;1;3;2;8;0;2;4;0;3;3;6;2;2.0;1.0;3;3;2;3;3;3;3;4;11;0
303;5;0;0;1;0;1;3;1;5;2;12;2;2;4;0;3;3;6;7;2.0;1.0;1;1;0;0;2;3;3;4;10;0
792;2;2;0;2;0;4;3;1;5;2;12;3;2;6;0;3;2;6;2;4.0;2.0;1;3;2;3;3;3;3;4;17;1
792;2;1;0;2;0;3;3;3;5;2;12;2;2;6;0;3;2;6;2;4.0;2.0;1;2;0;4;2;3;3;4;13;1
792;2;2;0;2;0;3;3;1;5;2;8;2;2;6;0;3;2;6;2;4.0;2.0;1;0;0;0;2;3;3;6;0;1
792;2;2;1;2;2;2;13;1;5;2;8;2;2;6;0;3;2;6;2;4.0;2.0;4;1;0;0;2;3;3;4;1;1
307;5;4;0;2;0;1;2;1;5;2;8;2;2;4;0;3;3;6;2;1.0;1.0;6;3;2;3;3;0;3;4;0;1
670;0;1;0;2;0;2;4;3;5;2;8;2;2;0;0;3;2;6;2;2.0;1.0;6;1;1;1;2;3;3;4;10;1
670;0;4;0;3;0;5;11;1;1;2;2;0;2;0;0;3;2;6;2;2.0;1.0;6;3;2;3;3;3;3;4;16;1
41;1;0;0;2;0;4;2;3;5;2;8;2;2;4;0;3;3;6;2;2.0;1.0;6;2;0;5;2;3;3;4;16;1
41;1;0;0;2;2;4;4;3;5;2;9;2;2;4;0;3;3;6;2;2.0;1.0;5;0;0;0;2;3;3;8;1;1
767;0;0;0;2;0;4;11;1;5;2;11;2;2;4;0;3;2;6;2;2.0;2.0;6;3;2;3;3;3;3;4;0;1
767;0;0;0;2;0;4;13;1;5;2;8;0;2;4;0;3;2;6;2;2.0;2.0;4;3;2;3;3;6;3;4;0;1
767;0;0;0;2;2;2;3;1;2;2;12;0;2;4;0;3;2;6;2;2.0;2.0;6;3;2;3;3;3;3;4;1;1
1030;5;1;0;2;0;3;3;1;5;2;12;3;2;6;0;3;3;6;0;1.0;1.0;6;1;0;0;2;0;3;4;1;1
523;3;0;0;2;0;1;3;3;5;2;12;3;2;4;0;3;3;6;6;2.0;1.0;6;1;0;1;2;3;3;4;19;0
523;3;1;0;2;0;2;3;1;2;2;12;2;2;4;0;3;3;6;2;2.0;1.0;6;2;0;1;2;3;3;4;11;0
113;0;2;0;0;0;0;16;1;5;2;8;3;0;4;0;3;3;6;2;2.0;1.0;6;0;0;4;2;3;3;5;1;1
113;0;1;2;2;0;0;3;1;5;2;8;2;2;4;0;3;3;6;2;2.0;1.0;5;0;1;4;2;6;3;7;10;1
557;6;2;1;2;0;0;11;1;5;2;8;2;0;5;0;0;2;3;7;1.0;1.0;1;1;0;0;2;3;3;4;6;0
382;6;0;0;4;0;2;3;1;5;2;8;2;0;6;0;3;3;6;7;1.0;1.0;1;3;2;3;3;6;3;4;13;0
431;2;2;0;2;0;4;3;1;5;2;8;4;2;6;0;3;3;8;2;2.0;1.0;5;1;0;0;2;6;3;4;18;1
431;2;3;0;2;0;4;3;1;5;2;8;2;2;6;2;3;3;8;2;2.0;1.0;1;3;2;3;3;3;3;4;16;1
53;2;4;0;2;0;2;4;1;5;2;8;2;2;6;0;3;3;6;7;2.0;1.0;1;0;0;5;2;3;3;8;3;1
53;2;2;0;2;0;1;13;1;2;2;12;0;2;6;0;3;3;6;7;2.0;1.0;1;3;2;3;3;3;3;4;1;1
528;2;4;0;2;0;3;13;1;5;2;12;2;2;6;0;0;3;6;7;1.0;4.0;1;1;0;2;2;1;3;4;18;0
528;2;4;0;2;0;0;3;1;1;2;9;2;2;6;0;0;3;6;2;1.0;4.0;1;1;1;1;2;6;3;4;13;0
528;2;4;0;2;0;2;13;1;5;2;12;2;2;6;0;0;3;6;6;1.0;4.0;2;3;2;3;3;6;3;4;16;0
528;2;4;0;2;0;3;13;1;2;2;12;2;2;6;0;0;3;6;2;1.0;4.0;9;3;2;3;3;3;3;4;16;0
710;0;2;1;3;0;2;13;3;5;2;12;2;2;4;0;3;2;6;2;2.0;1.0;8;1;0;0;2;0;3;4;18;1
710;0;2;0;2;0;1;13;1;2;2;12;0;2;4;0;3;2;6;6;2.0;1.0;1;1;0;1;2;3;3;4;18;1
992;0;2;0;2;0;2;3;1;5;2;4;0;2;0;0;3;3;6;2;1.0;1.0;1;3;2;3;3;3;3;4;11;1
436;3;2;2;3;0;2;3;1;2;2;4;0;2;6;1;3;3;6;2;1.0;1.0;1;3;2;3;3;3;3;4;10;1
175;5;2;0;2;0;4;3;1;5;2;2;3;2;6;0;0;3;3;2;2.0;1.0;1;1;1;0;2;3;3;4;0;1
175;5;3;0;2;0;0;6;1;5;2;12;0;2;6;0;0;3;3;2;2.0;1.0;1;1;0;1;2;6;3;4;1;1
313;4;0;0;1;0;3;3;1;4;2;12;0;2;6;0;3;3;6;7;1.0;1.0;1;3;2;3;3;3;3;4;6;0
898;6;1;0;3;0;4;6;1;5;2;8;0;2;5;0;0;2;3;0;2.0;1.0;1;1;0;1;2;1;3;4;13;1
898;6;1;2;1;2;0;6;1;5;2;8;0;2;5;0;0;2;3;2;2.0;1.0;1;3;2;3;3;3;3;4;13;1
1007;1;1;0;2;0;1;3;3;3;2;9;2;2;0;0;3;3;6;2;2.0;2.0;1;3;2;3;3;3;3;4;0;1
1007;1;4;0;2;0;2;15;1;5;2;4;0;2;0;0;3;3;6;2;2.0;2.0;1;1;0;0;2;3;3;4;16;1
1007;1;4;0;1;2;1;3;1;5;2;8;0;2;0;0;3;3;6;6;2.0;2.0;1;1;0;0;2;3;3;4;9;1
957;1;0;0;1;0;4;13;1;5;2;12;0;2;4;0;3;3;6;2;2.0;1.0;5;3;2;3;3;3;3;4;10;1
957;1;0;0;2;0;0;2;1;5;2;12;2;2;4;0;3;3;6;0;2.0;1.0;1;1;0;1;2;3;3;4;0;1
430;3;3;0;3;0;0;4;1;5;2;9;0;2;4;0;3;3;6;6;1.0;1.0;9;2;0;1;2;3;3;4;6;1
719;0;2;0;1;0;0;15;1;5;2;8;2;2;4;0;3;2;8;2;2.0;2.0;5;1;0;1;2;3;3;4;18;1
719;0;0;0;0;0;2;9;2;5;2;9;5;2;4;0;3;2;8;2;2.0;2.0;1;2;0;0;2;3;3;4;1;1
719;0;0;0;2;0;2;4;1;5;2;8;2;2;4;0;3;2;8;2;2.0;2.0;1;1;0;1;2;6;3;4;18;1
333;1;1;0;2;0;2;15;1;5;2;2;2;2;6;0;3;3;6;2;1.0;1.0;1;3;2;3;3;3;3;4;18;1
757;5;0;0;3;2;2;15;2;2;2;9;2;2;0;0;3;2;6;2;2.0;2.0;1;1;0;0;2;3;3;4;19;0
757;5;0;0;3;0;2;3;1;4;2;11;5;2;0;0;3;2;6;2;2.0;2.0;1;2;0;0;2;3;3;4;11;0
334;4;0;0;1;2;2;3;1;2;2;3;5;8;6;0;3;3;6;7;2.0;1.0;1;1;0;0;2;3;3;4;6;1
334;4;1;0;2;0;2;2;1;1;2;12;0;2;6;0;3;3;6;2;2.0;1.0;1;3;2;3;3;3;3;4;10;1
1054;4;2;1;2;2;0;2;1;5;2;11;3;2;6;0;3;3;6;2;2.0;1.0;1;3;2;3;3;3;3;4;13;1
1054;4;1;0;2;0;1;3;1;4;2;12;5;2;6;0;3;3;6;6;2.0;1.0;1;1;1;1;2;3;3;4;3;1
441;1;1;0;2;2;2;12;1;2;2;4;0;2;6;0;3;3;6;2;2.0;2.0;5;2;1;0;1;3;3;4;10;1
441;1;3;0;2;2;4;2;1;5;2;2;2;2;6;0;3;3;6;2;2.0;2.0;2;1;0;0;2;3;3;4;0;1
416;0;1;0;1;0;2;12;1;5;2;8;2;2;6;0;3;3;6;2;2.0;3.0;5;3;2;3;3;3;3;4;1;1
416;0;1;0;1;2;1;15;1;5;2;12;2;2;6;0;3;3;6;6;2.0;3.0;5;2;1;4;2;3;3;4;18;1
416;0;1;0;2;0;2;3;1;5;2;8;3;2;6;0;3;3;6;2;2.0;3.0;2;1;1;0;2;1;3;4;18;1
218;2;1;0;3;0;1;2;1;5;2;8;3;2;4;0;3;3;6;2;1.0;1.0;1;3;2;3;3;6;3;4;16;0
886;3;3;0;3;0;2;3;3;5;2;8;3;2;7;0;0;2;3;2;2.0;2.0;1;0;0;4;1;3;3;5;13;1
886;3;1;0;2;0;0;3;1;5;2;9;3;2;7;0;0;2;3;2;2.0;2.0;1;0;1;1;2;3;3;6;13;1
653;2;4;0;2;0;2;3;1;5;2;8;3;2;4;0;3;2;6;2;2.0;1.0;1;1;0;0;2;6;3;4;19;0
653;2;1;0;2;0;2;3;1;1;2;12;0;2;4;0;3;2;6;2;2.0;1.0;4;3;2;3;3;3;3;4;1;0
748;4;0;0;3;0;4;13;1;1;2;4;4;2;6;0;3;2;6;2;1.0;3.0;1;0;1;0;2;3;3;5;1;0
748;4;0;0;3;0;3;2;1;5;2;12;4;2;6;0;3;2;6;6;1.0;3.0;1;1;1;5;2;3;3;4;16;0
748;4;0;0;2;0;1;4;1;5;2;8;3;2;6;0;3;2;6;2;1.0;3.0;1;3;2;3;3;3;3;4;0;0
464;1;0;0;3;2;0;4;3;5;2;8;2;2;6;0;3;3;6;2;2.0;1.0;1;1;0;1;1;4;3;4;0;1
464;1;1;0;2;2;2;3;3;5;2;12;3;2;6;0;3;3;6;2;2.0;1.0;1;3;2;3;3;3;3;4;6;1
1042;2;1;0;2;0;1;14;1;5;2;12;2;2;0;0;3;3;6;2;2.0;1.0;9;3;2;3;3;3;3;4;1;1
1042;2;3;0;2;0;1;3;1;5;2;8;3;2;0;0;3;3;6;2;2.0;1.0;1;1;1;0;1;3;3;4;0;1
37;1;0;0;1;0;1;6;1;5;2;8;2;2;6;0;3;2;6;2;1.0;2.0;1;1;0;0;2;3;3;4;10;0
37;1;0;0;2;0;4;13;1;2;2;8;0;2;6;0;3;2;6;2;1.0;2.0;4;3;2;3;3;3;3;4;6;0
970;1;2;0;2;0;1;6;1;5;2;12;0;2;6;0;3;3;6;6;2.0;1.0;1;0;1;4;2;3;3;2;18;1
970;1;4;0;2;0;0;2;1;5;2;12;0;2;6;0;3;3;6;0;2.0;1.0;1;2;0;1;1;6;3;4;16;1
563;1;2;0;2;0;1;13;1;5;2;1;0;2;4;0;0;2;6;2;2.0;1.0;1;1;0;1;2;3;3;4;16;1
563;1;1;0;2;0;2;13;1;5;2;2;0;2;4;0;0;2;6;2;2.0;1.0;1;3;2;3;3;3;3;4;16;1
403;0;3;0;2;0;0;14;0;0;2;1;5;2;5;0;3;3;6;2;2.0;2.0;1;1;0;1;2;5;3;4;1;1
403;0;1;0;3;0;0;4;1;2;2;11;5;2;5;0;3;3;6;2;2.0;2.0;1;3;2;3;3;3;3;4;13;1
403;0;1;0;2;0;1;4;1;5;2;2;3;2;5;0;3;3;6;2;2.0;2.0;9;0;1;0;2;3;3;8;6;1
276;5;0;0;2;0;4;13;1;2;2;8;2;2;6;0;0;3;6;2;1.0;1.0;1;0;0;1;2;3;3;8;10;1
169;4;1;0;2;0;3;13;1;1;2;9;4;8;6;0;3;3;6;2;2.0;1.0;1;0;1;1;2;1;3;5;0;1
169;4;2;1;2;0;4;3;1;5;2;12;4;2;6;0;3;3;6;2;2.0;1.0;1;0;0;5;2;1;3;1;16;1
600;2;1;0;3;2;2;2;1;5;2;12;0;2;5;0;3;2;6;6;2.0;2.0;1;3;2;3;3;6;3;4;0;1
600;2;0;0;3;0;4;3;3;0;2;4;4;2;5;0;3;2;6;2;2.0;2.0;9;1;0;1;2;3;3;4;7;1
600;2;0;0;2;0;0;2;3;0;2;2;5;8;5;0;3;2;6;2;2.0;2.0;1;3;2;3;3;3;3;4;13;1
332;1;2;1;2;0;2;3;2;0;2;8;5;2;6;0;0;3;5;2;2.0;1.0;5;0;1;0;1;3;3;8;16;1
332;1;4;0;1;2;2;4;1;5;2;8;0;2;6;0;0;3;5;2;2.0;1.0;5;2;1;0;2;3;3;4;18;1
297;3;2;0;3;0;1;3;1;5;2;8;3;2;4;0;0;3;6;7;2.0;1.0;1;1;0;0;2;3;3;4;6;1
297;3;1;0;2;0;2;5;1;1;2;12;2;2;4;0;0;3;6;7;2.0;1.0;1;3;2;3;3;3;3;4;1;1
377;4;1;0;2;0;2;3;1;5;2;8;0;2;4;0;3;3;6;2;1.0;1.0;1;0;0;1;2;1;3;8;16;0
386;6;2;0;1;2;0;2;1;5;2;12;3;2;4;0;0;3;6;2;2.0;1.0;1;1;1;0;2;3;3;4;16;1
386;6;0;0;2;0;0;5;1;4;2;4;2;2;4;0;0;3;6;2;2.0;1.0;5;1;0;1;2;3;3;4;18;1
131;0;2;0;2;0;0;11;1;5;2;9;5;2;4;0;3;3;8;0;2.0;1.0;1;3;2;3;3;3;3;4;7;1
131;0;2;0;2;0;4;13;1;5;2;12;2;2;4;0;3;3;8;2;2.0;1.0;3;1;1;1;2;3;3;4;6;1
427;2;4;0;2;0;0;13;1;2;2;12;4;2;4;0;0;2;3;2;2.0;1.0;1;3;2;3;3;0;3;4;6;1
427;2;1;0;1;2;4;13;1;0;2;12;4;2;4;0;0;2;3;7;2.0;1.0;1;1;0;0;2;3;3;4;0;1
474;5;3;0;2;0;4;3;1;5;2;12;0;2;4;1;0;2;6;2;2.0;1.0;1;1;0;0;2;2;3;4;6;1
474;5;0;0;2;0;0;13;1;5;2;12;2;2;4;0;0;2;6;2;2.0;1.0;1;3;2;3;3;3;3;4;1;1
778;0;2;1;2;0;0;3;3;3;2;9;5;8;4;0;0;2;6;2;1.0;1.0;1;0;1;1;2;6;3;6;6;2
129;6;3;0;1;0;1;5;1;5;2;8;2;2;6;0;3;3;6;7;2.0;1.0;1;1;0;1;2;6;3;4;6;0
129;6;1;0;2;0;1;3;1;5;2;8;2;2;6;0;3;3;6;2;2.0;1.0;9;3;2;3;3;3;3;4;10;0
644;5;2;0;2;0;0;11;1;5;2;12;2;2;6;2;0;2;3;7;1.0;1.0;1;0;0;1;2;3;3;3;6;1
90;6;2;0;3;0;2;3;1;4;2;12;4;2;4;0;3;3;6;2;2.0;2.0;5;1;0;0;1;3;3;4;18;1
90;6;1;0;2;0;2;13;1;5;2;8;2;2;4;0;3;3;6;2;2.0;2.0;1;3;2;3;3;3;3;4;6;1
90;6;1;0;2;0;0;2;1;1;2;8;0;2;4;0;3;3;6;2;2.0;2.0;1;3;2;3;3;6;3;4;7;1
974;4;1;0;3;1;2;4;1;5;2;12;2;2;5;0;3;3;6;2;2.0;3.0;1;1;1;0;2;3;3;4;11;1
974;4;1;0;2;0;1;3;1;5;2;12;2;2;5;0;3;3;6;2;2.0;3.0;1;1;0;1;2;3;3;4;18;1
974;4;1;0;3;0;2;13;3;5;2;9;2;2;5;0;3;3;6;6;2.0;3.0;1;2;0;1;2;3;3;4;6;1
474;4;2;1;2;0;4;3;1;0;2;12;0;2;0;0;3;3;6;2;2.0;1.0;9;0;0;1;2;3;3;5;16;1
474;4;3;0;2;0;4;6;1;5;2;8;0;2;0;0;3;3;6;2;2.0;1.0;1;0;0;0;2;3;3;6;16;1
50;4;2;0;3;2;1;3;1;1;2;8;0;2;6;0;0;3;5;6;2.0;1.0;1;3;2;3;3;3;3;4;16;1
50;4;1;0;3;0;2;13;1;5;2;12;0;2;6;3;0;3;5;2;2.0;1.0;1;1;0;1;2;6;4;4;16;1
605;2;1;0;2;2;0;5;1;5;2;12;2;2;4;0;0;2;6;2;3.0;3.0;1;1;0;1;2;3;3;4;18;0
605;2;1;0;3;0;4;9;1;4;2;12;0;2;4;0;0;2;6;2;3.0;3.0;1;3;2;3;3;3;3;4;13;0
605;2;1;0;2;0;2;5;1;5;2;8;2;2;4;0;0;2;6;2;3.0;3.0;1;3;2;3;3;1;3;4;18;0
605;2;0;0;2;0;1;13;1;4;2;8;2;2;4;0;0;2;6;7;3.0;3.0;1;0;0;0;1;3;3;6;1;0
605;2;2;0;3;0;4;3;1;5;2;12;2;8;4;3;0;2;6;7;3.0;3.0;1;1;0;1;2;3;3;4;1;0
337;5;1;0;2;0;1;13;1;4;2;2;5;2;4;0;3;3;6;2;2.0;1.0;1;3;2;3;3;1;3;4;17;1
337;5;1;0;3;0;4;11;3;5;2;4;0;2;4;0;3;3;6;2;2.0;1.0;1;1;0;1;2;3;3;4;13;1
612;1;0;0;2;0;4;4;2;1;2;12;0;2;0;3;0;2;6;6;2.0;2.0;1;0;0;0;2;3;3;6;1;1
612;1;1;0;2;0;1;3;1;2;2;12;2;2;0;0;0;2;6;2;2.0;2.0;5;1;0;1;2;3;3;4;18;1
53;1;1;0;2;0;4;3;1;0;2;8;0;3;6;0;0;3;0;2;2.0;1.0;1;3;2;3;3;3;3;4;16;0
53;1;0;0;2;0;4;3;1;5;2;12;4;2;6;0;0;3;0;2;2.0;1.0;1;1;1;1;2;3;3;4;0;0
96;1;0;0;2;0;3;2;1;5;2;1;0;8;6;0;0;3;5;2;1.0;1.0;1;3;2;3;3;3;3;4;18;0
231;0;3;0;2;2;4;3;3;5;2;12;2;8;5;0;3;3;6;6;2.0;1.0;1;2;1;1;2;3;3;4;18;1
231;0;3;0;1;1;4;6;3;2;2;2;2;2;5;0;3;3;6;2;2.0;1.0;1;0;0;0;2;3;3;6;19;1
1063;1;4;0;2;0;2;6;1;5;2;9;0;2;4;0;0;3;6;2;2.0;1.0;1;3;2;3;3;3;3;4;17;1
1063;1;3;0;3;0;2;3;1;2;2;8;2;2;4;0;0;3;6;6;2.0;1.0;9;1;1;0;2;3;3;4;1;1
971;3;0;0;2;0;2;5;1;1;2;12;2;2;1;0;0;3;6;2;2.0;1.0;1;3;2;3;3;3;3;4;18;0
971;3;3;0;2;0;2;5;3;1;2;8;0;2;1;0;0;3;6;6;2.0;1.0;1;1;0;4;2;1;3;4;6;0
992;5;0;0;2;2;3;13;1;5;2;8;5;2;4;0;3;3;6;2;2.0;1.0;1;1;0;1;2;6;3;4;18;0
992;5;1;0;2;0;2;3;1;5;2;12;4;4;4;0;3;3;6;2;2.0;1.0;1;3;2;3;3;3;3;4;0;0
980;0;1;0;3;0;1;4;1;5;2;9;0;2;5;1;0;3;6;2;2.0;1.0;1;1;0;0;2;2;3;4;11;1
980;0;3;0;2;2;1;4;1;5;2;1;4;2;5;0;0;3;6;2;2.0;1.0;1;3;2;3;3;1;3;4;6;1
775;6;2;1;3;0;1;13;1;5;2;2;0;2;4;0;0;2;3;2;1.0;1.0;1;1;0;1;2;3;3;4;13;1
95;0;3;0;2;2;1;3;1;5;2;12;4;2;0;0;3;3;6;2;1.0;1.0;1;3;2;3;3;1;3;4;18;0
840;2;0;0;2;0;4;11;1;5;2;12;0;2;6;0;0;2;5;2;1.0;1.0;1;1;0;0;2;3;3;4;11;1
729;5;2;0;2;0;1;9;1;5;2;12;2;2;4;0;3;3;6;2;2.0;2.0;1;3;2;3;3;1;3;4;6;1
729;5;0;0;2;0;0;3;3;5;2;9;5;2;4;0;3;3;6;7;2.0;2.0;1;2;1;0;2;3;3;4;6;1
729;5;0;0;2;0;1;2;1;4;2;11;5;2;4;0;3;3;6;6;2.0;2.0;1;1;0;0;2;3;3;4;13;1
452;0;1;0;2;0;0;3;1;4;2;2;2;2;6;0;3;2;6;2;2.0;3.0;5;1;1;0;2;3;3;4;6;1
452;0;1;0;2;0;2;3;1;4;2;12;5;2;6;0;3;2;6;2;2.0;3.0;1;3;2;3;3;6;3;4;7;1
452;0;1;0;2;0;2;3;1;3;2;12;2;2;6;0;3;2;6;6;2.0;3.0;1;3;2;3;3;3;3;4;1;1
326;3;0;0;3;2;1;0;1;1;2;8;0;2;5;0;3;3;1;2;2.0;1.0;1;1;1;0;0;3;3;4;18;1
326;3;3;0;3;0;3;3;1;1;2;8;2;2;5;0;3;3;1;2;2.0;1.0;1;3;2;3;3;0;3;4;18;1
951;1;0;0;2;0;2;2;1;1;2;12;0;2;6;0;0;0;3;7;2.0;1.0;1;1;0;0;2;3;3;4;0;1
951;1;0;0;2;0;4;3;1;3;2;3;0;2;6;0;0;0;3;2;2.0;1.0;1;1;0;5;2;1;3;4;10;1
649;6;2;0;1;0;0;2;1;1;2;12;0;2;5;0;0;2;3;7;2.0;3.0;1;2;1;0;2;3;3;4;0;1
649;6;1;0;2;2;2;13;1;5;2;12;2;2;5;0;0;2;3;2;2.0;3.0;5;3;2;3;3;3;3;4;1;1
649;6;1;0;2;0;0;4;1;5;2;12;0;2;5;0;0;2;3;2;2.0;3.0;1;1;0;1;2;3;3;4;13;1
649;6;1;0;2;0;4;6;1;5;2;12;3;2;5;0;0;2;3;6;2.0;3.0;1;1;0;1;2;3;3;4;18;1
517;3;0;0;2;0;3;3;3;5;2;12;2;0;6;0;0;2;5;2;3.0;1.0;1;1;0;0;2;3;3;4;0;1
517;3;3;0;3;0;1;4;1;4;2;3;2;2;6;2;0;2;5;2;3.0;1.0;1;2;1;0;2;3;3;4;13;1
517;3;1;0;2;0;2;3;1;4;2;12;2;2;6;0;0;2;5;2;3.0;1.0;1;1;0;0;2;3;3;4;18;1
493;5;3;0;3;0;2;13;1;5;2;12;4;2;5;0;0;2;2;7;1.0;1.0;1;3;2;3;3;3;3;4;7;0
81;2;2;0;2;2;0;3;1;1;2;12;2;0;0;0;3;3;6;6;2.0;1.0;1;1;0;2;2;2;3;4;7;1
81;2;1;0;2;0;2;13;1;5;2;8;2;2;0;0;3;3;6;7;2.0;1.0;1;3;2;3;3;3;3;4;13;1
194;4;3;0;4;1;2;13;1;5;2;9;2;2;4;0;0;3;6;2;3.0;3.0;1;1;1;0;2;3;3;4;13;1
194;4;1;0;1;0;1;13;1;1;2;12;2;2;4;0;0;3;6;2;3.0;3.0;9;2;1;1;2;3;3;4;11;1
194;4;1;0;2;0;0;6;1;5;2;9;2;2;4;0;0;3;6;2;3.0;3.0;1;2;1;4;2;3;3;4;6;1
194;4;1;0;2;0;2;3;1;5;2;12;0;2;4;0;0;3;6;2;3.0;3.0;1;2;1;0;2;3;3;4;1;1
203;0;1;0;2;0;1;2;1;1;2;9;3;2;6;0;0;3;6;2;2.0;2.0;1;3;2;3;3;3;3;4;10;1
203;0;0;0;2;0;5;2;1;5;2;8;2;2;6;0;0;3;6;6;2.0;2.0;1;3;2;3;3;3;3;4;18;1
203;0;0;0;2;0;4;2;1;2;2;8;2;0;6;0;0;3;6;6;2.0;2.0;9;1;0;1;2;3;3;4;13;1
513;0;4;0;2;0;4;3;1;5;2;8;3;2;6;0;0;2;3;2;2.0;1.0;1;3;2;3;3;3;3;4;1;1
513;0;0;0;2;0;2;2;1;5;2;1;2;2;6;0;0;2;3;2;2.0;1.0;5;1;0;0;2;3;3;4;0;1
644;5;2;0;1;0;1;13;1;5;2;12;2;2;4;0;0;0;6;2;3.0;1.0;5;1;0;4;2;3;3;4;18;0
644;5;0;0;1;2;1;5;1;5;2;12;5;2;4;2;0;0;6;2;3.0;1.0;1;1;0;1;2;3;3;4;9;0
644;5;0;0;2;0;3;13;1;2;2;12;2;2;4;0;0;0;6;2;3.0;1.0;1;3;2;3;3;1;3;4;0;0
324;1;1;0;2;2;4;5;1;5;2;12;3;2;6;0;3;3;6;2;1.0;1.0;1;1;0;0;2;3;3;4;16;1
543;4;3;0;2;0;4;13;1;1;2;12;0;3;0;0;0;2;6;2;2.0;1.0;1;1;0;0;2;3;3;4;18;1
543;4;4;0;3;0;1;2;1;1;2;8;2;2;0;0;0;2;6;2;2.0;1.0;5;3;2;3;3;3;3;4;2;1
474;4;2;1;2;0;1;13;1;4;2;8;2;2;4;3;0;2;6;2;2.0;1.0;1;0;1;0;1;3;3;8;18;1
474;4;1;0;4;0;4;3;1;5;2;8;4;2;4;0;0;2;6;2;2.0;1.0;3;0;0;1;1;4;3;8;0;1
381;1;4;0;3;0;2;0;1;4;2;9;3;2;0;0;3;3;6;1;2.0;1.0;1;1;0;1;2;3;3;4;18;1
381;1;1;0;2;0;3;13;3;3;2;1;2;2;0;0;3;3;6;2;2.0;1.0;1;3;2;3;3;3;3;4;1;1
365;1;1;0;3;0;3;2;1;5;2;2;3;2;4;2;3;3;6;6;2.0;1.0;1;1;0;2;2;3;3;4;6;1
365;1;3;0;2;0;3;2;1;5;2;8;0;2;4;0;3;3;6;2;2.0;1.0;1;3;2;3;3;3;3;4;0;1
245;4;0;0;2;0;2;3;1;5;2;12;2;2;4;0;3;3;1;2;1.0;1.0;1;1;0;0;1;0;3;4;16;1
144;5;2;1;2;2;2;13;1;5;2;9;5;8;4;0;0;3;3;2;1.0;1.0;1;3;2;3;3;3;3;4;18;1
126;2;0;0;1;2;2;4;1;5;2;11;5;2;6;3;3;3;6;2;4.0;1.0;9;1;0;0;2;6;3;4;17;1
126;2;3;0;2;0;2;3;1;0;2;8;2;2;6;0;3;3;6;2;4.0;1.0;1;3;2;3;3;3;3;4;17;1
126;2;2;0;2;0;1;3;1;4;2;12;5;2;6;0;3;3;6;2;4.0;1.0;5;1;1;0;2;3;3;4;16;1
126;2;2;0;3;0;2;2;1;5;2;12;2;2;6;0;3;3;6;6;4.0;1.0;1;3;2;3;3;3;3;4;1;1
456;3;2;0;2;0;1;3;2;1;2;8;2;3;6;0;3;2;6;6;2.0;1.0;1;3;2;3;3;3;3;4;1;1
456;3;1;2;2;0;3;11;1;5;2;8;2;2;6;0;3;2;6;2;2.0;1.0;1;1;0;1;2;3;3;4;18;1
236;0;1;0;3;0;1;2;1;2;2;12;0;2;6;3;0;3;6;6;1.0;2.0;1;3;2;3;3;3;3;4;16;1
236;0;1;0;2;0;1;3;1;2;2;8;2;2;6;0;0;3;6;6;1.0;2.0;1;1;0;1;2;3;3;4;18;1
1015;3;2;0;2;0;1;7;1;1;2;4;2;2;5;0;0;3;6;2;1.0;1.0;9;3;2;3;3;3;3;4;18;1
1002;6;4;0;2;0;2;3;1;5;2;8;0;2;6;0;3;3;6;2;2.0;1.0;1;1;0;0;2;3;3;4;0;1
1002;6;2;0;2;0;2;2;1;5;2;12;0;2;6;0;3;3;6;6;2.0;1.0;1;3;2;3;3;3;3;4;1;1
1046;0;0;0;2;0;2;13;1;4;2;12;2;2;4;0;3;3;6;2;2.0;1.0;1;1;0;1;2;3;3;4;18;1
1046;0;1;0;2;2;2;13;1;5;2;8;2;2;4;0;3;3;6;2;2.0;1.0;1;1;0;2;1;3;3;4;3;1
211;1;3;0;2;0;1;13;1;5;2;2;2;2;7;0;3;3;6;2;2.0;1.0;1;0;0;0;2;3;3;8;16;1
211;1;2;1;2;0;3;11;1;5;2;8;5;2;7;0;3;3;6;2;2.0;1.0;1;1;0;0;2;0;3;4;13;1
217;3;1;0;2;0;0;13;1;5;2;9;5;2;2;0;3;3;6;2;2.0;2.0;1;0;0;0;2;3;3;8;10;1
217;3;0;0;2;0;3;3;1;5;2;1;2;2;2;0;3;3;6;2;2.0;2.0;1;0;0;1;2;3;3;8;13;1
217;3;0;0;2;0;4;3;3;2;2;12;5;2;2;0;3;3;6;7;2.0;2.0;1;0;1;1;2;3;3;8;0;1
166;1;4;0;2;0;3;4;1;5;2;2;0;2;0;3;0;3;2;2;2.0;2.0;1;3;2;3;3;6;3;4;5;1
166;1;1;0;2;0;1;12;1;5;2;12;4;2;0;0;0;3;2;6;2.0;2.0;1;1;0;1;1;3;3;4;10;1
1014;1;3;0;2;0;0;3;1;4;2;12;2;2;5;0;0;3;5;2;3.0;2.0;5;1;0;0;2;6;3;4;6;1
1014;1;1;0;3;0;2;3;1;2;2;2;0;2;5;0;0;3;5;2;3.0;2.0;1;3;2;3;3;3;3;4;18;1
1014;1;1;0;2;2;3;3;1;5;2;8;2;0;5;0;0;3;5;2;3.0;2.0;1;1;0;0;2;6;3;4;16;1
983;0;2;0;2;0;3;14;1;5;2;8;3;2;5;4;3;3;6;2;2.0;1.0;1;3;2;3;3;3;3;4;5;1
983;0;1;0;6;0;3;5;2;2;2;2;2;2;5;2;3;3;6;2;2.0;1.0;1;1;0;1;2;3;3;4;10;1
498;1;2;0;2;0;0;4;2;1;2;12;0;3;6;2;3;3;5;2;2.0;1.0;1;3;2;3;3;6;3;4;0;1
498;1;3;0;3;2;2;3;1;5;2;12;0;2;6;0;3;3;5;2;2.0;1.0;1;3;2;3;3;0;3;4;0;1
965;0;2;0;2;0;1;2;1;5;2;2;0;2;6;0;3;3;2;2;1.0;1.0;9;1;0;1;2;1;3;4;0;1
500;4;0;0;2;2;3;13;1;2;2;4;2;0;4;3;3;2;8;2;2.0;1.0;1;1;1;0;2;0;3;4;0;0
500;4;0;0;6;0;2;3;1;5;2;8;0;2;4;0;3;2;8;6;2.0;1.0;1;3;2;3;3;3;3;4;13;0
905;3;1;0;6;0;2;4;1;5;2;11;0;2;6;0;3;2;6;2;2.0;1.0;1;1;1;0;2;0;3;4;18;0
905;3;3;0;2;0;2;13;1;5;2;12;0;2;6;0;3;2;6;6;2.0;1.0;1;3;2;3;3;3;3;4;5;0
416;5;2;0;2;0;1;13;1;5;2;2;4;2;6;0;3;3;6;2;2.0;1.0;1;1;0;0;2;0;3;4;18;1
416;5;0;0;2;0;4;14;1;5;2;8;0;2;6;3;3;3;6;2;2.0;1.0;1;1;0;0;1;0;3;4;6;1
710;3;2;1;2;0;2;0;1;5;2;12;5;8;6;0;3;2;8;2;2.0;1.0;1;3;2;3;3;0;3;4;18;0
710;3;4;0;2;0;4;0;1;1;2;12;5;2;6;0;3;2;8;7;2.0;1.0;3;0;0;0;2;3;3;2;18;0
689;1;2;1;2;0;1;3;1;5;2;12;2;2;0;0;0;2;6;2;2.0;1.0;1;0;0;1;2;3;3;8;18;0
689;1;0;0;2;0;3;3;1;1;2;12;4;2;0;0;0;2;6;2;2.0;1.0;1;1;0;0;2;2;3;4;0;0
560;6;0;0;2;0;3;3;1;4;2;2;2;0;5;0;3;2;8;2;2.0;1.0;4;3;2;3;3;3;3;4;18;1
560;6;1;0;2;2;2;2;3;1;2;9;2;2;5;0;3;2;8;7;2.0;1.0;9;1;0;1;2;6;3;4;16;1
85;1;2;0;2;0;1;5;1;1;2;8;2;0;6;0;3;3;6;6;2.0;1.0;1;1;0;1;2;3;3;4;1;1
85;1;0;0;3;0;3;3;1;1;2;12;2;2;6;0;3;3;6;2;2.0;1.0;9;1;0;1;2;3;3;4;13;1
927;3;0;0;2;0;1;11;1;1;2;8;2;0;6;0;3;3;6;2;2.0;1.0;1;1;0;1;2;3;3;4;6;1
927;3;2;1;2;0;2;3;1;1;2;12;2;2;6;0;3;3;6;2;2.0;1.0;1;3;2;3;3;3;3;4;1;1
976;5;0;0;1;0;4;3;1;0;2;2;0;2;6;3;3;3;6;2;1.0;1.0;1;3;2;3;3;3;3;4;17;1
903;5;1;0;1;0;4;3;1;5;2;8;2;2;4;0;3;2;6;2;1.0;1.0;1;1;1;0;2;3;3;4;18;1
991;6;3;0;2;0;2;3;1;5;2;12;2;2;6;0;3;3;6;2;1.0;1.0;1;0;0;1;2;3;3;8;18;1
975;6;1;0;3;0;0;3;1;5;2;12;2;2;5;0;3;3;6;2;2.0;2.0;1;0;0;2;2;3;3;8;3;1
975;6;1;0;3;0;2;4;1;4;2;11;2;2;5;0;3;3;6;6;2.0;2.0;1;3;2;3;3;6;3;4;18;1
1039;5;2;0;2;0;2;16;1;5;2;2;3;0;6;3;3;3;6;6;2.0;4.0;1;1;0;1;2;6;3;4;8;1
1039;5;0;0;2;0;0;4;1;5;2;11;0;2;6;0;3;3;6;2;2.0;4.0;1;1;1;0;1;6;3;4;13;1
1039;5;0;0;2;2;2;2;1;1;2;9;3;2;6;0;3;3;6;2;2.0;4.0;1;3;2;3;3;3;3;4;17;1
1039;5;0;0;1;2;4;11;1;5;2;8;2;2;6;0;3;3;6;2;2.0;4.0;1;3;2;3;3;1;3;4;1;1
1039;5;0;0;2;2;3;4;1;5;2;8;0;2;6;0;3;3;6;2;2.0;4.0;5;1;0;0;2;3;3;4;1;1
570;4;2;1;6;2;2;13;3;2;2;2;2;2;6;0;3;2;8;2;1.0;1.0;5;0;1;5;1;6;3;7;19;1
722;5;0;0;0;0;4;13;1;1;2;9;0;2;4;0;3;2;6;0;2.0;1.0;1;3;2;3;3;1;3;4;18;1
722;5;3;0;1;0;3;3;1;5;2;8;5;2;4;0;3;2;6;2;2.0;1.0;1;0;0;1;1;3;3;8;0;1
208;2;2;1;2;0;0;3;1;1;2;9;4;2;4;0;3;3;6;6;2.0;1.0;3;2;0;4;2;3;3;4;0;1
208;2;0;0;2;0;4;4;1;1;2;12;2;2;4;4;3;3;6;7;2.0;1.0;1;1;0;0;2;3;3;4;13;1
1012;3;1;0;2;2;4;4;3;1;2;12;2;2;6;0;0;3;6;2;1.0;1.0;1;0;0;0;2;3;3;8;9;1
367;0;0;0;2;0;4;13;1;5;2;9;2;2;6;0;0;3;6;2;2.0;4.0;1;0;0;1;2;3;3;6;1;1
367;0;0;0;2;0;5;5;1;2;2;4;0;2;6;0;0;3;6;2;2.0;4.0;1;3;2;3;3;3;3;4;0;1
367;0;2;0;2;0;0;2;1;1;2;12;0;8;6;0;0;3;6;2;2.0;4.0;1;1;0;0;2;3;3;4;18;1
367;0;2;0;5;2;0;11;1;0;2;8;0;2;6;0;0;3;6;2;2.0;4.0;3;3;2;3;3;3;3;4;0;1
125;6;3;0;2;2;3;3;2;1;2;12;2;3;4;0;0;3;1;2;1.0;1.0;1;1;0;1;2;6;3;4;0;1
378;1;4;0;2;2;0;3;3;0;2;12;0;2;4;0;0;2;5;2;3.0;2.0;1;0;0;5;2;6;3;8;18;0
378;1;1;0;2;2;1;13;1;5;2;12;2;2;4;3;0;2;5;6;3.0;2.0;5;3;2;3;3;3;3;4;0;0
378;1;4;0;4;2;2;11;1;1;2;12;3;2;4;0;0;2;5;0;3.0;2.0;1;1;1;4;2;3;3;4;6;0
548;1;0;0;4;2;4;13;1;5;1;8;0;2;4;0;3;2;8;2;2.0;1.0;1;1;0;1;2;3;3;4;6;1
548;1;0;0;2;2;1;0;3;0;2;12;2;2;4;0;3;2;8;7;2.0;1.0;1;0;1;1;2;3;3;8;0;1
264;4;2;1;3;2;4;3;1;5;2;12;5;2;4;0;3;3;8;2;1.0;1.0;1;2;1;2;2;3;3;4;3;1
799;4;2;0;6;2;2;3;2;5;2;12;2;2;4;0;1;2;2;2;2.0;1.0;1;1;0;0;2;3;3;4;0;1
799;4;2;0;2;2;2;3;1;4;2;12;5;8;4;0;1;2;2;7;2.0;1.0;2;3;2;3;3;3;3;4;13;1
997;5;2;1;2;2;2;3;1;5;2;8;0;2;4;0;3;3;6;7;2.0;1.0;5;1;0;0;2;3;3;4;18;1
997;5;1;0;2;2;3;13;1;5;2;8;4;2;4;0;3;3;6;2;2.0;1.0;1;0;0;0;2;3;3;8;3;1
946;1;2;0;2;2;1;13;1;4;2;2;5;2;4;0;3;3;5;2;2.0;1.0;1;0;0;0;1;3;3;8;6;1
946;1;1;0;3;0;1;3;1;5;2;8;3;2;4;0;3;3;5;2;2.0;1.0;1;0;0;0;2;6;3;6;0;1
724;4;1;0;2;0;1;11;1;4;2;8;5;2;6;0;3;2;6;2;4.0;1.0;1;3;2;3;3;3;3;4;9;1
724;4;2;0;2;0;1;5;1;5;2;8;2;2;6;0;3;2;6;2;4.0;1.0;1;1;1;1;2;3;3;4;1;1
724;4;2;0;2;0;2;5;1;5;2;8;4;2;6;0;3;2;6;6;4.0;1.0;1;3;2;3;3;3;3;4;6;1
724;4;2;0;2;0;2;3;1;1;2;9;0;2;6;0;3;2;6;2;4.0;1.0;1;1;0;1;2;3;3;4;18;1
970;3;0;0;2;0;4;5;1;4;2;9;5;2;6;0;0;3;3;2;2.0;1.0;1;1;0;4;2;3;3;4;13;1
970;3;0;0;3;0;2;5;1;2;2;9;0;2;6;3;0;3;3;2;2.0;1.0;1;2;0;0;2;3;3;4;17;1
504;5;1;0;2;0;2;13;1;2;2;8;3;2;0;0;1;2;2;2;1.0;1.0;9;2;1;5;2;6;3;4;13;1
344;0;1;0;2;0;4;3;1;5;2;9;2;8;6;0;3;3;6;2;1.0;1.0;9;3;2;3;3;3;3;4;0;0
374;6;0;0;3;2;2;13;3;5;2;12;2;2;6;0;3;3;6;2;1.0;1.0;4;3;2;3;3;3;3;4;18;1
1009;1;3;0;2;2;2;3;3;3;2;12;2;2;6;0;0;3;3;2;1.0;1.0;5;1;0;1;2;2;3;4;8;1
113;0;1;0;2;0;2;3;1;5;2;12;2;2;0;0;3;3;6;2;2.0;2.0;5;1;0;0;2;3;3;4;0;1
113;0;1;0;2;0;3;11;1;5;2;11;3;2;0;0;3;3;6;2;2.0;2.0;1;3;2;3;3;3;3;4;6;1
113;0;2;0;2;0;2;3;1;5;2;11;3;2;0;0;3;3;6;2;2.0;2.0;1;0;1;1;2;3;3;8;7;1
177;4;1;0;2;0;2;3;1;1;2;11;0;2;6;0;3;3;6;2;2.0;1.0;5;3;2;3;3;3;3;4;0;1
177;4;2;0;2;0;2;3;1;5;2;9;4;2;6;0;3;3;6;2;2.0;1.0;5;1;0;0;2;3;3;4;0;1
191;2;3;0;2;0;4;11;1;5;2;12;0;2;6;0;0;3;6;2;1.0;1.0;1;3;2;3;3;3;3;4;6;1
63;3;2;0;1;0;4;3;1;5;2;8;2;2;5;0;3;3;6;2;1.0;1.0;2;1;1;1;2;3;3;4;1;1
997;3;0;0;2;0;4;2;1;2;2;12;2;2;4;2;3;3;6;2;2.0;1.0;5;1;0;0;2;3;3;4;16;1
997;3;1;0;2;0;4;2;1;4;2;11;0;2;4;0;3;3;6;6;2.0;1.0;4;3;2;3;3;3;3;4;6;1
944;1;1;0;2;0;4;3;1;2;2;12;3;2;4;0;3;3;6;2;1.0;1.0;1;2;1;1;2;3;3;4;0;0
18;1;1;0;2;0;4;13;1;1;2;4;2;2;4;0;3;2;6;2;1.0;1.0;1;1;0;0;2;3;3;4;6;1
729;5;1;0;2;0;2;13;1;1;2;12;2;2;2;0;3;2;6;2;2.0;1.0;1;3;2;3;3;3;3;4;10;1
729;5;1;0;2;0;1;13;1;5;2;8;2;2;2;0;3;2;6;2;2.0;1.0;1;1;1;0;1;1;3;4;18;1
436;4;0;0;2;0;3;3;1;5;2;12;2;2;4;0;3;2;6;7;2.0;1.0;1;3;2;3;3;3;3;4;1;0
436;4;1;0;2;0;3;3;1;5;2;12;2;2;4;0;3;2;6;2;2.0;1.0;1;3;2;3;3;3;3;4;16;0
254;3;2;1;2;0;1;6;2;4;2;5;0;2;4;0;3;3;6;2;1.0;1.0;1;0;0;0;2;3;3;0;13;1
178;6;1;0;3;0;3;6;1;5;2;12;5;2;4;0;3;3;1;2;2.0;1.0;1;0;0;1;2;3;3;6;13;0
178;6;0;0;2;0;3;13;1;4;2;9;2;2;4;0;3;3;1;2;2.0;1.0;1;3;2;3;3;4;3;4;18;0
514;0;2;0;2;0;2;13;1;4;2;8;2;2;4;0;3;0;6;2;2.0;1.0;5;1;0;1;2;3;3;4;0;1
514;0;1;0;2;0;2;5;1;5;2;8;3;2;4;0;3;0;6;2;2.0;1.0;1;0;0;0;2;3;3;8;0;1
724;2;2;0;6;0;3;2;1;1;2;3;4;2;6;0;3;2;6;2;1.0;1.0;1;3;2;3;3;3;3;4;13;1
1003;3;1;0;2;0;3;13;1;5;2;4;2;2;4;0;3;3;8;2;2.0;1.0;9;1;1;1;2;3;3;4;6;1
1003;3;0;0;2;0;0;3;1;1;2;12;0;2;4;0;3;3;8;7;2.0;1.0;1;0;1;1;2;0;3;8;10;1
431;5;2;0;3;0;4;2;1;5;2;8;0;2;6;0;3;3;5;2;1.0;1.0;9;0;0;0;2;3;3;8;18;0
576;2;1;0;3;0;4;9;1;5;2;8;5;2;6;0;0;2;6;2;2.0;2.0;5;1;0;1;2;6;3;4;18;1
576;2;0;0;3;0;3;3;1;5;2;9;2;2;6;4;0;2;6;2;2.0;2.0;1;3;2;3;3;3;3;4;16;1
624;0;2;1;1;0;1;3;1;5;2;9;2;2;5;0;3;2;6;2;4.0;1.0;2;1;0;0;2;3;3;4;7;1
624;0;0;0;2;0;1;13;1;5;2;11;2;2;5;0;3;2;6;6;4.0;1.0;1;3;2;3;3;3;3;4;16;1
624;0;1;0;0;0;4;3;3;5;2;12;2;2;5;0;3;2;6;2;4.0;1.0;5;1;0;1;2;3;3;4;16;1
624;0;0;0;2;0;1;0;3;5;2;0;0;2;5;0;3;2;6;2;4.0;1.0;5;3;2;3;3;3;3;4;16;1
307;4;2;0;2;0;1;13;1;5;2;8;5;2;6;0;3;3;6;2;1.0;1.0;5;1;0;1;2;3;3;4;18;1
154;6;3;0;1;0;0;0;1;5;2;2;2;2;4;0;0;3;6;2;1.0;1.0;0;3;2;3;3;3;3;4;13;1
59;3;3;0;2;0;2;13;3;5;2;2;2;2;5;0;3;3;6;2;3.0;1.0;5;1;0;4;1;3;3;4;0;1
59;3;0;0;2;0;3;13;1;5;2;9;3;2;5;4;3;3;6;2;3.0;1.0;5;0;0;2;2;3;3;4;6;1
59;3;2;0;2;0;3;13;1;4;2;9;2;2;5;0;3;3;6;2;3.0;1.0;5;1;0;1;2;3;3;4;1;1
512;4;2;1;3;0;2;5;1;5;2;9;3;2;6;0;3;2;6;6;1.0;1.0;1;0;0;0;2;3;3;5;18;0
401;1;2;0;2;0;3;5;1;4;2;9;2;2;6;0;3;3;6;2;2.0;1.0;1;0;0;0;2;3;3;6;0;1
401;1;1;0;2;0;0;11;1;0;2;12;3;2;6;0;3;3;6;2;2.0;1.0;1;3;2;3;3;3;3;4;10;1
215;5;0;0;3;0;1;13;1;5;2;12;2;2;4;0;3;3;6;2;2.0;1.0;1;1;0;1;2;0;3;4;18;1
215;5;1;0;1;0;0;3;1;1;2;9;2;2;4;0;3;3;6;2;2.0;1.0;1;0;0;1;2;3;3;4;3;1
828;0;4;0;2;0;2;4;1;5;2;12;5;2;6;0;3;2;6;0;4.0;1.0;1;2;0;2;2;3;3;4;18;0
828;0;2;1;2;0;3;3;1;5;2;2;0;2;6;0;3;2;6;2;4.0;1.0;1;3;2;3;3;3;3;4;0;0
828;0;2;1;1;0;4;6;1;5;2;12;0;2;6;0;3;2;6;2;4.0;1.0;1;2;1;4;2;6;3;4;16;0
828;0;2;1;3;2;2;0;1;5;2;8;0;2;6;4;3;2;6;6;4.0;1.0;1;0;0;1;2;3;3;8;0;0
297;6;0;0;3;0;3;11;1;1;2;8;2;2;4;0;0;3;3;2;3.0;1.0;1;3;2;3;3;6;3;4;1;1
297;6;3;0;2;0;2;3;1;5;2;9;0;2;4;0;0;3;3;2;3.0;1.0;1;1;0;1;2;3;3;4;18;1
297;6;0;0;3;2;2;13;1;5;2;12;2;2;4;0;0;3;3;2;3.0;1.0;2;0;0;0;1;6;3;4;17;1
811;5;2;0;2;0;1;11;1;4;2;4;0;2;6;0;3;2;6;6;1.0;2.0;1;3;2;3;3;3;3;4;6;1
811;5;2;0;2;0;4;13;1;5;2;8;2;2;6;1;3;2;6;6;1.0;2.0;5;1;0;1;2;3;3;4;18;1
161;4;0;0;2;0;2;5;2;5;2;1;2;2;4;0;3;3;6;2;2.0;1.0;1;3;2;3;3;6;3;4;6;1
161;4;1;0;1;0;0;13;1;0;2;9;2;2;4;0;3;3;6;2;2.0;1.0;3;1;0;0;2;0;3;4;6;1
268;3;2;0;3;0;2;2;1;4;2;9;0;2;4;0;3;3;6;6;1.0;1.0;1;3;2;3;3;1;3;4;13;1
659;0;2;1;3;0;1;11;1;2;2;2;0;8;6;0;3;2;6;6;2.0;2.0;1;1;0;1;2;0;3;4;11;1
659;0;0;0;2;0;3;3;1;2;2;9;0;2;6;0;3;2;6;2;2.0;2.0;1;1;0;1;2;3;3;4;16;1
659;0;0;0;2;0;3;0;1;5;2;12;5;2;6;3;3;2;6;2;2.0;2.0;1;3;2;3;3;0;3;4;16;1
404;2;2;1;2;0;2;2;1;2;2;12;0;2;6;0;3;3;6;2;2.0;1.0;4;1;1;0;2;3;3;4;1;1
404;2;1;0;2;2;2;13;1;5;2;12;1;2;6;0;3;3;6;6;2.0;1.0;6;3;2;3;3;0;3;4;16;1
548;3;1;0;3;0;0;3;1;5;2;2;1;2;4;0;3;2;6;2;3.0;1.0;6;3;2;3;3;0;3;4;18;1
548;3;4;0;2;0;2;0;3;5;2;12;1;2;4;0;3;2;6;2;3.0;1.0;6;1;0;1;2;0;3;4;13;1
548;3;1;0;3;0;4;3;1;5;2;2;1;2;4;0;3;2;6;2;3.0;1.0;6;2;1;2;2;3;3;4;0;1
517;6;0;0;2;2;0;3;1;5;2;2;2;2;4;0;0;2;6;0;2.0;1.0;5;1;0;0;1;3;3;4;18;1
517;6;1;0;2;0;2;4;1;4;2;12;0;2;4;0;0;2;6;2;2.0;1.0;6;3;2;3;3;2;3;4;11;1
504;2;2;1;2;0;4;5;3;2;2;12;0;2;4;0;0;3;3;2;2.0;1.0;4;2;1;5;2;3;3;4;18;1
504;2;2;1;3;2;1;13;1;2;2;11;5;2;4;0;0;3;3;7;2.0;1.0;6;3;2;3;3;6;3;4;1;1
734;6;2;1;2;0;2;13;1;4;2;9;0;2;4;0;0;2;3;2;3.0;1.0;6;1;0;0;2;3;3;4;10;1
734;6;1;0;2;0;3;13;1;0;2;12;2;2;4;0;0;2;3;2;3.0;1.0;6;3;2;3;3;3;3;4;18;1
734;6;0;0;2;0;2;6;1;4;2;8;0;2;4;2;0;2;3;2;3.0;1.0;6;0;0;1;2;3;3;6;18;1
992;5;0;0;1;0;4;13;1;4;2;9;0;2;4;0;3;3;6;2;1.0;1.0;6;2;0;4;2;3;3;4;0;1
740;0;0;0;2;0;2;13;1;4;2;12;4;8;4;0;3;2;6;6;1.0;1.0;5;0;0;4;2;3;3;4;1;0
382;4;0;0;3;0;0;9;1;4;2;9;2;2;6;0;3;3;6;2;1.0;1.0;1;0;1;1;2;3;3;6;13;0
1002;0;3;0;2;0;2;13;1;2;2;9;0;2;6;0;3;3;6;2;1.0;1.0;1;1;0;5;2;3;3;4;18;1
618;0;0;0;3;0;0;7;1;5;2;9;2;2;6;0;3;2;6;2;1.0;1.0;5;3;2;3;3;3;3;4;18;1
571;1;4;0;2;2;0;3;1;0;2;12;5;2;4;0;0;2;6;2;3.0;1.0;1;0;0;0;2;6;3;4;6;2
571;1;2;1;0;2;0;13;1;2;2;12;0;2;4;0;0;2;6;6;3.0;1.0;1;0;0;2;2;6;3;4;13;2
571;1;0;0;2;2;2;4;1;2;2;12;4;2;4;0;0;2;6;2;3.0;1.0;1;2;1;0;2;6;3;4;18;2
194;2;0;0;2;0;2;0;1;0;2;3;0;2;5;0;0;3;3;6;2.0;1.0;1;3;2;3;3;3;3;4;0;1
194;2;1;0;3;0;2;11;1;1;2;9;0;2;5;0;0;3;3;2;2.0;1.0;1;0;1;5;2;1;3;6;6;1
548;4;0;0;1;2;3;3;1;2;2;9;4;2;6;0;3;0;6;0;1.0;1.0;2;3;2;3;3;3;3;4;7;1
406;0;2;1;2;0;4;5;1;2;2;9;0;2;4;0;3;2;6;2;1.0;1.0;9;2;1;2;2;6;3;4;0;1
341;6;0;0;2;0;2;3;1;0;2;12;2;2;4;0;3;3;8;2;2.0;1.0;8;0;0;1;2;1;3;6;6;0
341;6;1;0;2;0;3;3;1;0;2;8;2;2;4;0;3;3;8;2;2.0;1.0;1;3;2;3;3;3;3;4;0;0
823;2;0;0;2;0;4;3;1;1;2;12;5;2;4;0;3;2;6;2;2.0;1.0;1;1;0;1;2;3;3;4;16;0
823;2;0;0;2;0;2;13;1;5;2;8;3;2;4;0;3;2;6;2;2.0;1.0;1;0;0;1;2;3;3;0;0;0
358;6;2;1;2;2;4;3;1;5;2;9;2;2;4;0;3;3;8;7;1.0;1.0;1;0;1;4;2;3;3;6;2;1
1002;0;2;0;2;0;2;3;1;5;2;8;3;6;6;0;3;3;8;0;2.0;1.0;1;1;0;0;2;3;3;4;16;1
1002;0;1;0;2;0;0;5;1;5;2;8;3;2;6;0;3;3;8;2;2.0;1.0;1;1;0;0;1;3;3;4;9;1
166;3;1;0;2;0;0;12;2;5;2;12;3;2;6;0;3;3;6;0;2.0;1.0;1;3;2;3;3;3;3;4;18;1
166;3;0;0;2;0;0;3;1;5;2;8;2;2;6;0;3;3;6;2;2.0;1.0;2;3;2;3;3;3;3;4;18;1
587;0;2;0;1;0;1;5;1;5;2;8;2;2;5;4;3;2;6;2;3.0;2.0;1;1;0;1;2;6;3;4;6;1
587;0;4;0;1;2;4;11;3;5;2;8;4;2;5;0;3;2;6;2;3.0;2.0;1;1;0;0;2;6;3;4;6;1
587;0;4;0;3;0;1;11;1;5;2;12;0;2;5;0;3;2;6;8;3.0;2.0;5;3;2;3;3;3;3;4;13;1
587;0;0;0;2;0;4;3;1;5;2;9;2;2;5;0;3;2;6;2;3.0;2.0;6;1;0;0;2;3;3;4;18;1
544;0;2;1;1;0;1;13;1;1;2;9;2;6;6;0;3;3;6;6;2.0;1.0;4;1;0;1;2;3;3;4;0;1
544;0;4;0;2;1;5;3;1;2;2;2;2;2;6;0;3;3;6;2;2.0;1.0;1;3;2;3;3;3;3;4;11;1
983;1;4;0;2;0;0;5;1;2;2;12;2;2;6;0;3;3;6;2;2.0;1.0;1;0;1;0;1;3;3;6;18;1
983;1;0;0;2;2;2;3;1;5;2;9;2;2;6;0;3;3;6;2;2.0;1.0;1;1;0;1;2;3;3;4;11;1
857;4;2;1;2;0;0;3;1;1;2;12;0;2;4;0;0;2;3;7;2.0;1.0;1;3;2;3;3;3;3;4;13;0
857;4;0;0;2;0;4;13;1;1;2;9;0;2;4;0;0;2;3;2;2.0;1.0;1;3;2;3;3;3;3;4;18;0
278;0;0;0;2;0;0;3;1;1;2;9;2;2;4;0;0;3;6;2;2.0;1.0;1;1;0;0;2;3;3;4;18;1
278;0;2;0;2;0;0;9;1;2;2;12;2;2;4;0;0;3;6;2;2.0;1.0;1;1;0;0;2;3;3;4;16;1
932;3;3;0;2;0;1;3;1;5;2;12;2;2;6;0;3;3;6;0;2.0;1.0;1;1;0;0;2;6;3;4;16;1
932;3;1;0;1;0;0;3;1;5;2;12;0;2;6;0;3;3;6;6;2.0;1.0;3;0;1;1;2;3;3;4;1;1
1007;5;3;0;2;0;0;3;1;5;2;12;3;2;4;4;3;3;6;2;1.0;1.0;3;1;0;0;2;3;3;4;18;1
131;6;1;0;3;0;4;3;1;5;2;9;2;2;4;0;3;3;6;2;3.0;3.0;3;3;2;3;3;3;3;4;10;1
131;6;0;0;2;0;4;0;1;1;2;1;0;2;4;0;3;3;6;6;3.0;3.0;9;1;0;0;2;3;3;4;1;1
131;6;0;0;3;0;4;3;1;5;2;12;5;2;4;0;3;3;6;2;3.0;3.0;1;0;0;4;2;3;3;6;0;1
131;6;0;0;2;0;4;3;1;5;2;8;0;2;4;0;3;3;6;2;3.0;3.0;1;3;2;3;3;3;3;4;7;1
131;6;1;0;2;0;0;3;1;5;2;12;0;2;4;0;3;3;6;2;3.0;3.0;7;1;0;1;2;6;3;4;9;1
1047;3;2;0;2;0;2;2;1;5;2;8;0;2;5;0;3;3;6;0;1.0;1.0;1;3;2;3;3;3;3;4;11;1
372;2;1;0;1;2;1;11;1;5;2;8;4;2;6;0;3;3;1;0;1.0;1.0;5;1;0;1;2;3;3;4;0;1
332;0;2;0;2;0;1;13;1;5;2;8;0;2;5;0;3;3;6;7;1.0;1.0;1;3;2;3;3;3;3;4;0;1
341;6;2;0;2;0;2;12;1;5;2;12;0;2;6;0;3;3;6;2;2.0;1.0;1;1;0;1;2;3;3;4;13;1
341;6;0;0;2;0;2;2;3;5;2;12;3;2;6;4;3;3;6;2;2.0;1.0;1;1;1;2;2;3;3;4;13;1
164;0;4;0;2;0;1;5;1;5;2;8;1;2;6;0;3;3;8;2;2.0;1.0;1;0;0;4;2;3;3;8;1;1
164;0;2;1;1;0;4;3;1;5;2;9;5;2;6;0;3;3;8;7;2.0;1.0;8;3;2;3;3;3;3;4;13;1
617;6;2;0;3;0;2;3;3;1;2;1;0;2;4;0;0;3;5;7;1.0;1.0;1;1;0;1;2;6;3;4;18;1
957;6;0;0;2;0;4;6;1;0;2;12;5;2;6;0;3;3;6;2;1.0;1.0;1;0;0;0;2;6;3;6;13;0
728;2;0;0;6;0;1;13;1;4;2;9;5;2;6;0;3;0;6;2;1.0;2.0;1;3;2;3;3;3;3;4;0;0
728;2;0;0;2;0;1;13;1;5;2;12;5;2;6;0;3;0;6;2;1.0;2.0;4;1;0;0;2;3;3;4;1;0
681;0;4;0;1;0;1;15;1;5;2;12;5;2;5;3;3;2;5;6;2.0;3.0;1;0;0;0;2;3;3;6;16;1
681;0;0;0;2;0;0;9;1;2;2;12;4;2;5;0;3;2;5;2;2.0;3.0;1;0;0;1;2;3;3;5;18;1
681;0;0;0;1;0;2;13;1;5;2;12;2;2;5;0;3;2;5;6;2.0;3.0;3;3;2;3;3;3;3;4;16;1
553;3;2;0;3;0;1;11;1;1;2;12;5;2;6;0;3;3;6;2;3.0;2.0;9;1;0;4;2;3;3;4;10;1
553;3;1;0;2;0;0;3;1;5;2;11;0;2;6;0;3;3;6;2;3.0;2.0;3;1;0;2;2;6;3;4;0;1
553;3;1;0;3;0;0;2;1;5;2;8;2;2;6;0;3;3;6;6;3.0;2.0;8;3;2;3;3;6;3;4;18;1
553;3;3;1;1;0;5;2;1;5;2;8;2;2;6;0;3;3;6;2;3.0;2.0;1;1;0;1;2;6;3;4;18;1
154;4;0;0;2;2;2;12;1;2;2;8;2;2;4;0;3;3;5;2;1.0;1.0;1;0;1;5;2;3;3;4;1;1
1048;2;1;0;2;0;0;3;1;5;2;11;2;2;6;0;3;3;8;6;2.0;1.0;1;1;0;0;2;6;3;4;0;1
1048;2;2;1;2;0;1;14;3;5;2;11;0;2;6;0;3;3;8;6;2.0;1.0;2;3;2;3;3;6;3;4;0;1
179;5;3;0;2;0;2;14;1;5;2;8;2;2;5;0;3;3;6;2;1.0;1.0;3;3;2;3;3;3;1;4;10;1
417;3;1;0;2;0;2;13;1;5;2;8;2;2;5;0;3;3;6;2;2.0;1.0;1;1;0;0;2;3;3;4;13;1
417;3;1;0;2;0;2;13;3;4;2;11;2;2;5;0;3;3;6;2;2.0;1.0;1;0;1;0;1;6;3;4;1;1
105;0;3;0;2;0;1;15;1;0;2;12;2;2;4;0;3;3;6;2;2.0;1.0;1;0;1;2;2;6;3;4;17;0
105;0;3;0;2;0;4;3;1;4;2;12;2;2;4;0;3;3;6;2;2.0;1.0;2;1;0;1;2;3;3;4;18;0
561;3;0;0;2;2;4;12;1;3;2;12;0;2;5;0;3;3;6;2;3.0;1.0;1;2;0;0;2;3;3;4;18;1
561;3;0;0;2;0;2;2;1;4;2;12;2;2;5;0;3;3;6;2;3.0;1.0;0;1;0;0;2;3;3;4;1;1
561;3;3;0;3;2;4;3;1;5;2;9;0;2;5;0;3;3;6;2;3.0;1.0;8;2;0;5;2;3;3;4;0;1
484;1;2;0;2;0;2;3;3;0;2;12;0;2;4;3;0;0;3;2;1.0;1.0;1;3;2;3;3;3;3;4;6;1
437;2;0;0;2;2;2;3;1;0;2;12;0;2;5;0;3;3;6;2;2.0;2.0;2;1;0;0;2;2;3;4;18;0
437;2;0;0;2;2;4;3;1;5;2;4;0;2;5;0;3;3;6;2;2.0;2.0;1;2;1;4;2;0;3;4;1;0
437;2;3;0;1;2;4;0;1;5;2;1;0;2;5;0;3;3;6;2;2.0;2.0;1;3;2;3;3;3;3;4;13;0
293;4;4;0;2;0;2;15;1;4;2;2;2;2;6;0;3;3;6;2;2.0;1.0;2;1;0;2;2;1;3;4;18;1
293;4;2;0;3;0;2;13;1;5;2;8;2;2;6;0;3;3;6;2;2.0;1.0;1;0;1;1;2;3;3;5;17;1
965;6;0;0;3;2;4;13;1;5;2;12;2;2;4;0;3;3;6;2;1.0;1.0;7;1;0;1;2;3;3;4;1;1
533;5;0;0;2;2;3;11;1;5;2;8;0;2;4;0;3;3;6;2;2.0;1.0;1;1;0;0;2;3;3;4;18;1
533;5;2;0;2;2;1;2;1;5;2;8;2;2;4;0;3;3;6;2;2.0;1.0;1;1;0;0;2;0;3;4;6;1
446;2;1;0;2;2;1;3;1;5;2;12;2;2;4;0;0;3;6;2;2.0;2.0;1;2;1;0;2;3;3;4;16;1
446;2;1;0;1;2;2;4;1;4;2;9;0;2;4;0;0;3;6;6;2.0;2.0;1;1;0;0;2;3;3;4;0;1
484;2;0;0;2;2;2;9;1;4;2;8;5;3;5;3;3;3;6;2;1.0;1.0;3;1;0;0;2;3;3;4;13;1
1056;0;1;0;2;2;3;3;1;4;2;9;5;2;6;0;3;3;6;7;2.0;1.0;1;1;0;4;2;6;3;4;16;1
1056;0;0;0;3;2;4;4;1;5;2;11;2;2;6;0;3;3;6;2;2.0;1.0;1;3;2;3;3;3;3;4;17;1
426;5;1;0;3;2;3;9;1;4;2;8;2;7;4;0;3;3;6;6;2.0;1.0;1;3;2;3;3;1;3;4;1;0
426;5;1;0;2;2;2;11;1;2;2;12;5;2;4;0;3;3;6;2;2.0;1.0;2;1;1;1;2;3;3;4;1;0
980;3;2;0;2;2;2;13;1;4;2;12;0;2;5;0;0;3;6;2;2.0;1.0;4;3;2;3;3;3;3;4;10;1
980;3;0;0;2;2;2;12;1;4;2;2;5;2;5;0;0;3;6;2;2.0;1.0;1;1;0;1;2;6;3;4;13;1
1025;6;1;0;2;0;0;3;1;5;2;8;2;2;2;0;3;3;6;2;2.0;1.0;1;0;1;0;2;6;3;5;0;1
1025;6;0;0;1;2;2;14;1;5;2;12;2;2;2;0;3;3;6;2;2.0;1.0;1;1;0;1;2;6;3;4;0;1
548;1;2;0;2;0;2;3;1;5;2;8;2;0;6;2;3;3;6;0;2.0;1.0;1;3;2;3;3;3;2;4;18;1
548;1;2;1;2;0;2;5;1;5;2;8;2;2;6;0;3;3;6;6;2.0;1.0;3;1;0;0;2;3;0;4;13;1
686;5;2;1;2;0;2;15;1;4;2;8;2;7;4;0;0;2;6;2;2.0;1.0;1;2;0;0;2;3;3;4;18;1
686;5;1;0;2;0;4;4;1;4;2;2;0;7;4;0;0;2;6;6;2.0;1.0;1;2;1;2;2;6;3;4;6;1
777;4;1;0;2;0;2;13;1;4;2;8;0;6;6;0;0;2;3;2;3.0;1.0;1;3;2;3;3;3;3;4;17;1
777;4;1;0;2;0;5;2;1;2;2;12;3;6;6;0;0;2;3;2;3.0;1.0;1;2;0;4;2;3;3;4;16;1
777;4;1;0;0;0;3;3;1;5;2;12;2;2;6;0;0;2;3;2;3.0;1.0;1;0;0;4;1;3;3;6;13;1
660;6;1;0;3;0;2;14;1;2;2;2;6;3;5;0;3;2;6;2;3.0;1.0;1;2;0;1;2;3;3;4;0;1
660;6;3;0;3;0;2;15;1;0;2;11;0;2;5;0;3;2;6;2;3.0;1.0;1;0;1;4;1;3;3;4;18;1
660;6;2;0;2;0;2;14;1;5;2;2;2;2;5;0;3;2;6;6;3.0;1.0;1;3;2;3;3;3;3;4;6;1
416;1;2;0;1;0;2;3;1;4;2;8;0;2;4;0;3;2;8;2;2.0;1.0;1;1;0;0;2;3;3;4;1;1
416;1;0;0;2;0;2;12;1;1;2;12;5;2;4;0;3;2;8;6;2.0;1.0;1;0;1;4;2;0;3;8;13;1
212;6;0;0;2;0;1;12;1;4;2;2;2;5;4;0;3;3;6;2;2.0;4.0;2;0;1;4;2;3;3;4;18;0
212;6;0;0;6;0;2;14;3;0;2;12;3;2;4;0;3;3;6;2;2.0;4.0;1;3;2;3;3;3;3;4;0;0
212;6;0;0;2;0;4;15;3;4;2;12;3;2;4;0;3;3;6;2;2.0;4.0;4;1;0;0;2;6;3;4;16;0
212;6;4;0;2;0;0;15;2;2;2;8;2;6;4;0;3;3;6;2;2.0;4.0;1;3;2;3;3;6;3;4;19;0
140;2;2;0;6;0;3;14;2;4;2;12;2;2;4;0;3;3;6;2;2.0;1.0;1;1;0;1;2;3;3;4;18;0
140;2;0;0;3;0;0;16;1;1;2;12;2;2;4;0;3;3;6;2;2.0;1.0;1;0;0;0;2;6;3;5;18;0
475;5;0;0;2;0;2;14;3;5;2;9;2;2;4;0;3;3;0;2;2.0;1.0;1;2;1;1;2;3;3;4;1;1
475;5;1;0;3;0;4;14;1;1;2;8;2;2;4;0;3;3;0;2;2.0;1.0;2;3;2;3;3;6;3;4;16;1
965;0;1;0;2;0;2;6;1;1;2;2;4;2;0;0;3;3;6;2;2.0;1.0;1;0;0;2;2;3;3;0;6;0
965;0;4;0;3;0;1;3;1;0;2;12;0;2;0;3;3;3;6;2;2.0;1.0;4;1;0;1;2;6;3;4;0;0
209;1;1;0;2;0;1;3;1;4;2;0;5;8;4;0;3;3;6;2;2.0;1.0;1;3;2;3;3;6;3;4;18;1
209;1;4;0;2;0;4;4;1;4;2;12;2;3;4;0;3;3;6;0;2.0;1.0;1;3;2;3;3;6;3;4;0;1
508;2;0;0;2;0;1;3;1;5;2;12;0;3;6;0;0;2;3;6;1.0;1.0;1;1;0;0;2;3;3;4;18;1
635;3;2;1;2;2;3;11;1;5;2;2;0;2;4;0;3;3;6;2;1.0;1.0;1;2;1;0;2;0;3;4;10;1
671;1;2;1;2;0;1;3;3;0;2;9;0;2;4;0;3;2;8;2;1.0;1.0;1;0;0;4;1;3;3;2;1;1
965;1;4;0;2;0;4;3;1;5;2;12;0;2;5;0;3;3;6;6;2.0;1.0;3;3;2;3;3;3;3;4;19;1
965;1;1;0;2;0;1;3;1;5;2;12;2;2;5;0;3;3;6;2;2.0;1.0;9;0;1;0;2;3;3;4;12;1
971;1;0;0;3;0;4;14;1;5;2;12;3;2;6;2;3;3;6;2;2.0;1.0;1;0;1;5;2;3;3;4;6;1
971;1;0;0;3;0;4;6;1;5;2;1;2;2;6;0;3;3;6;2;2.0;1.0;4;2;1;5;2;6;3;4;11;1
975;1;0;0;3;1;4;6;1;5;2;1;4;2;5;0;3;3;6;0;1.0;1.0;1;0;0;0;2;3;3;6;18;1
361;1;0;0;2;0;4;15;1;5;2;12;2;2;4;0;0;3;3;0;2.0;1.0;1;1;0;1;2;3;3;4;3;0
361;1;4;0;2;0;3;15;2;0;2;8;2;2;4;4;0;3;3;7;2.0;1.0;1;2;0;1;2;3;3;4;6;0
678;2;0;2;3;0;2;4;1;1;2;9;2;2;6;0;3;2;6;2;2.0;1.0;1;2;0;0;2;3;3;4;17;1
678;2;2;1;2;0;1;3;1;1;2;12;2;2;6;0;3;2;6;2;2.0;1.0;1;3;2;3;3;3;3;4;18;1
344;3;3;0;2;0;4;3;1;0;2;9;0;8;6;0;3;3;6;2;1.0;1.0;1;3;2;3;3;6;3;4;16;1
308;3;2;1;2;0;3;3;1;5;2;2;3;2;6;0;3;3;6;7;1.0;1.0;4;1;0;0;2;3;3;4;19;1
287;4;0;0;2;2;1;14;1;1;2;12;4;2;4;0;0;3;3;7;2.0;1.0;4;1;0;1;2;3;3;4;17;1
287;4;1;0;2;0;4;14;1;2;2;8;2;3;4;0;0;3;3;2;2.0;1.0;1;3;2;3;3;6;3;4;0;1
197;3;0;0;6;0;1;3;1;1;2;12;0;2;6;0;3;3;6;2;2.0;2.0;3;0;1;0;2;6;3;6;13;1
197;3;3;0;2;0;1;11;1;5;2;1;2;8;6;0;3;3;6;2;2.0;2.0;3;1;0;4;2;3;3;4;1;1
413;0;0;0;1;0;1;3;1;5;2;12;0;2;2;0;3;3;6;6;2.0;1.0;1;3;2;3;3;6;3;4;18;1
413;0;1;0;2;0;0;2;1;0;2;8;2;2;2;0;3;3;6;2;2.0;1.0;8;1;0;0;2;3;3;4;6;1
358;1;2;0;1;0;2;10;3;5;2;9;0;2;6;0;3;3;6;6;2.0;2.0;2;3;2;3;3;3;3;4;10;1
358;1;0;0;3;0;1;13;1;5;2;8;4;2;6;0;3;3;6;2;2.0;2.0;1;3;2;3;3;3;3;4;6;1
358;1;0;0;2;0;0;4;1;5;2;8;2;2;6;0;3;3;6;2;2.0;2.0;3;1;0;1;2;6;3;4;6;1
719;2;0;0;3;0;0;15;1;5;2;2;3;2;4;0;3;2;6;6;2.0;1.0;3;1;0;0;2;3;3;4;0;1
719;2;1;0;1;0;5;13;1;5;2;2;0;2;4;2;3;2;6;2;2.0;1.0;2;0;1;2;2;0;3;4;18;1
940;5;0;0;2;2;2;9;1;5;2;9;0;2;5;0;3;3;6;2;2.0;1.0;4;1;0;1;2;3;3;4;6;1
940;5;1;0;2;0;0;3;1;5;2;12;0;2;5;0;3;3;6;6;2.0;1.0;9;3;2;3;3;3;3;4;17;1
340;5;2;0;2;0;1;3;1;5;2;12;5;2;4;0;3;3;6;6;2.0;1.0;1;1;0;0;2;3;3;4;18;1
340;5;0;0;2;0;2;3;1;5;2;12;0;2;4;4;3;3;6;2;2.0;1.0;1;3;2;3;3;3;3;4;13;1
744;4;0;0;2;0;2;11;1;1;2;9;0;2;6;0;3;2;6;2;3.0;1.0;1;1;0;0;2;3;3;4;13;1
744;4;0;0;2;0;2;3;1;5;2;8;0;2;6;4;3;2;6;2;3.0;1.0;1;3;2;3;3;3;3;4;16;1
744;4;3;0;2;0;1;0;1;5;2;9;0;2;6;0;3;2;6;2;3.0;1.0;2;3;2;3;3;0;3;4;18;1
362;2;0;0;2;0;4;0;1;5;2;12;2;2;6;0;3;3;6;2;2.0;1.0;1;1;0;1;2;3;3;4;13;0
362;2;4;0;2;2;4;11;1;5;2;12;2;2;6;0;3;3;6;2;2.0;1.0;1;1;0;0;2;0;3;4;0;0
426;1;0;0;2;0;2;3;1;5;2;1;2;2;4;0;3;3;6;2;2.0;1.0;1;3;2;3;3;6;3;4;13;1
426;1;1;0;3;2;4;8;1;2;2;2;4;2;4;0;3;3;6;2;2.0;1.0;1;1;0;1;2;3;3;4;0;1
623;0;0;0;2;0;2;3;1;5;2;11;2;2;4;0;0;2;3;2;1.0;1.0;3;0;0;1;2;3;3;4;6;1
980;5;2;0;2;2;2;13;1;1;2;8;0;2;4;0;3;3;6;2;2.0;1.0;1;3;2;3;3;6;3;4;0;1
980;5;0;0;2;2;4;3;1;0;2;12;2;2;4;0;3;3;6;2;2.0;1.0;1;1;0;1;2;6;3;4;18;1
94;0;2;1;1;2;4;6;1;2;2;9;0;2;6;0;3;3;6;2;1.0;1.0;1;3;2;3;3;3;3;4;13;1
452;0;0;0;2;0;2;10;1;4;2;12;0;2;6;0;3;3;6;2;2.0;1.0;1;1;0;2;2;3;3;4;6;1
452;0;4;0;3;0;2;3;1;0;2;12;5;8;6;0;3;3;6;2;2.0;1.0;2;3;2;3;3;6;3;4;18;1
572;3;0;0;3;2;4;6;1;1;2;8;4;8;6;0;3;3;6;2;3.0;1.0;9;2;1;0;1;6;3;4;16;1
572;3;0;0;2;2;3;3;1;5;2;9;2;2;6;0;3;3;6;2;3.0;1.0;1;1;0;1;2;3;3;4;0;1
572;3;2;0;2;2;1;13;1;5;2;12;2;2;6;0;3;3;6;2;3.0;1.0;1;3;2;3;3;3;3;4;13;1
653;3;0;0;2;2;1;13;2;1;2;9;0;2;5;0;3;3;6;2;2.0;4.0;1;0;0;2;2;3;3;4;10;2
653;3;1;0;1;2;2;5;1;5;2;2;2;2;5;0;3;3;6;6;2.0;4.0;1;3;2;3;3;3;3;4;0;2
653;3;1;0;2;2;2;13;3;5;2;9;2;2;5;0;3;3;6;2;2.0;4.0;1;1;1;1;2;3;3;4;16;2
653;3;1;0;2;2;3;13;1;5;2;8;4;2;5;0;3;3;6;7;2.0;4.0;1;0;0;2;1;3;3;4;1;2
483;6;0;0;3;2;4;5;3;3;2;9;2;2;6;0;0;3;3;2;3.0;1.0;4;3;2;3;3;3;3;4;6;1
483;6;3;0;3;2;3;0;1;5;2;12;4;2;6;0;0;3;3;6;3.0;1.0;1;1;1;4;2;3;3;4;17;1
483;6;0;0;2;2;2;3;1;5;2;4;2;2;6;0;0;3;3;2;3.0;1.0;5;3;2;3;3;3;3;4;17;1
201;5;3;0;2;2;2;4;1;5;2;2;2;2;0;3;0;3;6;2;2.0;1.0;1;1;0;0;2;3;3;4;0;1
201;5;1;0;2;2;2;11;1;1;2;9;0;8;0;0;0;3;6;2;2.0;1.0;1;1;0;0;2;3;3;4;8;1
358;4;1;0;2;0;0;2;1;5;2;12;2;2;6;0;3;3;6;2;2.0;1.0;1;3;2;3;3;3;3;4;1;1
358;4;2;1;1;2;2;3;1;5;2;12;2;2;6;0;3;3;6;2;2.0;1.0;1;3;2;3;3;3;3;4;1;1
50;1;1;0;2;0;2;3;1;0;2;8;0;2;6;0;3;3;6;0;2.0;1.0;1;1;0;0;2;3;3;4;7;1
50;1;1;0;2;0;2;11;1;4;2;5;2;3;6;0;3;3;6;6;2.0;1.0;9;1;0;1;2;3;3;4;1;1
254;6;0;0;2;0;2;4;1;4;2;2;2;8;7;0;3;3;6;2;2.0;1.0;9;3;2;3;3;3;3;4;10;1
254;6;1;0;2;0;4;13;1;5;2;8;5;3;7;0;3;3;6;2;2.0;1.0;9;0;1;5;2;3;3;6;17;1
504;6;2;0;2;0;2;3;1;4;2;2;2;8;4;0;0;2;3;6;2.0;1.0;5;3;2;3;3;3;3;4;1;1
504;6;0;0;2;0;5;3;1;5;2;8;5;3;4;0;0;2;3;2;2.0;1.0;1;1;0;1;2;3;3;4;13;1
627;5;0;0;0;0;3;13;3;5;2;8;0;2;5;0;0;2;3;2;2.0;1.0;12;1;1;0;2;3;3;4;18;1
627;5;4;0;3;0;2;13;1;0;2;11;2;2;5;2;0;2;3;2;2.0;1.0;4;3;2;3;3;3;3;4;0;1
524;6;2;1;3;0;2;13;1;3;2;9;2;2;4;0;3;2;8;2;2.0;2.0;3;3;2;3;3;3;3;4;16;1
524;6;4;0;2;0;2;4;1;5;2;8;5;3;4;3;3;2;8;2;2.0;2.0;1;1;1;0;1;3;3;4;13;1
524;6;4;0;1;0;2;4;1;5;2;7;5;2;4;0;3;2;8;2;2.0;2.0;1;1;0;1;2;3;3;4;11;1
101;6;2;1;2;0;2;3;1;5;2;12;2;2;6;0;3;3;6;7;2.0;1.0;1;3;2;3;3;3;3;4;1;1
101;6;3;0;2;0;1;2;1;5;2;9;0;2;6;0;3;3;6;2;2.0;1.0;4;1;1;1;2;3;3;4;0;1
121;0;2;0;6;0;2;3;1;5;2;8;0;2;4;3;3;3;6;6;2.0;1.0;2;3;2;3;3;3;3;4;11;1
121;0;0;0;2;0;4;3;1;5;2;8;0;2;4;0;3;3;6;2;2.0;1.0;9;3;2;3;3;3;3;4;12;1
1055;6;3;0;2;0;0;9;1;5;2;9;0;2;4;0;3;3;5;2;2.0;1.0;5;1;0;0;2;3;3;4;4;1
1055;6;1;0;6;0;3;3;1;5;2;8;0;2;4;0;3;3;5;2;2.0;1.0;1;2;0;1;2;3;3;4;16;1
514;0;2;1;3;0;0;3;1;5;2;8;0;2;4;0;3;3;8;2;2.0;1.0;1;1;0;0;2;3;3;4;0;1
514;0;4;0;2;0;2;5;1;5;2;8;2;2;4;0;3;3;8;2;2.0;1.0;1;3;2;3;3;3;3;4;13;1
565;3;0;0;2;0;0;14;1;5;2;8;2;2;4;0;3;3;6;2;2.0;1.0;1;3;2;3;3;3;3;4;1;1
565;3;2;0;3;2;2;3;1;5;2;12;0;2;4;0;3;3;6;2;2.0;1.0;1;3;2;3;3;3;3;4;17;1
314;6;2;1;2;0;1;3;1;5;2;12;2;2;6;0;3;3;6;2;1.0;1.0;1;1;0;0;2;3;3;4;18;1
644;0;2;0;2;2;3;0;1;1;2;12;2;2;6;0;3;2;6;2;2.0;1.0;1;1;0;2;2;3;3;4;16;1
644;0;4;0;6;0;2;4;1;1;2;9;4;2;6;0;3;2;6;6;2.0;1.0;1;3;2;3;3;3;3;4;18;1
382;5;0;0;6;0;2;13;1;1;2;11;0;0;4;0;3;3;8;2;2.0;3.0;1;1;1;1;2;3;3;4;18;1
382;5;0;0;2;0;2;3;1;1;2;9;0;0;4;0;3;3;8;6;2.0;3.0;5;3;2;3;3;3;3;4;13;1
382;5;0;0;2;0;1;6;1;1;2;8;2;2;4;0;3;3;8;2;2.0;3.0;9;0;0;0;2;3;3;8;0;1
382;5;1;0;2;0;4;3;1;5;2;2;4;2;4;0;3;3;8;2;2.0;3.0;1;0;1;0;2;3;3;6;17;1
307;0;0;0;2;0;2;0;1;5;2;12;0;2;4;0;3;3;6;2;1.0;1.0;9;0;1;2;2;3;3;6;13;0
1000;1;1;0;2;0;4;5;1;1;2;12;4;2;6;0;3;3;6;7;2.0;1.0;1;1;0;5;2;6;3;4;19;1
1000;1;1;0;2;0;1;3;1;2;2;12;2;2;6;0;3;3;6;2;2.0;1.0;9;0;0;0;2;6;3;4;11;1
504;3;1;0;2;0;3;13;1;5;2;12;2;2;6;0;3;3;6;2;2.0;1.0;1;0;0;1;2;3;3;6;12;1
504;3;2;0;2;0;3;3;1;5;2;8;0;2;6;0;3;3;6;2;2.0;1.0;1;0;0;4;2;3;3;6;0;1
1029;6;1;0;2;2;2;4;1;5;2;8;1;2;4;0;3;3;3;7;4.0;3.0;1;0;0;1;2;3;3;2;14;1
1029;6;3;0;2;0;1;5;1;5;2;9;0;2;4;3;3;3;3;6;4.0;3.0;1;0;0;1;2;3;3;4;4;1
1029;6;0;0;3;0;3;3;1;5;2;8;4;2;4;0;3;3;3;2;4.0;3.0;1;3;2;3;3;3;3;4;1;1
1029;6;0;1;2;0;1;3;1;5;2;9;2;2;4;0;3;3;3;2;4.0;3.0;5;1;0;0;2;3;3;4;0;1
1036;5;1;0;2;0;2;3;1;5;2;8;0;2;4;4;0;3;3;2;2.0;1.0;1;1;1;5;2;3;3;4;17;1
1036;5;1;0;1;0;4;11;1;5;2;12;2;2;4;0;0;3;3;2;2.0;1.0;9;3;2;3;3;3;3;4;5;1
307;6;2;0;1;0;4;2;1;5;2;8;4;2;4;0;3;3;6;2;2.0;2.0;9;2;1;1;2;3;3;4;1;1
307;6;2;0;2;0;2;2;1;5;2;11;0;2;4;0;3;3;6;2;2.0;2.0;9;3;2;3;3;6;3;4;16;1
307;6;2;0;3;0;0;2;1;5;2;9;4;2;4;0;3;3;6;2;2.0;2.0;1;1;0;0;2;3;3;4;0;1
162;2;1;0;3;0;2;6;1;5;2;8;0;2;4;0;3;3;6;6;2.0;2.0;1;3;2;3;3;3;3;4;18;1
162;2;1;0;2;0;2;13;1;5;2;9;0;2;4;0;3;3;6;6;2.0;2.0;1;1;0;0;2;3;3;4;17;1
254;1;0;0;2;0;0;5;1;4;2;8;0;2;4;0;3;3;6;2;3.0;4.0;1;3;2;3;3;3;3;4;18;1
254;1;4;0;2;2;2;3;1;4;2;9;4;2;4;0;3;3;6;2;3.0;4.0;5;1;0;0;2;3;3;4;16;1
254;1;4;0;1;2;4;3;1;5;2;12;5;2;4;0;3;3;6;2;3.0;4.0;1;2;0;0;2;3;3;4;4;1
254;1;0;0;2;2;3;11;0;5;2;12;2;2;4;0;3;3;6;2;3.0;4.0;1;3;2;3;3;3;3;4;6;1
273;5;2;1;6;2;2;13;1;2;2;8;2;2;5;0;3;3;6;2;2.0;1.0;1;3;2;3;3;3;3;4;1;0
273;5;3;0;0;0;4;13;1;4;2;8;2;2;5;0;3;3;6;0;2.0;1.0;2;1;0;2;2;3;3;4;6;0
494;3;2;0;1;0;3;13;1;1;2;9;2;2;4;0;3;3;8;2;2.0;1.0;9;0;1;1;2;3;3;4;1;1
494;3;1;0;2;0;0;0;1;5;2;12;2;2;4;0;3;3;8;6;2.0;1.0;1;3;2;3;3;3;3;4;16;1
1017;1;0;0;2;0;4;5;3;5;2;12;0;2;6;0;3;3;6;7;1.0;1.0;1;3;2;3;3;6;3;4;18;1
951;1;2;0;2;2;4;2;1;5;2;8;2;2;7;0;3;3;6;2;2.0;1.0;2;1;0;0;2;6;3;4;0;1
951;1;0;0;2;0;4;5;1;5;2;8;2;2;7;0;3;3;6;2;2.0;1.0;1;3;2;3;3;3;3;4;0;1
249;5;0;2;2;0;5;2;1;5;2;2;0;2;6;0;3;3;6;2;1.0;1.0;2;1;0;4;2;3;3;4;9;1
558;3;2;0;2;0;0;5;3;5;2;12;4;2;6;0;3;3;6;2;2.0;2.0;5;0;0;5;2;6;3;5;18;1
558;3;1;0;5;2;0;11;1;5;2;8;0;2;6;0;3;3;6;2;2.0;2.0;1;2;1;5;2;6;3;4;0;1
558;3;1;0;2;2;3;3;1;0;2;8;2;2;6;2;3;3;6;2;2.0;2.0;1;0;0;5;2;3;3;4;1;1
110;1;3;0;2;2;0;13;1;3;2;9;2;2;4;0;3;3;6;2;2.0;1.0;1;3;2;3;3;0;3;4;19;1
110;1;3;0;2;2;1;10;1;5;2;12;0;2;4;0;3;3;6;6;2.0;1.0;1;1;0;1;2;3;3;4;4;1
439;5;2;0;4;2;2;13;1;2;2;9;2;2;4;0;3;3;6;0;2.0;1.0;1;0;1;5;1;3;3;4;4;1
439;5;1;0;4;2;4;13;3;5;2;8;2;2;4;0;3;3;6;2;2.0;1.0;1;0;0;1;2;3;3;1;18;1
961;3;0;0;2;2;1;0;1;2;2;8;0;2;5;0;3;3;6;7;1.0;1.0;1;3;2;3;3;3;3;4;16;1
522;3;1;0;3;2;4;3;1;4;2;12;0;2;4;0;3;3;1;2;1.0;1.0;1;3;2;3;3;3;3;4;11;1
156;3;1;0;6;2;2;3;1;0;2;12;5;8;6;0;3;3;1;2;4.0;2.0;1;1;0;1;1;3;3;4;17;1
156;3;1;0;2;2;2;3;1;1;2;8;4;8;6;0;3;3;1;7;4.0;2.0;1;0;1;5;2;3;3;4;18;1
156;3;1;0;2;2;2;0;1;5;2;9;2;2;6;0;3;3;1;7;4.0;2.0;1;0;1;0;2;3;3;4;0;1
156;3;2;0;2;2;3;15;1;5;2;12;2;2;6;0;3;3;1;2;4.0;2.0;1;0;1;0;2;6;3;4;6;1
1002;1;0;0;2;2;1;4;2;1;2;9;0;2;6;0;3;3;6;2;2.0;1.0;1;1;0;1;2;6;3;4;0;1
1002;1;2;1;3;0;1;15;1;5;2;2;2;2;6;0;3;3;6;2;2.0;1.0;1;0;0;0;1;6;3;4;11;1
905;5;3;0;2;0;1;4;3;5;2;9;2;2;5;0;0;3;3;2;2.0;1.0;1;3;2;3;3;6;3;4;4;1
905;5;1;0;2;0;1;10;1;5;2;8;4;2;5;0;0;3;3;2;2.0;1.0;1;1;0;0;2;3;3;4;7;1
469;1;4;0;2;0;2;15;3;3;2;9;2;2;4;0;3;3;6;6;2.0;1.0;9;2;0;0;2;6;3;4;9;1
469;1;0;0;2;0;2;3;1;5;2;12;4;2;4;0;3;3;6;2;2.0;1.0;1;1;0;0;2;6;3;4;15;1
895;5;1;0;2;0;4;3;1;5;2;4;2;2;4;0;3;3;6;2;1.0;1.0;1;2;0;0;2;6;3;4;0;0
124;5;1;0;3;0;2;13;1;5;2;2;2;2;4;2;3;3;6;2;1.0;1.0;1;1;0;4;2;3;3;4;18;1
278;3;1;0;2;0;2;2;1;1;2;9;0;8;4;0;3;3;8;2;2.0;1.0;1;3;2;3;3;3;3;4;4;1
278;3;0;0;2;0;4;2;1;5;2;12;2;2;4;2;3;3;8;2;2.0;1.0;4;1;0;0;2;3;3;4;16;1
324;0;2;1;3;2;2;3;1;5;2;12;2;2;6;0;3;3;8;2;2.0;1.0;1;1;1;0;2;3;3;4;1;1
324;0;2;1;2;2;2;2;1;0;2;8;0;2;6;0;3;3;8;2;2.0;1.0;1;2;1;5;2;6;3;4;17;1
970;6;2;0;2;0;2;3;1;4;2;5;2;3;6;0;3;3;6;2;1.0;1.0;1;3;2;3;3;3;3;4;11;0
521;0;0;0;2;0;3;6;1;4;2;2;2;8;4;0;3;3;6;2;2.0;1.0;1;0;1;1;2;3;3;6;6;1
521;0;2;0;2;0;2;13;1;5;2;8;5;3;4;0;3;3;6;2;2.0;1.0;1;3;2;3;3;3;3;4;16;1
719;6;0;0;2;0;2;3;1;4;2;2;2;8;6;0;3;2;6;2;1.0;2.0;1;1;0;0;2;3;3;4;17;1
719;6;0;0;2;0;2;3;1;5;2;8;5;3;6;0;3;2;6;2;1.0;2.0;1;0;1;0;1;3;3;4;0;1
113;1;4;0;2;0;4;3;3;5;2;8;0;2;5;0;3;3;6;2;2.0;1.0;1;1;0;4;2;3;3;4;6;1
113;1;0;0;1;0;4;13;1;0;2;11;2;2;5;0;3;3;6;2;2.0;1.0;1;3;2;3;3;3;3;4;0;1
109;6;0;0;2;0;4;3;1;3;2;9;2;2;1;0;3;3;6;2;2.0;1.0;4;3;2;3;3;3;3;4;0;1
109;6;0;0;2;0;4;13;1;5;2;8;5;3;1;0;3;3;6;6;2.0;1.0;1;1;0;0;2;6;3;4;1;1
464;0;2;0;2;0;4;12;1;5;2;7;5;2;6;0;3;3;6;2;2.0;1.0;2;1;0;1;2;3;3;4;3;1
464;0;1;0;2;0;4;13;1;5;2;12;2;2;6;0;3;3;6;2;2.0;1.0;5;0;0;4;2;6;3;5;6;1
514;5;2;0;2;0;2;13;1;5;2;9;0;2;6;0;3;3;8;2;2.0;1.0;1;1;0;5;2;3;3;4;18;1
514;5;2;0;2;0;1;2;1;5;2;8;0;2;6;0;3;3;8;2;2.0;1.0;1;3;2;3;3;3;3;4;6;1
872;0;2;1;2;0;3;11;1;5;2;8;0;2;6;0;3;3;6;7;2.0;1.0;4;0;1;1;2;3;3;4;1;1
872;0;0;0;2;0;3;11;1;5;2;9;0;2;6;0;3;3;6;2;2.0;1.0;5;0;1;1;2;3;3;8;16;1
554;1;4;0;2;0;1;13;1;5;2;8;0;2;6;0;3;3;6;2;2.0;1.0;1;0;1;1;2;3;3;4;0;1
554;1;1;0;3;0;3;13;1;5;2;8;0;2;6;0;3;3;6;2;2.0;1.0;1;1;0;0;2;3;3;4;18;1
297;2;1;0;2;0;3;2;1;5;2;8;2;2;0;0;3;3;6;2;1.0;1.0;5;3;2;3;3;6;3;4;13;1
713;3;2;1;2;0;2;3;1;5;2;8;2;2;5;0;3;2;6;2;2.0;1.0;1;3;2;3;3;3;3;4;13;1
713;3;4;0;2;0;2;3;1;5;2;12;0;2;5;0;3;2;6;2;2.0;1.0;4;1;0;2;1;6;3;4;18;1
992;5;0;0;6;0;3;12;1;5;2;12;2;2;4;0;3;3;6;2;2.0;1.0;1;1;0;1;2;3;3;4;18;1
992;5;2;0;2;0;3;13;1;1;2;12;2;2;4;0;3;3;6;2;2.0;1.0;4;1;1;1;2;3;3;4;18;1
140;5;1;0;2;0;0;2;1;1;2;9;4;2;6;0;3;3;6;7;2.0;1.0;1;2;0;1;2;3;3;4;17;1
140;5;1;0;3;0;4;3;1;1;2;11;0;0;6;0;3;3;6;2;2.0;1.0;9;2;0;1;2;3;3;4;6;1
67;4;1;0;3;0;4;0;1;1;2;9;0;0;6;0;0;3;3;2;1.0;1.0;1;3;2;3;3;6;3;4;0;1
751;0;0;0;3;0;3;11;1;1;2;8;2;2;4;0;0;2;3;2;2.0;1.0;1;1;1;1;2;3;3;4;1;1
751;0;2;1;1;0;1;3;1;5;2;2;4;2;4;0;0;2;3;2;2.0;1.0;1;0;1;1;2;3;3;6;6;1
913;5;1;0;2;0;1;13;1;5;2;12;0;2;6;0;3;3;6;6;2.0;1.0;2;2;1;0;2;6;3;4;6;1
913;5;1;0;0;0;4;2;1;1;2;12;4;2;6;0;3;3;6;2;2.0;1.0;2;3;2;3;3;3;3;4;18;1
667;6;0;0;2;0;1;6;1;2;2;12;2;2;4;0;3;3;6;2;2.0;1.0;2;1;0;0;1;3;3;4;4;1
667;6;2;1;2;0;1;2;1;5;2;12;2;2;4;0;3;3;6;2;2.0;1.0;1;0;0;1;1;3;3;5;0;1
476;6;0;0;1;0;0;2;1;5;2;8;0;2;6;0;3;3;6;2;1.0;1.0;1;2;1;4;2;3;3;4;0;0
108;1;2;0;2;0;2;7;1;5;2;8;1;2;4;0;3;3;6;2;2.0;1.0;1;1;0;1;2;6;3;4;18;0
108;1;0;0;2;0;3;13;1;5;2;9;0;2;4;0;3;3;6;2;2.0;1.0;1;3;2;3;3;6;3;4;18;0
870;0;0;0;2;0;3;13;1;5;2;8;4;2;4;0;3;3;6;2;2.0;1.0;9;1;1;0;2;3;3;4;3;0
870;0;0;0;3;0;2;4;1;5;2;9;2;2;4;0;3;3;6;6;2.0;1.0;1;3;2;3;3;6;3;4;9;0
22;4;0;0;2;0;3;15;1;5;2;8;0;2;5;0;3;2;6;2;2.0;1.0;9;3;2;3;3;3;3;4;16;1
22;4;1;0;2;0;0;3;1;5;2;12;2;2;5;0;3;2;6;2;2.0;1.0;9;1;0;0;2;3;3;4;17;1
297;2;2;1;3;0;1;3;1;5;2;8;4;2;5;0;3;3;6;2;2.0;1.0;1;3;2;3;3;3;3;4;16;1
297;2;0;0;1;0;0;4;1;5;2;11;0;2;5;0;3;3;6;2;2.0;1.0;5;1;0;1;2;3;3;4;4;1
224;1;2;0;2;0;2;3;1;5;2;9;4;2;6;0;3;3;8;0;2.0;2.0;1;1;0;0;2;3;3;4;4;1
224;1;1;0;2;0;3;2;1;5;2;8;0;2;6;0;3;3;8;2;2.0;2.0;5;3;2;3;3;3;3;4;13;1
224;1;1;0;1;0;4;13;1;5;2;9;0;2;6;0;3;3;8;2;2.0;2.0;1;3;2;3;3;6;3;4;18;1
358;5;3;0;3;2;2;6;1;5;2;8;0;2;7;0;3;3;6;6;2.0;2.0;2;1;0;0;2;3;3;4;13;1
358;5;3;0;3;0;3;4;1;1;2;8;2;2;7;0;3;3;6;2;2.0;2.0;1;0;1;0;2;3;3;6;16;1
358;5;3;0;2;0;2;11;1;5;2;9;0;2;7;0;3;3;6;2;2.0;2.0;1;0;1;4;2;3;3;4;6;1
663;2;1;0;3;2;2;2;1;5;2;12;2;2;4;0;3;3;6;2;2.0;2.0;1;1;0;0;2;3;3;4;18;1
663;2;0;0;2;0;1;4;1;4;2;4;0;2;4;0;3;3;6;6;2.0;2.0;1;3;2;3;3;3;3;4;4;1
340;1;4;0;2;0;4;6;1;5;2;8;2;2;4;0;3;3;6;6;2.0;2.0;1;0;1;1;2;3;3;6;0;1
340;1;2;0;2;0;2;5;2;5;2;1;2;2;4;0;3;3;6;2;2.0;2.0;1;0;1;0;2;3;3;4;18;1
213;6;2;0;1;0;0;13;1;0;2;9;2;2;5;0;3;3;6;2;2.0;1.0;1;1;1;0;2;6;3;4;6;1
213;6;3;0;2;0;4;4;1;4;2;9;0;2;5;0;3;3;6;6;2.0;1.0;5;3;2;3;3;6;3;4;18;1
152;4;1;0;3;2;1;13;1;2;2;2;0;8;4;0;3;3;8;6;2.0;2.0;1;0;1;1;2;3;3;4;16;1
152;4;1;0;2;0;2;4;1;2;2;9;0;2;4;0;3;3;8;2;2.0;2.0;1;1;0;0;2;6;3;4;0;1
152;4;1;0;2;0;3;14;1;5;2;12;5;2;4;0;3;3;8;7;2.0;2.0;1;3;2;3;3;3;3;4;17;1
492;4;0;0;2;0;2;3;1;2;2;12;0;2;4;0;3;3;6;2;2.0;1.0;1;0;0;5;2;6;3;5;16;1
492;4;1;0;1;0;4;2;1;5;2;12;1;2;4;0;3;3;6;2;2.0;1.0;2;3;2;3;3;0;3;4;1;1
992;6;3;2;2;0;2;3;1;5;2;2;1;2;4;0;3;3;6;2;2.0;1.0;1;1;0;1;2;3;3;4;2;1
992;6;0;0;3;0;0;6;3;5;2;12;1;2;4;0;3;3;6;2;2.0;1.0;1;2;1;1;1;3;3;4;7;1
169;6;3;0;2;0;2;10;1;5;2;2;1;2;4;0;3;3;6;2;2.0;1.0;5;0;0;2;1;3;3;4;6;1
169;6;4;0;0;0;0;13;1;5;2;2;2;2;4;0;3;3;6;6;2.0;1.0;1;0;1;4;2;3;3;4;7;1
989;1;1;0;2;0;4;13;1;4;2;12;0;2;4;0;3;3;6;6;2.0;1.0;1;1;0;0;2;3;3;4;6;1
989;1;1;0;2;0;0;0;3;2;2;12;0;2;4;0;3;3;6;2;2.0;1.0;1;3;2;3;3;3;3;4;17;1
689;4;2;0;2;0;2;3;1;2;2;11;5;2;4;0;3;3;6;2;2.0;1.0;4;0;1;1;2;6;3;6;6;1
689;4;0;0;2;0;1;3;1;4;2;9;0;2;4;0;3;3;6;2;2.0;1.0;1;2;0;1;2;6;3;4;0;1
358;0;1;0;2;0;2;3;1;0;2;12;2;2;4;0;0;3;3;2;2.0;1.0;1;2;1;1;2;6;3;4;13;1
358;0;1;0;2;0;1;0;1;4;2;8;0;2;4;0;0;3;3;2;2.0;1.0;2;3;2;3;3;3;3;4;6;1
439;3;0;0;2;0;1;15;1;4;2;9;0;2;6;0;0;3;3;2;2.0;2.0;5;3;2;3;3;3;3;4;0;1
439;3;1;0;2;0;4;4;1;4;2;12;4;8;6;0;0;3;3;2;2.0;2.0;1;1;0;0;2;3;3;4;6;1
464;0;2;0;2;0;0;15;1;4;2;9;2;2;4;0;0;3;6;2;2.0;1.0;1;3;2;3;3;6;3;4;6;1
464;0;1;0;0;2;0;4;1;2;2;9;0;2;4;0;0;3;6;2;2.0;1.0;9;2;1;4;2;3;3;4;6;1
568;1;4;0;0;0;5;10;1;5;2;9;2;2;6;0;3;3;6;2;3.0;4.0;2;2;1;1;2;0;3;4;0;0
568;1;4;0;2;0;0;15;1;0;2;12;5;2;6;0;3;3;6;1;3.0;4.0;1;3;2;3;3;1;3;4;0;0
568;1;4;0;2;0;2;3;1;2;2;12;0;2;6;0;3;3;6;2;3.0;4.0;1;1;0;1;2;3;3;4;6;0
568;1;4;0;2;0;4;3;1;2;2;12;4;2;6;0;3;3;6;6;3.0;4.0;9;2;0;4;2;3;3;4;11;0
568;1;1;0;2;0;4;13;1;0;2;3;0;2;6;0;3;3;6;2;3.0;4.0;1;1;1;1;2;3;3;4;0;0
568;1;2;0;2;2;2;2;1;1;2;9;0;2;6;0;3;3;6;2;3.0;4.0;1;1;0;1;2;3;3;4;18;0
230;2;0;0;3;0;1;2;1;2;2;9;4;2;4;0;3;3;6;2;3.0;2.0;1;1;0;1;2;0;3;4;4;1
230;2;0;0;2;0;1;3;1;2;2;9;0;2;4;0;3;3;6;2;3.0;2.0;1;2;1;4;2;3;3;4;0;1
230;2;2;1;2;0;3;2;1;0;2;12;2;2;4;0;3;3;6;2;3.0;2.0;1;1;0;2;2;3;3;4;0;1
230;2;2;0;2;0;1;3;1;0;2;8;2;2;4;0;3;3;6;2;3.0;2.0;1;2;0;2;1;3;3;4;11;1
430;4;2;1;2;0;1;6;1;1;2;12;5;2;5;0;3;3;6;6;4.0;1.0;1;2;0;2;1;3;3;4;4;1
430;4;1;0;3;0;2;13;1;5;2;8;3;2;5;0;3;3;6;6;4.0;1.0;1;3;2;3;3;3;3;4;7;1
430;4;1;0;2;0;4;3;1;5;2;9;2;2;5;0;3;3;6;2;4.0;1.0;2;2;1;0;2;6;3;4;11;1
430;4;4;0;2;0;2;3;1;5;2;8;3;6;5;0;3;3;6;6;4.0;1.0;1;3;2;3;3;3;3;4;16;1
530;5;0;0;2;0;1;3;1;5;2;8;3;2;4;0;3;3;6;6;2.0;2.0;1;1;0;2;2;3;3;4;13;1
530;5;0;0;2;0;2;13;2;5;2;12;3;2;4;0;3;3;6;2;2.0;2.0;1;3;2;3;3;3;3;4;4;1
414;1;4;0;0;0;1;3;1;5;2;8;2;2;6;0;3;3;6;2;3.0;1.0;1;1;0;0;2;3;3;4;16;1
414;1;2;0;2;0;2;13;1;5;2;8;2;2;6;0;3;3;6;6;3.0;1.0;1;3;2;3;3;3;3;4;17;1
414;1;3;0;2;0;0;12;3;5;2;8;4;2;6;0;3;3;6;2;3.0;1.0;1;2;1;1;2;6;3;4;0;1
853;1;0;0;1;0;2;13;1;5;2;9;2;2;6;0;3;2;6;7;1.0;1.0;1;1;0;0;2;6;3;4;9;1
824;1;2;1;0;0;0;13;1;1;2;12;0;2;6;0;3;2;6;2;2.0;1.0;5;2;0;4;2;3;3;4;13;0
824;1;3;0;2;0;3;2;1;1;2;9;0;2;6;0;3;2;6;6;2.0;1.0;1;3;2;3;3;3;3;4;18;0
327;1;3;0;2;0;2;3;1;1;2;9;2;2;6;0;3;3;6;2;1.0;1.0;1;1;0;1;2;3;3;4;4;1
179;2;0;0;1;0;3;3;1;2;2;12;2;2;4;0;3;3;6;2;2.0;1.0;1;0;0;1;2;3;3;6;16;1
179;2;1;0;1;0;3;12;1;5;2;12;2;2;4;0;3;3;6;2;2.0;1.0;1;0;0;0;2;3;3;4;0;1
736;6;1;0;2;0;2;13;1;5;2;12;0;2;6;0;3;2;6;2;1.0;1.0;1;3;2;3;3;3;3;4;4;1
962;1;1;0;1;0;1;2;1;5;2;12;3;2;6;0;3;3;6;2;2.0;1.0;1;1;0;0;2;3;3;4;18;1
962;1;0;0;2;0;4;3;1;5;2;9;2;2;6;0;3;3;6;2;2.0;1.0;9;0;1;4;2;3;3;4;6;1
624;1;1;0;2;0;4;0;1;1;2;1;0;2;6;0;3;3;6;2;3.0;2.0;9;3;2;3;3;6;3;4;18;0
624;1;0;0;2;0;2;11;1;5;2;12;5;2;6;0;3;3;6;2;3.0;2.0;1;1;1;0;2;3;3;4;13;0
624;1;1;0;2;0;0;3;1;5;2;8;0;2;6;0;3;3;6;2;3.0;2.0;1;1;0;0;2;3;3;4;18;0
653;1;0;0;4;0;3;13;1;5;2;12;0;2;6;0;3;3;6;6;2.0;2.0;4;3;2;3;3;3;3;4;13;1
653;1;0;0;2;0;3;2;1;5;2;8;0;2;6;0;3;3;6;2;2.0;2.0;1;1;0;0;2;3;3;4;17;1
653;1;0;0;1;0;1;6;1;5;2;8;4;2;6;0;3;3;6;6;2.0;2.0;1;1;1;0;2;3;3;4;1;1
220;4;2;0;2;2;0;2;1;5;2;8;0;2;6;0;3;3;6;2;2.0;1.0;1;3;2;3;3;0;3;4;18;1
220;4;1;0;2;0;2;2;1;5;2;12;0;2;6;0;3;3;6;2;2.0;1.0;1;0;0;4;2;3;3;2;4;1
28;2;4;0;3;0;1;7;3;5;2;12;3;2;4;0;3;2;6;2;1.0;1.0;1;3;2;3;3;3;3;4;18;0
1047;0;0;0;3;2;2;13;1;5;2;8;1;2;6;0;3;3;6;7;4.0;1.0;1;1;0;0;2;6;3;4;17;1
1047;0;0;0;2;0;4;13;1;5;2;9;5;2;6;0;3;3;6;2;4.0;1.0;1;3;2;3;3;6;3;4;13;1
1047;0;1;0;2;0;2;4;3;1;2;1;0;2;6;0;3;3;6;2;4.0;1.0;1;1;0;0;2;0;3;4;17;1
1047;0;0;0;1;0;2;15;1;0;2;12;5;2;6;0;3;3;6;2;4.0;1.0;1;0;1;4;1;3;3;4;18;1
573;1;2;0;2;0;2;3;1;4;2;9;5;2;6;0;3;3;6;7;1.0;1.0;5;0;0;4;1;3;3;4;17;1
641;2;0;0;2;0;4;3;1;5;2;12;5;2;6;0;3;3;6;6;2.0;1.0;3;1;0;0;2;0;3;4;6;1
641;2;1;0;2;0;0;15;1;5;2;12;5;2;6;0;3;3;6;2;2.0;1.0;1;3;2;3;3;6;3;4;19;1
491;0;1;0;2;0;1;9;1;2;2;12;4;2;4;0;3;3;6;2;1.0;1.0;1;1;0;1;2;3;3;4;6;1
961;3;2;1;2;0;0;13;1;5;2;12;2;2;6;0;3;3;6;2;2.0;1.0;1;3;2;3;3;3;3;4;1;1
961;3;4;0;2;0;2;11;1;1;2;12;5;2;6;0;3;3;6;2;2.0;1.0;5;3;2;3;3;6;3;4;16;1
341;5;2;0;3;0;2;3;1;5;2;11;0;2;6;0;3;3;6;2;2.0;1.0;1;1;0;1;2;3;3;4;0;1
341;5;1;0;2;0;2;2;1;5;2;8;2;2;6;0;3;3;6;2;2.0;1.0;9;0;0;4;2;3;3;4;0;1
533;6;1;0;2;0;4;2;1;5;2;8;2;2;6;0;3;3;6;2;2.0;1.0;5;3;2;3;3;3;3;4;18;1
533;6;0;0;2;0;1;12;1;2;2;8;2;2;6;0;3;3;6;6;2.0;1.0;1;2;1;0;2;6;3;4;18;1
1002;3;2;0;3;0;4;3;1;4;2;12;2;2;0;0;3;3;6;0;2.0;1.0;1;0;1;0;2;3;3;4;2;1
1002;3;4;0;2;0;3;12;1;3;2;12;0;2;0;0;3;3;6;2;2.0;1.0;1;1;0;0;2;6;3;4;18;1
416;0;0;0;2;0;2;2;1;4;2;12;2;2;4;0;3;3;6;6;2.0;1.0;1;3;2;3;3;3;3;4;18;1
416;0;0;0;3;0;0;3;1;5;2;9;0;2;4;0;3;3;6;7;2.0;1.0;1;3;2;3;3;3;3;4;18;1
423;4;2;1;2;0;2;3;3;0;2;12;0;2;4;0;3;3;6;2;2.0;2.0;1;1;0;5;2;3;3;4;1;1
423;4;2;0;2;0;4;3;1;0;2;12;0;2;4;0;3;3;6;2;2.0;2.0;1;2;1;1;2;6;3;4;16;1
423;4;2;0;1;2;1;3;1;5;2;4;0;2;4;0;3;3;6;2;2.0;2.0;1;3;2;3;3;3;3;4;9;1
164;6;4;0;2;0;0;0;1;5;2;1;0;2;5;0;3;3;6;2;2.0;1.0;1;2;1;4;2;3;3;4;11;1
164;6;2;1;2;0;0;15;1;4;2;2;2;2;5;1;3;3;6;2;2.0;1.0;1;1;1;0;2;3;3;4;4;1
390;6;3;0;0;2;1;13;1;5;2;8;2;2;4;0;3;3;6;2;1.0;1.0;1;3;2;3;3;1;3;4;1;0
722;6;0;0;2;0;2;13;1;5;2;12;2;2;6;0;3;2;6;2;1.0;1.0;1;1;0;1;1;0;3;4;17;1
46;2;0;0;3;2;1;11;1;5;2;8;0;2;0;0;3;3;6;6;2.0;2.0;1;3;2;3;3;3;3;4;1;1
46;2;1;0;2;0;0;2;1;5;2;8;2;2;0;0;3;3;6;0;2.0;2.0;1;3;2;3;3;6;3;4;18;1
46;2;1;0;2;2;2;3;1;5;2;12;2;2;0;0;3;3;6;2;2.0;2.0;4;1;0;5;2;3;3;4;13;1
956;6;2;0;2;0;3;4;1;4;2;9;0;2;6;0;3;3;6;7;2.0;2.0;9;3;2;3;3;3;3;4;1;1
956;6;0;0;2;0;1;9;1;4;2;8;5;3;6;0;3;3;6;2;2.0;2.0;1;0;0;4;2;3;3;4;4;1
956;6;0;0;2;0;2;3;1;4;2;9;5;2;6;0;3;3;6;2;2.0;2.0;1;2;1;4;2;3;3;4;18;1
909;3;1;0;2;0;4;4;1;4;2;9;2;2;6;0;3;3;6;7;2.0;1.0;9;0;1;4;2;6;3;6;13;2
909;3;1;0;3;0;1;9;1;2;2;8;0;2;6;0;3;3;6;7;2.0;1.0;1;1;0;0;2;6;3;4;18;2
680;4;2;1;3;2;4;11;1;5;2;1;5;2;6;0;3;2;6;2;1.0;1.0;9;3;2;3;3;3;3;4;1;1
251;6;4;0;2;0;0;13;3;5;2;8;5;0;6;0;0;3;3;2;1.0;1.0;1;3;2;3;3;3;3;4;1;1
160;6;3;0;2;0;2;12;1;2;2;4;5;2;6;0;0;3;3;2;2.0;2.0;1;1;0;0;2;6;3;4;17;1
160;6;1;0;2;0;1;3;1;5;2;12;2;2;6;0;0;3;3;2;2.0;2.0;1;2;1;4;2;3;3;4;1;1
67;5;3;0;2;0;1;14;1;5;2;9;0;2;6;0;3;3;6;2;2.0;1.0;5;3;2;3;3;6;3;4;6;1
67;5;0;0;2;0;1;3;3;4;2;9;5;2;6;0;3;3;6;6;2.0;1.0;5;1;1;0;2;3;3;4;6;1
581;6;3;0;2;0;1;5;1;0;2;4;5;2;6;0;3;3;6;2;2.0;1.0;1;0;1;4;2;3;3;0;17;1
581;6;2;0;2;0;4;15;1;1;2;9;0;2;6;0;3;3;6;2;2.0;1.0;2;1;0;0;2;3;3;4;19;1
63;2;3;0;2;0;4;4;1;5;2;9;5;2;6;0;3;3;6;2;2.0;1.0;1;1;0;1;2;3;3;4;18;1
63;2;2;0;3;0;2;13;1;5;2;8;0;2;6;0;3;3;6;2;2.0;1.0;1;0;0;4;2;3;3;2;1;1
411;1;2;0;2;0;2;2;1;1;2;8;3;4;0;0;3;3;6;2;2.0;1.0;1;3;2;3;3;3;3;4;16;1
411;1;2;0;2;0;1;3;1;4;2;8;5;2;0;0;3;3;6;2;2.0;1.0;1;1;1;1;2;3;3;4;18;1
386;6;1;0;3;0;2;14;1;0;2;8;0;4;6;0;3;3;6;2;2.0;2.0;9;2;1;1;2;3;3;4;17;1
386;6;0;0;2;0;2;15;1;5;2;8;4;2;6;0;3;3;6;2;2.0;2.0;1;3;2;3;3;3;3;4;17;1
386;6;0;0;2;0;4;14;1;5;2;8;0;2;6;0;3;3;6;2;2.0;2.0;1;1;1;1;2;6;3;4;16;1
426;1;1;0;2;0;2;3;1;5;2;8;5;2;6;0;0;3;3;2;2.0;1.0;1;3;2;3;3;3;3;4;6;1
426;1;2;0;2;0;4;12;1;4;2;9;5;2;6;0;0;3;3;2;2.0;1.0;1;0;1;4;2;3;3;1;0;1
676;3;1;0;3;0;3;12;1;2;2;9;4;2;6;0;3;3;6;2;2.0;1.0;1;0;0;1;2;6;3;8;1;1
676;3;2;0;3;0;2;14;1;5;2;12;4;2;6;0;3;3;6;2;2.0;1.0;9;0;1;1;2;3;3;6;13;1
1001;6;1;0;3;0;0;15;1;2;2;2;0;2;6;0;3;3;6;2;1.0;1.0;1;3;2;3;3;0;3;4;6;0
332;5;0;0;3;0;2;15;1;5;2;1;5;2;6;0;3;3;1;2;1.0;1.0;1;1;0;1;2;3;3;4;7;0
775;5;4;0;3;0;2;14;1;5;2;4;0;2;4;0;3;2;6;6;3.0;3.0;9;3;2;3;3;3;3;4;7;1
775;5;0;0;3;0;1;16;1;5;2;9;5;2;4;0;3;2;6;2;3.0;3.0;9;1;0;1;2;3;3;4;17;1
775;5;0;0;3;0;2;14;1;4;2;9;5;1;4;0;3;2;6;2;3.0;3.0;1;3;2;3;3;3;3;4;1;1
775;5;0;0;2;0;2;14;1;1;2;8;3;2;4;0;3;2;6;2;3.0;3.0;4;1;0;0;2;3;3;4;0;1
283;4;2;0;2;0;4;6;1;1;2;0;0;2;6;0;3;3;6;2;2.0;3.0;4;3;2;3;3;3;3;4;6;1
283;4;1;0;2;0;4;3;1;5;2;13;5;2;6;0;3;3;6;7;2.0;3.0;1;2;0;5;2;3;3;4;18;1
283;4;1;2;3;0;3;3;1;5;2;4;5;2;6;0;3;3;6;2;2.0;3.0;1;3;2;3;3;3;3;4;19;1
283;4;1;0;3;0;2;4;1;5;2;9;1;2;6;0;3;3;6;2;2.0;3.0;1;1;0;0;2;3;3;4;10;1
208;4;0;0;3;2;2;3;3;3;2;9;0;2;5;0;3;3;6;2;2.0;1.0;1;1;0;4;2;0;3;4;0;0
208;4;0;0;3;0;1;11;1;2;2;12;0;2;5;0;3;3;6;2;2.0;1.0;1;1;0;2;2;3;3;4;6;0
315;4;1;0;3;0;4;3;3;5;2;9;5;2;6;0;3;3;6;2;2.0;2.0;1;0;1;1;2;3;3;6;13;1
315;4;1;0;3;0;1;3;1;0;2;6;0;6;6;0;3;3;6;2;2.0;2.0;3;3;2;3;3;3;3;4;2;1
315;4;2;0;2;0;4;3;1;1;2;6;0;6;6;0;3;3;6;2;2.0;2.0;9;1;0;0;2;3;3;4;0;1
1048;6;0;0;2;0;3;14;1;5;2;8;3;2;6;0;0;3;3;2;2.0;1.0;5;0;1;1;2;3;3;6;6;1
1048;6;2;1;2;0;1;6;1;1;2;9;0;6;6;0;0;3;3;7;2.0;1.0;1;2;0;0;2;6;3;4;16;1
246;2;3;0;3;0;2;6;1;5;2;9;5;2;7;0;3;3;6;2;4.0;3.0;1;1;0;0;2;3;3;4;13;0
246;2;1;0;3;0;2;15;1;5;1;5;5;2;7;0;3;3;6;2;4.0;3.0;1;3;2;3;3;0;3;4;1;0
246;2;1;0;3;0;0;15;1;4;2;9;5;2;7;0;3;3;6;2;4.0;3.0;1;2;1;4;2;3;3;4;3;0
246;2;2;0;3;0;2;4;1;2;0;2;5;2;7;0;3;3;6;2;4.0;3.0;1;0;0;1;2;3;3;8;18;0
246;2;2;0;2;0;0;3;1;5;2;8;0;2;7;0;3;3;6;6;4.0;3.0;1;0;1;1;2;3;3;8;6;0
148;6;2;0;2;0;2;3;1;5;2;8;2;3;6;0;3;3;6;2;2.0;1.0;1;1;0;1;2;6;3;4;18;1
148;6;1;0;3;2;0;3;3;5;2;8;2;4;6;0;3;3;6;2;2.0;1.0;1;3;2;3;3;3;3;4;1;1
362;0;2;0;2;0;2;14;1;1;2;12;0;3;6;0;3;3;6;2;2.0;1.0;1;1;1;1;2;6;3;4;17;1
362;0;0;0;2;0;1;14;1;1;2;12;0;2;6;0;3;3;6;2;2.0;1.0;1;3;2;3;3;6;3;4;18;1
411;1;2;0;2;0;1;3;1;5;2;9;2;2;4;0;3;3;6;2;2.0;1.0;1;0;0;0;2;3;3;6;18;1
411;1;1;0;2;0;2;11;1;5;2;12;2;2;4;0;3;3;6;2;2.0;1.0;1;1;0;0;2;3;3;4;1;1
20;3;1;0;2;2;3;3;1;3;2;12;0;0;6;0;3;2;6;2;2.0;1.0;9;3;2;3;3;3;3;4;18;1
20;3;2;1;1;0;3;2;1;2;2;12;2;2;6;0;3;2;6;6;2.0;1.0;1;0;0;0;2;1;3;0;1;1
1012;3;2;0;2;0;2;10;3;2;2;12;0;2;5;0;3;3;6;2;1.0;1.0;9;0;1;4;2;6;3;4;18;1
101;3;2;1;2;0;3;13;1;1;2;12;3;0;6;0;3;3;6;2;1.0;1.0;9;3;2;3;3;6;3;4;18;1
855;4;0;0;2;0;1;4;1;5;2;12;2;2;4;0;3;3;6;2;2.0;1.0;1;1;0;1;2;3;3;4;18;1
855;4;1;0;2;0;1;15;1;1;2;2;2;2;4;0;3;3;6;2;2.0;1.0;1;1;0;4;2;0;3;4;1;1
168;3;0;0;2;0;2;13;1;2;2;12;0;2;0;0;0;3;3;0;2.0;2.0;1;3;2;3;3;3;3;4;0;1
168;3;1;0;3;0;2;9;2;1;2;4;2;2;0;1;0;3;3;2;2.0;2.0;1;0;0;0;2;3;3;4;13;1
168;3;1;0;2;2;2;3;1;5;2;9;3;2;0;0;0;3;3;2;2.0;2.0;1;0;1;0;2;3;3;4;0;1
485;1;0;0;2;0;2;3;3;4;2;12;2;2;6;0;3;3;6;6;3.0;1.0;1;2;1;1;2;3;3;4;18;1
485;1;0;0;2;2;2;3;1;5;2;8;2;2;6;0;3;3;6;2;3.0;1.0;1;3;2;3;3;6;3;4;11;1
485;1;1;0;5;0;1;11;1;5;2;4;6;2;6;0;3;3;6;2;3.0;1.0;5;1;0;1;2;3;3;4;4;1
662;5;0;0;2;0;2;3;1;0;2;4;3;2;5;2;3;3;6;2;2.0;1.0;1;2;0;4;2;1;3;4;4;1
662;5;1;0;2;0;3;0;1;5;2;12;2;2;5;0;3;3;6;6;2.0;1.0;1;3;2;3;3;3;3;4;0;1
332;2;1;0;2;0;0;0;2;4;2;3;2;2;5;0;0;3;3;6;2.0;1.0;8;1;0;4;2;3;3;4;17;1
332;2;2;1;3;0;1;11;1;5;2;8;4;2;5;0;0;3;3;2;2.0;1.0;2;3;2;3;3;3;3;4;16;1
433;3;1;0;3;0;1;3;1;1;2;2;0;2;5;0;3;3;6;2;2.0;1.0;1;1;0;1;2;3;3;4;1;1
433;3;4;0;3;0;2;8;2;2;2;3;0;3;5;0;3;3;6;6;2.0;1.0;5;1;1;0;2;3;3;4;1;1
431;3;1;0;2;0;2;3;1;4;2;8;5;2;6;0;3;3;6;6;1.0;1.0;9;1;0;4;2;3;3;4;11;1
222;5;0;0;2;0;2;13;1;1;2;12;2;4;6;0;3;3;6;2;2.0;2.0;1;1;0;0;2;3;3;4;18;1
222;5;3;0;2;0;4;3;1;0;2;8;0;2;6;0;3;3;6;2;2.0;2.0;5;3;2;3;3;3;3;4;16;1
924;2;1;0;2;0;4;6;1;1;2;8;2;3;4;0;3;3;6;2;2.0;1.0;9;1;0;0;2;3;3;4;0;1
924;2;1;0;2;2;4;10;1;5;2;12;3;8;4;0;3;3;6;6;2.0;1.0;1;3;2;3;3;6;3;4;1;1
407;4;0;0;2;0;6;3;1;0;2;8;0;0;4;0;3;3;6;2;2.0;2.0;1;1;1;0;2;3;3;4;18;0
407;4;1;0;2;0;2;6;1;5;2;9;0;2;4;0;3;3;6;2;2.0;2.0;9;3;2;3;3;3;3;4;6;0
937;0;0;0;2;0;1;3;1;5;2;12;2;2;4;0;3;3;6;2;2.0;1.0;1;0;1;0;2;3;3;6;17;1
937;0;0;0;3;0;2;13;1;1;2;8;3;2;4;0;3;3;6;0;2.0;1.0;3;0;1;0;2;3;3;5;6;1
780;1;2;1;2;0;1;13;1;2;2;8;0;3;6;0;3;2;6;2;1.0;1.0;1;0;0;1;2;3;3;8;13;2
571;2;2;0;1;2;2;5;1;5;2;8;5;2;6;0;0;2;3;2;1.0;1.0;1;0;1;0;2;3;3;4;18;1
278;5;2;0;2;0;4;13;1;2;2;12;2;0;6;0;3;3;6;7;2.0;3.0;9;0;0;2;2;3;3;4;18;1
278;5;0;0;2;0;1;13;1;5;2;2;0;2;6;0;3;3;6;2;2.0;3.0;1;1;0;1;1;3;3;4;18;1
278;5;0;0;3;0;1;5;1;5;2;4;0;2;6;0;3;3;6;2;2.0;3.0;1;0;0;1;2;3;3;4;1;1
278;5;0;0;1;2;4;0;1;0;2;8;3;2;6;0;3;3;6;2;2.0;3.0;1;1;0;1;2;3;3;4;1;1
268;4;2;0;3;0;0;3;1;5;2;2;0;2;6;3;3;3;6;2;2.0;1.0;1;3;2;3;3;3;3;4;13;1
268;4;1;2;2;0;4;4;1;5;2;8;0;2;6;0;3;3;6;6;2.0;1.0;1;0;0;4;2;1;3;4;0;1
951;0;1;0;2;0;2;11;1;5;2;8;5;2;6;0;3;3;6;2;2.0;1.0;9;1;0;1;2;6;3;4;16;1
951;0;2;0;2;2;2;2;1;5;2;9;2;2;6;0;3;3;6;2;2.0;1.0;1;2;1;4;2;3;3;4;13;1
952;5;0;0;0;0;2;3;1;2;2;8;2;2;4;0;3;3;6;2;2.0;2.0;1;3;2;3;3;3;3;4;11;1
952;5;0;0;2;0;2;3;1;2;2;9;0;2;4;0;3;3;6;2;2.0;2.0;9;0;0;1;1;6;3;4;1;1
630;4;1;0;2;0;4;11;1;1;2;8;3;2;5;0;3;2;6;6;2.0;1.0;9;0;0;0;2;3;3;8;0;1
630;4;2;0;2;0;0;4;1;1;2;8;3;2;5;0;3;2;6;2;2.0;1.0;1;0;0;0;2;3;3;8;11;1
371;6;0;0;2;0;1;13;1;5;2;12;2;2;5;0;3;3;6;6;1.0;1.0;1;1;0;1;2;3;3;4;12;1
382;5;0;0;2;0;3;3;1;5;2;12;2;2;5;0;3;3;6;2;2.0;1.0;1;3;2;3;3;3;3;4;4;0
382;5;0;0;2;0;4;3;1;4;2;9;2;2;5;1;3;3;6;0;2.0;1.0;1;2;1;1;2;4;3;4;16;0
692;2;2;1;2;0;0;13;1;5;2;2;2;2;6;0;3;2;6;2;2.0;1.0;1;3;2;3;3;3;3;4;0;0
692;2;0;0;0;0;2;13;3;5;2;2;3;2;6;0;3;2;6;2;2.0;1.0;1;1;0;4;2;3;3;4;13;0
250;4;2;0;2;0;2;13;1;1;2;9;3;2;4;0;3;3;6;2;2.0;1.0;1;3;2;3;3;3;3;4;1;0
250;4;0;0;3;2;3;4;1;5;2;8;2;0;4;0;3;3;6;2;2.0;1.0;1;1;0;0;2;3;3;4;17;0
155;6;3;0;2;0;2;4;1;2;2;8;2;0;4;0;3;3;6;2;2.0;1.0;1;0;0;0;2;3;3;4;18;1
155;6;0;0;2;0;4;3;1;1;2;9;2;2;4;0;3;3;6;7;2.0;1.0;1;1;0;4;2;3;3;4;16;1
130;3;3;0;2;0;2;2;1;2;2;2;5;2;6;0;3;3;6;0;1.0;1.0;5;3;2;3;3;6;3;4;18;0
483;1;1;0;2;0;0;3;1;5;2;12;2;2;6;0;3;3;6;2;1.0;1.0;1;2;1;4;2;3;3;4;18;1
72;6;1;0;2;2;1;3;1;5;2;8;2;2;4;0;3;3;6;0;2.0;1.0;2;2;0;5;2;3;3;4;13;1
72;6;0;0;2;0;6;9;1;5;2;12;2;2;4;0;3;3;6;2;2.0;1.0;1;1;1;1;2;5;3;4;0;1
410;2;1;0;2;0;4;3;1;5;2;12;2;2;4;0;3;3;6;2;1.0;1.0;2;3;2;3;3;3;3;4;17;1
765;2;0;0;2;2;1;3;1;5;2;12;2;2;4;0;3;2;6;2;1.0;1.0;1;1;0;1;2;3;3;4;13;1
116;2;2;0;2;0;2;5;3;1;2;9;2;2;6;0;3;3;6;8;2.0;1.0;2;3;2;3;3;3;3;4;19;1
116;2;0;0;2;0;1;3;1;3;2;2;0;2;6;0;3;3;6;2;2.0;1.0;1;3;2;3;3;1;3;4;11;1
504;3;0;0;2;0;0;0;1;4;2;9;2;2;5;0;3;3;6;6;1.0;1.0;1;1;0;5;2;1;3;4;12;1
226;0;1;0;2;0;2;13;1;2;2;8;0;2;6;0;0;3;3;2;2.0;4.0;2;1;0;1;2;6;3;4;0;1
226;0;1;0;2;0;1;0;1;5;2;1;5;2;6;0;0;3;3;2;2.0;4.0;5;3;2;3;3;3;3;4;14;1
226;0;1;0;3;0;2;3;3;5;2;8;5;0;6;0;0;3;3;2;2.0;4.0;1;2;1;4;2;3;3;4;4;1
226;0;3;0;0;2;2;3;1;2;2;4;5;2;6;0;0;3;3;7;2.0;4.0;1;3;2;3;3;3;3;4;1;1
357;5;1;0;2;0;1;3;1;5;2;12;2;2;5;0;3;3;6;2;2.0;1.0;1;1;0;0;2;3;3;4;0;1
357;5;0;0;2;0;1;3;1;5;2;9;0;2;5;0;3;3;6;2;2.0;1.0;9;0;1;0;2;3;3;8;17;1
547;6;1;0;2;0;1;13;3;4;2;9;5;2;4;0;3;3;6;2;2.0;1.0;1;0;1;0;2;3;3;6;5;1
547;6;3;0;2;0;2;3;1;0;2;4;5;2;4;0;3;3;6;0;2.0;1.0;1;3;2;3;3;1;3;4;1;1
494;1;0;0;2;0;0;6;1;1;2;9;0;2;6;0;3;3;6;6;1.0;1.0;1;1;0;2;2;3;3;4;16;1
710;0;2;0;2;2;1;3;1;5;2;9;5;2;6;0;3;3;6;2;2.0;1.0;1;1;0;0;2;3;3;4;0;0
710;0;2;0;1;2;1;0;1;5;2;8;0;2;6;0;3;3;6;2;2.0;1.0;5;3;2;3;3;3;3;4;18;0
336;3;2;0;2;0;2;13;1;1;2;8;3;4;5;0;3;3;6;6;1.0;1.0;1;0;1;1;2;3;3;4;17;0
562;0;2;0;2;2;0;3;1;4;2;8;5;2;4;0;0;3;3;2;2.0;3.0;1;3;2;3;3;0;3;4;18;1
562;0;1;0;2;0;3;15;1;0;2;8;0;4;4;0;0;3;3;2;2.0;3.0;4;1;0;0;1;3;3;4;16;1
562;0;1;0;1;0;0;6;1;5;2;8;4;2;4;0;0;3;3;2;2.0;3.0;1;3;2;3;3;2;3;4;4;1
562;0;1;0;0;0;0;6;1;5;2;8;0;2;4;0;0;3;3;0;2.0;3.0;9;1;1;0;2;3;3;4;6;1
375;4;1;0;2;0;4;3;1;5;2;8;5;2;6;0;3;3;6;0;2.0;1.0;9;2;1;5;2;6;3;4;1;0
375;4;0;0;1;0;0;14;1;4;2;9;5;2;6;0;3;3;6;7;2.0;1.0;1;3;2;3;3;6;3;4;6;0
248;2;0;0;2;0;1;13;1;2;2;9;4;2;4;0;0;3;3;2;3.0;1.0;5;1;0;1;2;3;3;4;1;1
248;2;0;0;0;1;1;15;1;5;2;12;4;2;4;0;0;3;3;2;3.0;1.0;1;3;2;3;3;3;3;4;16;1
248;2;3;0;1;0;4;13;1;2;2;2;0;2;4;0;0;3;3;2;3.0;1.0;1;1;1;1;2;3;3;4;18;1
419;5;0;0;3;0;2;5;1;5;2;1;5;2;4;0;0;3;3;7;2.0;1.0;1;1;0;0;2;3;3;4;0;1
419;5;0;0;1;0;0;3;1;5;2;4;0;2;4;0;0;3;3;7;2.0;1.0;1;3;2;3;3;6;3;4;0;1
617;6;1;0;1;0;2;12;1;5;2;9;5;2;5;0;3;3;6;2;2.0;1.0;1;1;0;1;2;3;3;4;9;1
617;6;0;0;1;0;1;3;1;4;2;9;5;1;5;0;3;3;6;2;2.0;1.0;1;2;1;5;2;3;3;4;18;1
307;3;1;0;2;0;0;3;1;1;2;8;3;2;6;0;3;3;6;2;1.0;1.0;1;3;2;3;3;3;3;4;0;1
565;0;0;0;0;0;4;3;1;1;2;0;0;2;6;0;3;3;6;6;2.0;2.0;1;1;0;1;2;3;3;4;1;1
565;0;0;0;0;0;1;13;1;5;2;13;5;2;6;0;3;3;6;2;2.0;2.0;5;1;0;1;2;3;3;4;19;1
565;0;2;0;3;0;2;3;1;5;2;4;5;2;6;0;3;3;6;6;2.0;2.0;1;1;0;0;2;3;3;4;4;1
1058;1;1;0;3;0;0;3;1;5;2;9;1;2;4;0;3;3;6;2;2.0;1.0;8;3;2;3;3;6;4;4;4;1
1058;1;2;0;2;0;2;13;3;3;2;9;0;2;4;0;3;3;6;2;2.0;1.0;1;1;1;0;2;3;3;4;18;1
298;1;2;1;2;0;2;3;1;2;2;12;0;2;4;0;3;3;6;6;2.0;1.0;1;3;2;3;3;3;3;4;16;1
298;1;3;0;3;0;2;3;3;5;2;9;5;2;4;0;3;3;6;2;2.0;1.0;1;1;0;0;2;1;3;4;11;1
711;4;0;0;2;0;1;3;1;0;2;6;0;6;4;0;3;2;6;2;2.0;2.0;11;3;2;3;3;3;3;4;17;1
711;4;0;0;2;0;2;12;1;1;2;6;0;6;4;0;3;2;6;6;2.0;2.0;1;0;1;5;2;3;3;4;18;1
711;4;0;0;1;0;1;3;1;5;2;8;3;2;4;0;3;2;6;6;2.0;2.0;1;1;0;2;2;1;3;4;0;1
1030;1;1;0;2;0;0;3;1;1;2;9;0;6;6;0;3;3;6;2;1.0;1.0;1;1;0;4;2;3;3;4;6;1
956;1;2;1;2;0;0;3;1;5;2;9;5;2;4;0;3;3;3;2;3.0;1.0;1;3;2;3;3;3;3;4;0;1
956;1;0;0;2;0;2;4;1;5;1;5;5;2;4;0;3;3;3;2;3.0;1.0;4;3;2;3;3;3;3;4;11;1
956;1;2;0;5;0;6;3;1;4;2;9;5;2;4;0;3;3;3;2;3.0;1.0;1;0;1;1;2;3;3;4;4;1
426;3;0;0;2;0;2;3;1;2;0;2;5;2;0;0;0;3;6;2;2.0;1.0;1;3;2;3;3;3;3;4;7;0
426;3;1;0;2;0;0;5;1;5;2;8;0;2;0;0;0;3;6;2;2.0;1.0;9;2;1;0;2;3;3;4;9;0
961;3;1;0;2;0;1;6;1;5;2;8;2;3;4;0;3;3;6;2;2.0;2.0;1;0;1;1;1;3;3;4;15;1
961;3;0;0;2;0;4;15;3;5;2;8;2;4;4;0;3;3;6;2;2.0;2.0;9;3;2;3;3;3;3;4;0;1
1004;6;0;0;2;2;2;11;1;1;2;12;0;3;6;0;0;3;6;2;2.0;1.0;1;1;0;2;2;3;3;4;18;1
1004;6;2;1;1;0;0;7;1;1;2;12;0;2;6;0;0;3;6;2;2.0;1.0;1;0;0;0;2;3;3;4;4;1
338;6;2;1;2;0;4;11;1;5;2;9;2;2;6;0;0;3;8;2;2.0;2.0;1;2;1;4;2;3;3;4;16;1
338;6;1;0;2;0;0;3;1;5;2;12;2;2;6;0;0;3;8;2;2.0;2.0;1;2;1;4;2;1;3;4;1;1
338;6;1;0;2;0;1;3;1;3;2;12;0;0;6;0;0;3;8;2;2.0;2.0;11;3;2;3;3;6;3;4;17;1
237;5;1;0;2;0;4;2;1;2;2;12;2;2;0;0;3;3;6;2;2.0;1.0;1;3;2;3;3;3;3;4;11;1
237;5;0;0;2;0;1;12;3;2;2;12;0;2;0;0;3;3;6;2;2.0;1.0;1;1;1;1;2;2;3;4;6;1
874;3;1;0;3;0;2;3;1;1;2;12;3;0;0;0;3;2;6;2;2.0;1.0;1;0;0;0;2;1;3;8;16;1
874;3;0;0;2;0;2;11;1;5;2;12;2;2;0;0;3;2;6;2;2.0;1.0;1;0;1;0;1;3;3;4;17;1
90;0;1;0;3;0;0;3;1;1;2;2;2;2;6;0;3;3;6;2;2.0;1.0;1;2;1;4;2;1;3;4;0;1
90;0;0;0;3;0;2;5;1;2;2;12;0;2;6;0;3;3;6;6;2.0;1.0;1;1;0;1;2;3;3;4;6;1
113;5;0;0;3;0;2;3;2;1;2;4;2;2;5;0;3;3;6;2;2.0;1.0;0;0;0;4;1;1;3;4;0;1
113;5;0;0;2;0;0;3;1;5;2;9;3;2;5;0;3;3;6;7;2.0;1.0;4;1;0;0;2;3;3;4;0;1
72;5;3;0;2;0;2;13;3;4;2;12;2;2;4;0;3;3;6;2;2.0;1.0;3;1;1;0;2;3;3;4;1;1
72;5;0;0;2;0;2;3;1;5;2;8;2;2;4;0;3;3;6;6;2.0;1.0;9;1;0;1;2;3;3;4;3;1
188;4;3;0;2;0;1;0;1;5;2;4;6;2;4;0;3;3;6;2;1.0;1.0;9;2;1;5;2;6;3;4;6;0
75;1;3;0;2;0;0;3;1;0;2;4;3;2;6;0;3;3;6;2;1.0;1.0;1;2;0;5;2;3;3;4;18;1
785;1;2;1;2;0;2;5;1;5;2;12;2;2;6;0;3;2;8;2;1.0;1.0;4;3;2;3;3;3;3;4;6;0
497;0;3;0;2;0;3;5;2;4;2;3;2;2;6;0;3;3;6;2;1.0;1.0;1;0;1;4;2;0;3;8;1;1
946;0;0;0;2;0;2;3;1;5;2;8;4;2;4;0;3;3;6;2;2.0;1.0;1;1;0;1;2;3;3;4;16;1
946;0;2;0;2;2;2;3;1;1;2;2;0;2;4;0;3;3;6;0;2.0;1.0;11;1;0;1;2;1;3;4;0;1
357;6;1;0;2;2;2;3;2;2;2;3;0;3;5;0;0;3;3;6;2.0;1.0;1;0;1;1;2;3;3;8;18;1
357;6;0;0;2;0;2;13;1;4;2;8;5;2;5;0;0;3;3;2;2.0;1.0;1;0;1;5;2;3;3;4;13;1
451;1;3;0;1;0;1;5;1;1;2;12;2;4;6;0;3;3;6;6;2.0;1.0;11;2;1;4;2;3;3;4;13;1
451;1;0;0;0;0;2;15;1;0;2;8;0;2;6;0;3;3;6;2;2.0;1.0;0;3;2;3;3;3;3;4;18;1
533;2;1;0;2;0;4;3;1;1;2;8;2;3;6;0;3;3;6;2;2.0;2.0;1;0;0;4;2;3;3;4;18;1
533;2;1;0;2;0;3;3;1;5;2;12;3;8;6;0;3;3;6;2;2.0;2.0;9;1;0;4;2;3;3;4;18;1
533;2;1;0;3;0;2;3;1;0;2;8;0;0;6;0;3;3;6;2;2.0;2.0;3;3;2;3;3;3;3;4;17;1
113;1;0;0;3;0;1;1;1;5;2;9;0;2;4;0;3;3;6;2;2.0;1.0;1;1;0;0;2;3;3;4;6;1
113;1;0;0;2;0;1;5;1;5;2;12;2;2;4;0;3;3;6;6;2.0;1.0;1;3;2;3;3;2;3;4;0;1
719;3;0;0;2;0;0;15;1;1;2;8;3;2;4;0;3;2;6;2;2.0;2.0;4;1;0;1;2;3;3;4;1;1
719;3;0;0;2;0;1;3;1;2;2;8;0;3;4;0;3;2;6;6;2.0;2.0;9;3;2;3;3;3;3;4;6;1
122;5;3;0;2;0;1;3;1;5;2;8;5;2;5;0;0;3;3;2;2.0;1.0;1;0;0;0;1;3;3;8;6;1
122;5;0;0;2;0;4;3;1;2;2;12;2;0;5;3;0;3;3;2;2.0;1.0;9;3;2;3;3;3;3;4;18;1
414;6;0;0;1;0;3;15;1;5;2;2;0;2;4;0;0;3;3;2;2.0;1.0;1;1;1;1;2;3;3;4;4;1
414;6;1;0;2;0;1;13;1;5;2;4;0;2;4;0;0;3;3;2;2.0;1.0;1;2;1;5;2;3;3;4;0;1
1052;3;1;0;1;0;4;4;1;0;2;8;3;2;0;0;3;3;8;2;1.0;1.0;1;3;2;3;3;3;3;4;0;1
464;0;0;0;2;0;4;15;1;5;2;2;0;2;5;0;3;3;6;2;3.0;2.0;1;1;1;0;2;3;3;4;18;1
464;0;1;0;1;0;2;11;1;5;2;8;0;2;5;0;3;3;6;2;3.0;2.0;1;1;0;4;2;3;3;4;18;1
464;0;1;0;2;0;4;2;1;5;2;8;5;2;5;0;3;3;6;2;3.0;2.0;1;3;2;3;3;3;3;4;3;1
856;4;1;0;2;0;0;2;1;5;2;9;2;2;5;0;0;2;3;2;1.0;1.0;1;3;2;3;3;3;3;4;9;1
965;0;0;0;2;0;1;15;1;2;2;8;2;2;4;0;3;3;6;2;2.0;1.0;1;1;0;1;2;3;3;4;16;1
965;0;1;0;3;0;1;3;1;2;2;9;0;2;4;0;3;3;6;2;2.0;1.0;1;3;2;3;3;1;3;4;17;1
364;0;0;0;3;1;2;3;1;1;2;8;3;2;4;0;3;3;6;0;2.0;1.0;1;3;2;3;3;3;3;4;16;1
364;0;1;0;2;0;2;13;1;1;2;8;3;2;4;0;3;3;6;6;2.0;1.0;1;0;1;1;2;3;3;4;4;1
367;0;0;0;1;2;2;2;1;5;2;12;2;2;5;0;3;3;6;2;2.0;3.0;5;3;2;3;3;3;3;4;4;1
367;0;0;0;2;0;4;13;1;5;2;12;2;2;5;0;3;3;6;2;2.0;3.0;5;1;0;0;2;3;3;4;13;1
367;0;0;0;2;0;3;3;1;4;2;9;2;2;5;0;3;3;6;6;2.0;3.0;1;1;0;0;2;4;3;4;18;1
367;0;0;0;2;1;3;4;1;5;2;2;2;2;5;0;3;3;6;2;2.0;3.0;1;3;2;3;3;3;3;4;13;1
39;3;3;0;2;0;4;13;3;5;2;2;3;2;5;0;3;3;6;2;1.0;1.0;3;3;2;3;3;3;3;4;16;1
680;4;3;0;1;2;2;6;1;1;2;9;3;2;6;0;3;2;6;2;2.0;4.0;1;1;0;1;2;3;3;4;6;0
680;4;3;0;3;2;2;14;1;5;2;8;2;0;6;0;3;2;6;0;2.0;4.0;1;2;1;2;2;3;3;4;18;0
680;4;3;0;2;0;1;3;1;2;2;8;2;0;6;0;3;2;6;0;2.0;4.0;1;2;1;2;2;0;3;4;4;0
680;4;3;0;2;0;1;3;1;1;2;9;2;2;6;0;3;2;6;7;2.0;4.0;1;1;0;1;2;3;3;4;0;0
417;0;1;0;0;0;2;2;1;2;2;2;5;2;6;0;3;3;6;2;1.0;1.0;1;0;0;0;2;6;3;8;18;0
614;4;4;0;2;2;1;3;1;5;2;12;2;2;4;0;0;2;3;2;3.0;1.0;3;0;1;1;2;3;3;4;6;1
614;4;1;0;2;0;2;14;1;5;2;8;2;2;4;0;0;2;3;2;3.0;1.0;1;1;0;0;2;3;3;4;18;1
614;4;2;0;2;0;1;5;1;5;2;12;2;2;4;0;0;2;3;7;3.0;1.0;1;3;2;3;3;3;3;4;16;1
553;0;2;0;2;0;2;5;1;5;2;12;2;2;0;0;3;3;6;7;2.0;2.0;5;3;2;3;3;3;3;4;0;1
553;0;0;0;2;0;1;2;1;5;2;12;2;2;0;0;3;3;6;2;2.0;2.0;1;1;0;4;2;3;3;4;17;1
553;0;0;0;3;0;0;2;3;1;2;9;2;2;0;0;3;3;6;2;2.0;2.0;1;0;1;4;2;3;3;4;16;1
541;6;0;0;1;0;2;2;1;3;2;2;0;2;4;0;3;2;5;2;3.0;3.0;1;0;1;0;2;3;3;4;1;1
541;6;0;0;2;2;0;5;1;5;2;12;0;2;4;0;3;2;5;6;3.0;3.0;1;0;1;2;2;3;3;4;2;1
541;6;0;0;2;0;1;13;1;5;2;12;4;2;4;0;3;2;5;2;3.0;3.0;1;0;0;0;2;3;3;6;7;1
541;6;2;1;2;0;0;2;1;5;2;9;2;2;4;0;3;2;5;6;3.0;3.0;2;1;0;1;1;3;3;4;6;1
541;6;2;1;3;0;4;5;1;5;2;8;4;2;4;0;3;2;5;2;3.0;3.0;5;3;2;3;3;3;3;4;7;1
541;6;2;1;2;0;1;2;1;5;2;4;2;2;4;0;3;2;5;2;3.0;3.0;1;1;1;0;2;3;3;4;6;1
1058;6;2;0;2;0;1;15;3;5;2;9;3;2;6;0;3;3;8;6;1.0;1.0;1;3;2;3;3;3;3;4;17;0
384;4;0;0;2;0;1;2;1;5;2;8;6;2;4;0;3;3;6;2;1.0;1.0;1;1;0;0;2;0;3;4;6;1
870;2;1;0;2;0;1;2;1;1;2;12;2;2;2;0;3;2;6;2;1.0;1.0;1;3;2;3;3;3;3;4;0;0
235;4;4;0;3;0;1;2;1;5;2;2;5;2;4;0;3;3;6;6;1.0;1.0;1;1;0;0;2;3;3;4;13;2
675;1;0;0;2;0;1;4;1;4;2;4;2;2;6;0;3;2;6;6;3.0;3.0;1;2;0;0;2;3;3;4;6;1
675;1;0;0;3;0;2;3;1;5;2;1;4;2;6;0;3;2;6;2;3.0;3.0;1;3;2;3;3;6;3;4;0;1
675;1;0;0;3;0;1;2;1;5;2;0;0;2;6;0;3;2;6;2;3.0;3.0;1;1;0;5;2;3;3;4;6;1
675;1;0;0;2;0;4;13;1;5;2;12;2;2;6;0;3;2;6;2;3.0;3.0;1;3;2;3;3;6;3;4;6;1
744;6;1;0;2;0;4;6;1;5;2;12;2;2;4;0;0;2;3;2;2.0;1.0;9;1;0;0;2;3;3;4;6;2
744;6;1;2;1;0;4;3;1;5;2;4;2;2;4;0;0;2;3;2;2.0;1.0;9;1;0;0;2;6;3;4;0;2
203;1;2;0;2;0;2;4;3;1;2;12;2;2;6;0;3;3;6;2;2.0;1.0;4;0;0;4;2;3;3;6;0;1
203;1;0;0;2;2;1;13;3;5;2;8;5;2;6;0;3;3;6;2;2.0;1.0;5;3;2;3;3;3;3;4;6;1
997;6;1;0;3;0;0;5;1;5;2;12;5;2;0;0;0;3;3;2;1.0;1.0;5;1;1;1;2;6;3;4;11;1
1002;1;2;0;2;0;1;2;1;5;2;8;2;2;6;0;3;3;6;2;2.0;2.0;1;2;0;0;2;0;3;4;0;1
1002;1;0;0;2;0;2;13;1;5;2;8;0;2;6;0;3;3;6;2;2.0;2.0;1;3;2;3;3;1;3;4;18;1
1002;1;0;0;2;0;2;4;2;5;2;12;5;2;6;0;3;3;6;2;2.0;2.0;5;0;1;0;2;0;3;8;4;1
474;1;2;0;3;2;2;2;3;1;2;12;5;2;6;0;3;3;5;2;2.0;1.0;5;3;2;3;3;3;3;4;0;1
474;1;1;0;1;1;4;13;1;5;2;12;0;2;6;0;3;3;5;2;2.0;1.0;1;3;2;3;3;0;3;4;0;1
131;3;2;0;2;0;4;7;1;4;2;12;5;2;4;0;3;3;6;2;1.0;2.0;2;1;1;0;2;3;3;4;11;1
131;3;2;0;2;0;0;3;1;5;2;9;0;2;4;0;3;3;6;2;1.0;2.0;5;3;2;3;3;0;3;4;4;1
927;5;2;1;1;2;2;3;1;1;2;2;0;2;6;0;3;3;6;2;1.0;1.0;4;1;0;0;2;0;3;4;7;0
357;3;0;0;2;0;1;11;1;1;2;8;3;2;4;0;3;3;6;2;2.0;3.0;1;0;0;0;2;0;3;4;11;1
357;3;0;0;2;0;2;2;1;1;2;2;5;2;4;0;3;3;6;2;2.0;3.0;1;1;1;4;2;3;3;4;16;1
357;3;0;0;2;0;1;13;1;1;2;12;2;2;4;0;3;3;6;6;2.0;3.0;1;1;1;0;2;3;3;4;13;1
357;3;1;0;2;0;4;13;1;5;2;12;5;2;4;0;3;3;6;2;2.0;3.0;1;3;2;3;3;2;3;4;4;1
683;3;0;0;3;0;2;14;1;0;2;11;5;8;5;0;3;2;6;7;2.0;3.0;1;3;2;3;3;3;3;4;16;1
683;3;1;0;2;0;2;11;1;2;2;8;2;0;5;0;3;2;6;2;2.0;3.0;1;1;0;0;1;6;3;4;17;1
683;3;1;0;0;0;0;5;1;3;2;12;5;8;5;0;3;2;6;6;2.0;3.0;1;1;1;0;2;3;3;4;0;1
770;1;2;1;3;0;4;3;1;5;2;8;0;2;5;0;3;2;8;2;2.0;1.0;1;3;2;3;3;3;3;4;0;1
770;1;0;0;3;0;2;5;1;5;2;12;0;2;5;0;3;2;8;2;2.0;1.0;1;0;0;4;2;3;3;8;0;1
80;6;0;0;3;0;1;13;1;1;2;12;2;2;4;0;3;3;6;2;1.0;2.0;5;3;2;3;3;3;3;4;7;0
80;6;0;0;3;0;1;3;1;5;2;8;0;2;4;0;3;3;6;2;1.0;2.0;1;1;1;0;2;3;3;4;1;0
76;5;3;0;2;0;2;13;1;5;2;12;3;2;6;0;0;3;6;2;1.0;1.0;1;3;2;3;3;3;3;4;13;1
20;2;2;1;2;0;0;13;1;5;2;2;5;2;4;0;3;2;6;0;2.0;3.0;9;1;0;5;2;3;3;4;9;1
20;2;3;0;2;0;2;4;1;5;2;8;2;2;4;0;3;2;6;6;2.0;3.0;1;3;2;3;3;3;3;4;13;1
20;2;3;0;2;0;2;2;1;4;2;8;2;2;4;0;3;2;6;2;2.0;3.0;9;1;1;0;2;6;3;4;18;1
20;2;3;0;0;0;2;3;1;1;2;12;0;3;4;0;3;2;6;2;2.0;3.0;5;3;2;3;3;6;3;4;4;1
504;4;0;0;2;0;4;3;1;1;2;9;0;2;4;0;3;3;6;6;2.0;1.0;1;1;1;0;2;6;3;4;16;1
504;4;0;0;3;0;1;15;1;5;2;9;0;2;4;0;3;3;6;2;2.0;1.0;2;3;2;3;3;3;3;4;0;1
416;3;4;0;2;0;2;1;1;2;1;12;2;2;0;0;3;3;6;2;2.0;1.0;1;3;2;3;3;1;3;4;4;1
416;3;0;0;2;0;2;3;1;5;1;12;5;2;0;0;3;3;6;2;2.0;1.0;5;0;0;0;2;3;3;8;18;1
935;3;0;0;2;0;2;13;1;5;2;8;2;8;4;0;3;3;6;2;2.0;1.0;5;1;0;0;2;6;3;4;6;1
935;3;2;0;2;0;2;15;3;5;2;11;3;2;4;0;3;3;6;2;2.0;1.0;5;3;2;3;3;1;3;4;18;1
328;5;3;0;2;0;2;15;1;5;2;12;2;8;5;0;3;3;6;2;1.0;1.0;0;1;0;0;2;3;3;4;13;1
155;3;2;0;2;0;0;3;1;2;2;12;2;1;6;0;3;3;6;7;2.0;1.0;5;3;2;3;3;3;3;4;18;1
155;3;1;0;0;2;2;3;3;5;2;2;2;2;6;0;3;3;6;2;2.0;1.0;5;1;0;0;2;3;3;4;13;1
1026;5;2;0;2;0;1;3;1;5;2;8;2;0;6;0;3;3;6;6;1.0;1.0;5;3;2;3;3;3;3;4;17;1
1006;3;0;0;2;2;2;6;1;5;2;12;2;0;4;0;3;3;8;2;2.0;3.0;1;1;0;0;2;3;3;4;1;1
1006;3;1;0;1;0;1;5;3;5;2;9;3;2;4;0;3;3;8;2;2.0;3.0;1;0;0;0;2;3;3;4;18;1
1006;3;1;0;2;0;4;2;1;5;2;8;2;2;4;0;3;3;8;2;2.0;3.0;1;1;0;0;2;3;3;4;4;1
1006;3;1;0;2;0;3;3;1;5;2;8;0;2;4;0;3;3;8;2;2.0;3.0;1;2;1;0;2;3;3;4;18;1
654;2;0;0;2;0;3;3;1;3;2;8;2;2;6;0;3;2;6;2;2.0;1.0;1;3;2;3;3;6;3;4;17;0
654;2;0;0;2;2;2;6;2;0;2;2;2;2;6;0;3;2;6;2;2.0;1.0;1;1;0;0;1;6;3;4;13;0
327;5;1;0;2;0;1;6;1;5;2;8;2;2;6;0;3;3;6;2;1.0;1.0;1;3;2;3;3;3;3;4;17;1
900;1;1;0;2;0;2;3;1;0;2;8;2;0;6;0;0;3;6;2;2.0;1.0;1;3;2;3;3;3;3;4;18;1
900;1;2;0;3;0;5;2;1;5;2;8;2;0;6;0;0;3;6;2;2.0;1.0;1;3;2;3;3;3;3;4;17;1
474;6;2;1;2;0;4;4;1;2;2;8;2;2;0;0;3;3;8;6;1.0;1.0;1;1;0;1;2;3;3;4;6;0
474;1;4;0;2;2;4;13;1;5;2;12;2;2;6;0;3;3;6;2;2.0;1.0;1;1;1;1;2;3;3;4;19;1
474;1;2;0;2;0;4;3;1;5;2;9;3;2;6;0;3;3;6;6;2.0;1.0;2;3;2;3;3;3;3;4;6;1
311;1;2;1;2;0;4;3;1;5;2;2;0;2;4;0;3;3;6;2;1.0;1.0;1;3;2;3;3;3;3;4;1;1
231;6;1;0;2;2;2;13;1;5;2;12;2;2;4;0;3;3;8;2;2.0;1.0;5;1;0;0;2;3;3;4;16;1
231;6;4;0;2;0;3;3;1;5;2;1;2;2;4;0;3;3;8;2;2.0;1.0;1;2;1;4;2;3;3;4;0;1
746;4;2;1;2;0;1;2;1;5;2;12;2;2;0;0;3;2;6;7;2.0;2.0;3;0;0;5;2;3;3;4;0;1
746;4;3;0;2;0;2;3;1;5;2;4;0;0;0;0;3;2;6;2;2.0;2.0;1;3;2;3;3;6;3;4;18;1
350;4;0;0;0;0;0;3;1;5;2;12;2;2;4;0;3;3;6;2;1.0;1.0;1;1;0;0;2;3;3;4;18;0
959;0;3;0;2;0;0;3;1;5;2;12;5;2;4;0;3;3;6;2;2.0;1.0;1;2;0;1;2;3;3;4;1;1
959;0;4;0;2;0;0;3;1;2;2;2;5;2;4;0;3;3;6;7;2.0;1.0;1;3;2;3;3;3;3;4;0;1
710;2;0;0;4;0;2;13;1;2;2;2;0;2;6;0;3;2;6;6;1.0;2.0;4;0;1;5;2;3;3;4;16;1
710;2;0;0;2;0;4;2;1;5;2;12;2;2;6;0;3;2;6;2;1.0;2.0;6;1;1;1;1;3;3;4;1;1
326;4;1;0;2;0;4;4;1;5;2;12;4;2;6;0;3;3;6;2;2.0;1.0;6;3;2;3;3;3;3;4;16;1
326;4;0;0;2;0;2;11;3;1;2;1;2;2;6;0;3;3;6;2;2.0;1.0;6;2;1;1;2;6;3;4;13;1
474;3;2;0;2;0;1;2;1;1;2;12;0;2;4;0;3;3;6;2;2.0;1.0;6;3;2;3;3;3;3;4;2;1
474;3;0;0;2;0;3;4;1;2;2;8;0;2;4;0;3;3;6;2;2.0;1.0;5;3;2;3;3;3;3;4;18;1
459;6;0;0;2;0;0;11;1;2;2;2;2;2;2;0;3;3;6;2;2.0;1.0;6;1;0;0;2;3;3;4;18;1
459;6;2;1;2;0;2;13;1;1;2;8;2;2;2;0;3;3;6;2;2.0;1.0;4;0;1;1;2;3;3;4;18;1
341;5;1;0;2;0;3;3;1;5;2;8;0;3;6;0;0;3;3;6;1.0;1.0;6;3;2;3;3;3;3;4;1;1
317;2;0;0;3;0;2;3;1;1;2;12;0;2;6;0;3;3;6;6;1.0;1.0;6;2;1;1;1;3;3;4;16;1
1005;0;1;0;2;0;1;3;3;5;2;9;2;2;6;0;0;3;6;2;1.0;1.0;6;1;1;1;2;3;3;4;9;1
39;5;1;0;2;0;2;3;1;1;2;8;2;0;4;0;3;3;6;2;1.0;1.0;6;3;2;3;3;6;3;4;11;1
273;4;0;0;3;0;2;16;1;1;2;9;5;2;7;0;3;3;6;2;4.0;3.0;6;1;0;0;2;6;3;4;4;1
273;4;0;0;2;0;4;3;1;5;2;9;2;2;7;2;3;3;6;2;4.0;3.0;5;3;2;3;3;3;3;4;1;1
273;4;3;0;2;0;0;11;1;5;2;12;3;2;7;0;3;3;6;2;4.0;3.0;1;1;1;0;2;3;3;4;17;1
273;4;1;0;1;0;3;3;1;5;2;3;4;2;7;0;3;3;6;0;4.0;3.0;1;3;2;3;3;3;3;4;1;1
1048;4;2;0;3;0;4;3;3;5;2;12;0;2;6;0;3;2;6;2;2.0;1.0;5;1;0;1;2;3;3;4;18;1
1048;4;0;0;1;2;0;3;1;5;2;12;0;2;6;0;3;2;6;6;2.0;1.0;1;3;2;3;3;3;3;4;13;1
81;4;2;0;2;0;1;4;1;5;2;1;4;0;4;0;3;3;6;7;2.0;1.0;1;3;2;3;3;3;3;4;1;1
81;4;0;0;2;0;2;13;1;5;2;12;0;2;4;0;3;3;6;2;2.0;1.0;1;1;0;5;2;6;3;4;4;1
548;6;0;0;1;2;1;13;1;5;2;12;0;2;4;0;0;3;3;2;2.0;1.0;1;2;0;1;2;6;3;4;18;1
548;6;2;0;1;0;4;3;1;5;2;12;0;2;4;0;0;3;3;2;2.0;1.0;1;3;2;3;3;6;3;4;13;1
247;2;0;0;2;0;0;13;1;3;2;8;2;2;5;0;3;3;6;2;2.0;2.0;2;3;2;3;3;3;3;4;18;1
247;2;0;0;3;0;0;13;1;1;2;12;2;0;5;1;3;3;6;2;2.0;2.0;9;1;1;1;2;6;3;4;1;1
678;2;2;0;1;2;2;3;1;1;2;12;0;2;6;0;0;2;6;2;2.0;1.0;1;1;1;1;2;3;3;4;19;1
678;2;1;0;2;0;2;6;1;0;2;8;0;2;6;0;0;2;6;2;2.0;1.0;1;0;0;0;2;3;3;8;18;1
685;5;0;0;2;2;0;6;1;0;2;9;5;8;6;0;0;0;3;7;1.0;1.0;1;0;1;1;2;3;3;4;1;0
437;0;0;0;2;0;1;3;1;0;2;4;4;2;4;0;3;3;6;7;2.0;1.0;1;0;0;4;2;3;3;4;16;1
437;0;3;0;2;2;2;15;1;1;2;12;0;2;4;0;3;3;6;2;2.0;1.0;1;1;0;0;2;2;3;4;18;1
904;0;0;0;2;2;4;3;1;0;2;9;0;2;7;0;3;3;6;2;2.0;1.0;1;1;0;0;2;0;3;4;17;1
904;0;0;0;1;0;2;13;1;0;2;1;2;2;7;0;3;3;6;2;2.0;1.0;5;3;2;3;3;3;3;4;17;1
322;6;1;0;1;2;1;2;1;5;1;8;5;2;5;0;3;3;6;2;1.0;1.0;1;1;0;2;2;1;3;4;16;0
293;4;3;0;2;0;2;4;1;5;2;5;2;2;4;0;3;3;6;2;2.0;1.0;9;0;1;0;2;3;3;4;6;0
293;4;2;0;3;0;1;15;1;0;2;5;2;2;4;0;3;3;6;6;2.0;1.0;5;0;1;1;2;3;3;4;0;0
348;2;0;0;3;0;2;9;1;0;2;5;0;2;4;0;3;3;6;2;2.0;1.0;1;1;0;1;2;3;3;4;1;0
348;2;4;0;2;0;0;4;3;3;2;5;0;2;4;0;3;3;6;2;2.0;1.0;1;3;2;3;3;0;3;4;13;0
965;3;1;0;2;0;2;15;1;5;2;5;5;8;4;0;3;3;6;2;2.0;2.0;1;1;0;5;2;3;3;4;6;1
965;3;0;0;2;0;2;15;1;5;2;11;5;8;4;0;3;3;6;2;2.0;2.0;1;3;2;3;3;3;3;4;7;1
1012;5;4;0;3;0;4;3;1;4;2;5;2;2;4;0;3;3;6;2;3.0;3.0;1;1;0;1;2;3;3;4;7;1
1012;5;1;0;3;0;3;3;1;5;2;5;0;2;4;0;3;3;6;2;3.0;3.0;1;3;2;3;3;6;3;4;17;1
1012;5;1;0;2;0;1;2;1;5;2;5;2;4;4;0;3;3;6;2;3.0;3.0;1;0;0;4;2;3;3;6;1;1
1022;3;1;0;3;2;0;2;1;1;2;5;2;3;6;0;0;3;3;2;2.0;1.0;1;0;0;1;2;1;3;4;0;1
1022;3;3;0;2;2;2;3;1;1;2;8;0;3;6;0;0;3;3;2;2.0;1.0;1;0;0;4;2;3;3;4;6;1
1009;3;0;0;2;0;1;12;1;1;2;5;0;3;4;0;0;3;3;2;1.0;1.0;5;0;1;4;2;3;3;4;18;1
904;5;0;0;2;0;1;2;1;5;2;5;0;3;4;0;3;3;6;2;2.0;1.0;2;3;2;3;3;6;3;4;19;1
904;5;0;0;1;0;1;12;1;1;2;5;0;2;4;0;3;3;6;2;2.0;1.0;5;2;1;0;2;6;3;4;10;1
998;5;1;0;2;0;4;15;1;5;2;8;0;2;4;0;3;3;6;2;2.0;2.0;5;2;0;0;2;6;3;4;0;1
998;5;0;0;2;0;1;3;1;5;2;1;0;2;4;0;3;3;6;2;2.0;2.0;2;1;0;5;2;3;2;4;6;1
479;2;0;0;2;0;0;2;1;4;2;8;0;2;6;0;3;3;6;2;2.0;1.0;1;3;2;3;3;3;0;4;13;1
479;2;2;1;2;0;1;3;1;1;2;12;2;0;6;0;3;3;6;6;2.0;1.0;1;2;1;1;2;3;3;4;2;1
358;4;4;0;2;0;2;3;1;4;2;9;2;2;4;0;3;3;6;2;2.0;1.0;1;3;2;3;3;6;3;4;0;1
358;4;2;0;2;0;0;3;1;4;2;9;5;2;4;0;3;3;6;2;2.0;1.0;1;1;0;1;2;3;3;4;6;1
1007;3;0;0;3;0;0;3;1;5;2;9;0;2;4;0;3;3;6;2;2.0;2.0;4;3;2;3;3;3;3;4;16;1
1007;3;1;0;2;0;1;13;1;4;2;12;0;2;4;0;3;3;6;2;2.0;2.0;1;0;1;1;2;3;3;4;13;1
300;3;3;0;2;0;4;2;1;5;2;8;2;2;1;0;0;3;3;7;2.0;2.0;1;2;0;5;2;3;3;4;1;1
300;3;1;0;2;0;3;4;1;5;2;12;2;2;1;0;0;3;3;2;2.0;2.0;1;0;0;1;2;3;3;4;3;1
300;3;1;0;2;0;4;4;1;4;2;12;5;2;1;0;0;3;3;2;2.0;2.0;1;0;1;0;2;3;3;4;18;1
222;4;0;2;3;2;2;3;1;2;2;8;2;2;6;0;3;3;6;2;2.0;2.0;1;3;2;3;3;3;3;4;6;1
222;4;0;0;3;0;4;14;1;3;2;2;5;2;6;0;3;3;6;2;2.0;2.0;9;1;0;0;2;0;3;4;18;1
222;4;2;1;2;0;0;3;1;5;2;12;2;2;6;0;3;3;6;2;2.0;2.0;1;1;1;1;2;3;3;4;1;1
151;3;0;0;2;0;2;6;1;5;2;12;4;2;6;0;0;3;3;2;3.0;4.0;1;3;2;3;3;3;3;4;17;1
151;3;0;0;1;2;2;13;1;5;2;8;3;2;6;0;0;3;3;2;3.0;4.0;4;3;2;3;3;6;3;4;18;1
151;3;0;0;3;0;1;6;1;5;2;8;4;0;6;0;0;3;3;2;3.0;4.0;1;1;1;0;2;6;3;4;18;1
151;3;0;0;2;0;2;2;1;5;2;8;0;2;6;0;0;3;3;7;3.0;4.0;1;3;2;3;3;3;3;4;1;1
151;3;2;0;2;0;2;13;1;5;2;8;3;2;6;0;0;3;3;2;3.0;4.0;1;1;0;0;2;6;3;4;18;1
151;3;2;1;1;2;0;13;1;5;2;12;2;2;6;0;0;3;3;2;3.0;4.0;1;2;0;0;2;3;3;4;1;1
458;1;3;0;2;0;0;14;1;3;2;8;0;2;6;0;3;3;6;2;1.0;4.0;1;3;2;3;3;6;3;4;18;1
458;1;3;0;2;0;0;4;1;5;2;12;2;2;6;0;3;3;6;2;1.0;4.0;1;1;0;0;2;3;3;4;18;1
458;1;3;0;2;0;4;4;1;5;2;12;3;2;6;0;3;3;6;6;1.0;4.0;9;1;0;4;2;6;3;4;18;1
458;1;3;0;2;0;0;13;3;5;2;12;2;2;6;0;3;3;6;2;1.0;4.0;1;2;1;4;2;6;3;4;1;1
210;4;1;0;1;2;4;13;1;5;2;8;2;2;4;0;3;3;6;2;3.0;2.0;1;3;2;3;3;6;3;4;0;1
210;4;0;0;2;0;4;3;1;5;2;8;2;2;4;0;3;3;6;2;3.0;2.0;1;3;2;3;3;3;3;4;13;1
210;4;1;0;2;0;0;2;1;5;2;8;2;2;4;0;3;3;6;2;3.0;2.0;1;1;0;0;2;0;3;4;0;1
528;4;1;0;2;0;0;3;3;5;2;8;2;2;4;0;3;2;6;2;3.0;1.0;9;3;2;3;3;3;3;4;18;1
528;4;0;0;1;0;1;2;1;1;2;2;0;2;4;0;3;2;6;2;3.0;1.0;1;1;0;4;1;3;3;4;11;1
528;4;2;0;2;0;1;3;3;5;2;8;2;2;4;0;3;2;6;2;3.0;1.0;5;3;2;3;3;3;3;4;4;1
369;4;3;0;2;0;0;4;3;5;2;9;2;2;5;0;0;3;5;6;2.0;2.0;5;2;1;5;2;3;3;4;4;1
369;4;1;0;3;0;2;3;1;5;2;11;2;2;5;0;0;3;5;2;2.0;2.0;1;0;0;4;2;6;3;4;0;1
62;3;1;0;2;0;2;5;1;5;2;8;0;2;7;0;0;3;6;2;2.0;1.0;1;3;2;3;3;3;3;4;17;1
62;3;3;0;2;0;0;3;1;2;2;12;0;2;7;0;0;3;6;2;2.0;1.0;1;1;0;1;2;3;3;4;16;1
85;2;0;0;3;1;2;2;1;5;2;12;3;2;6;0;3;3;6;2;2.0;2.0;1;1;0;0;2;3;3;4;1;1
85;2;0;0;2;0;1;5;3;5;2;12;3;2;6;0;3;3;6;0;2.0;2.0;5;3;2;3;3;3;3;4;1;1
85;2;0;0;3;0;2;11;1;2;2;12;2;2;6;1;3;3;6;2;2.0;2.0;1;1;0;0;2;3;3;4;11;1
665;2;0;0;2;0;4;13;1;5;2;8;3;0;4;0;3;2;6;2;3.0;2.0;3;3;2;3;3;6;3;4;18;1
665;2;0;0;2;0;4;13;1;5;2;8;2;2;4;0;3;2;6;6;3.0;2.0;1;1;0;2;2;3;3;4;16;1
665;2;1;0;3;2;1;13;1;5;2;8;2;0;4;0;3;2;6;2;3.0;2.0;1;1;0;4;2;3;3;4;0;1
532;4;2;1;3;0;2;3;1;5;2;8;2;0;4;0;3;3;8;2;1.0;1.0;1;2;0;1;2;6;3;4;1;1
222;5;2;0;2;2;0;13;1;5;2;8;4;2;4;2;3;3;6;2;2.0;1.0;1;2;1;0;2;6;3;4;18;1
222;5;0;0;3;0;4;3;1;5;2;8;2;2;4;0;3;3;6;6;2.0;1.0;1;1;0;0;2;3;3;4;6;1
937;1;1;0;2;0;2;5;1;5;2;8;2;2;2;0;3;3;6;6;2.0;1.0;1;3;2;3;3;6;3;4;17;1
937;1;2;0;2;0;1;3;1;2;2;12;0;2;2;0;3;3;6;2;2.0;1.0;9;1;0;1;2;3;3;4;6;1
708;1;1;0;3;0;4;11;1;5;2;12;2;2;6;0;3;2;6;2;2.0;1.0;1;3;2;3;3;3;3;4;13;1
708;1;2;1;2;0;1;3;1;1;2;9;2;2;6;0;3;2;6;6;2.0;1.0;5;2;0;1;2;3;3;4;18;1
180;0;0;0;3;0;4;13;1;5;2;12;2;2;4;0;0;3;3;6;1.0;1.0;1;2;1;0;2;6;3;4;18;1
578;0;0;0;2;0;4;2;1;2;2;12;2;2;4;0;0;2;6;2;4.0;4.0;1;2;1;0;2;3;3;4;18;1
578;0;0;0;2;0;1;4;3;5;2;12;2;2;4;0;0;2;6;2;4.0;4.0;1;2;0;0;2;0;3;4;1;1
578;0;0;0;2;0;4;3;1;2;2;12;0;2;4;0;0;2;6;2;4.0;4.0;1;1;0;0;2;3;3;4;1;1
578;0;0;0;2;0;4;13;1;5;2;4;0;2;4;0;0;2;6;6;4.0;4.0;1;3;2;3;3;3;3;4;13;1
578;0;2;1;2;0;3;3;1;2;2;4;0;2;4;0;0;2;6;2;4.0;4.0;9;1;0;0;2;3;3;4;0;1
578;0;2;1;2;2;4;6;1;5;2;2;3;2;4;0;0;2;6;4;4.0;4.0;1;2;1;4;2;3;3;4;16;1
437;5;3;0;1;1;4;3;1;5;2;12;0;2;6;0;3;3;6;2;2.0;1.0;1;1;0;0;2;3;3;4;13;1
437;5;1;0;2;0;2;13;1;4;2;12;0;2;6;3;3;3;6;6;2.0;1.0;1;3;2;3;3;3;3;4;6;1
441;0;1;0;3;0;2;5;1;5;2;8;0;2;6;0;3;3;8;2;3.0;3.0;1;3;2;3;3;0;3;4;6;1
441;0;1;0;2;0;2;9;1;5;2;8;0;2;6;0;3;3;8;2;3.0;3.0;1;1;0;1;2;3;3;4;10;1
441;0;1;0;2;0;2;5;3;3;2;9;2;2;6;0;3;3;8;2;3.0;3.0;1;1;0;1;1;0;3;4;17;1
441;0;1;0;2;2;3;13;1;5;2;4;0;2;6;0;3;3;8;2;3.0;3.0;1;3;2;3;3;6;3;4;16;1
441;0;1;0;2;0;2;3;1;5;2;8;0;2;6;3;3;3;8;2;3.0;3.0;1;0;0;5;2;3;3;4;6;1
943;3;1;0;3;0;1;13;1;5;2;12;0;2;6;0;0;3;3;4;3.0;1.0;1;0;0;4;2;3;3;6;13;1
943;3;1;0;2;2;1;11;1;5;2;12;2;2;6;0;0;3;3;4;3.0;1.0;1;1;0;0;2;6;3;4;6;1
943;3;1;0;3;0;1;4;1;5;2;9;0;2;6;3;0;3;3;3;3.0;1.0;1;0;1;0;2;6;3;4;16;1
324;3;2;0;2;2;1;3;1;5;2;8;2;2;6;0;3;3;6;3;1.0;1.0;5;3;2;3;3;3;3;4;0;0
900;1;1;0;2;0;4;3;2;5;2;9;5;2;5;0;3;2;6;3;2.0;1.0;1;1;0;0;2;3;3;4;1;1
900;1;0;0;2;0;1;3;1;5;2;8;2;2;5;0;3;2;6;3;2.0;1.0;1;1;0;1;2;6;3;4;16;1
281;2;1;0;2;0;0;2;1;5;2;2;2;2;4;0;3;3;6;3;3.0;2.0;1;3;2;3;3;6;3;4;6;1
281;2;1;0;2;0;1;3;2;2;2;9;2;2;4;0;3;3;6;3;3.0;2.0;1;2;1;5;2;3;3;4;13;1
281;2;3;0;2;0;0;6;1;4;2;11;5;2;4;0;3;3;6;3;3.0;2.0;1;0;0;1;2;3;3;4;11;1
281;2;3;0;2;0;2;6;1;2;2;3;5;8;4;0;3;3;6;3;3.0;2.0;1;3;2;3;3;3;3;4;1;1
281;2;0;0;2;0;2;3;1;1;2;12;0;2;4;0;3;3;6;3;3.0;2.0;9;1;1;0;2;3;3;4;0;1
281;2;2;0;3;2;1;5;1;5;2;11;3;2;4;0;3;3;6;3;3.0;2.0;1;3;2;3;3;3;3;4;11;1
932;3;0;0;3;0;3;5;1;4;2;12;5;2;4;0;0;3;6;3;1.0;1.0;1;1;0;1;2;3;3;4;12;0
42;1;3;0;2;0;2;13;1;2;2;4;0;2;7;0;3;3;6;3;1.0;1.0;1;2;1;0;2;3;3;4;4;0
268;4;0;0;2;0;4;3;1;5;2;2;2;2;0;0;0;3;5;1;2.0;1.0;1;0;1;1;2;3;3;4;16;1
268;4;2;1;1;0;0;4;1;5;2;8;2;2;0;1;0;3;5;0;2.0;1.0;1;1;0;0;2;3;3;4;0;1
581;6;2;1;2;2;2;4;1;5;2;12;2;2;6;0;0;2;3;3;2.0;2.0;1;3;2;3;3;3;3;4;13;1
581;6;0;0;2;0;0;13;1;5;2;8;3;2;6;0;0;2;3;0;2.0;2.0;1;1;0;5;2;3;3;4;1;1
581;6;0;0;2;0;4;3;1;5;2;8;3;2;6;0;0;2;3;3;2.0;2.0;1;3;2;3;3;3;3;4;17;1
55;5;2;0;2;0;3;11;3;5;2;8;3;2;6;0;3;3;6;3;2.0;1.0;1;0;1;4;2;3;3;4;18;1
55;5;0;0;3;0;1;9;1;5;2;9;3;2;6;0;3;3;6;2;2.0;1.0;1;2;1;0;2;3;3;4;16;1
324;3;1;0;2;0;2;3;1;5;2;8;3;2;6;0;3;3;6;8;1.0;1.0;1;3;2;3;3;3;3;4;18;1
133;4;0;0;3;0;2;2;1;1;2;12;0;2;6;0;3;3;6;4;1.0;1.0;1;0;0;4;2;3;3;4;18;1
905;5;0;0;2;2;0;3;1;1;2;4;4;2;0;0;3;3;6;4;2.0;1.0;5;3;2;3;3;3;3;4;13;1
905;5;1;0;2;0;2;3;1;5;2;12;4;2;0;0;3;3;6;0;2.0;1.0;1;0;0;5;2;3;3;4;0;1
594;3;1;0;4;1;2;3;1;5;2;8;3;2;4;0;0;2;6;3;2.0;1.0;1;0;0;0;2;3;3;6;17;1
594;3;2;0;1;0;1;0;3;5;2;8;2;2;4;0;0;2;6;3;2.0;1.0;1;3;2;3;3;3;3;4;13;1
1012;6;4;0;2;0;0;3;3;5;2;12;3;2;1;0;0;3;3;8;2.0;1.0;1;1;0;0;2;3;3;4;19;1
1012;6;2;0;2;0;2;2;1;5;2;12;2;2;1;0;0;3;3;4;2.0;1.0;1;1;0;0;2;3;3;4;11;1
172;1;2;0;2;0;1;3;1;5;2;8;3;2;5;0;3;3;6;3;2.0;2.0;1;3;2;3;3;3;3;4;12;1
172;1;1;0;2;0;5;2;1;5;2;8;2;2;5;0;3;3;6;3;2.0;2.0;1;0;0;1;2;3;3;8;0;1
172;1;1;0;2;0;4;13;1;2;2;8;0;2;5;0;3;3;6;7;2.0;2.0;5;1;0;0;2;3;3;4;14;1
386;1;1;0;2;0;4;4;1;5;2;12;0;2;6;0;0;3;3;2;2.0;2.0;1;3;2;3;3;3;3;4;4;2
386;1;1;0;2;0;2;6;1;5;2;12;0;2;6;0;0;3;3;2;2.0;2.0;1;0;1;0;2;3;3;6;1;2
386;1;3;0;1;0;1;3;1;5;2;1;0;2;6;0;0;3;3;7;2.0;2.0;1;0;0;5;2;3;3;4;0;2
456;3;2;1;1;2;1;4;1;5;2;2;0;2;6;2;3;3;8;2;2.0;1.0;1;0;1;4;2;3;3;4;17;1
456;3;0;0;2;0;3;3;0;0;2;1;5;2;6;0;3;3;8;6;2.0;1.0;1;1;0;1;2;3;3;4;5;1
872;5;1;0;2;2;4;13;1;2;2;11;5;2;6;0;0;2;5;2;2.0;1.0;1;3;2;3;3;3;3;4;1;0
872;5;2;1;2;0;4;3;1;5;2;2;3;2;6;0;0;2;5;2;2.0;1.0;1;0;0;0;2;3;3;4;16;0
910;3;3;0;3;0;1;13;1;2;2;8;2;2;0;0;0;2;6;2;2.0;1.0;1;1;0;0;2;3;3;4;0;2
910;3;0;0;2;0;1;13;1;1;2;9;4;8;0;0;0;2;6;0;2.0;1.0;1;3;2;3;3;3;3;4;18;2
1071;5;3;0;4;0;4;13;1;5;2;12;4;2;6;0;3;3;1;2;2.0;1.0;9;1;0;0;2;3;3;4;17;1
1071;5;2;0;3;0;2;6;1;5;2;12;0;2;6;0;3;3;1;2;2.0;1.0;1;3;2;3;3;3;3;4;18;1
278;4;4;0;2;0;3;3;3;0;2;4;4;2;5;0;0;3;6;2;2.0;1.0;1;0;0;0;1;3;3;4;16;1
278;4;0;0;3;0;3;2;3;0;2;2;5;8;5;0;0;3;6;7;2.0;1.0;1;0;0;4;2;3;3;4;4;1
464;1;0;0;2;0;3;2;2;0;2;8;5;2;4;0;0;2;5;2;2.0;3.0;1;1;1;1;2;3;3;4;6;1
464;1;1;0;2;0;2;2;1;5;2;8;0;2;4;0;0;2;5;6;2.0;3.0;9;3;2;3;3;3;3;4;1;1
464;1;1;0;2;2;2;3;1;5;2;8;3;2;4;0;0;2;5;2;2.0;3.0;1;0;0;4;2;3;3;6;6;1
464;1;1;0;1;2;2;2;1;1;2;12;2;2;4;0;0;2;5;0;2.0;3.0;5;1;1;1;2;3;3;4;1;1
541;0;0;0;2;0;2;13;1;5;2;8;0;2;6;0;0;2;6;2;1.0;1.0;5;3;2;3;3;6;3;4;16;1
204;6;3;0;2;0;1;5;1;5;2;12;3;2;6;2;3;3;6;2;3.0;1.0;1;3;2;3;3;6;3;4;18;1
204;6;1;0;3;0;2;13;1;4;2;4;2;2;6;0;3;3;6;2;3.0;1.0;1;1;0;1;2;3;3;4;0;1
204;6;2;0;2;0;1;5;1;5;2;9;5;2;6;0;3;3;6;2;3.0;1.0;1;0;0;0;2;3;3;5;0;1
177;6;0;0;2;0;3;13;1;5;2;12;2;2;2;0;3;3;6;2;2.0;1.0;1;1;0;1;2;3;3;4;9;1
177;6;4;0;3;0;1;2;1;2;2;12;4;2;2;0;3;3;6;6;2.0;1.0;5;3;2;3;3;3;3;4;18;1
1011;6;1;0;2;0;1;13;1;0;2;12;4;2;6;3;3;3;8;2;2.0;1.0;1;0;0;0;2;3;3;8;0;1
1011;6;2;0;2;0;1;3;1;5;2;12;0;2;6;0;3;3;8;2;2.0;1.0;3;1;0;1;2;3;3;4;1;1
501;2;0;0;2;0;2;0;1;5;2;12;2;2;6;0;3;2;6;6;1.0;1.0;1;3;2;3;3;3;3;4;19;1
90;4;0;0;2;0;2;13;3;3;2;9;5;8;5;0;3;3;6;6;2.0;1.0;1;1;0;0;2;3;3;4;4;1
90;4;4;0;2;0;2;2;1;5;2;8;2;2;5;2;3;3;6;2;2.0;1.0;1;3;2;3;3;3;3;4;4;1
164;0;2;0;2;2;2;2;1;5;2;8;2;2;6;0;3;3;6;2;2.0;2.0;1;3;2;3;3;6;3;4;18;1
164;0;4;0;2;0;1;3;1;5;2;12;2;2;6;0;3;3;6;2;2.0;2.0;1;1;1;1;2;3;3;4;16;1
164;0;4;0;2;0;3;13;1;4;2;12;4;2;6;0;3;3;6;2;2.0;2.0;1;1;0;4;2;3;3;4;11;1
352;4;1;0;2;0;0;4;1;5;2;8;2;2;4;3;3;3;6;6;1.0;1.0;9;3;2;3;3;3;3;4;17;0
961;6;0;0;2;0;3;3;1;1;2;8;0;2;4;0;3;3;6;2;2.0;2.0;1;3;2;3;3;3;3;4;18;1
961;6;1;0;2;0;4;3;1;5;2;12;2;2;4;0;3;3;6;2;2.0;2.0;5;1;0;4;2;3;3;4;0;1
961;6;1;0;2;0;3;2;1;5;2;12;2;2;4;0;3;3;6;2;2.0;2.0;1;0;1;1;1;3;3;4;6;1
484;1;2;0;2;0;1;3;3;5;2;9;2;2;0;0;3;2;5;2;1.0;1.0;1;1;0;0;2;3;3;4;0;1
907;4;1;0;2;0;0;11;1;0;2;12;0;2;6;0;0;0;3;2;1.0;1.0;1;3;2;3;3;3;3;4;11;0
635;1;0;0;3;0;2;2;1;5;2;8;0;2;4;3;0;2;3;2;3.0;2.0;1;0;0;0;2;3;3;6;4;1
635;1;1;0;2;2;3;3;1;1;2;8;0;2;4;0;0;2;3;6;3.0;2.0;1;0;1;0;2;3;3;4;7;1
635;1;4;0;2;0;3;7;1;5;2;12;0;2;4;0;0;2;3;2;3.0;2.0;9;1;0;2;2;3;3;4;9;1
101;1;0;0;6;0;3;3;1;5;2;12;2;2;6;0;0;3;3;7;2.0;1.0;1;3;2;3;3;6;3;4;15;1
101;1;3;0;2;0;0;2;1;4;2;12;0;2;6;0;0;3;3;6;2.0;1.0;1;3;2;3;3;6;3;4;0;1
657;6;0;0;3;2;2;13;1;5;2;8;2;2;4;0;3;2;6;6;2.0;1.0;1;1;0;0;2;3;3;4;18;1
657;6;1;0;2;0;1;13;1;4;2;8;2;2;4;0;3;2;6;2;2.0;1.0;1;0;1;5;2;3;3;4;4;1
1002;0;2;0;2;2;3;13;1;5;2;12;2;8;4;0;0;3;5;0;1.0;1.0;1;1;0;1;2;6;3;4;16;1
474;0;1;0;6;0;2;11;1;4;2;2;5;2;6;0;3;2;6;2;2.0;1.0;1;3;2;3;3;6;3;4;1;1
474;0;2;0;6;0;2;13;3;5;2;4;0;2;6;0;3;2;6;2;2.0;1.0;1;2;0;1;2;3;3;4;17;1
1055;6;0;0;2;0;2;3;2;1;2;12;0;2;6;0;3;3;5;2;2.0;1.0;1;1;0;5;2;0;3;4;11;1
1055;6;1;0;2;0;1;3;1;2;2;12;2;2;6;0;3;3;5;2;2.0;1.0;1;3;2;3;3;3;3;4;6;1
404;3;2;1;2;0;4;4;1;0;2;8;0;3;6;3;3;3;6;2;2.0;1.0;1;3;2;3;3;3;3;4;16;1
404;3;1;0;2;0;2;12;1;5;2;12;4;2;6;0;3;3;6;2;2.0;1.0;1;1;1;1;2;3;3;4;17;1
350;6;2;0;2;0;4;3;1;5;2;1;0;8;6;0;3;3;6;2;1.0;1.0;5;3;2;3;3;3;3;4;0;1
386;1;2;0;2;0;1;3;3;5;2;12;2;8;6;0;3;3;6;2;1.0;1.0;1;1;0;0;2;3;3;4;6;1
456;0;3;0;2;0;3;3;3;2;2;2;2;2;6;0;3;2;6;6;2.0;1.0;1;3;2;3;3;3;3;4;0;1
456;0;0;0;2;0;3;14;1;5;2;9;0;2;6;4;3;2;6;2;2.0;1.0;1;1;0;0;2;3;3;4;0;1
436;6;2;0;2;2;2;5;1;2;2;8;2;2;4;2;0;2;3;2;1.0;1.0;1;0;1;1;2;3;3;4;1;1
1036;5;2;0;2;0;1;4;1;1;2;12;2;2;6;2;3;3;6;2;2.0;1.0;1;0;1;1;2;6;3;4;3;1
1036;5;0;0;3;0;3;3;3;1;2;8;0;2;6;0;3;3;6;2;2.0;1.0;1;0;1;1;2;6;3;4;6;1
833;6;0;0;2;0;1;2;1;5;2;8;5;2;4;0;0;2;3;7;1.0;1.0;9;3;2;3;3;6;3;4;18;1
358;5;2;0;2;0;2;13;1;5;2;12;4;4;6;3;3;3;6;2;2.0;1.0;1;1;0;0;2;6;3;4;6;1
358;5;4;0;1;0;4;3;1;5;2;9;0;2;6;0;3;3;6;2;2.0;1.0;1;3;2;3;3;3;3;4;1;1
323;2;1;0;1;0;4;4;1;5;2;1;4;2;6;0;3;3;6;2;2.0;1.0;1;1;0;0;1;6;3;4;16;1
323;2;1;0;2;0;2;13;1;5;2;2;0;2;6;0;3;3;6;2;2.0;1.0;1;3;2;3;3;6;3;4;0;1
965;6;0;0;3;0;0;13;1;5;2;12;4;2;6;0;0;3;5;2;2.0;1.0;1;1;0;0;2;6;3;4;18;1
965;6;4;0;3;0;2;14;1;5;2;12;0;2;6;3;0;3;5;2;2.0;1.0;1;1;1;0;2;3;3;4;13;1
217;6;3;0;2;0;2;0;1;5;2;12;2;2;4;0;0;3;6;6;2.0;2.0;1;3;2;3;3;3;3;4;11;1
217;6;3;0;2;0;0;0;3;5;2;9;5;2;4;0;0;3;6;2;2.0;2.0;3;1;0;4;2;3;3;4;1;1
422;1;0;0;2;2;2;3;1;4;2;11;5;2;6;0;0;2;3;2;1.0;1.0;1;3;2;3;3;3;3;4;0;1
585;3;1;0;1;2;4;3;1;4;2;2;2;2;6;0;0;2;8;2;2.0;1.0;1;3;2;3;3;6;3;4;11;1
585;3;2;1;2;2;3;3;1;4;2;12;5;2;6;0;0;2;8;2;2.0;1.0;4;1;1;5;2;3;3;4;12;1
446;0;2;0;6;2;2;2;1;3;2;12;2;2;4;0;3;2;8;2;2.0;1.0;9;0;0;4;2;3;3;5;4;1
446;0;0;0;0;0;4;5;1;1;2;8;0;2;4;0;3;2;8;2;2.0;1.0;1;1;1;0;1;3;3;4;16;1
1004;3;3;0;1;0;3;3;1;1;2;8;2;2;4;0;0;3;6;2;2.0;1.0;9;0;1;4;2;3;3;5;0;1
1004;3;4;0;2;0;0;11;1;1;2;12;0;2;4;0;0;3;6;2;2.0;1.0;1;3;2;3;3;3;3;4;13;1
19;4;2;1;2;0;4;3;1;3;2;3;0;2;6;0;3;2;6;0;2.0;1.0;1;1;0;0;2;3;3;4;1;1
19;4;0;0;2;2;4;3;1;1;2;12;0;2;6;3;3;2;6;2;2.0;1.0;1;1;0;1;2;3;3;4;17;1
406;0;0;0;2;0;4;3;1;5;2;12;2;2;4;0;3;3;6;2;2.0;2.0;1;0;1;5;2;3;3;6;18;1
406;0;0;0;2;0;5;3;1;5;2;12;0;2;4;0;3;3;6;2;2.0;2.0;1;1;0;1;2;6;3;4;16;1
406;0;2;0;2;0;0;3;1;5;2;12;3;2;4;0;3;3;6;6;2.0;2.0;1;3;2;3;3;3;3;4;18;1
250;2;0;0;5;2;0;4;3;5;2;12;2;0;0;0;0;3;3;2;4.0;2.0;1;1;0;0;2;6;3;4;18;1
250;2;4;0;2;2;3;16;1;4;2;3;2;2;0;3;0;3;3;2;4.0;2.0;1;3;2;3;3;3;3;4;13;1
250;2;0;0;2;2;0;4;1;4;2;12;2;2;0;0;0;3;3;2;4.0;2.0;1;3;2;3;3;3;3;4;0;1
250;2;3;0;2;2;1;2;1;5;2;12;4;2;0;0;0;3;3;6;4.0;2.0;1;1;0;1;2;3;3;4;17;1
226;0;1;0;4;2;2;11;1;1;2;12;2;0;0;0;0;3;6;2;2.0;1.0;1;2;1;2;2;3;3;4;13;0
226;0;4;0;4;2;4;4;1;5;2;8;2;2;0;0;0;3;6;2;2.0;1.0;5;1;0;5;2;3;3;4;19;0
983;5;2;0;2;2;1;13;1;5;2;9;2;2;6;0;3;3;6;2;1.0;1.0;5;1;0;5;2;3;3;4;11;1
494;6;3;0;3;2;4;13;1;1;2;12;2;2;4;0;3;2;6;2;2.0;1.0;1;2;0;1;2;6;3;4;12;1
494;6;1;0;6;2;2;3;1;5;2;9;2;2;4;0;3;2;6;6;2.0;1.0;1;3;2;3;3;3;3;4;0;1
128;5;2;0;2;2;2;3;1;5;2;12;0;2;5;0;3;3;6;2;2.0;1.0;3;2;1;4;2;6;3;4;14;1
128;5;0;0;2;2;2;4;1;1;2;9;3;2;5;4;3;3;6;2;2.0;1.0;1;2;0;2;2;3;3;4;4;1
893;3;2;1;2;2;3;4;1;5;2;8;2;2;6;0;3;3;6;2;2.0;1.0;1;2;1;0;2;3;3;4;1;0
893;3;0;0;2;2;1;13;1;2;2;8;2;0;6;0;3;3;6;2;2.0;1.0;1;3;2;3;3;3;3;4;0;0
245;3;1;0;3;0;1;5;1;5;2;8;3;2;2;0;3;3;8;2;2.0;1.0;1;3;2;3;3;3;3;4;17;0
245;3;0;0;2;0;1;2;1;5;2;1;2;2;2;0;3;3;8;7;2.0;1.0;1;1;0;0;2;6;3;4;5;0
1048;3;2;0;2;0;1;11;1;5;2;12;2;2;4;0;3;3;8;2;2.0;1.0;3;1;0;1;2;3;3;4;1;1
1048;3;0;0;2;0;2;3;1;5;2;12;5;2;4;0;3;3;8;2;2.0;1.0;1;0;1;1;2;3;3;4;16;1
194;0;3;0;2;0;2;3;1;2;2;12;2;2;4;0;0;3;3;6;2.0;1.0;1;3;2;3;3;6;3;4;0;1
194;0;2;1;2;0;4;13;1;5;2;12;3;2;4;3;0;3;3;2;2.0;1.0;5;2;1;4;2;3;3;4;18;1
602;2;3;0;3;0;2;11;1;1;2;12;0;3;6;0;3;2;6;2;2.0;2.0;1;1;0;0;2;3;3;4;17;1
602;2;1;0;2;0;2;13;1;1;2;8;2;2;6;0;3;2;6;7;2.0;2.0;1;3;2;3;3;3;3;4;18;1
602;2;1;0;2;0;4;0;1;4;2;8;2;2;6;0;3;2;6;2;2.0;2.0;1;1;0;0;2;3;3;4;16;1
991;0;3;0;3;2;2;3;1;5;2;8;4;2;4;0;3;3;6;2;1.0;1.0;1;3;2;3;3;6;3;4;4;1
140;5;2;0;2;2;2;3;1;4;2;9;3;2;6;0;3;3;6;7;2.0;1.0;1;0;0;1;2;6;3;4;6;1
140;5;1;0;2;0;2;3;3;3;2;1;2;2;6;0;3;3;6;7;2.0;1.0;2;3;2;3;3;3;3;4;1;1
58;1;4;0;2;0;3;3;1;5;2;2;3;2;4;0;3;3;6;7;2.0;1.0;5;1;0;0;2;6;3;4;6;0
58;1;3;0;2;0;2;13;1;5;2;8;0;2;4;0;3;3;6;6;2.0;1.0;1;1;0;1;2;3;3;4;1;0
250;2;1;0;2;0;2;13;1;5;2;12;2;2;7;0;3;3;6;2;3.0;2.0;1;0;1;4;1;3;3;4;16;1
250;2;3;0;2;0;2;3;1;5;2;9;5;8;7;0;3;3;6;2;3.0;2.0;1;1;1;0;2;3;3;4;18;1
250;2;1;0;2;0;4;11;1;5;2;11;5;2;7;0;3;3;6;2;3.0;2.0;1;2;1;0;2;3;3;4;0;1
250;2;1;0;1;0;4;5;1;0;2;8;2;2;7;0;3;3;6;2;3.0;2.0;1;2;1;0;2;3;3;4;0;1
150;5;1;0;2;0;4;5;1;4;2;12;5;2;5;0;3;3;6;2;1.0;1.0;1;3;2;3;3;3;3;4;9;1
431;5;2;0;2;0;4;3;1;5;2;12;2;2;6;0;3;3;8;2;1.0;1.0;1;3;2;3;3;6;3;4;18;1
278;4;0;0;2;0;4;5;2;1;2;8;2;3;4;0;3;3;6;7;3.0;1.0;1;1;0;4;2;3;3;4;0;1
278;4;0;0;2;0;4;5;1;5;2;8;2;2;4;3;3;3;6;6;3.0;1.0;1;1;0;0;2;3;3;4;1;1
278;4;0;0;2;0;2;13;1;2;2;12;0;2;4;0;3;3;6;2;3.0;1.0;9;3;2;3;3;3;3;4;19;1
506;4;4;0;2;0;1;3;1;2;2;8;2;2;6;0;3;3;6;2;1.0;1.0;9;3;2;3;3;3;3;4;4;1
358;4;2;0;2;0;3;13;1;1;2;4;2;2;6;0;3;3;8;2;1.0;1.0;4;1;0;0;1;3;3;4;4;0
360;2;0;0;2;0;3;3;1;5;2;8;0;2;6;0;3;3;6;2;2.0;2.0;5;1;0;4;2;3;3;4;18;1
360;2;1;0;2;0;1;3;1;5;2;12;0;2;6;0;3;3;6;5;2.0;2.0;5;3;2;3;3;3;3;4;16;1
884;3;1;0;3;0;3;11;1;4;2;12;2;2;6;0;3;3;6;2;2.0;1.0;1;1;0;0;2;6;3;4;11;0
884;3;3;0;2;0;3;3;1;5;2;8;2;2;6;0;3;3;6;2;2.0;1.0;1;3;2;3;3;6;3;4;17;0
315;6;1;0;2;0;2;3;1;5;2;2;2;2;7;0;0;3;6;2;3.0;1.0;5;3;2;3;3;3;3;4;18;1
315;6;1;0;2;0;2;3;1;5;2;8;5;2;7;0;0;3;6;2;3.0;1.0;5;1;0;0;1;6;3;4;0;1
315;6;0;0;6;0;3;11;1;5;2;9;5;2;7;0;0;3;6;2;3.0;1.0;1;0;0;4;2;3;3;8;6;1
535;1;3;0;2;0;3;3;1;5;2;1;2;2;4;0;0;3;3;2;2.0;1.0;2;1;0;0;2;6;3;4;0;1
535;1;0;0;2;0;0;2;3;2;2;12;5;2;4;2;0;3;3;2;2.0;1.0;5;3;2;3;3;0;3;4;11;1
335;2;0;0;3;0;4;2;1;5;2;2;0;2;6;0;3;3;6;2;1.0;2.0;4;0;1;1;2;3;3;4;4;0
335;2;0;0;3;0;4;3;1;5;2;12;4;2;6;0;3;3;6;2;1.0;2.0;1;3;2;3;3;3;3;4;7;0
502;5;0;0;3;0;3;13;1;4;2;12;2;2;4;0;3;3;6;7;2.0;1.0;1;1;1;1;2;3;3;4;9;1
502;5;3;0;1;0;1;13;1;2;2;2;0;2;4;0;3;3;6;6;2.0;1.0;1;1;0;0;1;3;3;4;15;1
325;6;4;0;2;0;1;13;1;5;2;8;2;0;4;0;3;3;6;6;1.0;1.0;1;3;2;3;3;3;3;4;0;1
722;2;0;0;0;0;4;3;1;5;2;8;3;2;6;0;3;2;6;2;4.0;2.0;1;0;1;5;1;3;3;4;18;1
722;2;2;0;2;0;1;3;2;2;2;2;2;2;6;0;3;2;6;2;4.0;2.0;1;3;2;3;3;6;3;4;4;1
722;2;0;0;2;0;1;6;2;1;2;12;0;3;6;0;3;2;6;2;4.0;2.0;1;1;0;1;2;6;3;4;16;1
722;2;2;0;1;0;0;6;1;5;2;12;0;2;6;0;3;2;6;2;4.0;2.0;1;3;2;3;3;6;3;4;1;1
975;6;4;0;2;0;2;13;1;5;2;2;0;2;0;0;3;3;8;2;2.0;2.0;1;3;2;3;3;3;3;4;17;1
975;6;0;0;2;0;3;13;1;2;2;4;2;0;0;0;3;3;8;6;2.0;2.0;5;1;0;5;2;3;3;4;11;1
975;6;0;0;2;0;3;5;1;5;2;8;0;2;0;0;3;3;8;2;2.0;2.0;1;3;2;3;3;3;3;4;6;1
394;1;1;0;3;0;2;2;1;5;2;11;0;2;6;0;3;3;6;2;1.0;1.0;1;1;0;0;2;6;3;4;16;1
932;1;2;0;2;0;3;13;1;5;2;12;0;2;5;0;3;3;8;2;2.0;1.0;9;1;1;0;2;3;3;4;17;1
932;1;3;0;2;0;0;3;1;5;2;2;4;2;5;0;3;3;8;2;2.0;1.0;1;3;2;3;3;0;3;4;0;1
1033;4;0;0;3;0;1;2;1;5;2;8;0;2;6;0;3;3;6;2;2.0;1.0;9;1;1;5;2;1;3;4;6;1
1033;4;3;0;1;0;0;9;1;5;2;12;5;8;6;0;3;3;6;2;2.0;1.0;5;3;2;3;3;3;3;4;0;1
469;1;1;0;2;0;2;3;1;1;2;12;5;2;6;4;3;3;6;7;3.0;2.0;1;1;0;0;1;3;3;4;0;1
469;1;1;0;2;0;3;3;1;5;2;12;2;2;6;0;3;3;6;7;3.0;2.0;2;3;2;3;3;3;3;4;1;1
469;1;3;0;1;0;4;13;1;1;2;12;4;2;6;0;3;3;6;6;3.0;2.0;1;1;1;1;2;3;3;4;3;1
624;2;0;0;3;2;2;3;1;4;2;2;2;0;6;0;3;2;8;7;2.0;2.0;5;2;1;4;2;0;3;4;6;1
624;2;1;0;3;0;3;0;3;1;2;9;2;2;6;0;3;2;8;2;2.0;2.0;5;1;0;5;2;3;3;4;18;1
220;2;3;0;3;0;2;5;1;5;2;12;2;2;4;0;0;3;3;2;2.0;1.0;1;3;2;3;3;3;3;4;13;1
220;2;1;0;3;0;1;11;1;5;2;12;2;2;4;0;0;3;3;2;2.0;1.0;1;3;2;3;3;3;3;4;18;1
630;1;2;0;2;0;3;13;1;4;2;11;2;2;6;0;3;2;6;2;2.0;1.0;1;1;0;1;2;3;3;4;18;1
630;1;0;0;2;0;3;3;1;5;2;2;3;0;6;0;3;2;6;2;2.0;1.0;1;3;2;3;3;3;3;4;18;1
358;0;1;0;2;0;2;4;1;5;2;11;0;2;6;0;3;3;6;2;1.0;2.0;1;2;1;0;2;6;3;4;17;1
358;0;1;0;2;2;2;3;1;1;2;9;3;2;6;0;3;3;6;2;1.0;2.0;1;3;2;3;3;3;3;4;6;1
1062;5;0;0;3;0;0;6;1;5;2;8;2;2;4;0;3;3;1;2;1.0;2.0;1;1;0;1;2;3;3;4;0;1
1062;5;0;0;2;0;2;0;1;5;2;8;0;2;4;4;3;3;1;6;1.0;2.0;1;1;1;0;2;3;3;4;1;1
983;0;0;0;3;0;4;11;3;2;2;2;2;2;4;0;3;3;1;6;1.0;1.0;1;3;2;3;3;3;3;4;6;0
203;3;1;0;2;0;3;13;1;5;2;9;2;2;6;0;3;3;6;2;2.0;1.0;3;2;1;0;2;3;3;4;18;1
203;3;1;0;2;0;2;2;1;2;2;4;0;2;6;0;3;3;6;2;2.0;1.0;1;1;1;1;2;3;3;4;18;1
315;1;1;0;1;0;4;11;1;1;2;12;0;8;4;0;3;3;6;2;1.0;1.0;1;3;2;3;3;3;3;4;3;1
563;5;2;0;2;0;2;3;1;0;2;8;0;2;4;0;3;2;6;2;2.0;1.0;1;3;2;3;3;3;3;4;9;0
563;5;1;0;3;0;0;0;2;1;2;12;2;3;4;3;3;2;6;2;2.0;1.0;1;1;0;1;2;3;3;4;16;0
461;3;2;0;2;0;2;2;3;0;2;12;0;2;4;0;3;3;6;7;2.0;1.0;4;3;2;3;3;6;3;4;17;1
461;3;1;0;3;0;0;13;1;5;2;12;2;2;4;0;3;3;6;7;2.0;1.0;6;0;1;4;1;3;3;4;16;1
354;0;0;0;2;2;0;3;1;1;2;12;3;2;6;0;3;3;6;2;1.0;1.0;6;1;0;0;2;3;3;4;4;1
946;6;0;0;0;2;0;0;1;5;1;8;0;2;6;0;0;3;3;2;2.0;1.0;6;3;2;3;3;3;3;4;4;1
946;6;0;0;2;2;2;3;3;0;2;12;2;2;6;0;0;3;3;2;2.0;1.0;6;1;0;1;2;3;3;4;13;1
278;1;0;0;2;0;2;3;1;5;2;12;5;2;4;0;0;3;3;2;2.0;1.0;5;3;2;3;3;3;3;4;18;1
278;1;3;0;3;0;2;4;2;5;2;12;2;2;4;0;0;3;3;2;2.0;1.0;6;1;0;1;2;0;3;4;13;1
480;4;1;0;1;2;3;5;1;4;2;12;5;8;4;0;3;3;6;2;2.0;1.0;4;2;0;0;2;3;3;4;16;1
480;4;0;0;2;0;4;13;1;5;2;8;0;2;4;0;3;3;6;2;2.0;1.0;6;3;2;3;3;3;3;4;6;1
642;2;4;0;2;0;2;13;1;5;2;8;4;2;4;0;0;2;6;2;2.0;3.0;6;3;2;3;3;6;3;4;18;1
642;2;4;0;2;0;3;13;1;4;2;2;5;2;4;0;0;2;6;2;2.0;3.0;6;1;0;1;2;6;3;4;4;1
642;2;4;0;2;0;4;6;1;5;2;8;3;2;4;2;0;2;6;2;2.0;3.0;6;0;1;1;2;0;3;6;0;1
642;2;2;0;2;0;2;13;1;4;2;8;5;2;4;0;0;2;6;2;2.0;3.0;6;3;2;3;3;3;3;4;18;1
218;1;1;0;2;2;4;13;1;5;2;8;2;2;4;0;3;3;6;2;1.0;1.0;5;1;0;1;2;3;3;4;6;1
722;1;3;0;2;0;2;9;1;5;2;8;4;2;6;0;3;0;6;2;1.0;1.0;1;0;1;4;2;0;3;4;18;1
391;0;2;0;2;0;0;13;1;1;2;9;0;2;6;0;3;3;6;2;2.0;1.0;1;1;0;1;2;6;3;4;16;1
391;0;0;0;2;0;0;7;1;4;2;9;5;2;6;0;3;3;6;2;2.0;1.0;5;3;2;3;3;3;3;4;0;1
985;4;1;0;2;0;0;3;1;2;2;9;0;2;6;0;3;3;6;2;2.0;1.0;1;3;2;3;3;3;3;4;17;1
985;4;0;0;1;0;1;13;1;2;2;8;3;2;6;0;3;3;6;2;2.0;1.0;1;1;1;1;2;6;3;4;16;1
358;5;3;0;1;2;4;4;1;5;2;9;2;8;6;0;3;3;6;2;2.0;1.0;1;3;2;3;3;3;3;4;1;1
358;5;4;0;3;0;1;0;3;5;2;12;2;2;6;0;3;3;6;2;2.0;1.0;1;1;0;1;2;3;3;4;2;1
793;4;0;0;2;0;4;11;3;3;2;12;2;2;0;0;3;2;5;2;2.0;1.0;1;3;2;3;3;3;3;4;7;1
793;4;1;0;1;0;1;3;1;5;2;12;2;2;0;0;3;2;5;2;2.0;1.0;2;1;0;1;2;6;3;4;6;1
625;2;0;0;2;1;5;5;1;5;2;11;3;2;0;0;0;3;6;6;2.0;1.0;9;3;2;3;3;0;3;4;7;1
625;2;4;0;2;0;0;3;1;5;2;11;3;2;0;0;0;3;6;6;2.0;1.0;8;1;0;0;2;3;3;4;6;1
780;1;2;1;2;2;2;3;1;1;2;11;0;2;4;0;3;0;6;2;2.0;1.0;1;3;2;3;3;6;3;4;17;1
780;1;1;0;2;0;0;3;1;5;2;9;4;2;4;0;3;0;6;2;2.0;1.0;1;1;1;1;2;3;3;4;6;1
113;3;2;0;2;0;4;13;1;5;2;12;0;2;4;0;3;3;6;2;2.0;1.0;1;3;2;3;3;3;3;4;0;1
113;3;1;0;2;0;0;3;1;5;2;8;2;2;4;0;3;3;6;2;2.0;1.0;2;1;0;5;2;3;3;4;13;1
1034;5;0;0;2;0;0;3;1;2;2;12;2;2;6;0;3;3;1;6;2.0;1.0;1;0;0;5;2;3;3;4;6;1
1034;5;3;0;2;0;1;5;1;4;2;11;0;2;6;0;3;3;1;2;2.0;1.0;1;2;1;4;2;6;3;4;0;1
1000;5;0;0;1;0;0;12;1;2;2;12;3;2;6;0;3;3;6;6;1.0;1.0;1;0;0;1;2;3;3;4;6;1
194;1;0;0;2;0;0;3;1;1;2;4;2;2;6;0;3;3;6;6;2.0;1.0;1;1;1;1;2;3;3;4;6;1
194;1;3;0;3;0;4;5;1;1;2;12;2;2;6;4;3;3;6;7;2.0;1.0;2;2;0;1;2;3;3;4;6;1
965;1;2;0;2;0;4;11;1;5;2;8;2;2;6;0;3;3;6;2;2.0;1.0;1;2;0;1;2;6;3;4;0;1
965;1;0;0;3;0;4;11;1;5;2;12;2;2;6;0;3;3;6;6;2.0;1.0;1;3;2;3;3;3;3;4;0;1
206;3;1;0;2;0;4;3;1;5;2;12;2;2;6;0;3;3;6;2;2.0;1.0;5;3;2;3;3;3;3;4;6;1
206;3;2;1;2;0;0;13;2;4;2;5;0;2;6;0;3;3;6;2;2.0;1.0;6;1;0;2;2;3;3;4;11;1
465;5;0;0;2;0;2;3;1;5;2;12;5;2;6;0;3;3;6;2;2.0;1.0;4;3;2;3;3;1;3;4;0;1
465;5;1;0;1;2;1;5;1;4;2;9;2;2;6;0;3;3;6;2;2.0;1.0;1;1;1;4;2;0;3;4;18;1
350;6;1;0;2;0;1;3;1;4;2;8;2;2;6;0;3;3;6;2;4.0;1.0;1;3;2;3;3;3;3;4;4;1
350;6;1;0;2;0;2;3;1;5;2;8;3;2;6;0;3;3;6;2;4.0;1.0;1;1;0;0;2;6;3;4;0;1
350;6;1;0;2;0;2;13;1;1;2;3;4;2;6;0;3;3;6;6;4.0;1.0;1;0;1;1;2;3;3;5;0;1
350;6;0;0;2;0;1;3;1;5;2;4;2;2;6;0;3;3;6;2;4.0;1.0;1;0;0;2;2;3;3;4;11;1
346;5;2;0;1;0;4;9;1;1;2;12;0;2;6;0;3;3;6;6;2.0;3.0;1;2;1;1;1;3;3;4;4;1
346;5;0;0;3;0;2;3;1;5;2;8;0;2;6;0;3;3;6;2;2.0;3.0;1;3;2;3;3;3;3;4;7;1
346;5;0;0;2;0;4;3;1;5;2;8;5;2;6;0;3;3;6;2;2.0;3.0;1;1;0;1;2;6;3;4;11;1
346;5;0;0;6;0;1;3;1;5;2;9;2;2;6;4;3;3;6;2;2.0;3.0;3;1;0;0;2;6;3;4;16;1
332;6;0;0;2;0;1;3;1;5;2;9;2;2;6;0;3;3;6;6;2.0;1.0;3;0;1;1;2;3;3;6;13;1
332;6;3;0;1;0;1;0;1;5;2;11;2;2;6;0;3;3;6;6;2.0;1.0;3;3;2;3;3;3;3;4;4;1
229;0;1;0;2;0;0;3;3;5;2;12;2;2;4;0;3;3;8;2;2.0;1.0;9;1;0;1;2;6;3;4;16;1
229;0;1;0;1;0;2;3;3;5;2;0;0;2;4;0;3;3;8;2;2.0;1.0;1;0;1;0;2;3;3;7;17;1
868;6;3;0;3;0;1;3;1;5;2;8;5;2;6;0;3;3;6;2;2.0;1.0;1;1;1;1;2;6;3;4;0;1
868;6;4;0;2;0;0;2;1;5;2;2;2;2;6;0;3;3;6;2;2.0;1.0;7;2;1;1;2;3;3;4;0;1
992;5;2;0;3;0;0;11;3;5;2;2;2;2;6;0;3;3;8;2;2.0;1.0;1;3;2;3;3;3;3;4;0;1
992;5;1;0;1;0;5;13;1;5;2;9;3;2;6;0;3;3;8;2;2.0;1.0;1;1;0;1;2;3;3;4;7;1
672;4;1;0;2;2;2;12;1;4;2;9;2;2;4;0;3;2;6;2;2.0;1.0;1;3;2;3;3;3;3;4;1;1
672;4;2;1;2;0;0;2;1;5;2;9;3;2;4;4;3;2;6;6;2.0;1.0;2;0;0;4;2;3;3;4;13;1
349;6;1;0;2;0;1;5;1;4;2;9;2;2;0;0;3;3;6;6;2.0;2.0;1;3;2;3;3;3;3;4;9;1
349;6;4;0;2;0;2;3;1;0;2;12;3;2;0;0;3;3;6;6;2.0;2.0;1;1;0;1;1;3;3;4;13;1
560;0;4;0;2;0;2;3;1;5;2;12;2;2;6;0;0;3;3;2;1.0;1.0;5;1;0;4;1;3;3;4;18;1
288;4;2;1;2;0;2;6;1;1;2;9;2;2;6;0;0;3;3;2;2.0;1.0;6;3;2;3;3;3;3;4;4;0
288;4;0;0;2;0;1;13;1;5;2;12;5;2;6;0;0;3;3;2;2.0;1.0;4;3;2;3;3;6;3;4;16;0
904;1;1;0;2;0;4;13;1;5;2;2;0;2;4;0;3;3;6;2;2.0;1.0;1;1;0;1;2;3;3;4;0;1
904;1;1;0;2;2;4;15;1;5;2;12;0;2;4;3;3;3;6;7;2.0;1.0;1;2;1;1;2;3;3;4;4;1
563;0;0;0;2;0;2;9;1;5;2;8;0;2;6;0;0;3;6;7;1.0;1.0;1;2;0;1;2;6;3;4;18;1
504;6;3;0;3;2;4;13;1;1;2;8;2;2;4;0;3;3;6;2;2.0;1.0;1;1;0;1;2;3;3;4;6;1
504;6;0;0;2;0;2;11;1;5;2;9;0;2;4;0;3;3;6;2;2.0;1.0;1;3;2;3;3;0;3;4;18;1
381;5;4;0;2;2;2;3;1;5;2;12;2;2;4;0;3;3;6;2;2.0;2.0;1;3;2;3;3;3;3;4;13;1
381;5;1;0;2;2;4;2;1;4;2;4;0;2;4;0;3;3;6;2;2.0;2.0;1;1;0;1;2;3;3;4;18;1
825;5;1;0;1;2;4;2;1;5;2;8;2;2;6;0;0;0;0;2;2.0;2.0;1;2;1;4;2;3;3;4;13;1
825;5;1;0;2;0;2;12;2;5;2;1;2;2;6;0;0;0;0;2;2.0;2.0;3;0;0;5;2;3;3;4;17;1
825;5;2;0;3;0;2;3;1;0;2;9;2;2;6;0;0;0;0;2;2.0;2.0;3;3;2;3;3;3;3;4;1;1
464;0;0;0;3;2;4;14;1;4;2;9;0;2;4;0;3;3;6;2;2.0;1.0;3;1;0;0;2;3;3;4;18;1
464;0;1;0;2;2;3;14;1;2;2;2;0;8;4;0;3;3;6;2;2.0;1.0;9;1;0;1;2;3;3;4;4;1
893;3;0;0;2;2;1;13;1;2;2;9;0;2;0;0;3;3;6;2;2.0;1.0;1;3;2;3;3;3;3;4;18;1
893;3;2;0;2;2;1;13;1;5;2;12;5;2;0;0;3;3;6;6;2.0;1.0;1;3;2;3;3;3;3;4;17;1
986;0;0;0;1;2;2;15;1;2;2;12;0;2;6;0;3;3;6;0;2.0;1.0;7;1;0;0;2;0;3;4;13;0
986;0;1;0;2;2;2;3;1;5;2;12;1;2;6;0;3;3;6;2;2.0;1.0;1;3;2;3;3;3;3;4;17;0
307;2;1;0;2;2;3;12;1;5;2;2;1;2;6;0;0;3;3;2;2.0;2.0;5;3;2;3;3;3;3;4;18;1
307;2;1;0;3;2;4;2;3;5;2;12;1;2;6;0;0;3;3;2;2.0;2.0;1;3;2;3;3;3;3;4;17;1
307;2;0;0;3;2;3;3;1;5;2;2;1;2;6;0;0;3;3;2;2.0;2.0;1;1;0;0;2;3;3;4;6;1
632;2;4;0;2;2;2;3;1;5;2;2;2;2;5;3;3;3;6;2;2.0;1.0;1;3;2;3;3;3;3;4;19;1
632;2;1;0;2;2;2;3;1;4;2;12;0;2;5;0;3;3;6;6;2.0;1.0;1;1;1;2;1;6;3;4;6;1
644;6;0;0;2;2;2;3;3;2;2;12;0;2;6;0;3;3;6;6;2.0;1.0;8;3;2;3;3;3;3;4;1;1
644;6;1;0;2;0;0;0;1;2;2;11;5;2;6;0;3;3;6;2;2.0;1.0;1;1;0;1;2;0;3;4;16;1
333;6;1;0;1;2;2;15;1;4;2;9;0;2;0;0;3;3;6;6;1.0;1.0;1;1;0;1;2;3;3;4;0;1
474;4;0;0;2;0;2;13;1;0;2;12;2;2;6;0;3;3;6;2;2.0;1.0;1;3;2;3;3;3;3;4;0;1
474;4;3;0;2;0;2;13;1;4;2;8;0;2;6;0;3;3;6;2;2.0;1.0;4;1;0;1;2;3;3;4;18;1
474;5;4;1;2;0;2;11;1;4;2;9;0;2;6;0;3;3;8;2;1.0;1.0;1;2;1;1;2;6;3;4;18;0
436;1;1;0;2;0;4;2;1;4;2;12;4;8;6;0;3;3;6;2;2.0;1.0;1;3;2;3;3;3;3;4;1;1
436;1;2;0;2;0;2;3;1;4;2;9;2;2;6;0;3;3;6;2;2.0;1.0;3;1;0;0;2;6;3;4;0;1
156;0;2;0;2;0;5;4;1;2;2;9;0;2;6;0;3;3;6;2;2.0;1.0;9;3;2;3;3;6;3;4;16;1
156;0;4;0;0;0;3;9;1;5;2;9;2;2;6;3;3;3;6;7;2.0;1.0;3;1;0;1;2;3;3;4;1;1
474;0;1;0;3;0;2;3;1;0;2;12;5;2;0;0;3;3;6;2;3.0;2.0;8;3;2;3;3;3;3;4;16;1
474;0;3;0;3;0;2;4;1;2;2;12;0;2;0;0;3;3;6;6;3.0;2.0;1;1;0;1;2;3;3;4;13;1
474;0;3;0;2;0;2;9;1;2;2;12;4;2;0;0;3;3;6;2;3.0;2.0;1;3;2;3;3;1;3;4;2;1
474;0;3;0;1;0;2;11;1;0;2;3;0;2;0;0;3;3;6;6;3.0;2.0;1;3;2;3;3;6;3;4;18;1
600;2;1;0;2;0;2;13;1;1;2;9;0;2;4;0;0;2;3;2;1.0;1.0;2;1;0;1;2;6;3;4;18;1
923;1;0;0;2;0;1;12;1;2;2;9;4;2;6;0;3;3;6;2;2.0;1.0;3;0;0;5;2;3;3;8;18;1
923;1;1;0;6;0;2;3;1;2;2;9;0;2;6;0;3;3;6;7;2.0;1.0;1;2;1;1;2;0;3;4;1;1
986;5;1;0;2;0;4;14;1;0;2;12;2;2;5;0;0;3;3;2;2.0;1.0;1;3;2;3;3;3;3;4;16;1
986;5;2;0;2;0;0;3;1;0;2;8;2;2;5;2;0;3;3;2;2.0;1.0;1;1;0;0;2;3;3;4;9;1
441;5;0;0;6;0;3;5;1;1;2;12;5;2;5;0;0;3;3;2;2.0;2.0;2;3;2;3;3;3;3;4;11;1
441;5;3;0;3;0;0;15;1;5;2;8;3;2;5;0;0;3;3;2;2.0;2.0;1;1;0;0;2;3;3;4;4;1
981;3;3;0;2;0;2;4;1;5;2;9;2;2;6;0;0;3;5;7;1.0;1.0;0;0;1;1;2;6;3;6;1;0
511;1;4;0;3;0;4;13;1;5;2;8;3;6;0;0;3;3;6;2;2.0;2.0;8;0;1;0;2;3;3;4;17;0
511;1;4;0;2;0;2;2;1;5;2;8;3;2;0;0;3;3;6;2;2.0;2.0;1;3;2;3;3;1;3;4;1;0
511;1;4;0;3;0;1;3;2;5;2;12;3;2;0;0;3;3;6;2;2.0;2.0;2;1;0;0;2;3;3;4;18;0
90;3;2;0;2;0;1;14;1;5;2;8;2;2;6;0;3;3;6;2;1.0;1.0;1;0;0;5;2;3;3;6;13;0
1048;2;3;0;2;0;4;15;1;5;2;8;2;2;6;0;3;3;6;6;2.0;1.0;1;3;2;3;3;3;3;4;1;1
1048;2;1;0;2;0;1;14;3;5;2;8;4;2;6;0;3;3;6;2;2.0;1.0;2;1;1;0;2;3;3;4;4;1
283;6;2;1;2;2;3;3;1;5;2;12;0;2;6;0;3;3;6;2;2.0;1.0;1;1;0;0;2;3;3;4;18;1
283;6;0;0;2;0;1;12;1;5;2;9;2;2;6;0;3;3;6;2;2.0;1.0;7;2;1;0;2;3;3;4;13;1
479;3;3;0;2;0;4;12;1;1;2;9;2;6;4;0;3;3;6;2;3.0;2.0;1;3;2;3;3;3;3;4;18;1
479;3;4;0;2;0;1;14;1;2;2;2;2;2;4;0;3;3;6;6;3.0;2.0;1;0;1;4;2;3;3;4;1;1
479;3;4;0;3;0;4;15;1;2;2;12;2;2;4;0;3;3;6;2;3.0;2.0;1;1;0;1;1;3;3;4;1;1
479;3;3;0;3;0;4;15;1;5;2;9;2;2;4;0;3;3;6;2;3.0;2.0;1;3;2;3;3;6;3;4;17;1
189;3;0;0;3;1;4;14;1;1;2;12;0;2;4;0;3;3;6;2;2.0;1.0;3;1;0;0;1;3;3;4;1;1
189;3;1;0;2;0;4;16;1;1;2;9;0;2;4;0;3;3;6;2;2.0;1.0;1;3;2;3;3;3;3;4;6;1
24;5;2;0;2;0;3;14;1;1;2;9;2;2;6;0;3;2;6;2;3.0;1.0;1;1;0;1;2;3;3;4;6;0
24;5;1;0;3;0;2;14;1;2;2;12;2;2;6;0;3;2;6;2;3.0;1.0;1;3;2;3;3;3;3;4;17;0
24;5;0;0;2;0;1;6;1;5;2;12;2;2;6;0;3;2;6;2;3.0;1.0;2;0;1;1;2;3;3;4;19;0
343;2;2;1;2;0;4;3;1;5;2;12;0;2;4;3;2;3;3;2;2.0;1.0;4;1;0;1;1;3;3;4;18;1
343;2;0;0;2;0;3;3;1;5;2;12;3;2;4;0;2;3;3;2;2.0;1.0;1;0;1;0;2;3;3;4;1;1
597;2;0;0;2;2;1;4;1;5;2;9;2;2;4;0;3;2;6;2;1.0;2.0;1;3;2;3;3;3;3;4;16;0
597;2;0;0;2;0;4;3;1;1;2;1;0;2;4;0;3;2;6;2;1.0;2.0;1;1;0;0;2;3;3;4;18;0
601;2;0;0;6;0;1;11;1;5;2;12;5;2;6;0;3;0;6;6;2.0;1.0;1;3;2;3;3;3;3;4;17;1
601;2;1;0;2;0;1;3;1;5;2;8;0;2;6;0;3;0;6;6;2.0;1.0;3;1;0;1;2;3;3;4;17;1
667;2;4;0;1;0;1;3;1;5;2;12;0;2;6;0;3;0;6;6;2.0;1.0;1;3;2;3;3;1;3;4;16;1
667;2;4;0;2;0;0;3;1;5;2;8;0;2;6;0;3;0;6;7;2.0;1.0;1;1;0;5;2;6;3;4;6;1
406;3;0;0;1;0;2;14;1;5;2;8;4;2;6;2;3;3;6;2;2.0;2.0;1;3;2;3;3;3;3;4;0;1
406;3;1;0;3;0;1;6;1;5;2;8;0;2;6;0;3;3;6;2;2.0;2.0;1;1;0;1;1;3;3;4;1;1
406;3;1;0;2;0;0;6;1;5;2;12;0;2;6;0;3;3;6;7;2.0;2.0;1;0;0;0;2;6;3;8;13;1
288;5;0;0;3;0;0;15;3;5;2;12;3;2;6;0;3;3;6;2;2.0;1.0;1;1;1;0;2;3;3;4;6;1
288;5;0;0;1;0;5;15;1;5;2;8;1;2;6;4;3;3;6;2;2.0;1.0;1;3;2;3;3;3;3;4;7;1
785;0;2;1;2;2;2;4;1;5;2;9;5;2;4;0;3;2;8;2;2.0;1.0;1;3;2;3;3;3;3;4;7;1
785;0;4;0;2;0;0;3;3;1;2;1;0;2;4;0;3;2;8;2;2.0;1.0;1;0;0;0;2;3;3;8;17;1
484;4;1;0;2;0;1;3;1;0;2;12;5;2;6;0;3;3;6;2;2.0;1.0;1;3;2;3;3;4;3;4;1;0
484;4;2;0;2;0;2;3;1;4;2;9;5;2;6;0;3;3;6;2;2.0;1.0;2;1;0;0;1;3;3;4;0;0
548;3;1;0;2;0;2;14;1;5;2;12;5;2;0;0;3;3;6;6;2.0;1.0;1;0;0;0;2;3;3;4;6;1
548;3;2;0;2;0;2;14;1;5;2;12;5;2;0;0;3;3;6;7;2.0;1.0;4;3;2;3;3;3;3;4;18;1
896;3;1;0;2;0;1;3;1;2;2;12;4;2;6;0;3;3;6;2;2.0;1.0;1;3;2;3;3;3;3;4;19;1
896;3;1;0;2;0;4;11;1;5;2;12;2;2;6;0;3;3;6;2;2.0;1.0;1;1;0;1;2;3;3;4;10;1
208;6;0;0;2;2;4;3;1;1;2;12;5;2;6;0;3;3;6;6;2.0;2.0;1;1;1;1;2;3;3;4;0;1
208;6;0;0;2;0;2;2;1;5;2;11;0;2;6;0;3;3;6;2;2.0;2.0;1;3;2;3;3;6;3;4;6;1
208;6;0;0;3;2;4;10;1;5;2;8;2;2;6;0;3;3;6;2;2.0;2.0;2;0;0;4;2;3;3;4;13;1
278;6;3;0;2;0;2;13;1;5;2;8;2;2;6;0;3;3;6;2;2.0;1.0;1;3;2;3;3;3;3;4;2;1
278;6;3;0;2;2;2;4;1;2;2;8;2;2;6;0;3;3;6;2;2.0;1.0;4;1;1;5;2;5;3;4;0;1
635;3;1;0;2;2;4;15;1;5;2;11;2;2;4;0;3;3;6;2;2.0;1.0;1;3;2;3;3;3;3;4;6;0
635;3;1;0;1;2;4;13;3;5;2;11;0;2;4;2;3;3;6;2;2.0;1.0;1;3;2;3;3;3;3;4;16;0
889;5;1;0;2;0;2;9;1;5;2;8;2;2;5;0;3;3;8;2;2.0;1.0;1;1;0;1;2;3;3;4;13;1
889;5;1;0;3;0;2;3;1;5;2;8;2;2;5;0;3;3;8;2;2.0;1.0;1;3;2;3;3;1;3;4;1;1
293;4;3;0;3;2;4;3;3;4;2;11;2;2;4;0;3;3;6;6;2.0;1.0;1;3;2;3;3;1;3;4;3;1
293;4;1;0;2;2;3;3;1;0;2;12;2;2;4;4;3;3;6;6;2.0;1.0;3;1;1;0;2;6;3;4;18;1
148;4;0;0;2;2;1;11;1;4;2;12;2;2;6;0;3;3;6;6;1.0;1.0;9;0;1;4;1;3;3;8;6;2
484;5;0;0;2;2;1;3;1;3;2;12;0;2;6;4;3;3;6;2;2.0;1.0;1;3;2;3;3;3;3;4;18;1
484;5;2;0;1;2;2;0;1;4;2;12;2;2;6;0;3;3;6;7;2.0;1.0;4;3;2;3;3;3;3;4;1;1
908;6;0;0;2;2;2;0;1;5;2;9;0;2;6;0;3;3;6;2;2.0;1.0;1;1;0;1;2;3;3;4;17;1
908;6;1;0;2;2;3;11;3;0;2;12;0;2;6;0;3;3;6;7;2.0;1.0;1;0;1;4;2;3;3;6;18;1
278;3;2;0;3;2;4;3;1;0;2;12;0;2;6;0;3;3;6;2;2.0;2.0;1;0;1;1;2;3;3;4;18;1
278;3;3;0;3;2;3;8;1;5;2;4;0;2;6;0;3;3;6;7;2.0;2.0;1;1;0;0;2;1;3;4;1;1
278;3;3;0;2;2;2;3;1;5;2;1;0;2;6;0;3;3;6;2;2.0;2.0;1;3;2;3;3;3;3;4;18;1
341;4;2;1;2;2;2;13;1;4;2;2;2;2;4;0;3;3;6;2;2.0;1.0;1;1;1;0;2;3;3;4;1;1
341;4;0;0;2;2;2;3;1;5;2;8;2;2;4;0;3;3;6;2;2.0;1.0;4;3;2;3;3;3;3;4;18;1
374;3;0;0;2;0;0;6;1;5;2;12;2;2;6;0;0;3;3;2;2.0;1.0;4;1;0;0;2;3;3;4;18;1
374;3;1;0;1;2;2;10;1;5;2;8;0;2;6;0;0;3;3;2;2.0;1.0;1;0;0;0;2;0;3;4;18;1
490;1;1;0;2;0;2;3;1;5;2;8;2;2;6;0;3;3;6;2;2.0;1.0;3;2;1;4;2;3;3;4;1;1
490;1;1;0;2;0;2;6;1;5;2;12;2;2;6;0;3;3;6;2;2.0;1.0;3;2;1;4;2;2;3;4;0;1
144;1;0;0;2;0;2;3;1;4;2;9;0;2;5;0;3;3;6;2;2.0;2.0;1;0;0;0;2;3;3;8;13;1
144;1;1;0;2;0;4;13;1;4;2;8;5;3;5;0;3;3;6;2;2.0;2.0;8;3;2;3;3;6;3;4;0;1
151;4;3;0;2;0;2;13;1;4;2;9;5;2;4;0;3;3;6;2;2.0;2.0;2;0;1;1;2;6;3;4;18;1
151;4;1;0;2;0;5;5;1;5;2;11;2;2;4;0;3;3;6;2;2.0;2.0;1;3;2;3;3;3;3;4;11;1
151;4;1;0;0;0;3;13;1;4;2;8;2;7;4;0;3;3;6;2;2.0;2.0;3;1;0;1;2;3;3;4;4;1
933;1;0;0;3;0;2;13;1;2;2;12;5;2;5;0;3;3;6;0;1.0;1.0;3;3;2;3;3;3;3;4;4;1
465;0;1;0;3;0;2;5;1;4;2;12;0;2;4;0;3;3;6;6;2.0;1.0;2;1;0;1;2;3;3;4;0;1
465;0;1;0;2;0;2;0;1;4;2;2;5;2;4;0;3;3;6;2;2.0;1.0;4;1;0;0;1;6;3;4;17;1
120;4;1;0;1;0;2;3;1;5;2;8;2;2;6;0;3;3;6;2;2.0;1.0;9;3;2;3;3;3;3;4;16;1
120;4;1;0;2;0;2;4;1;5;2;12;2;2;6;3;3;3;6;2;2.0;1.0;1;1;0;0;2;3;3;4;1;1
666;4;3;0;2;0;1;11;1;5;2;8;2;0;5;0;3;2;6;7;1.0;1.0;1;3;2;3;3;3;3;4;1;0
514;0;2;0;6;0;2;2;1;5;2;8;2;2;4;0;3;3;6;7;2.0;2.0;1;0;0;0;2;3;3;8;11;1
514;0;0;0;2;0;4;3;1;4;2;8;2;7;4;0;3;3;6;2;2.0;2.0;1;0;0;0;2;3;3;5;18;1
514;0;0;0;2;0;0;3;1;4;2;2;0;7;4;0;3;3;6;2;2.0;2.0;2;2;1;0;2;3;3;4;16;1
433;0;2;0;6;0;3;11;1;4;2;8;0;6;5;0;3;3;5;7;2.0;1.0;1;1;0;1;2;6;4;4;0;1
433;0;3;0;3;0;0;4;1;2;2;12;3;6;5;0;3;3;5;7;2.0;1.0;1;3;2;3;3;3;3;4;1;1
826;4;0;0;2;0;2;13;1;5;2;12;2;2;6;0;3;2;6;7;1.0;1.0;1;2;0;4;1;3;3;4;18;1
522;0;0;0;2;0;0;3;1;2;2;2;6;3;6;0;3;3;6;2;2.0;1.0;1;1;0;0;2;1;3;4;6;1
522;0;2;0;3;2;2;3;1;0;2;11;0;2;6;0;3;3;6;6;2.0;1.0;3;3;2;3;3;3;3;4;17;1
507;4;0;0;2;0;1;13;1;5;2;2;2;2;6;0;3;3;6;2;2.0;1.0;1;0;1;1;2;3;3;4;6;1
507;4;1;0;2;2;3;13;1;4;2;8;0;2;6;2;3;3;6;2;2.0;1.0;1;1;0;1;2;1;3;4;13;1
1063;2;1;0;6;0;2;13;1;1;2;12;5;2;6;0;3;3;6;6;2.0;1.0;1;3;2;3;3;3;3;4;18;1
1063;2;3;0;6;0;2;4;1;4;2;2;2;5;6;3;3;3;6;2;2.0;1.0;1;3;2;3;3;3;3;4;18;1
80;3;4;0;2;0;2;4;3;0;2;12;3;2;0;0;3;3;6;2;2.0;1.0;2;1;0;0;2;3;3;4;18;1
80;3;0;0;2;0;1;3;3;4;2;12;3;2;0;0;3;3;6;2;2.0;1.0;9;3;2;3;3;3;3;4;1;1
164;4;1;0;2;0;4;2;2;2;2;8;2;6;6;0;3;3;6;2;1.0;1.0;1;1;0;1;2;3;3;4;1;1
1021;1;1;0;2;0;2;3;2;4;2;12;2;2;4;3;3;3;6;7;2.0;1.0;1;3;2;3;3;3;3;4;13;1
1021;1;1;0;2;0;4;3;1;1;2;12;2;2;4;0;3;3;6;0;2.0;1.0;1;1;0;5;2;3;3;4;0;1
72;6;2;0;2;0;1;9;3;5;2;9;2;2;6;0;3;3;6;2;1.0;1.0;1;3;2;3;3;3;3;4;16;1
346;1;0;0;2;0;3;3;1;1;2;8;2;2;6;0;3;3;8;2;1.0;1.0;1;3;2;3;3;3;3;4;13;1
358;1;0;0;2;0;3;3;1;1;2;2;4;2;6;0;3;3;6;2;2.0;1.0;1;0;0;1;2;3;3;4;6;1
358;1;0;0;2;2;2;5;1;0;2;12;0;2;6;0;3;3;6;6;2.0;1.0;4;3;2;3;3;3;3;4;6;1
737;0;1;0;2;0;1;14;1;4;2;0;5;8;6;0;3;2;6;2;1.0;2.0;1;1;0;0;2;1;3;4;10;1
737;0;1;0;3;0;3;3;1;4;2;12;2;3;6;0;3;2;6;0;1.0;2.0;5;1;0;1;2;6;3;4;17;1
105;6;3;0;2;0;1;3;1;5;2;12;0;3;6;0;3;3;6;6;2.0;1.0;1;3;2;3;3;3;3;4;16;0
105;6;3;0;2;0;2;0;1;5;2;2;0;2;6;0;3;3;6;2;2.0;1.0;1;0;1;0;2;2;3;4;6;0
631;2;1;0;1;0;4;4;3;0;2;9;0;2;6;0;3;2;6;2;2.0;2.0;1;1;0;1;1;1;3;4;13;1
631;2;1;0;1;0;4;13;1;5;2;12;0;2;6;0;3;2;6;2;2.0;2.0;1;2;1;5;2;3;3;4;6;1
631;2;1;0;2;0;2;3;1;5;2;12;2;2;6;0;3;2;6;7;2.0;2.0;1;1;0;0;2;1;3;4;16;1
891;0;2;0;3;0;0;6;1;5;2;12;3;2;6;0;3;3;6;2;2.0;1.0;9;2;0;1;2;3;3;4;0;1
891;0;1;0;3;0;2;3;1;5;2;1;2;2;6;0;3;3;6;2;2.0;1.0;9;1;0;0;1;1;3;4;1;1
307;4;1;0;2;0;2;0;1;5;2;1;4;2;6;0;3;3;5;2;2.0;1.0;9;3;2;3;3;3;3;4;16;1
307;4;4;0;2;0;0;5;1;5;2;12;2;2;6;0;3;3;5;2;2.0;1.0;5;1;0;0;2;3;3;4;6;1
27;1;2;1;2;2;2;3;2;0;2;8;2;2;6;0;3;2;6;2;1.0;1.0;1;0;1;2;2;3;3;8;13;1
861;6;0;0;1;2;4;13;1;1;2;9;2;2;5;0;0;2;3;6;2.0;1.0;12;1;1;1;2;6;3;4;18;1
861;6;0;0;2;2;3;3;1;1;2;12;2;2;5;0;0;2;3;6;2.0;1.0;4;2;0;5;2;3;3;4;1;1
705;5;1;0;6;2;2;4;1;0;2;9;0;8;4;0;0;2;3;2;1.0;1.0;3;3;2;3;3;3;3;4;1;0
504;3;2;0;0;0;4;5;1;5;2;2;3;2;4;3;3;2;6;2;2.0;1.0;1;2;1;4;2;0;3;4;18;1
504;3;4;0;1;0;3;3;1;1;2;12;4;2;4;0;3;2;6;2;2.0;1.0;1;3;2;3;3;3;3;4;1;1
942;5;1;0;2;0;0;3;1;2;2;8;2;3;6;0;3;3;6;2;2.0;1.0;1;1;0;0;2;1;3;4;6;1
942;5;2;1;2;0;4;3;1;1;2;12;0;2;6;4;3;3;6;2;2.0;1.0;4;0;0;5;1;3;3;4;1;1
358;1;3;0;2;2;4;11;1;5;2;1;2;8;2;0;3;3;6;2;2.0;1.0;2;1;0;5;2;3;3;4;18;1
358;1;0;0;2;0;4;2;1;5;2;12;0;2;2;0;3;3;6;2;2.0;1.0;9;3;2;3;3;3;3;4;0;1
320;3;0;0;2;0;5;2;1;0;2;8;2;2;6;0;3;3;6;2;2.0;2.0;5;0;0;1;2;3;3;8;18;0
320;3;3;0;2;0;0;2;3;5;2;9;0;2;6;0;3;3;6;2;2.0;2.0;1;0;0;4;2;3;3;5;7;0
320;3;3;0;5;2;0;6;1;5;2;8;4;2;6;0;3;3;6;2;2.0;2.0;1;3;2;3;3;3;3;4;18;0
341;1;3;0;2;2;3;13;1;5;2;8;2;2;6;0;3;3;6;1;2.0;1.0;1;1;0;0;2;3;3;4;11;1
341;1;3;0;2;2;0;5;1;5;2;2;3;2;6;0;3;3;6;2;2.0;1.0;1;3;2;3;3;3;3;4;10;1
712;4;1;0;2;2;1;3;1;5;2;2;0;2;6;0;3;2;6;6;2.0;3.0;1;1;0;1;2;3;3;4;17;0
712;4;0;0;4;2;2;3;1;5;2;9;0;2;6;0;3;2;6;2;2.0;3.0;1;0;1;0;2;3;3;4;13;0
712;4;0;0;4;2;4;11;1;5;2;12;0;2;6;0;3;2;6;2;2.0;3.0;1;1;0;4;2;3;3;4;0;0
975;0;1;0;2;2;1;13;1;5;2;12;5;2;0;0;3;3;6;2;3.0;2.0;1;3;2;3;3;3;3;4;1;1
975;0;1;0;3;2;4;13;1;5;2;12;0;2;0;0;3;3;6;2;3.0;2.0;1;3;2;3;3;3;3;4;0;1
975;0;1;0;6;2;2;13;1;1;2;9;0;2;0;0;3;3;6;2;3.0;2.0;5;3;2;3;3;3;3;4;10;1
649;6;4;0;2;0;1;11;1;5;2;11;2;2;4;0;3;2;6;2;2.0;1.0;1;3;2;3;3;3;3;4;1;1
649;6;4;0;2;0;2;3;1;1;2;8;0;2;4;2;3;2;6;2;2.0;1.0;1;3;2;3;3;3;3;4;19;1
1045;3;1;0;2;0;2;13;1;0;2;12;2;2;5;0;3;3;6;6;2.0;1.0;1;1;0;5;2;3;3;4;11;0
1045;3;0;0;2;0;4;10;1;2;2;9;0;2;5;0;3;3;6;2;2.0;1.0;1;3;2;3;3;3;3;4;1;0
151;3;3;0;3;0;2;13;1;4;2;12;0;2;6;0;3;3;6;2;2.0;1.0;5;1;0;1;2;6;3;4;10;1
151;3;3;0;2;0;2;13;1;0;2;12;5;8;6;0;3;3;6;2;2.0;1.0;1;0;0;0;2;3;3;4;6;1
293;6;2;0;2;0;4;0;1;1;2;8;4;8;6;0;0;3;3;2;2.0;1.0;9;1;1;5;2;3;3;4;13;1
293;6;1;0;3;2;2;3;1;5;2;9;2;2;6;0;0;3;3;2;2.0;1.0;9;3;2;3;3;6;3;4;18;1
1044;5;2;0;2;2;2;3;1;5;2;12;2;2;6;0;3;3;6;2;2.0;1.0;9;1;0;1;2;3;3;4;16;1
1044;5;1;0;2;0;2;3;2;1;2;9;0;2;6;0;3;3;6;7;2.0;1.0;1;3;2;3;3;3;3;4;3;1
268;1;0;0;2;0;3;0;1;5;2;2;2;2;6;0;0;3;3;2;2.0;2.0;1;2;1;5;2;1;3;4;1;1
268;1;0;0;2;0;2;15;3;5;2;9;2;2;6;0;0;3;3;6;2.0;2.0;1;3;2;3;3;3;3;4;18;1
446;2;0;0;2;0;2;4;1;5;2;8;4;2;0;0;3;3;6;2;2.0;1.0;1;0;1;0;1;6;3;8;13;1
446;2;0;0;2;0;2;15;3;3;2;9;2;2;0;0;3;3;6;2;2.0;1.0;5;1;0;0;1;3;3;4;16;1
645;4;0;0;2;0;4;4;1;5;2;12;4;2;6;0;3;2;6;2;1.0;1.0;1;3;2;3;3;3;3;4;16;1
434;3;1;0;1;0;4;10;1;5;2;4;2;2;0;0;3;2;6;2;2.0;1.0;1;0;0;0;2;3;3;8;18;1
434;3;1;0;2;0;4;15;1;5;2;2;2;2;0;0;3;2;6;2;2.0;1.0;1;0;1;4;2;3;3;6;18;1
336;6;2;0;2;0;4;3;1;1;2;9;0;8;5;0;3;3;6;2;3.0;1.0;2;1;0;0;2;3;3;4;11;0
336;6;0;0;2;0;4;3;1;5;2;12;2;2;5;0;3;3;6;2;3.0;1.0;9;3;2;3;3;3;3;4;10;0
336;6;1;0;2;0;4;13;1;5;2;12;2;2;5;2;3;3;6;2;3.0;1.0;1;1;0;0;2;3;3;4;0;0
1008;3;2;0;2;0;2;2;1;0;2;8;0;2;6;0;3;3;6;2;1.0;1.0;1;3;2;3;3;3;3;4;1;1
415;4;3;0;2;0;1;2;1;4;2;5;2;3;6;2;0;2;5;6;1.0;1.0;2;1;1;0;2;3;3;4;6;0
689;6;4;0;2;0;3;3;1;4;2;2;2;8;6;0;3;2;6;2;2.0;2.0;1;3;2;3;3;3;3;4;13;1
689;6;4;0;2;0;3;2;1;5;2;8;5;3;6;0;3;2;6;6;2.0;2.0;2;1;0;1;2;3;3;4;13;1
689;6;2;0;2;0;1;3;1;4;2;2;2;8;6;0;3;2;6;2;2.0;2.0;5;3;2;3;3;3;3;4;0;1
1048;5;1;0;3;0;3;6;1;5;2;8;5;3;6;0;3;3;6;2;2.0;1.0;1;3;2;3;3;3;3;4;16;1
1048;5;2;0;2;0;3;13;3;5;2;8;0;2;6;0;3;3;6;2;2.0;1.0;1;1;0;2;2;3;3;4;9;1
664;4;1;0;2;0;2;3;1;0;2;11;2;2;4;0;0;3;6;7;2.0;1.0;1;2;0;5;2;3;3;4;10;1
664;4;1;0;2;0;2;3;1;3;2;9;2;2;4;0;0;3;6;2;2.0;1.0;1;1;1;4;2;3;3;4;0;1
484;5;2;1;6;0;3;3;1;5;2;8;5;3;5;0;0;2;1;2;2.0;1.0;1;3;2;3;3;3;3;4;6;1
484;5;4;0;2;0;3;13;1;5;2;7;5;2;5;0;0;2;1;2;2.0;1.0;1;3;2;3;3;3;3;4;18;1
208;0;1;0;2;0;0;3;1;5;2;12;2;2;5;0;0;3;6;7;2.0;1.0;1;3;2;3;3;3;3;4;1;1
208;0;0;0;3;0;4;13;1;5;2;9;0;2;5;0;0;3;6;6;2.0;1.0;1;1;1;1;2;3;3;4;18;1
431;5;1;0;3;0;4;12;1;5;2;8;0;2;4;0;0;2;6;2;4.0;1.0;1;2;1;0;2;3;3;4;18;1
431;5;0;0;3;0;3;13;1;5;2;8;0;2;4;0;0;2;6;2;4.0;1.0;1;1;1;1;2;3;3;4;19;1
431;5;1;0;1;0;1;13;1;5;2;9;0;2;4;0;0;2;6;2;4.0;1.0;1;3;2;3;3;3;3;4;11;1
431;5;1;0;2;0;1;2;1;5;2;8;0;2;4;0;0;2;6;2;4.0;1.0;1;1;0;1;2;3;3;4;6;1
469;5;3;0;0;0;4;11;1;5;2;8;0;2;6;0;3;2;6;2;2.0;1.0;1;3;2;3;3;3;3;4;10;2
469;5;0;0;2;0;1;11;1;5;2;8;2;2;6;0;3;2;6;2;2.0;1.0;1;0;1;4;2;3;3;8;13;2
960;3;4;0;2;0;1;13;1;5;2;8;2;2;0;0;0;3;6;2;2.0;1.0;1;3;2;3;3;6;3;4;3;1
960;3;0;0;1;0;0;13;1;5;2;12;0;2;0;0;0;3;6;6;2.0;1.0;1;1;0;5;2;0;3;4;10;1
177;3;0;0;2;0;2;2;1;5;2;12;2;2;6;0;3;3;6;6;1.0;1.0;9;2;1;4;2;3;3;4;0;0
441;3;1;0;2;0;3;3;1;1;2;12;2;2;4;0;0;3;5;2;2.0;1.0;1;3;2;3;3;1;3;4;1;0
441;3;2;0;2;0;3;3;1;1;2;9;4;2;4;0;0;3;5;2;2.0;1.0;1;1;0;0;2;6;3;4;18;0
67;2;1;0;3;0;2;12;1;1;2;11;0;0;0;0;3;3;6;2;2.0;1.0;1;2;0;4;2;6;3;4;18;0
67;2;0;0;2;0;3;13;1;1;2;9;0;0;0;0;3;3;6;2;2.0;1.0;1;2;0;4;2;0;3;4;16;0
951;6;2;1;2;0;0;2;1;1;2;8;2;2;6;0;3;3;5;2;2.0;1.0;4;3;2;3;3;6;3;4;13;1
951;6;0;0;3;0;1;3;1;5;2;2;4;2;6;0;3;3;5;0;2.0;1.0;1;1;0;0;2;3;3;4;13;1
1002;3;2;1;1;0;0;0;1;5;2;12;0;2;6;0;3;3;6;2;1.0;1.0;1;2;1;2;2;3;3;4;19;1
951;1;0;0;2;0;2;11;1;1;2;12;4;2;5;0;3;3;6;6;1.0;1.0;1;3;2;3;3;3;3;4;1;1
350;3;0;0;2;0;3;3;1;2;2;12;2;2;4;0;3;3;6;7;2.0;3.0;1;3;2;3;3;3;3;4;1;1
350;3;1;0;1;0;4;13;1;5;2;12;2;2;4;0;3;3;6;2;2.0;3.0;1;1;0;0;2;3;3;4;16;1
350;3;1;0;3;2;2;2;1;5;2;8;0;2;4;0;3;3;6;2;2.0;3.0;1;0;1;0;2;3;3;5;0;1
350;3;1;0;3;0;3;6;1;5;2;8;1;2;4;0;3;3;6;2;2.0;3.0;1;3;2;3;3;3;3;4;0;1
416;5;2;0;2;0;2;2;1;5;2;9;0;2;6;0;0;2;6;2;2.0;1.0;1;1;0;0;2;3;3;4;6;1
416;5;0;0;3;2;2;2;1;5;2;8;4;2;6;0;0;2;6;2;2.0;1.0;1;3;2;3;3;3;3;4;1;1
469;2;1;0;2;0;1;7;1;5;2;9;2;2;4;0;3;2;6;2;1.0;1.0;4;1;0;1;2;6;3;4;0;0
98;4;0;0;2;0;4;13;1;5;2;8;0;2;5;0;0;3;3;2;2.0;3.0;1;3;2;3;3;3;3;4;10;1
98;4;0;0;2;0;2;13;1;5;2;12;2;2;5;0;0;3;3;6;2.0;3.0;2;1;0;0;2;3;3;4;6;1
98;4;1;0;1;0;0;4;1;5;2;8;4;2;5;0;0;3;3;0;2.0;3.0;5;0;0;4;2;6;3;6;18;1
337;0;2;0;2;0;2;13;1;5;2;12;5;2;0;0;3;3;6;2;2.0;1.0;5;3;2;3;3;6;3;4;10;1
337;0;0;0;3;0;0;6;0;5;2;12;2;2;0;0;3;3;6;2;2.0;1.0;1;1;0;1;2;3;3;4;0;1
504;1;2;0;2;0;2;4;1;2;2;8;2;2;4;0;3;2;6;2;2.0;2.0;4;0;1;4;2;3;3;6;16;1
504;1;1;0;0;0;0;11;1;4;2;8;2;2;4;0;3;2;6;2;2.0;2.0;1;0;0;5;2;2;3;4;0;1
504;1;1;0;2;0;4;2;1;1;2;9;2;2;4;0;3;2;6;2;2.0;2.0;4;1;0;0;2;3;3;4;7;1
240;3;2;0;2;0;0;4;1;5;2;12;2;2;4;0;3;3;6;6;2.0;2.0;1;0;0;0;2;3;3;7;13;0
240;3;4;0;2;0;2;6;3;5;2;12;0;2;4;0;3;3;6;2;2.0;2.0;9;1;0;1;2;6;3;4;16;0
240;3;4;0;2;0;1;5;1;5;2;8;2;2;4;0;3;3;6;2;2.0;2.0;1;3;2;3;3;6;3;4;18;0
489;5;2;0;2;0;2;13;1;5;2;8;2;2;6;0;3;2;6;2;2.0;1.0;1;1;0;1;2;3;3;4;6;1
489;5;0;0;2;0;1;4;1;5;2;2;0;2;6;0;3;2;6;2;2.0;1.0;1;3;2;3;3;3;3;4;1;1
346;0;1;0;2;0;1;13;3;5;2;12;4;2;6;0;3;3;6;2;2.0;2.0;2;1;0;0;2;3;3;4;16;1
346;0;0;0;2;0;4;4;1;5;2;8;0;2;6;0;3;3;6;2;2.0;2.0;2;3;2;3;3;6;3;4;16;1
268;5;2;0;2;0;0;14;1;0;2;8;2;2;4;0;0;3;5;2;2.0;1.0;2;2;0;1;2;3;3;4;18;1
268;5;0;0;0;2;0;3;1;3;2;9;2;2;4;0;0;3;5;2;2.0;1.0;1;1;0;0;2;3;3;4;7;1
712;6;2;0;0;0;5;2;1;5;2;12;0;2;5;0;1;2;2;2;2.0;2.0;1;3;2;3;3;3;3;4;6;0
712;6;1;0;2;0;0;3;1;2;2;9;2;2;5;0;1;2;2;2;2.0;2.0;1;3;2;3;3;6;3;4;6;0
712;6;1;0;2;0;2;6;3;5;2;8;2;2;5;0;1;2;2;2;2.0;2.0;1;1;0;0;2;6;3;4;0;0
426;5;2;1;2;0;4;10;1;2;2;8;0;2;4;0;3;2;6;2;2.0;1.0;9;1;0;1;2;3;3;4;6;1
426;5;1;0;2;0;4;13;1;4;2;12;0;2;4;0;3;2;6;2;2.0;1.0;1;3;2;3;3;3;3;4;1;1
1022;3;4;0;2;2;2;13;1;0;2;12;5;8;6;0;0;3;6;2;2.0;1.0;9;1;0;1;2;1;3;4;6;1
1022;3;1;0;3;0;1;0;1;1;2;8;4;8;6;0;0;3;6;2;2.0;1.0;9;3;2;3;3;0;3;4;6;1
833;2;0;0;2;0;1;3;1;5;2;9;2;2;5;0;3;2;5;6;2.0;2.0;1;0;1;0;2;3;3;4;10;1
833;2;0;0;2;0;3;3;1;5;2;12;2;2;5;0;3;2;5;2;2.0;2.0;5;0;0;0;2;3;3;6;6;1
319;2;0;0;2;0;1;3;2;1;2;9;0;2;6;0;0;3;0;2;2.0;3.0;1;3;2;3;3;0;3;4;18;0
319;2;0;0;2;0;1;0;1;5;2;2;2;2;6;0;0;3;0;2;2.0;3.0;5;1;0;4;2;3;3;4;6;0
319;2;0;0;3;0;2;15;3;5;2;9;2;2;6;0;0;3;0;2;2.0;3.0;1;0;0;4;2;3;3;4;7;0
319;2;2;0;2;0;4;4;1;5;2;8;4;2;6;0;0;3;0;7;2.0;3.0;2;0;1;1;2;3;3;6;11;0
1001;3;0;0;2;0;2;15;3;3;2;9;2;2;4;0;3;3;6;2;2.0;2.0;1;1;0;0;2;3;3;4;18;0
1001;3;4;0;2;0;1;4;1;5;2;12;4;2;4;0;3;3;6;2;2.0;2.0;1;0;0;4;2;3;3;6;6;0
242;3;2;0;2;0;2;10;1;5;2;4;2;2;6;0;3;3;6;2;2.0;1.0;1;2;1;4;2;3;3;4;16;1
242;3;1;0;0;0;1;15;1;5;2;2;2;2;6;0;3;3;6;2;2.0;1.0;1;2;1;1;2;3;3;4;16;1
208;0;2;0;2;0;2;3;1;1;2;9;0;8;4;0;0;3;5;2;1.0;1.0;1;1;0;0;2;3;3;4;16;1
461;3;2;0;2;0;0;3;1;5;2;12;2;2;6;0;3;2;6;2;1.0;1.0;1;0;0;0;2;3;3;4;16;1
1007;6;2;0;2;0;1;13;1;5;2;12;2;2;4;0;3;3;6;2;1.0;1.0;1;1;1;1;1;3;3;4;18;1
601;4;0;0;2;0;4;2;1;0;2;8;0;2;6;0;3;2;1;2;3.0;1.0;5;3;2;3;3;3;3;4;13;1
601;4;0;0;2;0;3;2;1;4;2;5;2;3;6;0;3;2;1;7;3.0;1.0;1;1;0;5;2;6;3;4;18;1
601;4;2;0;2;0;1;3;1;4;2;2;2;8;6;0;3;2;1;2;3.0;1.0;1;3;2;3;3;6;3;4;1;1
858;4;0;0;2;0;3;2;1;5;2;8;5;3;6;0;0;2;3;2;1.0;1.0;1;1;0;0;2;3;3;4;1;1
1002;3;2;0;1;0;2;3;1;4;2;2;2;8;6;0;3;3;6;2;1.0;1.0;1;0;0;1;2;3;3;4;17;1
469;5;3;0;0;0;0;6;1;5;2;8;5;3;6;0;3;2;6;2;2.0;1.0;2;1;0;1;2;3;3;4;13;1
469;5;0;0;2;0;3;13;3;5;2;8;0;2;6;0;3;2;6;6;2.0;1.0;1;1;0;1;2;3;3;4;1;1
268;4;2;0;2;0;2;3;1;0;2;11;2;2;6;0;3;3;6;2;3.0;2.0;1;1;0;0;2;3;3;4;18;1
268;4;1;0;1;0;3;3;1;3;2;9;2;2;6;0;3;3;6;2;3.0;2.0;5;3;2;3;3;3;3;4;16;1
268;4;1;0;1;0;3;3;1;5;2;8;5;3;6;0;3;3;6;2;3.0;2.0;1;1;1;1;2;1;3;4;0;1
268;4;2;0;2;0;2;13;1;5;2;7;5;2;6;0;3;3;6;2;3.0;2.0;1;3;2;3;3;0;3;4;18;1
923;5;1;0;1;0;1;3;1;5;2;12;2;2;6;0;3;2;6;2;2.0;1.0;1;1;1;0;1;6;3;4;18;1
923;5;0;0;2;0;4;13;1;5;2;9;0;2;6;0;3;2;6;2;2.0;1.0;4;3;2;3;3;3;3;4;19;1
574;4;1;0;2;0;4;12;1;5;2;8;0;2;6;0;3;2;6;2;1.0;1.0;1;1;0;0;2;3;3;4;17;0
951;5;1;0;2;0;2;13;1;5;2;8;0;2;6;0;0;3;6;6;2.0;1.0;1;1;0;4;2;1;3;4;1;0
951;5;0;0;2;0;0;13;1;5;2;9;0;2;6;0;0;3;6;2;2.0;1.0;2;3;2;3;3;3;3;4;18;0
283;3;2;0;4;0;3;2;1;5;2;8;0;2;6;0;3;3;6;2;2.0;1.0;5;1;0;0;2;3;3;4;6;1
283;3;1;0;2;0;3;11;1;5;2;8;0;2;6;0;3;3;6;2;2.0;1.0;1;3;2;3;3;3;3;4;18;1
373;4;0;0;1;0;1;11;1;5;2;8;2;2;6;0;0;3;6;2;2.0;1.0;1;1;0;4;2;3;3;4;0;1
373;4;2;0;2;2;0;13;1;5;2;8;2;2;6;0;0;3;6;0;2.0;1.0;9;1;1;0;2;3;3;4;11;1
798;1;2;0;2;0;2;13;1;5;2;12;0;2;4;0;3;2;6;2;1.0;1.0;2;3;2;3;3;3;3;4;6;1
469;3;1;0;3;0;1;2;1;5;2;12;2;2;4;0;0;2;6;2;2.0;1.0;1;0;1;0;2;3;3;4;13;1
469;3;0;0;3;2;2;3;1;1;2;12;2;2;4;0;0;2;6;6;2.0;1.0;1;3;2;3;3;3;3;4;18;1
504;1;2;0;2;0;4;3;1;1;2;9;4;2;2;0;0;2;3;2;2.0;1.0;9;1;0;0;2;3;3;4;11;1
504;1;1;0;2;0;2;12;1;1;2;11;0;0;2;0;0;2;3;2;2.0;1.0;1;0;0;5;2;6;3;8;6;1
1067;1;0;0;1;0;2;13;1;1;2;9;0;0;4;0;3;3;5;2;1.0;1.0;1;3;2;3;3;1;3;4;6;1
248;0;1;0;2;0;2;2;1;1;2;8;2;2;0;0;3;3;6;6;1.0;1.0;1;1;0;0;2;3;3;4;13;1
416;5;4;0;2;0;4;3;1;5;2;2;4;2;6;0;0;3;3;6;1.0;1.0;1;3;2;3;3;3;3;4;6;1
1034;0;2;0;2;0;0;0;1;5;2;12;0;2;4;0;3;3;6;2;2.0;1.0;1;1;0;1;2;6;3;4;7;1
1034;0;4;0;2;0;1;11;1;1;2;12;4;2;4;0;3;3;6;2;2.0;1.0;1;0;0;4;2;3;3;4;1;1
698;3;1;0;2;0;0;3;1;2;2;12;2;2;6;0;0;2;0;6;2.0;1.0;1;0;1;4;2;3;3;4;18;1
698;3;0;0;2;0;2;13;1;5;2;12;2;2;6;0;0;2;0;6;2.0;1.0;1;3;2;3;3;3;3;4;18;1
239;6;3;0;3;0;2;2;1;5;2;8;0;2;6;0;0;3;3;2;2.0;1.0;2;1;0;0;2;1;3;4;0;1
239;6;1;0;2;0;2;6;1;5;2;8;1;2;6;0;0;3;3;2;2.0;1.0;1;1;1;0;2;3;3;4;10;1
135;4;0;0;2;0;4;2;1;5;2;9;0;2;5;0;3;3;6;2;2.0;1.0;1;3;2;3;3;3;3;4;0;1
135;4;1;0;2;0;1;2;1;5;2;8;4;2;5;0;3;3;6;6;2.0;1.0;1;3;2;3;3;3;3;4;1;1
533;0;4;0;2;2;4;7;1;5;2;9;2;2;6;0;0;2;6;2;3.0;3.0;1;1;0;1;2;3;3;4;13;1
533;0;4;0;2;0;1;13;1;5;2;8;0;2;6;0;0;2;6;2;3.0;3.0;1;0;0;5;2;3;3;4;18;1
533;0;3;0;3;1;2;13;1;5;2;12;2;2;6;0;0;2;6;2;3.0;3.0;1;3;2;3;3;3;3;4;0;1
533;0;2;1;3;0;2;4;1;5;2;8;4;2;6;0;0;2;6;0;3.0;3.0;5;1;0;4;2;3;3;4;13;1
720;3;0;0;2;0;2;15;1;5;2;11;0;2;6;0;0;2;6;2;3.0;1.0;9;3;2;3;3;3;3;4;18;0
720;3;3;0;2;0;2;3;1;5;2;9;4;2;6;0;0;2;6;2;3.0;1.0;5;0;0;4;2;3;3;4;7;0
720;3;2;1;3;0;4;3;1;5;2;8;0;2;6;0;0;2;6;7;3.0;1.0;1;0;0;1;2;3;3;4;7;0
177;1;1;0;2;0;3;15;1;5;2;9;0;2;6;0;3;3;6;2;1.0;1.0;1;1;0;5;1;3;3;4;13;1
416;3;3;0;2;0;2;9;1;5;2;8;0;2;6;0;3;2;6;2;2.0;1.0;1;1;0;0;2;6;3;4;13;1
416;3;1;0;3;0;0;13;1;1;2;8;2;2;6;0;3;2;6;2;2.0;1.0;5;3;2;3;3;3;3;4;11;1
528;1;1;0;2;0;2;11;1;5;2;9;0;2;4;0;3;3;6;2;3.0;2.0;1;0;1;5;2;3;3;4;6;1
528;1;0;0;2;0;4;3;1;5;2;12;2;2;4;0;3;3;6;6;3.0;2.0;1;3;2;3;3;6;3;4;1;1
528;1;3;0;1;2;1;2;1;4;2;4;0;2;4;0;3;3;6;2;3.0;2.0;1;1;1;4;2;3;3;4;10;1
396;0;3;0;2;0;0;2;1;5;2;8;2;2;5;0;3;3;6;2;1.0;1.0;1;3;2;3;3;0;3;4;18;1
950;5;2;0;2;0;0;12;2;5;2;1;2;2;6;0;3;3;6;2;3.0;1.0;1;1;0;0;2;3;3;4;13;1
950;5;0;0;0;2;1;3;1;0;2;9;2;2;6;0;3;3;6;2;3.0;1.0;1;3;2;3;3;6;3;4;1;1
950;5;1;1;2;0;2;14;1;4;2;9;0;2;6;0;3;3;6;6;3.0;1.0;9;1;0;0;2;3;3;4;0;1
213;0;3;0;3;2;1;14;1;2;2;2;0;8;4;0;3;3;6;2;2.0;1.0;9;1;0;1;2;3;3;4;18;1
213;0;3;0;2;0;0;13;1;2;2;9;0;2;4;0;3;3;6;6;2.0;1.0;1;2;0;1;2;3;3;4;9;1
362;0;0;0;2;2;2;13;1;5;2;12;5;2;6;2;3;3;6;2;2.0;1.0;1;2;1;0;2;3;3;4;0;1
362;0;1;0;2;0;3;15;1;2;2;12;0;2;6;0;3;3;6;0;2.0;1.0;4;3;2;3;3;3;3;4;16;1
449;4;1;0;2;0;1;3;1;5;2;12;1;2;4;0;0;2;3;2;1.0;1.0;1;3;2;3;3;3;3;4;18;1
586;5;0;0;2;0;2;12;1;5;2;2;1;2;6;0;0;2;5;2;2.0;1.0;1;2;0;0;2;3;3;4;2;1
586;5;0;0;2;0;4;2;3;5;2;12;1;2;6;0;0;2;5;2;2.0;1.0;1;3;2;3;3;3;3;4;18;1
946;1;3;0;3;0;1;3;1;5;2;2;1;2;4;0;3;3;6;2;1.0;1.0;1;1;0;1;2;3;3;4;0;1
940;0;0;0;3;2;4;3;1;5;2;2;2;2;4;0;0;3;3;2;2.0;1.0;1;1;0;1;2;6;3;4;18;1
940;0;1;0;2;0;0;3;1;4;2;12;0;2;4;0;0;3;3;7;2.0;1.0;1;0;1;5;2;6;3;4;1;1
203;4;0;0;2;0;2;3;3;2;2;12;0;2;4;0;3;3;6;0;3.0;3.0;1;1;0;0;2;3;3;4;6;1
203;4;1;0;2;0;1;0;1;2;2;11;5;2;4;0;3;3;6;2;3.0;3.0;1;3;2;3;3;3;3;4;0;1
203;4;1;0;2;0;1;15;1;4;2;9;0;2;4;1;3;3;6;0;3.0;3.0;1;0;0;0;2;1;3;0;16;1
203;4;1;0;2;0;1;13;1;0;2;12;2;2;4;0;3;3;6;2;3.0;3.0;5;3;2;3;3;0;3;4;18;1
697;4;2;0;2;0;1;13;1;4;2;8;0;2;0;0;3;2;8;2;2.0;1.0;3;1;0;0;2;3;3;4;17;1
697;4;0;0;2;0;4;11;1;4;2;9;0;2;0;0;3;2;8;2;2.0;1.0;1;0;1;0;2;3;3;4;17;1
706;6;2;0;2;0;4;2;1;4;2;12;4;8;7;0;0;3;5;8;2.0;1.0;1;0;1;5;2;0;3;2;16;1
706;6;4;0;3;0;2;3;1;4;2;9;2;2;7;0;0;3;5;2;2.0;1.0;1;1;0;1;2;3;3;4;1;1
580;3;4;0;2;0;2;4;1;2;2;9;0;2;5;0;3;2;6;6;2.0;1.0;5;1;0;0;2;3;3;4;1;1
580;3;2;0;2;0;1;9;1;5;2;9;2;2;5;0;3;2;6;2;2.0;1.0;1;1;0;4;1;3;3;4;18;1
467;3;4;0;3;0;2;3;1;0;2;12;5;2;6;0;3;3;6;2;2.0;1.0;9;0;0;0;2;3;3;8;16;1
467;3;1;0;2;0;2;4;1;2;2;12;0;2;6;0;3;3;6;2;2.0;1.0;5;1;1;2;2;3;3;4;18;1
83;4;3;0;2;0;4;9;1;2;2;12;4;2;4;0;3;3;6;7;2.0;1.0;1;3;2;3;3;3;3;4;18;1
83;4;1;0;2;0;2;11;1;0;2;3;0;2;4;0;3;3;6;2;2.0;1.0;1;3;2;3;3;3;3;4;0;1
421;6;2;0;2;0;4;13;1;1;2;9;0;2;4;0;3;3;6;2;2.0;1.0;1;1;1;0;2;3;3;4;1;0
421;6;1;0;3;0;3;12;1;2;2;9;4;2;4;0;3;3;6;2;2.0;1.0;1;2;1;0;2;3;3;4;18;0
965;5;0;0;3;0;2;3;1;2;2;9;0;2;6;0;3;3;6;0;2.0;1.0;1;1;0;0;2;3;3;4;3;1
965;5;0;0;3;0;0;14;1;0;2;12;2;2;6;0;3;3;6;6;2.0;1.0;1;3;2;3;3;3;3;4;16;1
1017;1;2;0;3;0;2;3;1;0;2;8;2;2;6;0;3;3;6;2;2.0;1.0;1;1;0;1;2;6;3;4;13;1
1017;1;0;0;3;0;2;5;1;1;2;12;5;2;6;0;3;3;6;2;2.0;1.0;1;3;2;3;3;6;3;4;10;1
391;5;1;0;3;0;1;15;1;5;2;8;3;2;6;0;3;3;6;6;3.0;1.0;1;1;0;0;2;3;3;4;13;1
391;5;2;0;3;0;2;4;1;5;2;9;2;2;6;0;3;3;6;2;3.0;1.0;1;1;1;1;2;3;3;4;0;1
391;5;2;1;2;0;2;13;1;5;2;8;3;6;6;0;3;3;6;2;3.0;1.0;1;3;2;3;3;3;3;4;5;1
565;3;0;0;2;0;4;2;1;5;2;8;3;2;6;0;0;2;6;2;3.0;1.0;1;1;0;4;2;3;3;4;10;1
565;3;3;0;2;0;4;3;2;5;2;12;3;2;6;0;0;2;6;0;3.0;1.0;1;3;2;3;3;3;3;4;6;1
565;3;0;0;3;0;3;14;1;5;2;8;2;2;6;0;0;2;6;0;3.0;1.0;1;1;0;1;2;3;3;4;18;1
446;3;4;0;3;0;2;15;1;5;2;8;2;2;4;0;3;3;6;7;2.0;1.0;1;3;2;3;3;1;3;4;16;0
446;3;4;0;3;2;2;14;3;5;2;8;4;2;4;0;3;3;6;2;2.0;1.0;1;1;0;1;2;0;3;4;5;0
1002;5;0;0;3;0;1;3;1;5;2;12;0;2;6;0;0;3;6;2;2.0;3.0;1;0;1;5;2;6;3;4;10;1
1002;5;3;0;3;0;4;12;1;5;2;9;2;2;6;0;0;3;6;2;2.0;3.0;1;3;2;3;3;3;3;4;0;1
1002;5;3;0;3;0;1;12;1;1;2;9;2;6;6;0;0;3;6;7;2.0;3.0;1;1;1;0;2;3;3;4;0;1
674;6;4;0;2;0;4;14;1;2;2;2;2;2;5;0;3;2;6;7;2.0;2.0;1;1;0;0;2;1;3;4;0;1
674;6;4;0;2;0;3;15;1;2;2;12;2;2;5;0;3;2;6;2;2.0;2.0;4;3;2;3;3;3;3;4;0;1
674;6;1;0;2;0;1;15;1;5;2;9;2;2;5;0;3;2;6;2;2.0;2.0;9;0;1;0;2;3;3;6;13;1
928;0;0;0;3;0;2;14;1;1;2;12;0;2;4;0;3;3;6;2;2.0;1.0;1;2;1;0;2;3;3;4;18;1
928;0;1;0;3;0;2;16;1;1;2;9;0;2;4;0;3;3;6;6;2.0;1.0;1;3;2;3;3;3;3;4;5;1
184;0;2;1;3;0;0;14;1;1;2;9;2;2;5;0;3;3;6;2;1.0;1.0;9;1;0;0;2;3;3;4;18;1
436;0;0;0;3;0;2;14;1;2;2;12;2;2;4;0;3;2;6;6;2.0;1.0;1;3;2;3;3;3;3;4;6;1
436;0;3;0;2;0;0;6;1;5;2;12;2;2;4;0;3;2;6;2;2.0;1.0;9;0;0;1;2;3;3;8;18;1
81;1;3;0;2;0;2;3;1;5;2;12;0;2;5;0;3;3;6;7;2.0;2.0;1;0;1;1;2;3;3;4;18;1
81;1;0;0;3;2;0;3;1;5;2;12;3;2;5;0;3;3;6;2;2.0;2.0;1;0;1;0;2;3;3;4;18;1
132;2;1;0;2;0;2;4;1;5;2;9;2;2;0;0;0;3;6;2;2.0;1.0;1;3;2;3;3;6;3;4;0;0
132;2;0;0;2;0;1;3;1;1;2;1;0;2;0;0;0;3;6;2;2.0;1.0;5;1;1;4;2;1;3;4;18;0
700;4;1;0;2;0;1;11;1;5;2;12;5;2;4;0;0;2;6;2;1.0;1.0;5;2;1;4;2;3;3;4;16;0
550;6;4;0;2;0;2;3;1;5;2;8;0;2;4;0;0;2;3;2;2.0;1.0;1;0;0;1;2;3;3;6;1;0
550;6;0;0;2;2;3;3;1;5;2;12;0;2;4;0;0;2;3;6;2.0;1.0;2;1;0;0;2;6;3;4;13;0
323;0;1;0;1;0;3;3;1;5;2;8;0;2;6;0;3;3;6;6;1.0;1.0;1;3;2;3;3;3;3;4;6;1
218;6;1;0;2;0;2;14;1;5;2;8;4;2;5;0;3;3;6;2;4.0;1.0;1;3;2;3;3;3;3;4;1;1
218;6;1;0;2;0;3;6;1;5;2;8;0;2;5;0;3;3;6;2;4.0;1.0;1;1;0;2;2;3;3;4;17;1
218;6;1;0;2;0;1;6;1;5;2;12;0;2;5;0;3;3;6;2;4.0;1.0;1;3;2;3;3;1;3;4;18;1
218;6;1;0;2;0;1;15;3;5;2;12;3;2;5;0;3;3;6;2;4.0;1.0;9;1;0;1;2;3;3;4;18;1
278;1;2;0;2;0;2;15;1;5;2;8;1;2;6;0;3;3;6;2;1.0;1.0;1;1;0;0;1;3;3;4;3;1
587;4;1;0;3;0;2;4;1;5;2;9;5;2;4;0;0;2;3;2;1.0;2.0;1;3;2;3;3;3;3;4;18;0
587;4;1;0;2;2;2;3;3;1;2;1;0;2;4;0;0;2;3;2;1.0;2.0;1;0;0;0;2;3;3;6;8;0
474;6;0;0;2;0;2;3;1;0;2;12;5;2;4;0;0;2;3;2;2.0;1.0;1;1;1;0;2;3;3;4;13;1
474;6;0;0;2;2;2;3;1;4;2;9;5;2;4;0;0;2;3;2;2.0;1.0;1;2;0;2;2;3;3;4;17;1
218;5;3;0;5;0;1;14;1;5;2;12;5;2;4;0;3;3;6;2;1.0;1.0;9;3;2;3;3;3;3;4;1;1
292;5;3;0;2;0;2;14;1;5;2;12;5;2;4;0;3;3;6;1;2.0;1.0;1;1;0;0;2;3;3;4;1;1
292;5;1;0;2;0;3;3;1;2;2;12;4;2;4;0;3;3;6;2;2.0;1.0;1;3;2;3;3;3;3;4;19;1
429;2;3;0;2;0;0;11;1;5;2;12;2;2;6;0;0;3;3;6;1.0;2.0;9;1;0;0;2;3;3;4;18;0
429;2;3;0;3;0;1;3;1;1;2;12;5;2;6;0;0;3;3;2;1.0;2.0;9;3;2;3;3;3;3;4;0;0
77;0;1;0;3;0;1;2;1;5;2;11;0;2;6;0;3;3;6;2;2.0;1.0;1;3;2;3;3;6;3;4;0;1
77;0;3;0;3;0;2;10;1;5;2;8;2;2;6;0;3;3;6;2;2.0;1.0;4;1;0;4;2;3;3;4;13;1
553;6;1;0;2;0;2;13;1;5;2;8;2;2;6;0;0;2;6;2;2.0;1.0;4;3;2;3;3;3;3;4;9;1
553;6;0;0;2;0;2;4;1;2;2;8;2;2;6;0;0;2;6;2;2.0;1.0;1;1;0;1;2;5;3;4;1;1
4;5;4;0;2;0;4;15;1;5;2;11;2;2;6;0;3;2;5;2;1.0;1.0;1;1;0;0;2;3;3;4;0;1
597;0;2;1;2;0;4;13;3;5;2;11;0;2;4;0;3;2;8;6;2.0;1.0;1;3;2;3;3;3;3;4;18;1
597;0;1;0;2;2;4;9;1;5;2;8;2;2;4;1;3;2;8;6;2.0;1.0;1;1;0;1;1;3;3;4;0;1
496;3;2;0;2;0;6;3;1;5;2;8;2;2;6;0;3;3;6;2;2.0;1.0;1;3;2;3;3;1;3;4;0;1
496;3;1;0;2;0;2;3;3;4;2;11;2;2;6;0;3;3;6;6;2.0;1.0;1;1;0;0;2;1;3;4;18;1
293;6;1;0;2;0;1;3;1;0;2;12;2;2;6;0;3;3;6;6;1.0;1.0;3;1;1;0;2;6;3;4;0;1
81;6;2;0;3;0;2;11;1;4;2;12;2;2;4;0;3;3;6;2;2.0;1.0;9;1;0;0;2;3;3;4;6;1
81;6;2;1;2;0;1;3;1;3;2;12;0;2;4;2;3;3;6;2;2.0;1.0;5;3;2;3;3;3;3;4;6;1
397;5;2;0;1;2;2;0;1;4;2;12;2;2;4;0;3;3;6;6;2.0;1.0;1;0;1;1;2;3;3;4;0;1
397;5;0;0;2;0;4;0;1;5;2;9;0;2;4;0;3;3;6;2;2.0;1.0;1;0;0;5;2;3;3;4;3;1
293;1;4;0;2;0;1;11;3;0;2;12;0;2;4;0;3;3;6;2;2.0;1.0;1;0;0;5;2;3;3;4;0;1
293;1;0;0;3;0;1;3;1;0;2;12;0;2;4;0;3;3;6;2;2.0;1.0;1;1;0;1;2;3;3;4;13;1
411;0;3;0;1;2;4;8;1;5;2;4;0;2;6;0;0;2;6;2;2.0;2.0;1;3;2;3;3;1;3;4;18;1
411;0;0;0;3;0;0;3;1;5;2;1;0;2;6;0;0;2;6;2;2.0;2.0;1;0;1;1;2;3;3;4;3;1
288;4;0;0;2;0;4;13;1;4;2;2;2;2;4;0;0;3;6;2;2.0;2.0;1;0;0;4;2;3;3;4;6;1
288;4;0;0;2;0;2;3;1;5;2;8;2;2;4;0;0;3;6;7;2.0;2.0;1;1;0;1;2;3;3;4;0;1
94;0;1;0;2;2;2;6;1;5;2;12;2;2;2;0;3;3;6;2;3.0;1.0;1;3;2;3;3;3;3;4;9;1
94;0;1;0;0;0;2;10;1;5;2;8;0;2;2;0;3;3;6;6;3.0;1.0;1;0;0;1;1;0;3;8;1;1
94;0;2;1;2;0;2;3;1;5;2;8;2;2;2;0;3;3;6;2;3.0;1.0;1;0;0;5;2;3;3;6;6;1
439;1;4;0;2;0;4;6;1;5;2;12;2;2;2;0;3;2;6;2;2.0;1.0;1;3;2;3;3;2;3;4;18;1
439;1;0;0;2;0;0;3;1;4;2;9;0;2;2;0;3;2;6;2;2.0;1.0;9;1;0;1;2;3;3;4;13;1
1034;5;1;0;2;0;1;13;1;4;2;8;5;3;4;0;3;3;6;2;2.0;1.0;1;3;2;3;3;6;3;4;17;1
1034;5;1;0;2;0;3;13;1;4;2;9;5;2;4;0;3;3;6;2;2.0;1.0;9;1;0;0;2;6;3;4;13;1
174;3;1;0;2;0;4;5;1;5;2;11;2;2;4;0;0;3;3;2;2.0;1.0;9;2;0;4;2;3;3;4;13;1
174;3;3;0;2;0;0;13;1;4;2;8;2;7;4;0;0;3;3;2;2.0;1.0;1;1;0;0;2;3;3;4;11;1
844;4;2;1;0;0;2;13;1;2;2;12;5;2;4;0;3;2;6;2;2.0;1.0;1;3;2;3;3;3;3;4;1;1
844;4;1;0;2;0;2;5;1;4;2;12;0;2;4;0;3;2;6;2;2.0;1.0;1;1;0;0;2;3;3;4;0;1
466;4;0;0;3;2;3;0;1;4;2;2;5;2;7;0;3;2;6;6;3.0;2.0;1;3;2;3;3;6;3;4;11;1
466;4;0;0;2;0;2;3;1;5;2;8;2;2;7;3;3;2;6;2;3.0;2.0;1;2;1;4;2;3;3;4;12;1
466;4;1;0;2;0;4;4;1;5;2;12;2;2;7;0;3;2;6;6;3.0;2.0;1;2;0;5;2;3;3;4;4;1
772;2;0;0;2;0;2;11;1;5;2;8;2;0;6;0;3;2;6;2;2.0;1.0;1;3;2;3;3;3;3;4;16;0
772;2;1;0;2;0;0;2;1;5;2;8;2;2;6;0;3;2;6;2;2.0;1.0;5;1;0;0;2;3;3;4;0;0
291;1;2;0;2;2;1;3;1;4;2;8;2;7;6;0;3;3;6;2;2.0;1.0;1;0;0;1;2;3;3;8;13;1
291;1;1;0;2;0;6;3;1;4;2;2;0;7;6;0;3;3;6;7;2.0;1.0;1;0;0;0;1;3;3;4;1;1
29;1;0;0;2;0;2;13;1;5;2;2;2;2;6;0;0;0;5;2;2.0;1.0;1;3;2;3;3;3;3;4;13;1
29;1;3;0;2;0;1;13;1;4;2;8;0;2;6;0;0;0;5;2;2.0;1.0;5;2;0;1;2;1;3;4;0;1
319;3;0;0;3;0;2;13;1;1;2;12;5;2;6;0;3;3;6;2;2.0;1.0;9;1;0;0;2;3;3;4;17;0
319;3;1;0;0;2;2;4;1;4;2;2;2;5;6;0;3;3;6;2;2.0;1.0;1;3;2;3;3;3;3;4;13;0
813;4;0;0;2;0;1;4;3;0;2;12;3;2;6;0;3;2;6;2;2.0;1.0;1;0;0;0;2;3;3;8;19;1
813;4;0;0;2;0;1;3;3;4;2;12;3;2;6;0;3;2;6;2;2.0;1.0;9;3;2;3;3;3;3;4;11;1
430;5;4;0;2;0;3;3;1;4;2;0;5;8;6;0;3;3;6;2;1.0;1.0;1;3;2;3;3;1;3;4;5;0
635;1;3;0;1;0;0;3;1;4;2;9;2;2;4;0;0;2;6;0;2.0;2.0;1;1;0;0;2;6;3;4;1;1
635;1;0;0;0;0;0;3;1;2;2;8;0;2;4;0;0;2;6;2;2.0;2.0;1;3;2;3;3;3;3;4;16;1
358;6;3;0;2;0;4;3;1;5;2;1;5;2;4;0;3;3;6;6;1.0;1.0;9;3;2;3;3;2;3;4;0;1
416;3;2;0;1;0;0;13;3;5;2;8;5;0;6;0;3;3;6;7;2.0;1.0;1;1;0;0;2;1;3;4;18;1
416;3;0;0;2;0;1;3;1;2;2;4;5;2;6;0;3;3;6;2;2.0;1.0;1;1;0;1;2;3;3;4;17;1
1023;0;1;0;0;1;1;6;1;5;2;12;2;2;5;0;3;3;6;2;1.0;1.0;9;0;1;1;2;1;3;8;18;0
961;1;1;0;1;0;4;3;1;5;2;9;0;2;6;0;3;3;6;2;2.0;1.0;9;0;0;0;2;3;3;4;16;1
961;1;1;0;3;0;2;0;3;4;2;9;5;2;6;0;3;3;6;2;2.0;1.0;1;1;1;0;2;1;3;4;4;1
1012;6;2;0;1;0;0;13;1;0;2;4;5;2;6;0;3;3;6;2;1.0;1.0;1;3;2;3;3;3;3;4;6;1
486;0;4;0;1;0;2;3;1;1;2;9;0;2;6;0;3;3;6;2;2.0;1.0;1;0;0;5;2;3;3;6;1;1
486;0;1;0;1;0;1;15;1;5;2;9;5;2;6;0;3;3;6;2;2.0;1.0;1;0;0;1;2;3;3;4;6;1
67;4;2;0;2;0;0;6;1;5;2;8;0;2;4;0;3;3;6;6;2.0;1.0;1;0;0;1;2;6;3;3;1;1
67;4;3;0;0;0;4;6;1;1;2;8;3;4;4;0;3;3;6;0;2.0;1.0;1;0;1;4;2;3;3;2;16;1
767;2;2;1;0;0;1;3;1;4;2;8;5;2;6;0;3;2;6;2;2.0;1.0;1;2;1;1;2;3;3;4;18;1
767;2;4;2;3;0;2;14;1;0;2;8;0;4;6;0;3;2;6;7;2.0;1.0;1;1;0;0;2;0;3;4;0;1
228;3;1;0;3;0;0;13;1;5;2;8;4;2;6;0;3;3;6;2;4.0;2.0;1;3;2;3;3;3;3;4;0;1
228;3;4;0;2;0;2;15;1;5;2;8;0;2;6;0;3;3;6;2;4.0;2.0;1;1;0;1;2;1;3;4;9;1
228;3;3;0;2;0;2;13;1;5;2;8;5;2;6;0;3;3;6;7;4.0;2.0;5;3;2;3;3;3;3;4;18;1
228;3;2;2;3;0;2;5;1;4;2;9;5;2;6;0;3;3;6;7;4.0;2.0;1;1;0;0;2;3;3;4;0;1
576;1;2;0;2;0;1;3;1;2;2;9;4;2;0;0;3;3;6;2;2.0;1.0;2;3;2;3;3;3;3;4;1;1
576;1;4;0;2;0;2;12;1;5;2;12;4;2;0;0;3;3;6;2;2.0;1.0;1;1;0;0;2;3;3;4;19;1
895;0;3;0;1;0;1;3;1;2;2;2;0;2;0;0;3;3;6;2;2.0;1.0;2;3;2;3;3;3;3;4;4;1
895;0;1;0;2;0;0;3;1;5;2;1;5;2;0;0;3;3;6;2;2.0;1.0;1;1;0;1;2;3;3;4;4;1
494;1;1;0;2;0;0;3;1;5;2;4;0;2;6;0;3;2;6;2;2.0;2.0;2;3;2;3;3;3;3;4;18;1
494;1;0;0;2;0;2;13;1;5;2;9;5;2;6;0;3;2;6;6;2.0;2.0;1;1;0;1;2;3;3;4;16;1
416;4;3;0;5;0;6;3;1;4;2;9;5;1;6;0;3;3;8;2;1.0;1.0;1;3;2;3;3;3;3;4;11;1
90;2;2;0;2;0;2;3;1;1;2;8;3;2;6;0;3;3;6;2;2.0;3.0;2;0;1;1;2;3;3;3;17;1
90;2;0;0;2;0;0;13;1;1;2;0;0;2;6;0;3;3;6;2;2.0;3.0;5;3;2;3;3;3;3;4;18;1
90;2;0;0;2;0;1;3;1;5;2;13;5;2;6;0;3;3;6;2;2.0;3.0;1;1;0;0;2;3;3;4;0;1
90;2;0;0;2;0;4;3;1;5;2;4;5;2;6;0;3;3;6;2;2.0;3.0;1;2;1;4;2;3;3;4;6;1
437;1;0;0;2;2;2;3;1;5;2;9;1;2;4;0;3;3;6;2;4.0;2.0;1;2;1;5;2;3;3;4;0;1
437;1;1;0;1;0;0;12;3;3;2;9;0;2;4;0;3;3;6;2;4.0;2.0;9;1;0;0;2;3;3;4;11;1
437;1;3;0;2;0;4;3;1;2;2;12;0;2;4;0;3;3;6;2;4.0;2.0;1;3;2;3;3;3;3;4;4;1
437;1;0;0;2;0;0;3;3;5;2;9;5;2;4;0;3;3;6;2;4.0;2.0;1;1;0;0;2;3;3;4;7;1
719;0;2;1;2;0;1;3;1;0;2;6;0;6;6;0;3;2;6;2;1.0;1.0;1;2;1;1;2;3;3;4;9;1
1007;5;2;0;2;0;4;4;1;1;2;6;0;6;4;0;3;3;6;2;1.0;1.0;1;0;1;1;2;3;3;4;15;1
1057;1;1;0;2;0;1;3;1;5;2;8;3;2;5;0;3;3;6;2;2.0;2.0;5;1;0;0;2;3;3;4;0;1
1057;1;2;0;3;0;2;3;1;1;2;9;0;6;5;0;3;3;6;2;2.0;2.0;1;0;1;5;2;3;3;4;18;1
1057;1;2;0;2;0;2;5;1;5;2;9;5;2;5;0;3;3;6;2;2.0;2.0;1;2;0;4;2;3;3;4;4;1
1022;0;2;1;3;0;0;6;1;5;1;5;5;2;4;0;3;3;6;2;1.0;1.0;4;2;1;4;2;3;3;4;16;1
445;3;1;0;3;0;2;15;1;4;2;9;5;2;0;0;3;3;6;6;1.0;1.0;1;1;0;0;2;3;3;4;1;1
1011;3;4;0;3;0;2;11;1;2;0;2;5;2;6;0;0;3;6;2;2.0;1.0;9;2;0;0;2;6;3;4;17;1
1011;3;0;0;2;0;0;7;1;5;2;8;0;2;6;0;0;3;6;2;2.0;1.0;9;3;2;3;3;3;3;4;11;1
406;4;2;0;2;0;2;11;1;5;2;8;2;3;6;0;3;3;6;2;2.0;1.0;1;1;0;0;2;3;3;4;6;1
406;4;4;0;2;0;2;3;3;5;2;8;2;4;6;0;3;3;6;2;2.0;1.0;5;3;2;3;3;6;3;4;16;1
653;2;2;0;2;0;1;3;1;1;2;12;0;3;4;0;3;3;6;7;2.0;1.0;1;3;2;3;3;3;3;4;17;1
653;2;0;0;2;0;0;2;1;1;2;12;0;2;4;0;3;3;6;2;2.0;1.0;1;1;0;1;2;3;3;4;0;1
63;6;0;0;2;0;2;12;1;5;2;9;2;2;6;0;3;3;6;2;1.0;1.0;1;1;0;0;2;1;3;4;6;0
576;5;2;0;2;0;3;3;1;5;2;12;2;2;6;0;0;1;0;2;1.0;1.0;1;3;2;3;3;3;3;4;0;1
1022;5;0;0;2;0;2;11;1;3;2;12;0;0;4;0;0;3;6;2;3.0;1.0;1;1;0;0;2;6;3;4;0;1
1022;5;3;0;2;2;2;3;1;2;2;12;2;2;4;0;0;3;6;2;3.0;1.0;1;3;2;3;3;3;3;4;1;1
1022;5;0;0;2;2;2;5;3;2;2;12;0;2;4;0;0;3;6;2;3.0;1.0;1;1;0;0;2;3;3;4;3;1
474;2;0;0;2;0;2;3;1;1;2;12;3;0;4;0;3;3;6;2;2.0;1.0;1;3;2;3;3;3;3;4;6;1
474;2;4;0;1;0;1;3;1;5;2;12;2;2;4;0;3;3;6;2;2.0;1.0;5;1;0;0;2;3;3;4;18;1
813;2;0;0;0;0;2;13;1;1;2;2;2;2;6;0;0;2;6;7;1.0;2.0;1;3;2;3;3;3;3;4;6;0
813;2;0;0;2;0;4;3;1;2;2;12;0;2;6;0;0;2;6;2;1.0;2.0;8;1;0;1;2;3;3;4;1;0
144;6;3;0;2;0;3;0;2;1;2;4;2;2;5;0;0;3;0;2;2.0;1.0;1;0;0;1;2;3;3;4;16;1
144;6;1;0;3;0;2;3;1;5;2;9;3;2;5;0;0;3;0;2;2.0;1.0;1;1;0;1;2;3;3;4;0;1
150;4;0;0;3;0;1;5;3;4;2;12;2;2;6;0;3;3;6;2;2.0;3.0;1;0;1;4;2;3;3;4;18;0
150;4;1;0;2;0;1;5;1;5;2;8;2;2;6;0;3;3;6;6;2.0;3.0;11;1;1;0;2;3;3;4;13;0
150;4;1;0;2;0;0;3;1;5;2;4;6;2;6;0;3;3;6;2;2.0;3.0;1;3;2;3;3;3;3;4;13;0
904;5;2;1;2;0;1;3;1;0;2;4;3;2;6;0;3;3;6;2;2.0;1.0;1;1;0;1;2;3;3;4;18;1
904;5;0;0;2;0;1;3;1;5;2;12;2;2;6;0;3;3;6;2;2.0;1.0;1;3;2;3;3;3;3;4;18;1
346;0;0;0;2;0;4;13;2;4;2;3;2;2;6;0;3;3;6;2;2.0;1.0;1;1;0;0;2;3;3;4;18;1
346;0;3;0;1;0;3;5;1;5;2;8;4;2;6;0;3;3;6;2;2.0;1.0;4;3;2;3;3;3;3;4;17;1
892;0;3;0;2;0;1;15;1;1;2;2;0;2;6;0;0;2;6;2;2.0;1.0;1;3;2;3;3;3;3;4;6;1
892;0;1;0;1;0;4;3;2;2;2;3;0;3;6;0;0;2;6;2;2.0;1.0;1;1;0;5;2;3;3;4;0;1
984;5;4;0;2;0;4;3;1;4;2;8;5;2;4;0;0;3;3;6;3.0;1.0;9;1;0;0;2;3;3;4;1;1
984;5;0;0;1;0;2;3;1;1;2;12;2;4;4;0;0;3;3;2;3.0;1.0;1;1;0;0;2;3;3;4;6;1
984;5;0;0;2;0;4;1;1;0;2;8;0;2;4;0;0;3;3;2;3.0;1.0;9;1;1;1;1;3;3;4;6;1
222;2;2;1;2;0;0;5;1;1;2;8;2;3;4;0;3;3;8;2;1.0;1.0;1;1;0;1;2;3;3;4;18;1
1048;1;2;1;2;0;1;15;1;5;2;12;3;8;6;0;3;3;6;2;2.0;1.0;1;3;2;3;3;3;3;4;4;1
1048;1;1;0;3;0;1;3;1;0;2;8;0;0;6;0;3;3;6;0;2.0;1.0;1;1;0;0;2;3;3;4;0;1
377;6;0;0;3;1;2;3;1;5;2;9;0;2;6;0;0;3;6;2;2.0;3.0;1;1;0;5;2;3;3;4;0;0
377;6;0;0;2;0;2;3;1;5;2;12;2;2;6;0;0;3;6;2;2.0;3.0;11;3;2;3;3;2;3;4;18;0
377;6;1;0;1;2;2;15;1;1;2;8;3;2;6;0;0;3;6;6;2.0;3.0;1;3;2;3;3;3;3;4;18;0
446;1;1;0;2;0;4;13;1;2;2;8;0;3;4;0;3;3;6;2;1.0;1.0;1;1;0;0;2;3;3;4;3;0
894;0;1;0;2;0;3;4;1;5;2;8;5;2;6;0;0;2;6;2;3.0;1.0;1;1;0;1;2;3;3;4;9;1
894;0;3;0;2;1;3;15;1;2;2;12;2;0;6;3;0;2;6;2;3.0;1.0;1;0;1;0;2;3;3;4;16;1
894;0;1;0;2;0;4;11;1;5;2;2;0;2;6;0;0;2;6;6;3.0;1.0;1;3;2;3;3;3;3;4;17;1
894;0;0;0;1;2;2;2;1;5;2;4;0;2;6;0;0;2;6;6;3.0;1.0;1;1;0;1;2;3;3;4;16;1
894;0;1;0;3;2;2;2;1;0;2;8;3;2;6;0;0;2;6;2;3.0;1.0;0;0;1;5;2;3;3;4;4;1
1007;1;2;1;2;0;1;15;1;5;2;2;0;2;6;0;0;3;3;2;2.0;1.0;4;1;1;4;2;3;3;4;4;1
1007;1;1;0;2;0;1;3;1;5;2;8;0;2;6;0;0;3;3;6;2.0;1.0;3;3;2;3;3;3;3;4;13;1
622;4;1;0;0;0;2;3;1;5;2;8;5;2;4;0;3;2;6;6;2.0;2.0;9;0;1;4;2;3;3;6;18;1
622;4;1;0;2;2;1;13;1;5;2;9;2;2;4;0;3;2;6;2;2.0;2.0;9;0;1;5;2;3;3;4;13;1
39;4;0;0;2;0;2;2;1;2;2;8;2;2;6;0;3;3;6;2;1.0;1.0;1;1;1;0;2;3;3;4;16;1
138;4;0;0;2;0;0;3;3;5;2;2;3;2;4;0;3;3;6;2;2.0;2.0;0;1;0;1;2;3;3;4;16;1
138;4;3;0;3;0;4;2;1;1;2;9;3;2;4;0;3;3;6;7;2.0;2.0;1;3;2;3;3;3;3;4;0;1
358;6;0;0;2;0;1;3;1;5;2;8;2;0;6;0;3;3;6;2;2.0;1.0;9;1;0;0;1;3;3;4;17;1
358;6;4;0;2;0;1;14;1;2;2;8;2;0;6;0;3;3;6;2;2.0;1.0;3;1;1;0;2;0;3;4;16;1
391;6;1;0;2;0;1;5;1;1;2;9;2;2;2;0;3;3;6;2;2.0;1.0;1;2;1;1;2;3;3;4;1;1
391;6;2;0;2;0;1;5;1;2;2;2;5;2;2;0;3;3;6;2;2.0;1.0;1;3;2;3;3;6;3;4;2;1
548;2;4;0;3;0;1;2;1;5;2;12;2;2;6;0;0;3;6;6;2.0;2.0;4;1;0;4;2;3;3;4;7;1
548;2;1;0;2;0;1;2;1;5;2;8;2;2;6;0;0;3;6;2;2.0;2.0;9;3;2;3;3;3;3;4;6;1
548;2;1;0;3;0;2;2;1;5;2;12;2;2;6;0;0;3;6;2;2.0;2.0;1;1;0;0;2;3;3;4;7;1
990;5;0;0;3;0;1;5;1;5;2;12;2;2;6;0;3;3;6;2;2.0;1.0;9;1;0;1;2;3;3;4;6;1
990;5;4;0;2;0;4;13;1;5;2;12;2;2;6;0;3;3;6;2;2.0;1.0;1;3;2;3;3;3;3;4;17;1
670;4;2;0;2;0;4;2;3;1;2;9;2;2;6;0;3;2;8;6;2.0;2.0;1;1;0;0;2;3;3;4;6;1
670;4;1;0;1;0;4;5;1;3;2;2;0;2;6;0;3;2;8;2;2.0;2.0;1;1;0;0;2;3;3;4;0;1
670;4;1;0;2;0;2;2;1;5;2;12;0;2;6;0;3;2;8;6;2.0;2.0;1;1;0;1;1;3;3;4;13;1
174;0;4;0;2;2;1;15;1;5;2;12;4;2;6;0;3;3;6;2;2.0;1.0;1;1;0;0;2;3;3;4;6;0
174;0;3;0;3;0;0;2;1;5;2;9;2;2;6;0;3;3;6;0;2.0;1.0;1;3;2;3;3;3;3;4;0;0
196;3;1;0;2;0;1;2;1;5;2;8;4;2;1;0;3;3;6;2;2.0;2.0;1;1;0;1;2;3;3;4;6;1
196;3;4;0;2;0;2;2;1;5;2;4;2;2;1;0;3;3;6;2;2.0;2.0;1;1;0;0;2;3;3;4;6;1
196;3;4;0;2;0;2;4;3;5;2;9;3;2;1;0;3;3;6;2;2.0;2.0;1;0;0;5;2;3;3;4;6;1
90;4;2;0;3;2;2;3;1;5;2;8;6;2;6;0;3;3;6;2;2.0;1.0;1;3;2;3;3;0;3;4;0;1
90;4;0;0;1;1;4;2;1;1;2;12;2;2;6;0;3;3;6;2;2.0;1.0;1;2;1;4;2;3;3;4;0;1
528;0;2;0;2;0;4;13;1;5;2;2;5;2;6;0;0;3;6;7;2.0;1.0;5;3;2;3;3;3;3;4;6;1
528;0;1;0;2;0;0;6;1;4;2;4;2;2;6;0;0;3;6;0;2.0;1.0;5;1;0;5;2;3;3;4;11;1
484;6;0;0;1;2;2;3;1;5;2;1;4;2;6;0;3;3;6;2;3.0;3.0;1;3;2;3;3;6;3;4;0;1
484;6;4;0;2;0;1;4;1;5;2;0;0;2;6;0;3;3;6;0;3.0;3.0;1;1;0;1;2;3;3;4;18;1
484;6;4;0;2;0;2;13;1;5;2;12;2;2;6;0;3;3;6;2;3.0;3.0;3;2;1;2;2;6;3;4;4;1
484;6;1;0;2;0;1;5;1;5;2;12;2;2;6;0;3;3;6;2;3.0;3.0;1;2;0;2;2;3;3;4;0;1
953;0;4;0;2;0;4;2;1;5;2;4;2;2;4;0;3;3;6;2;2.0;1.0;1;3;2;3;3;6;3;4;0;1
953;0;3;0;3;0;2;13;3;1;2;12;2;2;4;0;3;3;6;8;2.0;1.0;1;1;0;0;2;3;3;4;11;1
444;6;2;1;2;0;2;4;3;5;2;8;5;2;2;0;3;3;6;2;2.0;1.0;1;3;2;3;3;3;3;4;4;1
444;6;0;0;0;0;0;2;1;5;2;12;5;2;2;0;3;3;6;6;2.0;1.0;1;1;1;0;2;6;3;4;7;1
363;4;1;0;3;0;4;13;1;5;2;8;2;2;4;0;3;3;6;2;2.0;1.0;3;3;2;3;3;0;3;4;11;1
363;4;1;0;3;0;2;7;1;5;2;8;0;2;4;0;3;3;6;2;2.0;1.0;1;3;2;3;3;1;3;4;16;1
291;6;1;0;3;0;1;3;2;5;2;12;5;2;4;0;3;3;6;2;1.0;1.0;1;1;0;0;2;0;3;4;13;1
416;6;2;0;3;0;1;3;3;1;2;12;5;2;6;0;0;3;3;7;2.0;1.0;5;0;0;4;2;3;3;4;4;1
416;6;0;0;2;0;2;11;1;5;2;12;0;2;6;0;0;3;3;2;2.0;1.0;1;1;0;4;2;0;3;4;16;1
992;3;2;0;2;0;0;2;1;4;2;12;5;2;6;0;3;3;6;2;2.0;1.0;1;2;1;4;2;3;3;4;17;1
992;3;0;0;2;0;2;13;1;5;2;9;0;2;6;0;3;3;6;2;2.0;1.0;1;3;2;3;3;0;3;4;0;1
967;0;3;0;2;0;2;13;1;1;2;2;0;2;4;0;3;3;6;0;1.0;1.0;1;1;0;0;2;0;3;4;0;1
164;0;3;0;0;0;2;14;1;1;2;8;3;2;6;0;3;3;6;6;1.0;1.0;1;3;2;3;3;0;3;4;0;1
63;2;0;0;2;0;4;11;1;1;2;2;5;2;4;0;0;3;3;2;2.0;1.0;2;1;0;0;2;3;3;4;7;0
63;2;1;0;3;0;1;5;1;1;2;12;2;2;4;0;0;3;3;2;2.0;1.0;5;1;0;4;1;3;3;4;1;0
998;0;0;0;2;0;2;3;1;5;2;12;5;2;6;0;3;3;6;6;3.0;1.0;1;3;2;3;3;2;3;4;13;1
998;0;4;0;2;0;2;5;1;0;2;11;5;8;6;0;3;3;6;2;3.0;1.0;1;1;0;1;2;3;3;4;9;1
998;0;1;0;2;0;2;13;1;2;2;8;2;0;6;0;3;3;6;2;3.0;1.0;1;3;2;3;3;6;3;4;13;1
469;1;0;0;2;0;2;3;1;3;2;12;5;8;6;0;0;3;3;2;1.0;1.0;1;1;0;2;2;3;3;4;18;0
847;6;1;0;2;0;2;13;1;5;2;8;0;2;4;0;0;2;6;0;2.0;1.0;1;3;2;3;3;3;3;4;4;1
847;6;1;0;2;0;0;13;1;5;2;12;0;2;4;0;0;2;6;0;2.0;1.0;1;1;0;5;2;3;3;4;16;1
1003;0;0;0;0;2;2;4;1;1;2;12;2;2;6;0;0;3;3;7;1.0;1.0;1;3;2;3;3;3;3;4;0;1
891;0;2;0;2;0;1;2;1;5;2;8;0;2;4;0;0;3;3;2;2.0;1.0;1;1;0;0;2;3;3;4;4;1
891;0;1;0;2;2;2;3;1;5;2;12;3;2;4;0;0;3;3;2;2.0;1.0;1;1;0;0;2;3;3;4;18;1
245;2;0;0;1;0;1;3;1;5;2;2;5;2;6;0;3;3;6;2;2.0;1.0;9;0;0;0;1;3;3;4;6;1
245;2;1;0;2;0;4;15;1;5;2;8;2;2;6;0;3;3;6;7;2.0;1.0;9;0;1;5;1;3;3;4;18;1
113;5;0;0;2;0;3;1;1;4;2;8;2;2;6;0;3;3;6;7;2.0;2.0;4;0;1;0;2;6;3;6;13;1
113;5;2;0;2;0;3;3;1;1;2;12;0;3;6;0;3;3;6;2;2.0;2.0;5;3;2;3;3;6;3;4;18;1
346;3;2;0;2;2;2;13;1;1;2;9;0;2;6;0;3;3;6;2;1.0;1.0;5;1;0;5;2;6;3;4;13;1
776;4;0;0;2;0;1;15;1;5;2;9;0;2;6;0;3;2;6;2;1.0;1.0;1;0;1;5;2;3;3;4;17;1
416;4;2;0;2;0;2;15;1;2;1;12;2;2;5;0;3;3;6;6;3.0;2.0;1;0;0;2;2;1;3;8;1;1
416;4;0;0;3;0;5;3;1;5;1;12;5;2;5;0;3;3;6;2;3.0;2.0;5;0;1;1;2;3;3;4;18;1
416;4;0;0;2;0;4;3;1;5;2;8;2;8;5;0;3;3;6;6;3.0;2.0;5;1;0;0;2;6;3;4;4;1
416;4;2;0;2;2;4;3;3;5;2;11;3;2;5;0;3;3;6;2;3.0;2.0;1;3;2;3;3;1;3;4;18;1
250;4;2;0;2;0;4;6;1;5;2;12;2;8;4;0;3;3;6;2;1.0;1.0;2;1;0;0;2;3;3;4;17;1
347;4;1;0;2;0;4;5;1;2;2;12;2;1;6;0;3;3;6;6;1.0;1.0;5;3;2;3;3;3;3;4;13;1
572;0;3;0;2;2;2;2;3;5;2;2;2;2;0;0;3;3;6;2;2.0;1.0;4;1;0;0;2;3;3;4;17;1
572;0;1;0;2;0;3;3;1;5;2;8;2;0;0;0;3;3;6;2;2.0;1.0;1;1;0;0;2;3;3;4;18;1
965;6;0;0;2;0;1;3;1;5;2;12;2;0;4;0;3;3;6;6;2.0;1.0;1;3;2;3;3;3;3;4;17;1
965;6;1;0;2;0;2;6;3;5;2;9;3;2;4;0;3;3;6;6;2.0;1.0;1;1;0;0;2;3;3;4;6;1
441;3;1;0;0;0;0;6;1;5;2;8;2;2;6;0;3;3;6;2;2.0;1.0;1;3;2;3;3;3;3;4;19;1
441;3;0;0;2;0;0;3;1;5;2;8;0;2;6;0;3;3;6;2;2.0;1.0;1;1;1;4;2;3;3;4;6;1
179;4;1;0;2;0;0;2;1;3;2;8;2;2;4;0;3;3;6;2;2.0;1.0;1;3;2;3;3;6;3;4;1;1
179;4;0;0;4;0;2;4;2;0;2;2;2;2;4;0;3;3;6;2;2.0;1.0;1;1;0;1;2;6;3;4;16;1
955;3;0;0;2;0;4;13;1;5;2;8;2;2;2;0;3;3;6;2;3.0;2.0;1;2;0;1;2;3;3;4;0;0
955;3;1;0;2;0;4;3;1;0;2;8;2;0;2;0;3;3;6;2;3.0;2.0;1;3;2;3;3;3;3;4;0;0
955;3;4;0;2;0;2;3;1;5;2;8;2;0;2;0;3;3;6;2;3.0;2.0;5;1;1;0;2;3;3;4;18;0
980;6;2;0;2;0;2;13;1;5;2;4;0;0;5;0;3;3;6;2;2.0;1.0;2;3;2;3;3;6;3;4;2;1
980;6;1;0;3;0;2;2;1;5;2;12;2;2;5;0;3;3;6;2;2.0;1.0;1;1;0;1;2;3;3;4;18;1
244;5;2;1;2;0;4;4;1;5;2;12;5;2;6;0;3;3;6;2;1.0;1.0;5;2;1;1;2;3;3;4;18;1
692;0;0;0;2;0;0;11;1;2;2;2;5;2;6;0;3;2;6;2;1.0;3.0;5;3;2;3;3;3;3;4;18;1
692;0;0;0;1;0;3;2;1;2;2;2;0;2;6;0;3;2;6;6;1.0;3.0;5;1;0;5;2;3;3;4;1;1
692;0;0;0;3;0;4;4;1;5;2;12;2;2;6;0;3;2;6;2;1.0;3.0;0;3;2;3;3;3;3;4;16;1
297;0;0;0;1;2;0;11;1;5;2;12;4;2;4;0;3;3;6;7;2.0;1.0;5;1;1;4;2;3;3;4;9;1
297;0;2;0;2;0;1;13;3;1;2;1;2;2;4;0;3;3;6;2;2.0;1.0;5;1;1;1;2;6;3;4;11;1
268;2;0;0;2;0;2;3;1;1;2;12;0;2;5;0;3;3;6;6;2.0;1.0;5;1;0;1;2;3;3;4;4;1
268;2;0;0;1;2;1;3;1;2;2;8;0;2;5;0;3;3;6;2;2.0;1.0;1;3;2;3;3;3;3;4;1;1
330;1;1;0;1;0;4;3;1;2;2;2;2;2;6;0;3;3;6;2;1.0;1.0;1;3;2;3;3;3;3;4;17;0
237;1;3;0;2;0;0;3;1;1;2;8;2;2;4;0;3;3;6;2;2.0;3.0;1;1;1;0;1;3;3;4;1;0
237;1;3;0;3;0;0;16;1;5;2;8;0;3;4;0;3;3;6;2;2.0;3.0;1;1;1;0;2;3;3;4;18;0
237;1;3;0;1;0;0;3;1;1;2;12;0;2;4;0;3;3;6;2;2.0;3.0;1;3;2;3;3;3;3;4;13;0
240;6;2;0;0;0;2;11;3;5;2;9;2;2;6;0;3;3;6;0;2.0;1.0;1;1;1;0;2;3;3;4;1;1
240;6;4;0;2;0;2;3;1;1;2;8;2;0;6;0;3;3;6;6;2.0;1.0;1;3;2;3;3;6;3;4;4;1
329;6;1;0;2;0;2;3;1;1;2;9;5;2;6;0;0;3;6;2;1.0;1.0;1;3;2;3;3;6;3;4;18;0
991;1;1;0;3;2;2;3;1;5;2;9;2;2;6;2;3;3;6;6;2.0;1.0;1;1;0;1;2;3;3;4;13;0
991;1;3;0;3;0;2;4;1;5;2;12;3;2;6;0;3;3;6;2;2.0;1.0;1;3;2;3;3;3;3;4;18;0
484;1;1;0;1;2;2;13;1;5;2;3;4;2;6;0;3;3;6;2;1.0;1.0;1;1;1;0;2;3;3;4;1;1
859;3;4;0;2;0;2;13;3;5;2;12;0;2;4;0;3;3;6;2;2.0;4.0;2;1;0;1;2;3;3;4;1;1
859;3;4;0;2;2;0;3;1;5;2;12;0;2;4;0;3;3;6;2;2.0;4.0;1;3;2;3;3;3;3;4;17;1
859;3;4;0;2;0;1;13;1;5;2;1;4;0;4;0;3;3;6;2;2.0;4.0;5;1;0;0;2;3;3;4;1;1
859;3;0;0;2;2;2;13;1;5;2;12;0;2;4;0;3;3;6;6;2.0;4.0;1;3;2;3;3;6;3;4;6;1
1006;5;0;0;2;2;4;13;1;5;2;12;0;2;6;0;0;3;1;2;2.0;1.0;3;1;1;0;2;6;3;4;6;1
1006;5;2;1;1;0;2;13;1;5;2;12;0;2;6;0;0;3;1;6;2.0;1.0;1;3;2;3;3;6;3;4;17;1
446;5;0;0;1;2;1;3;1;3;2;8;2;2;4;0;3;3;6;2;1.0;1.0;1;1;0;1;2;3;3;4;19;1
581;1;2;0;2;0;2;3;1;1;2;12;2;0;6;1;3;2;6;2;2.0;1.0;1;3;2;3;3;6;3;4;18;1
581;1;0;0;3;0;1;3;1;5;2;9;2;2;6;0;3;2;6;2;2.0;1.0;1;1;0;1;2;6;3;4;1;1
39;5;4;0;3;0;2;6;1;2;2;12;0;2;6;0;3;3;6;2;2.0;1.0;4;3;2;3;3;3;1;4;16;1
39;5;2;0;2;0;0;3;1;5;2;12;0;2;6;0;3;3;6;2;2.0;1.0;6;3;2;3;3;3;3;4;18;1
260;6;0;0;2;0;2;6;1;5;2;2;0;2;6;0;0;3;6;2;1.0;1.0;6;1;1;0;2;6;3;4;17;0
710;2;4;0;2;0;2;6;1;0;0;8;0;2;0;0;3;2;6;2;2.0;1.0;6;1;0;0;2;6;3;4;17;1
710;2;4;0;3;0;4;3;1;4;2;11;5;2;0;0;3;2;6;2;2.0;1.0;6;3;2;3;3;3;3;4;16;1
750;1;2;1;3;0;3;15;1;1;2;12;0;2;6;0;3;2;6;2;2.0;4.0;5;1;1;1;2;3;3;4;6;1
750;1;0;0;2;0;1;3;1;0;2;8;0;2;6;0;3;2;6;2;2.0;4.0;6;3;2;3;3;3;3;4;0;1
750;1;0;0;3;2;0;13;1;0;2;9;5;8;6;0;3;2;6;2;2.0;4.0;4;1;0;0;2;3;3;4;1;1
750;1;0;0;2;2;2;2;1;0;2;4;4;2;6;0;3;2;6;0;2.0;4.0;6;2;0;0;2;3;3;4;13;1
750;1;0;0;2;0;1;4;1;1;2;12;0;2;6;0;3;2;6;6;2.0;4.0;6;3;2;3;3;2;3;4;6;1
975;5;2;0;2;0;1;15;1;0;2;9;0;2;6;0;3;3;6;2;3.0;1.0;6;3;2;3;3;0;3;4;7;1
975;5;0;0;1;0;1;9;1;0;2;1;2;2;6;0;3;3;6;2;3.0;1.0;6;1;0;0;2;3;3;4;7;1
975;5;2;0;2;0;4;4;1;5;1;8;5;2;6;0;3;3;6;6;3.0;1.0;6;1;0;5;2;1;3;4;17;1
648;6;1;0;2;0;1;15;1;5;2;5;2;2;5;0;0;0;3;2;2.0;1.0;5;1;0;1;2;3;3;4;1;1
648;6;1;0;2;0;0;15;1;0;2;5;2;2;5;0;0;0;3;2;2.0;1.0;1;2;1;5;2;3;3;4;0;1
297;1;1;0;2;0;1;3;1;0;2;5;0;2;5;0;3;3;6;2;2.0;1.0;1;2;1;0;2;3;3;4;6;1
297;1;4;0;2;0;2;3;3;3;2;5;0;2;5;0;3;3;6;0;2.0;1.0;5;1;0;0;2;0;3;4;18;1
396;5;0;0;2;0;0;2;1;5;2;5;5;8;4;0;3;3;1;0;1.0;2.0;1;1;0;1;2;3;3;4;19;1
396;5;0;0;3;0;0;2;1;5;2;11;5;8;4;0;3;3;1;7;1.0;2.0;1;1;0;0;2;3;3;4;10;1
466;6;1;0;2;0;1;3;1;4;2;5;2;2;6;0;0;3;6;2;2.0;1.0;1;1;0;5;2;3;3;4;0;1
466;6;4;0;2;0;4;12;1;5;2;5;0;2;6;0;0;3;6;2;2.0;1.0;1;3;2;3;3;6;3;4;6;1
540;5;0;0;2;0;3;2;1;5;2;5;2;4;6;0;3;3;6;2;1.0;1.0;1;1;0;5;1;3;3;4;13;1
46;1;0;0;2;0;4;12;1;1;2;5;2;3;4;0;3;3;6;7;2.0;1.0;2;3;2;3;3;1;3;4;2;1
46;1;1;0;3;2;2;15;1;1;2;8;0;3;4;0;3;3;6;7;2.0;1.0;9;0;1;1;2;3;3;4;0;1
87;2;0;0;3;0;4;3;1;1;2;5;0;3;6;0;3;3;6;2;1.0;1.0;8;3;2;3;3;3;3;4;6;0
207;2;2;0;2;0;0;2;1;5;2;5;0;3;6;0;3;3;6;2;1.0;1.0;1;1;0;0;2;6;3;4;16;1
319;0;2;0;2;0;2;3;1;1;2;5;0;2;6;0;3;3;6;2;2.0;1.0;1;0;1;4;2;6;3;6;13;0
319;0;4;0;1;2;2;3;1;5;2;8;0;2;6;0;3;3;6;6;2.0;1.0;1;3;2;3;3;6;3;4;1;0
307;3;4;0;3;0;1;3;1;5;2;1;0;2;4;0;0;3;3;2;1.0;1.0;1;1;0;1;2;3;2;4;3;0
332;1;2;0;2;0;2;3;1;4;2;8;0;2;4;0;3;3;6;6;2.0;1.0;1;3;2;3;3;3;0;4;18;0
332;1;0;0;2;0;2;13;1;1;2;12;2;0;4;0;3;3;6;2;2.0;1.0;1;1;0;1;2;3;3;4;6;0
767;2;3;0;1;2;0;2;1;4;2;9;2;2;5;0;3;2;6;2;3.0;1.0;1;0;1;4;2;6;3;8;18;1
767;2;3;0;2;0;0;4;1;4;2;9;5;2;5;0;3;2;6;6;3.0;1.0;1;1;0;0;2;3;3;4;1;1
767;2;2;0;2;0;0;4;1;5;2;9;0;2;5;0;3;2;6;2;3.0;1.0;1;3;2;3;3;3;3;4;17;1
406;6;2;0;2;0;4;3;1;4;2;12;0;2;4;0;0;3;3;2;2.0;1.0;1;2;0;1;2;3;3;4;18;1
406;6;4;0;2;0;0;14;1;5;2;8;2;2;4;0;0;3;3;6;2.0;1.0;1;1;0;0;2;3;3;4;18;1
427;4;1;0;1;2;4;3;1;5;2;12;2;2;4;0;3;3;6;6;2.0;1.0;5;3;2;3;3;3;3;4;1;1
427;4;1;0;2;0;4;6;1;4;2;12;5;2;4;0;3;3;6;2;2.0;1.0;1;3;2;3;3;3;3;4;18;1
469;3;4;0;2;0;0;13;1;2;2;8;2;2;6;0;3;3;6;2;2.0;1.0;9;1;0;1;2;3;3;4;1;1
469;3;1;0;2;0;0;6;1;3;2;2;5;2;6;0;3;3;6;2;2.0;1.0;5;3;2;3;3;0;3;4;18;1
758;0;0;0;1;0;1;2;1;5;2;12;2;2;5;0;3;2;6;2;2.0;3.0;1;1;0;1;2;3;3;4;18;1
758;0;0;0;2;0;1;13;1;5;2;12;4;2;5;0;3;2;6;2;2.0;3.0;1;1;0;0;1;3;3;4;18;1
758;0;0;0;2;0;0;13;1;5;2;8;3;2;5;0;3;2;6;2;2.0;3.0;1;3;2;3;3;6;3;4;1;1
639;0;2;1;3;0;2;14;1;5;2;8;4;0;4;0;3;3;6;2;2.0;1.0;1;2;1;0;2;6;3;4;0;1
639;0;1;0;2;0;2;4;1;5;2;8;0;2;4;0;3;3;6;2;2.0;1.0;1;3;2;3;3;3;3;4;13;1
201;1;1;0;2;0;0;4;1;5;2;8;3;2;6;0;0;3;3;2;1.0;1.0;1;1;1;0;2;6;3;4;0;1
970;3;2;0;3;1;2;13;1;5;2;12;2;2;2;0;3;3;6;2;3.0;1.0;1;3;2;3;3;3;3;4;18;1
970;3;1;0;2;0;1;13;1;3;2;8;0;2;2;0;3;3;6;2;3.0;1.0;1;1;0;1;2;6;3;4;11;1
970;3;2;0;3;0;2;3;1;5;2;12;2;2;2;0;3;3;6;2;3.0;1.0;1;1;0;5;2;3;3;4;4;1
200;0;4;0;2;0;4;2;1;5;2;12;3;2;0;0;3;3;6;2;2.0;1.0;5;3;2;3;3;6;3;4;4;1
200;0;0;0;2;0;4;3;3;5;2;12;2;2;0;0;3;3;6;2;2.0;1.0;2;1;0;5;2;6;3;4;0;1
341;1;1;0;3;2;1;2;1;5;2;8;2;2;6;0;0;3;3;2;2.0;2.0;5;3;2;3;3;6;3;4;17;1
341;1;1;0;3;0;2;3;1;5;2;8;2;2;6;0;0;3;3;2;2.0;2.0;5;0;0;5;2;3;3;4;16;1
341;1;1;0;2;2;0;4;1;5;2;8;2;2;6;0;0;3;3;2;2.0;2.0;2;1;0;1;2;0;3;4;1;1
375;1;2;1;3;0;4;3;3;5;2;8;2;2;6;0;3;3;8;2;2.0;1.0;1;3;2;3;3;3;3;4;1;1
375;1;2;0;2;0;2;5;1;1;2;2;0;2;6;0;3;3;8;6;2.0;1.0;1;3;2;3;3;3;3;4;11;1
332;1;3;0;2;0;1;3;3;5;2;8;2;2;4;0;3;3;6;2;2.0;1.0;1;1;0;0;2;3;3;4;18;1
332;1;0;0;3;0;4;2;3;5;2;9;2;2;4;0;3;3;6;7;2.0;1.0;1;0;0;5;2;3;3;4;16;1
710;4;2;0;2;0;1;5;1;5;2;11;2;2;6;0;0;2;3;2;3.0;1.0;4;0;0;1;2;6;3;0;0;1
710;4;0;0;3;0;4;11;1;5;2;8;0;2;6;0;0;2;3;6;3.0;1.0;1;1;0;0;2;3;3;4;1;1
710;4;2;0;2;0;4;13;1;2;2;12;0;2;6;0;0;2;3;2;3.0;1.0;1;3;2;3;3;3;3;4;18;1
710;4;2;0;2;0;1;13;1;5;2;12;3;2;6;0;0;2;3;2;3.0;1.0;1;3;2;3;3;3;3;4;6;1
710;4;2;0;2;0;4;13;3;5;2;12;3;2;6;0;0;2;3;2;3.0;1.0;1;1;0;0;2;3;3;4;17;1
709;4;0;0;2;0;4;3;1;2;2;12;2;2;5;1;0;2;3;2;2.0;3.0;1;3;2;3;3;3;3;4;6;1
709;4;1;0;2;0;3;13;1;5;2;8;3;0;5;0;0;2;3;2;2.0;3.0;9;1;0;0;2;6;3;4;13;1
709;4;1;0;2;2;4;3;1;5;2;8;2;2;5;0;0;2;3;0;2.0;3.0;1;3;2;3;3;3;3;4;18;1
155;0;1;0;1;1;4;5;1;5;2;8;2;0;6;0;3;3;6;6;2.0;1.0;1;1;0;0;2;3;3;4;18;1
155;0;1;0;2;0;2;3;1;5;2;8;2;0;6;0;3;3;6;2;2.0;1.0;4;1;0;0;1;6;3;4;18;1
260;6;3;0;3;0;2;11;1;5;2;8;4;2;4;2;0;3;3;2;2.0;1.0;1;2;1;4;2;6;3;4;1;1
260;6;1;0;2;0;2;3;1;5;2;8;2;2;4;0;0;3;3;6;2.0;1.0;1;1;0;1;2;3;3;4;1;1
426;2;2;0;2;0;2;13;1;5;2;8;2;2;6;0;0;3;6;2;2.0;2.0;1;3;2;3;3;6;3;4;13;1
426;2;4;0;2;2;3;2;1;2;2;12;0;2;6;0;0;3;6;2;2.0;2.0;1;1;0;1;2;3;3;4;0;1
426;2;4;0;2;0;2;4;1;5;2;12;2;2;6;0;0;3;6;2;2.0;2.0;1;3;2;3;3;3;3;4;16;1
190;3;2;0;3;0;1;3;1;1;2;9;2;2;4;0;3;3;6;2;2.0;1.0;1;3;2;3;3;3;3;4;13;1
190;3;1;0;2;2;1;13;1;5;2;12;2;2;4;0;3;3;6;2;2.0;1.0;9;1;0;5;2;6;3;4;6;1
956;0;0;0;3;0;1;3;1;2;2;12;2;2;6;0;3;3;6;2;2.0;1.0;1;0;1;4;2;3;3;8;6;1
956;0;1;0;2;2;1;6;3;5;2;12;2;2;6;0;3;3;6;7;2.0;1.0;1;2;1;1;2;0;3;4;10;1
965;5;3;0;2;0;4;3;1;2;2;12;0;2;0;0;3;3;6;2;2.0;1.0;1;3;2;3;3;3;3;4;17;1
965;5;2;1;2;0;1;13;1;5;2;4;0;2;0;3;3;3;6;6;2.0;1.0;1;1;1;1;2;3;3;4;16;1
1012;3;0;0;2;0;0;5;1;2;2;4;0;2;4;0;3;3;6;2;1.0;1.0;9;2;0;1;2;3;3;4;6;0
425;4;1;0;2;0;1;9;1;5;2;2;3;2;6;0;3;3;6;2;1.0;1.0;1;2;1;5;2;3;3;4;13;1
291;1;1;0;2;0;0;5;1;5;2;12;0;2;6;0;0;3;3;2;2.0;1.0;5;3;2;3;3;3;3;4;6;1
291;1;1;0;2;0;2;13;1;4;2;12;0;2;6;0;0;3;3;2;2.0;1.0;5;1;1;0;2;3;3;4;16;1
222;4;1;0;2;0;2;3;1;5;2;8;0;2;6;3;3;3;6;2;1.0;1.0;1;3;2;3;3;0;3;4;0;0
377;3;1;0;3;2;1;13;1;5;2;8;0;2;0;0;3;3;6;2;2.0;1.0;1;3;2;3;3;3;3;4;1;1
377;3;2;1;3;0;3;11;3;3;2;9;2;2;0;0;3;3;6;2;2.0;1.0;1;1;0;1;2;0;3;4;16;1
1055;0;2;1;2;0;2;4;1;5;2;4;0;2;4;3;3;3;6;2;2.0;1.0;1;3;2;3;3;6;3;4;6;1
1055;0;3;0;2;0;4;3;1;5;2;8;0;2;4;0;3;3;6;2;2.0;1.0;5;1;0;0;2;3;3;4;13;1
553;4;1;0;1;0;0;3;1;5;2;12;0;2;5;0;3;3;6;6;2.0;1.0;1;3;2;3;3;3;3;4;18;1
553;4;3;0;2;2;2;3;1;5;2;12;2;2;5;0;3;3;6;2;2.0;1.0;3;3;2;3;3;6;3;4;1;1
433;3;3;0;2;0;0;2;1;5;2;9;0;2;6;0;3;3;6;6;2.0;1.0;1;3;2;3;3;6;3;4;1;1
433;3;3;0;2;0;4;3;1;5;2;8;2;2;6;0;3;3;6;2;2.0;1.0;1;2;1;1;2;3;3;4;18;1
471;3;2;1;2;0;3;6;2;5;2;9;5;2;6;0;3;3;6;2;2.0;1.0;1;1;0;1;1;3;3;4;1;1
471;3;1;0;3;0;1;6;1;5;2;8;2;2;6;0;3;3;6;2;2.0;1.0;1;3;2;3;3;6;3;4;6;1
677;4;0;0;2;0;2;3;1;5;2;2;2;2;6;0;3;2;6;7;3.0;1.0;1;1;1;0;2;6;3;4;1;1
677;4;2;1;3;0;2;5;2;2;2;9;2;2;6;0;3;2;6;2;3.0;1.0;1;3;2;3;3;3;3;4;18;1
677;4;2;1;2;2;0;5;1;4;2;11;5;2;6;0;3;2;6;2;3.0;1.0;9;3;2;3;3;3;3;4;0;1
131;4;2;0;2;0;2;13;1;2;2;3;5;8;4;0;3;3;6;2;2.0;1.0;1;1;0;0;2;3;3;4;18;1
131;4;0;0;4;1;2;3;1;1;2;12;0;2;4;0;3;3;6;7;2.0;1.0;5;1;0;1;2;3;3;4;7;1
63;3;4;0;1;0;1;4;1;5;2;11;3;2;4;1;3;3;6;6;2.0;1.0;1;3;2;3;3;3;3;4;18;1
63;3;1;0;2;0;0;4;1;4;2;12;5;2;4;0;3;3;6;2;2.0;1.0;1;3;2;3;3;3;3;4;11;1
517;4;3;0;2;0;2;13;1;2;2;4;0;2;4;0;3;3;6;2;2.0;1.0;1;0;0;0;1;3;3;1;10;1
517;4;0;0;2;0;1;3;1;5;2;2;2;2;4;0;3;3;6;2;2.0;1.0;1;3;2;3;3;3;3;4;17;1
374;5;3;0;2;0;5;11;1;5;2;8;2;2;6;0;0;3;3;2;1.0;1.0;1;1;0;5;2;3;3;4;13;0
98;2;0;0;2;0;4;9;1;5;2;12;2;2;6;0;3;3;6;2;2.0;3.0;9;3;2;3;3;3;3;4;0;1
98;2;1;0;2;0;4;3;1;5;2;8;3;2;6;0;3;3;6;2;2.0;3.0;1;1;0;1;2;3;3;4;1;1
98;2;1;0;2;0;2;2;1;5;2;8;3;2;6;0;3;3;6;2;2.0;3.0;1;1;0;0;2;3;3;4;0;1
324;2;3;0;1;0;1;3;3;5;2;8;3;2;4;0;3;3;6;6;2.0;1.0;1;3;2;3;3;3;3;4;10;0
324;2;3;0;1;2;1;3;1;5;2;9;3;2;4;0;3;3;6;6;2.0;1.0;1;0;0;0;2;3;3;4;16;0
1034;5;0;0;2;0;3;3;1;5;2;8;3;2;6;0;3;3;6;2;2.0;1.0;1;1;0;1;2;3;3;4;16;1
1034;5;2;0;2;2;4;0;1;1;2;12;0;2;6;0;3;3;6;2;2.0;1.0;1;3;2;3;3;3;3;4;1;1
1007;1;0;0;2;0;4;3;1;1;2;4;4;2;4;0;3;3;6;2;2.0;2.0;1;1;0;0;2;3;3;4;0;1
1007;1;1;0;3;0;1;2;1;5;2;12;4;2;4;0;3;3;6;2;2.0;2.0;1;3;2;3;3;3;3;4;0;1
1007;1;1;0;2;0;1;3;1;5;2;8;3;2;4;0;3;3;6;2;2.0;2.0;1;2;0;1;2;3;3;4;1;1
416;6;3;0;4;0;4;2;3;5;2;8;2;2;6;0;3;3;6;0;1.0;1.0;1;0;0;1;2;3;3;6;1;1
937;1;0;0;3;0;2;13;3;5;2;12;3;2;5;0;3;3;6;2;2.0;1.0;1;0;0;1;2;3;3;6;19;1
937;1;1;0;2;0;3;4;1;5;2;12;2;2;5;0;3;3;6;6;2.0;1.0;5;0;1;5;2;3;3;6;11;1
435;1;2;0;3;0;3;6;1;5;2;8;3;2;6;0;3;3;6;7;3.0;4.0;1;3;2;3;3;3;3;4;1;1
435;1;2;1;2;0;3;3;1;5;2;8;2;2;6;0;3;3;6;2;3.0;4.0;1;1;0;0;2;3;3;4;10;1
435;1;0;0;2;0;2;4;1;2;2;8;0;2;6;2;3;3;6;2;3.0;4.0;1;0;0;4;1;3;3;6;6;1
435;1;0;0;2;2;2;3;1;5;2;12;0;2;6;0;3;3;6;2;3.0;4.0;1;0;1;2;2;3;3;4;13;1
435;1;0;0;1;2;2;13;1;5;2;12;0;2;6;0;3;3;6;2;3.0;4.0;1;2;1;4;2;3;3;4;18;1
435;1;0;0;2;0;2;3;1;5;2;1;0;2;6;0;3;3;6;2;3.0;4.0;1;2;1;1;2;3;3;4;16;1
63;6;1;0;2;0;1;13;1;5;2;2;0;2;0;0;3;3;6;2;2.0;1.0;9;0;1;0;2;3;3;4;3;1
63;6;4;0;3;0;2;13;0;0;2;1;5;2;0;0;3;3;6;2;2.0;1.0;1;1;0;5;2;3;3;4;1;1
1065;6;3;0;2;0;1;13;1;2;2;11;5;2;4;0;3;3;6;6;2.0;2.0;1;3;2;3;3;3;3;4;18;1
1065;6;1;0;2;0;3;6;1;5;2;2;3;2;4;0;3;3;6;0;2.0;2.0;1;3;2;3;3;3;3;4;13;1
426;1;3;0;3;0;1;3;1;2;2;8;2;2;0;0;3;3;6;2;2.0;1.0;1;1;1;1;2;3;3;4;16;1
426;1;1;0;2;0;1;2;1;1;2;9;4;8;0;0;3;3;6;7;2.0;1.0;1;3;2;3;3;3;3;4;16;1
256;3;2;0;2;0;1;2;1;5;2;12;4;2;4;0;3;3;6;2;2.0;1.0;1;2;1;4;2;3;3;4;18;1
256;3;1;0;2;0;2;2;1;5;2;12;0;2;4;0;3;3;6;2;2.0;1.0;1;3;2;3;3;3;3;4;18;1
673;4;1;0;2;0;2;3;3;0;2;4;4;2;4;0;3;3;6;7;1.0;1.0;1;1;0;5;2;3;3;4;11;1
554;4;0;0;2;0;2;2;3;0;2;2;5;8;5;0;3;3;6;7;3.0;1.0;1;2;1;5;2;3;3;4;10;1
554;4;3;0;2;2;2;13;2;0;2;8;5;2;5;0;3;3;6;2;3.0;1.0;1;2;1;0;2;3;3;4;0;1
554;4;1;0;2;0;1;5;1;5;2;8;0;2;5;2;3;3;6;2;3.0;1.0;1;1;0;5;2;3;3;4;1;1
583;3;0;0;2;0;3;13;1;5;2;8;3;2;6;0;3;3;6;2;2.0;1.0;1;3;2;3;3;3;3;4;6;1
583;3;3;0;2;0;0;5;1;1;2;12;2;2;6;0;3;3;6;2;2.0;1.0;5;3;2;3;3;3;3;4;13;1
822;4;4;0;2;0;3;13;1;5;2;8;0;2;6;0;0;2;6;2;1.0;2.0;1;1;1;0;2;6;3;4;13;1
822;4;4;0;2;0;4;2;1;5;2;12;3;2;6;0;0;2;6;6;1.0;2.0;1;1;0;0;2;6;3;4;0;1
199;1;2;1;2;0;3;13;1;4;2;4;2;2;4;3;3;3;8;2;2.0;1.0;1;3;2;3;3;3;3;4;16;1
199;1;0;0;2;0;1;3;1;5;2;9;5;2;4;0;3;3;8;2;2.0;1.0;1;1;0;0;2;3;3;4;9;1
923;5;3;0;2;0;0;0;1;5;2;12;2;2;5;0;3;3;6;2;2.0;1.0;1;3;2;3;3;3;3;4;10;1
923;5;0;0;3;0;2;13;1;2;2;12;4;2;5;0;3;3;6;2;2.0;1.0;1;3;2;3;3;3;3;4;0;1
128;2;0;0;2;2;3;2;1;0;2;12;4;2;6;2;3;3;6;2;2.0;3.0;1;1;1;0;2;3;3;4;6;1
128;2;0;0;2;0;3;2;1;5;2;12;0;2;6;0;3;3;6;2;2.0;3.0;5;1;0;0;2;3;3;4;18;1
128;2;0;0;6;0;3;3;1;5;2;12;2;2;6;0;3;3;6;2;2.0;3.0;1;3;2;3;3;3;3;4;1;1
128;2;0;0;2;0;0;13;3;3;2;9;5;8;6;0;3;3;6;2;2.0;3.0;1;0;1;0;2;3;3;4;18;1
716;6;0;0;3;2;2;4;1;5;2;8;2;2;4;3;3;2;6;2;2.0;1.0;1;3;2;3;3;3;3;4;18;1
716;6;0;0;2;0;1;3;1;5;2;8;2;2;4;0;3;2;6;2;2.0;1.0;1;1;0;0;2;6;3;4;19;1
774;6;2;0;2;2;3;3;1;5;2;12;2;2;4;0;3;2;6;2;2.0;1.0;1;3;2;3;3;3;3;4;11;1
774;6;0;0;6;0;2;2;1;4;2;12;4;2;4;0;3;2;6;2;2.0;1.0;1;2;1;0;2;3;3;4;6;1
970;5;2;0;6;0;2;3;1;5;2;8;2;2;4;0;3;3;6;2;4.0;2.0;1;3;2;3;3;3;3;4;10;1
970;5;0;0;2;0;2;11;1;1;2;8;0;2;4;0;3;3;6;2;4.0;2.0;1;3;2;3;3;3;3;4;13;1
970;5;0;0;2;0;1;2;1;5;2;12;2;2;4;3;3;3;6;2;4.0;2.0;1;1;0;0;2;3;3;4;3;1
970;5;1;0;2;0;4;3;1;5;2;12;2;2;4;0;3;3;6;6;4.0;2.0;9;0;0;1;2;3;3;4;10;1
447;1;2;0;2;0;2;7;3;5;2;9;2;2;4;0;3;3;6;2;2.0;1.0;1;2;0;5;2;3;3;4;0;1
447;1;4;0;2;0;4;3;1;0;2;12;0;2;4;0;3;3;6;2;2.0;1.0;1;1;0;0;2;3;3;4;1;1
1001;1;3;0;2;0;1;2;1;5;2;8;0;2;6;0;3;3;6;2;2.0;1.0;1;3;2;3;3;3;3;4;18;1
1001;1;1;0;2;0;3;13;1;1;2;8;0;2;6;0;3;3;6;2;2.0;1.0;1;1;0;0;2;3;3;4;18;1
100;0;3;0;2;0;3;13;1;5;2;12;0;2;5;0;3;3;6;7;2.0;1.0;9;1;0;0;2;3;3;4;16;1
100;0;1;0;2;2;2;13;1;5;2;12;2;2;5;0;3;3;6;2;2.0;1.0;1;2;0;1;2;6;3;4;13;1
192;0;0;0;2;0;1;11;1;4;2;12;0;2;0;0;3;3;6;2;2.0;2.0;5;2;0;1;2;6;3;4;13;1
192;0;1;0;3;0;3;13;1;5;2;8;2;2;0;0;3;3;6;2;2.0;2.0;5;3;2;3;3;3;3;4;19;1
788;2;0;0;2;0;1;3;1;4;2;8;2;2;4;0;3;2;6;2;2.0;1.0;1;2;1;1;2;3;3;4;1;0
788;2;0;0;2;0;2;3;1;5;2;12;2;8;4;0;3;2;6;2;2.0;1.0;1;1;0;1;2;6;3;4;1;0
358;1;1;0;1;0;4;4;1;4;2;2;5;2;6;3;3;3;6;2;1.0;1.0;1;3;2;3;3;6;3;4;16;1
319;6;4;0;1;0;4;12;3;5;2;4;0;2;6;0;3;3;6;2;1.0;2.0;1;1;0;1;1;3;3;4;0;1
319;6;4;0;2;0;2;3;2;1;2;12;0;2;6;0;3;3;6;2;1.0;2.0;5;1;0;1;2;0;3;4;0;1
450;4;2;0;3;0;0;3;1;2;2;12;2;2;4;0;3;3;6;7;2.0;1.0;1;3;2;3;3;3;3;4;6;1
450;4;0;0;3;0;2;3;1;0;2;8;0;3;4;0;3;3;6;2;2.0;1.0;3;1;0;1;2;3;3;4;1;1
514;4;0;0;2;0;2;14;1;5;2;12;4;2;6;4;3;3;6;2;1.0;1.0;1;1;1;1;2;3;3;4;0;1
274;3;3;0;2;0;0;5;1;5;2;1;0;8;5;2;3;3;6;2;2.0;1.0;1;3;2;3;3;3;3;4;10;0
274;3;0;0;2;2;2;4;3;5;2;12;2;8;5;2;3;3;6;2;2.0;1.0;1;1;0;1;2;3;3;4;6;0
255;1;0;0;1;2;4;3;3;2;2;2;2;2;4;0;3;3;5;6;2.0;1.0;1;0;1;2;2;3;3;4;18;1
255;1;0;0;2;2;3;2;1;5;2;9;0;2;4;0;3;3;5;2;2.0;1.0;1;1;0;1;2;3;3;4;16;1
439;1;2;1;6;2;2;13;1;2;2;8;2;2;4;3;3;3;6;2;2.0;1.0;1;3;2;3;3;3;3;4;16;1
439;1;0;0;0;0;4;3;1;1;2;12;2;2;4;0;3;3;6;2;2.0;1.0;9;3;2;3;3;6;3;4;16;1
144;5;1;0;1;0;3;4;3;1;2;8;0;2;4;0;3;3;6;2;2.0;1.0;1;1;0;0;2;6;3;4;1;1
144;5;0;0;2;0;0;13;1;5;2;8;5;2;4;0;3;3;6;2;2.0;1.0;5;3;2;3;3;6;3;4;13;1
341;0;3;0;2;0;4;13;1;5;2;12;4;4;4;0;3;3;6;2;2.0;1.0;1;1;0;1;2;6;3;4;6;1
341;0;1;0;2;2;4;14;1;5;2;9;0;2;4;3;3;3;6;2;2.0;1.0;1;3;2;3;3;3;3;4;10;1
509;6;0;0;4;2;2;3;1;4;2;2;2;2;0;0;3;3;6;2;2.0;2.0;1;1;0;1;2;6;3;4;6;1
509;6;3;0;4;2;4;11;1;4;2;12;5;2;0;0;3;3;6;6;2.0;2.0;1;3;2;3;3;3;3;4;1;1
358;5;1;0;2;2;1;3;1;3;2;12;2;2;6;0;3;3;6;2;3.0;1.0;1;1;0;0;2;3;3;4;16;1
358;5;1;0;3;2;4;3;1;1;2;8;0;2;6;3;3;3;6;2;3.0;1.0;1;1;0;0;2;3;3;4;16;1
358;5;2;0;6;2;2;3;1;1;2;8;2;2;6;0;3;3;6;2;3.0;1.0;1;1;0;5;2;3;3;4;18;1
516;0;2;0;2;2;2;3;1;1;2;12;0;2;5;0;3;3;6;6;2.0;1.0;1;0;1;4;2;3;3;4;7;0
516;0;4;0;2;2;2;3;1;3;2;3;0;2;5;0;3;3;6;6;2.0;1.0;1;1;0;1;2;3;3;4;6;0
980;6;0;0;2;2;3;4;1;1;2;12;0;2;6;0;3;3;6;2;2.0;1.0;1;0;0;1;2;3;3;4;6;1
980;6;0;0;2;2;1;16;1;5;2;12;2;2;6;3;3;3;6;2;2.0;1.0;5;3;2;3;3;3;3;4;0;1
164;1;1;0;3;0;1;4;1;5;2;12;0;2;6;0;3;3;6;6;2.0;2.0;1;1;1;1;2;6;3;4;6;0
164;1;1;0;2;0;1;2;1;5;2;12;3;2;6;0;3;3;6;6;2.0;2.0;1;1;0;4;2;3;3;4;1;0
451;0;2;0;2;0;1;11;3;5;2;12;2;0;6;0;3;3;6;2;2.0;1.0;1;3;2;3;3;6;3;4;6;1
451;0;0;0;2;0;2;4;1;4;2;3;2;2;6;0;3;3;6;2;2.0;1.0;1;1;0;0;2;3;3;4;6;1
307;4;2;0;2;0;2;13;1;4;2;12;2;2;4;0;3;3;6;2;2.0;2.0;1;3;2;3;3;3;3;4;10;0
307;4;0;0;2;0;4;13;1;5;2;12;4;2;4;0;3;3;6;6;2.0;2.0;1;3;2;3;3;3;3;4;6;0
307;4;0;0;3;0;2;3;1;1;2;12;2;0;4;0;3;3;6;2;2.0;2.0;9;1;0;1;2;3;3;4;18;0
489;0;2;0;2;0;2;3;1;5;2;8;2;2;7;0;3;3;6;4;1.0;1.0;1;1;1;0;2;3;3;4;6;1
193;5;0;0;2;0;4;4;1;5;2;9;2;2;0;4;3;3;6;2;3.0;1.0;1;1;0;4;2;3;3;4;7;1
193;5;1;0;3;2;2;4;1;1;2;12;2;2;0;0;3;3;6;6;3.0;1.0;1;3;2;3;3;6;3;4;11;1
193;5;3;0;2;2;2;13;1;5;2;9;2;2;0;0;3;3;6;2;3.0;1.0;1;1;0;5;2;3;3;4;18;1
193;5;1;0;2;0;2;5;1;5;2;12;0;2;0;0;3;3;6;2;3.0;1.0;1;3;2;3;3;6;3;4;6;1
193;5;1;0;2;0;3;2;1;1;2;9;3;2;0;0;3;3;6;2;3.0;1.0;1;1;0;0;2;3;3;4;16;1
372;3;2;0;2;0;2;11;1;5;2;8;2;2;6;0;3;3;6;2;2.0;1.0;1;3;2;3;3;3;3;4;16;1
372;3;0;0;2;0;2;3;1;2;2;8;2;0;6;0;3;3;6;2;2.0;1.0;3;1;0;0;1;3;3;4;16;1
734;4;0;0;2;0;2;3;1;5;2;8;3;2;4;0;3;2;6;4;2.0;1.0;1;3;2;3;3;3;3;4;16;1
734;4;1;0;2;0;4;13;1;5;2;1;2;2;4;3;3;2;6;4;2.0;1.0;1;2;0;4;2;6;3;4;18;1
915;0;2;0;1;0;4;11;1;5;2;12;2;2;4;0;3;3;6;3;2.0;1.0;4;0;0;5;2;3;3;4;13;1
915;0;4;0;2;0;4;13;1;5;2;12;5;2;4;0;3;3;6;3;2.0;1.0;9;1;0;5;2;3;3;4;18;1
324;5;4;0;2;0;4;0;1;2;2;12;2;2;5;0;3;3;6;3;2.0;1.0;1;3;2;3;3;6;3;4;1;1
324;5;4;0;2;0;4;3;1;5;2;12;3;2;5;0;3;3;6;3;2.0;1.0;9;3;2;3;3;3;3;4;1;1
197;1;2;0;2;0;4;3;1;1;2;12;0;3;6;0;3;3;6;3;2.0;1.0;1;1;0;0;2;3;3;4;17;1
197;1;0;0;2;0;2;3;1;1;2;8;2;2;6;0;3;3;6;3;2.0;1.0;1;3;2;3;3;3;3;4;13;1
747;4;2;1;2;0;1;3;1;4;2;8;2;2;6;0;3;2;6;3;1.0;1.0;1;1;0;1;2;3;3;4;1;1
701;2;3;0;2;0;3;13;1;5;2;8;4;2;4;0;3;2;6;3;2.0;1.0;1;0;1;1;2;6;3;4;18;1
701;2;0;0;2;0;3;13;1;4;2;9;3;2;4;0;3;2;6;3;2.0;1.0;1;0;1;0;2;6;3;4;16;1
315;4;0;0;2;0;1;3;3;3;2;1;2;2;4;0;3;3;6;3;2.0;1.0;1;1;0;1;2;3;3;4;0;1
315;4;0;0;3;0;3;11;1;5;2;2;3;2;4;0;3;3;6;3;2.0;1.0;1;3;2;3;3;6;3;4;18;1
1008;0;3;0;2;0;3;5;1;5;2;8;0;2;6;0;3;3;6;3;2.0;1.0;1;0;1;0;2;3;3;4;18;1
1008;0;4;0;2;0;2;5;1;5;2;12;2;2;6;0;3;3;6;1;2.0;1.0;1;3;2;3;3;3;3;4;19;1
62;0;0;0;2;0;2;3;1;5;2;9;5;8;4;0;3;3;6;0;2.0;2.0;1;1;0;1;2;3;3;4;17;1
62;0;0;0;6;0;3;5;1;5;2;11;5;2;4;0;3;3;6;3;2.0;2.0;1;0;1;0;2;3;3;4;1;1
635;1;0;0;2;0;3;5;1;0;2;8;2;2;0;3;3;3;6;0;2.0;3.0;5;0;0;5;2;3;3;8;18;1
635;1;1;0;2;0;0;13;1;4;2;12;5;2;0;0;3;3;6;3;2.0;3.0;5;3;2;3;3;3;3;4;6;1
635;1;1;0;3;0;4;3;1;5;2;12;2;2;0;0;3;3;6;3;2.0;3.0;1;1;1;1;2;6;3;4;18;1
367;2;0;0;3;0;4;13;2;1;2;8;2;3;6;0;3;3;6;2;4.0;1.0;1;0;0;0;1;3;3;6;0;1
367;2;3;0;3;0;3;3;1;5;2;8;2;2;6;0;3;3;6;8;4.0;1.0;3;3;2;3;3;3;3;4;11;1
367;2;2;0;1;0;1;3;1;2;2;12;0;2;6;0;3;3;6;4;4.0;1.0;1;1;0;0;2;3;3;4;6;1
367;2;2;0;2;0;1;11;1;2;2;8;2;2;6;0;3;3;6;4;4.0;1.0;1;1;0;4;1;3;3;4;13;1
386;5;2;0;0;0;4;3;1;1;2;4;2;2;4;0;3;3;6;0;3.0;1.0;1;3;2;3;3;3;3;4;18;1
386;5;2;1;2;0;1;3;1;5;2;8;0;2;4;0;3;3;6;3;3.0;1.0;1;3;2;3;3;3;3;4;11;1
386;5;1;0;2;0;1;3;1;5;2;12;0;2;4;0;3;3;6;3;3.0;1.0;1;3;2;3;3;3;3;4;6;1
649;5;1;0;1;0;0;11;1;4;2;12;2;2;6;0;0;3;3;8;1.0;1.0;3;3;2;3;3;6;3;4;6;1
120;6;1;0;2;0;2;3;1;5;2;8;2;2;2;0;0;3;3;4;1.0;1.0;1;1;1;0;2;6;3;4;13;1
1014;3;1;0;2;0;3;2;1;5;2;2;2;2;6;2;0;3;5;3;3.0;2.0;1;3;2;3;3;3;3;4;6;1
1014;3;1;0;2;0;3;2;1;5;2;8;5;2;6;0;0;3;5;3;3.0;2.0;5;1;1;0;2;6;3;4;7;1
1014;3;1;0;3;0;2;3;1;5;2;9;5;2;6;0;0;3;5;7;3.0;2.0;1;3;2;3;3;3;3;4;1;1
406;1;0;0;2;0;3;13;1;5;2;1;2;2;2;0;3;3;6;2;2.0;1.0;1;1;1;1;2;6;3;4;18;1
406;1;0;0;2;0;0;13;3;2;2;12;5;2;2;0;3;3;6;2;2.0;1.0;1;3;2;3;3;0;3;4;18;1
644;4;0;0;3;0;1;13;1;5;2;2;0;2;6;0;3;3;6;7;4.0;3.0;1;1;0;2;2;3;3;4;0;0
644;4;0;0;1;0;0;3;1;5;2;12;4;2;6;0;3;3;6;2;4.0;3.0;1;1;0;0;2;3;3;4;10;0
644;4;0;0;2;0;2;3;1;4;2;12;2;2;6;0;3;3;6;6;4.0;3.0;2;3;2;3;3;3;3;4;0;0
644;4;2;0;2;0;3;6;1;2;2;2;0;2;6;0;3;3;6;2;4.0;3.0;5;1;0;0;2;3;3;4;1;0
644;4;2;0;1;0;4;6;1;5;2;8;2;0;6;0;3;3;6;2;4.0;3.0;1;3;2;3;3;3;3;4;13;0
1052;5;0;0;3;2;2;13;1;5;2;8;3;2;6;0;0;3;5;2;2.0;1.0;1;3;2;3;3;3;3;4;18;1
1052;5;1;0;3;0;3;13;2;2;2;2;2;2;6;0;0;3;5;0;2.0;1.0;1;1;0;1;2;6;3;4;0;1
260;3;0;0;2;0;2;5;2;1;2;12;0;3;6;0;3;3;6;2;1.0;1.0;1;0;1;5;2;6;3;4;13;1
293;1;2;0;3;2;2;2;1;5;2;12;0;2;4;0;3;3;6;2;3.0;1.0;1;0;1;4;2;6;3;4;18;1
293;1;1;0;2;0;1;13;1;5;2;2;0;2;4;0;3;3;6;2;3.0;1.0;1;3;2;3;3;3;3;4;7;1
293;1;3;0;2;0;4;3;1;2;2;4;2;0;4;0;3;3;6;7;3.0;1.0;1;1;0;1;2;3;3;4;7;1
612;2;2;1;2;0;2;2;1;5;2;8;0;2;6;0;3;2;6;2;1.0;1.0;1;0;0;4;1;3;3;4;13;0
741;4;0;0;1;0;0;9;1;5;2;11;0;2;6;0;3;2;6;6;2.0;4.0;1;1;0;5;2;6;3;4;13;1
741;4;0;0;3;0;2;3;1;5;2;12;0;2;6;4;3;2;6;2;2.0;4.0;9;0;1;0;2;3;3;4;11;1
741;4;0;0;3;0;1;3;1;5;2;2;4;2;6;0;3;2;6;0;2.0;4.0;9;1;0;0;2;0;3;4;6;1
741;4;0;0;2;0;3;13;1;5;2;8;0;2;6;0;3;2;6;2;2.0;4.0;4;1;0;1;2;1;3;4;1;1
674;0;1;0;2;0;3;3;1;5;2;12;5;8;6;0;3;2;6;2;4.0;1.0;5;3;2;3;3;3;3;4;10;1
674;0;2;1;2;0;2;0;1;1;2;12;5;2;6;0;3;2;6;2;4.0;1.0;5;1;0;0;2;3;3;4;18;1
674;0;2;1;2;2;2;13;1;5;2;12;2;2;6;0;3;2;6;2;4.0;1.0;1;1;0;0;2;3;3;4;13;1
674;0;2;1;3;0;0;0;1;1;2;12;4;2;6;0;3;2;6;2;4.0;1.0;1;3;2;3;3;3;3;4;1;1
1063;4;1;0;2;0;2;13;1;4;2;2;2;0;6;0;3;3;6;6;2.0;1.0;5;1;0;4;2;0;3;4;0;1
1063;4;3;0;3;0;4;13;3;1;2;9;2;2;6;0;3;3;6;2;2.0;1.0;5;3;2;3;3;3;3;4;18;1
685;1;4;0;2;2;0;13;1;1;2;8;2;0;6;0;3;2;5;2;2.0;1.0;1;3;2;3;3;3;3;4;9;1
685;1;2;0;2;0;2;5;1;1;2;12;2;2;6;0;3;2;5;6;2.0;1.0;2;1;0;5;1;3;3;4;0;1
404;2;2;0;2;0;4;5;1;1;2;8;2;0;5;3;3;3;6;6;2.0;1.0;5;1;0;1;2;3;3;4;16;0
404;2;1;0;3;2;1;11;1;1;2;12;2;2;5;0;3;3;6;2;2.0;1.0;4;3;2;3;3;3;3;4;18;0
343;1;0;0;2;0;2;13;1;0;2;2;0;2;6;0;3;3;6;2;1.0;1.0;1;1;0;0;2;6;3;4;2;1
19;3;0;0;2;0;3;3;1;5;2;8;2;2;6;0;3;2;6;2;2.0;2.0;1;3;2;3;3;3;3;4;18;1
19;3;4;0;2;0;2;4;1;5;2;12;2;2;6;0;3;2;6;2;2.0;2.0;1;0;1;0;2;3;3;4;0;1
19;3;4;0;1;0;4;3;1;5;2;12;2;2;6;3;3;2;6;6;2.0;2.0;1;1;0;1;2;3;3;4;18;1
622;6;0;0;2;0;2;6;1;4;2;11;2;2;5;0;3;3;6;2;2.0;1.0;1;3;2;3;3;3;3;4;1;0
622;6;4;0;3;0;0;0;1;5;2;2;3;0;5;0;3;3;6;2;2.0;1.0;1;3;2;3;3;3;3;4;6;0
969;6;0;0;2;0;2;11;1;5;2;11;0;2;6;3;0;3;3;2;1.0;1.0;1;1;0;0;2;6;3;4;0;1
621;3;3;0;3;0;0;3;1;1;2;9;3;2;6;0;3;3;6;2;2.0;1.0;1;2;1;1;2;3;3;4;16;1
621;3;0;0;2;2;0;13;1;5;2;8;2;2;6;0;3;3;6;2;2.0;1.0;1;2;1;1;2;3;3;4;18;1
653;4;4;0;0;2;0;11;1;5;2;8;0;2;0;0;3;3;6;2;2.0;1.0;5;3;2;3;3;3;3;4;17;1
653;4;2;0;2;2;2;13;3;2;2;2;2;2;0;0;3;3;6;6;2.0;1.0;1;1;0;1;2;3;3;4;17;1
944;1;4;0;2;0;2;5;1;1;2;9;0;2;6;0;3;3;6;2;2.0;2.0;1;1;0;0;2;3;3;4;16;1
944;1;0;0;3;0;2;13;1;5;2;8;5;2;6;0;3;3;6;7;2.0;2.0;9;3;2;3;3;6;3;4;1;1
131;0;1;0;1;2;3;2;1;1;2;9;4;2;6;0;3;3;6;6;2.0;1.0;1;2;1;4;2;3;3;4;1;1
131;0;2;0;2;0;4;11;1;1;2;12;2;2;6;0;3;3;6;6;2.0;1.0;9;2;0;4;2;3;3;4;18;1
451;0;0;0;2;0;2;3;3;1;2;12;2;2;4;0;3;3;6;2;3.0;2.0;5;1;0;0;2;3;3;4;16;0
451;0;3;0;2;0;3;0;1;5;2;9;2;2;4;0;3;3;6;0;3.0;2.0;1;3;2;3;3;3;3;4;18;0
451;0;2;1;2;0;4;2;1;2;2;4;0;2;4;0;3;3;6;2;3.0;2.0;2;1;0;1;2;3;3;4;18;0
440;5;0;0;2;0;2;13;1;1;2;12;0;8;4;0;3;3;6;2;1.0;1.0;1;2;0;1;2;3;3;4;0;1
729;2;1;0;2;2;4;3;1;0;2;8;0;2;6;1;0;2;3;2;2.0;1.0;5;3;2;3;3;3;3;4;1;1
729;2;1;0;2;0;2;0;2;1;2;12;2;3;6;0;0;2;3;2;2.0;1.0;5;1;0;0;2;3;3;4;18;1
388;2;2;1;2;0;0;3;3;0;2;12;0;2;6;0;3;3;6;2;1.0;1.0;5;3;2;3;3;6;3;4;3;1
1051;3;1;0;2;0;0;3;1;5;2;12;2;2;6;0;3;3;6;2;3.0;1.0;0;0;1;0;2;3;3;4;16;1
1051;3;2;0;2;0;0;4;1;1;2;12;3;2;6;0;3;3;6;2;3.0;1.0;5;2;0;0;2;3;3;4;13;1
1051;3;1;0;1;0;1;5;1;5;1;8;0;2;6;0;3;3;6;2;3.0;1.0;5;3;2;3;3;3;3;4;10;1
698;4;1;0;1;2;4;13;3;0;2;12;2;2;4;0;3;2;6;6;1.0;1.0;5;1;1;0;2;3;3;4;13;1
367;0;0;0;3;0;1;13;1;5;2;12;5;2;0;0;3;3;6;2;2.0;1.0;1;1;0;1;2;3;3;4;0;1
367;0;0;0;2;0;4;13;2;5;2;12;2;2;0;0;3;3;6;2;2.0;1.0;1;1;0;1;2;0;3;4;5;1
401;3;0;0;1;0;1;6;1;4;2;12;5;8;4;0;3;3;6;2;2.0;1.0;1;2;0;4;2;3;3;4;10;1
401;3;1;0;2;1;5;13;1;5;2;8;0;2;4;0;3;3;6;2;2.0;1.0;1;3;2;3;3;3;3;4;6;1
436;4;1;0;2;0;0;13;1;5;2;8;4;2;6;0;0;3;3;7;2.0;4.0;1;3;2;3;3;6;3;4;18;1
436;4;1;0;2;2;2;9;1;4;2;2;5;2;6;0;0;3;3;2;2.0;4.0;1;1;0;0;2;6;3;4;16;1
436;4;0;0;2;0;0;13;1;5;2;8;3;2;6;0;0;3;3;2;2.0;4.0;1;0;0;0;2;0;3;6;5;1
436;4;0;0;2;0;4;7;1;4;2;8;5;2;6;0;0;3;3;2;2.0;4.0;1;1;1;0;2;3;3;4;10;1
760;2;2;1;2;0;0;3;1;5;2;8;2;2;6;0;3;2;6;2;2.0;1.0;1;3;2;3;3;3;3;4;0;1
760;2;3;0;2;0;0;13;1;5;2;8;4;2;6;0;3;2;6;2;2.0;1.0;1;0;1;0;2;0;3;4;0;1
349;5;0;0;2;0;1;4;1;1;2;9;0;2;6;0;3;3;6;2;2.0;1.0;1;3;2;3;3;6;3;4;0;1
349;5;4;0;1;0;0;0;1;4;2;9;5;2;6;0;3;3;6;6;2.0;1.0;2;1;0;0;2;3;3;4;0;1
36;2;2;1;2;0;0;11;1;2;2;9;0;2;6;0;0;2;3;2;2.0;1.0;1;3;2;3;3;3;3;4;13;1
36;2;1;0;3;0;4;3;1;2;2;8;3;2;6;2;0;2;3;2;2.0;1.0;5;3;2;3;3;6;3;4;18;1
350;4;1;0;2;0;4;5;1;5;2;9;2;8;0;0;3;3;6;2;2.0;1.0;1;1;0;0;2;3;3;4;5;1
350;4;0;0;3;0;4;3;3;5;2;12;2;2;0;0;3;3;6;2;2.0;1.0;3;0;0;1;2;3;3;6;18;1
543;0;2;0;2;0;4;3;3;3;2;12;2;2;6;0;0;3;5;2;1.0;1.0;1;0;1;5;2;3;3;6;6;1
93;2;1;0;2;0;0;3;1;5;2;12;2;2;5;0;0;3;3;2;2.0;1.0;1;3;2;3;3;6;3;4;18;1
93;2;1;0;2;0;2;13;1;5;2;11;3;2;5;0;0;3;3;2;2.0;1.0;1;1;0;1;2;0;3;4;18;1
932;6;2;0;1;2;1;3;1;5;2;11;3;2;6;0;3;3;6;2;2.0;1.0;1;0;1;0;1;3;3;4;18;1
932;6;0;0;2;0;1;3;1;1;2;11;0;2;6;0;3;3;6;0;2.0;1.0;4;3;2;3;3;6;3;4;0;1
247;5;0;0;2;0;2;5;1;5;2;9;4;2;4;0;3;3;6;2;3.0;1.0;6;1;0;0;2;3;3;4;18;1
247;5;2;0;2;0;2;12;1;5;2;12;0;2;4;0;3;3;6;2;3.0;1.0;6;3;2;3;3;3;3;4;16;1
247;5;3;0;2;0;1;3;1;5;2;8;2;2;4;0;3;3;6;2;3.0;1.0;6;1;0;0;2;3;3;4;1;1
488;1;1;0;1;0;4;5;1;2;2;12;2;2;7;0;3;3;6;6;2.0;1.0;6;0;1;2;2;3;3;4;13;1
488;1;0;0;3;0;2;11;1;4;2;11;0;2;7;0;3;3;6;2;2.0;1.0;5;1;0;0;2;6;3;4;6;1
156;1;2;1;2;0;4;11;1;2;2;12;3;2;7;0;3;3;6;2;1.0;1.0;6;3;2;3;3;3;3;4;1;1
268;4;2;0;6;0;1;3;1;1;2;4;2;2;6;0;3;3;6;2;2.0;1.0;4;3;2;3;3;3;3;4;17;1
268;4;0;0;2;0;1;13;1;1;2;12;2;2;6;2;3;3;6;6;2.0;1.0;6;1;0;4;2;3;3;4;18;1
324;6;0;0;1;0;1;3;1;5;2;8;2;2;6;0;3;3;6;2;2.0;1.0;6;3;2;3;3;6;3;4;18;1
324;6;1;0;2;0;0;5;1;5;2;12;2;2;6;0;3;3;6;2;2.0;1.0;6;1;1;1;2;3;3;4;3;1
881;5;0;0;1;0;2;3;1;5;2;12;2;2;4;0;3;3;6;2;2.0;1.0;6;3;2;3;3;3;3;4;18;1
881;5;2;1;3;0;1;3;2;4;2;5;0;2;4;0;3;3;6;2;2.0;1.0;6;1;1;1;2;3;3;4;8;1
104;0;0;0;2;0;0;13;1;5;2;12;5;2;6;3;3;3;6;6;1.0;1.0;5;0;1;1;2;1;3;8;13;1
350;4;1;0;3;0;0;3;1;4;2;9;2;2;4;0;3;3;6;2;2.0;3.0;1;1;0;0;2;0;3;4;17;1
350;4;1;0;1;0;5;9;1;4;2;8;2;2;4;0;3;3;6;2;2.0;3.0;1;3;2;3;3;3;3;4;1;1
350;4;1;0;2;2;2;3;1;5;2;8;3;2;4;0;3;3;6;2;2.0;3.0;5;1;0;4;2;6;3;4;1;1
350;4;2;0;2;0;0;3;1;1;2;3;4;2;4;2;3;3;6;2;2.0;3.0;1;3;2;3;3;3;3;4;19;1
901;1;1;0;2;0;1;3;1;5;2;4;2;2;6;0;3;3;6;2;2.0;3.0;1;3;2;3;3;3;3;4;18;1
901;1;0;0;2;0;2;3;1;1;2;12;0;2;6;0;3;3;6;7;2.0;3.0;1;1;0;4;2;3;3;4;0;1
901;1;0;0;2;0;2;0;1;5;2;8;0;2;6;0;3;3;6;2;2.0;3.0;1;1;0;1;2;3;3;4;0;1
795;0;1;0;2;0;2;3;1;5;2;8;5;2;6;3;3;2;6;2;2.0;1.0;1;2;1;5;2;6;3;4;13;1
795;0;2;0;2;0;1;3;1;5;2;9;2;2;6;0;3;2;6;6;2.0;1.0;2;1;0;4;2;6;3;4;9;1
617;4;0;0;2;0;4;3;1;5;2;9;2;2;4;0;3;3;6;2;2.0;1.0;9;1;0;2;2;3;3;4;1;1
617;4;0;0;2;2;4;2;1;5;2;11;2;2;4;0;3;3;6;2;2.0;1.0;8;3;2;3;3;3;3;4;0;1
620;4;1;0;2;0;2;11;3;5;2;12;2;2;6;0;3;3;6;7;2.0;3.0;1;3;2;3;3;6;3;4;18;2
620;4;1;0;3;2;4;13;3;5;2;0;0;2;6;0;3;3;6;2;2.0;3.0;1;1;0;0;2;3;3;4;0;2
620;4;1;0;2;0;2;12;1;5;2;8;5;2;6;3;3;3;6;2;2.0;3.0;1;0;0;1;2;6;3;4;0;2
904;0;2;0;2;2;2;2;1;5;2;2;2;2;4;0;3;3;6;7;3.0;2.0;1;2;0;0;2;3;3;4;18;1
904;0;2;0;2;2;4;5;3;5;2;2;2;2;4;0;3;3;6;7;3.0;2.0;1;1;0;0;2;3;3;4;0;1
904;0;0;0;1;2;4;3;1;5;2;9;3;2;4;0;3;3;6;7;3.0;2.0;1;3;2;3;3;3;3;4;6;1
904;0;0;0;2;0;2;3;1;4;2;9;2;2;4;0;3;3;6;6;3.0;2.0;1;0;0;5;2;3;3;4;6;1
338;4;0;0;3;0;2;6;1;5;2;9;3;2;2;0;3;3;6;2;2.0;1.0;2;1;0;0;1;3;3;4;0;1
338;4;1;0;3;2;4;13;1;4;2;9;2;2;2;0;3;3;6;2;2.0;1.0;1;3;2;3;3;3;3;4;3;1
377;0;0;0;2;2;3;13;1;0;2;12;3;2;4;0;3;3;6;2;2.0;1.0;1;1;0;0;2;3;3;4;0;1
377;0;0;0;2;2;1;15;1;5;2;12;2;2;4;0;3;3;6;2;2.0;1.0;5;3;2;3;3;3;3;4;13;1
142;2;1;0;2;2;1;9;1;1;2;9;2;2;5;0;3;3;6;2;2.0;3.0;6;3;2;3;3;3;3;4;18;1
142;2;3;0;1;2;2;13;1;5;2;12;5;2;5;0;3;3;6;2;2.0;3.0;4;3;2;3;3;6;3;4;3;1
142;2;3;0;2;2;2;11;1;5;2;2;0;2;5;0;3;3;6;7;2.0;3.0;1;1;0;1;2;3;3;4;6;1
946;0;1;0;2;2;3;3;1;5;2;12;0;2;0;3;3;3;6;6;2.0;1.0;1;0;0;0;2;3;3;6;0;1
946;0;3;0;3;2;4;2;1;5;2;8;0;2;0;0;3;3;6;2;2.0;1.0;1;3;2;3;3;6;3;4;9;1
857;6;0;0;3;2;3;2;1;1;2;8;2;2;6;0;3;3;6;2;1.0;1.0;1;1;1;1;2;3;3;4;1;1
918;6;4;0;2;2;2;12;1;5;2;9;0;2;6;0;3;3;6;2;2.0;1.0;1;3;2;3;3;0;3;4;6;1
918;6;0;0;2;2;2;3;1;5;2;12;2;2;6;0;3;3;6;2;2.0;1.0;1;1;0;1;2;3;3;4;18;1
444;5;0;0;2;2;2;14;1;4;2;4;0;2;0;4;3;3;6;5;2.0;1.0;1;0;0;0;2;3;3;4;13;0
444;5;0;0;2;0;0;14;1;5;2;8;2;2;0;2;3;3;6;2;2.0;1.0;1;3;2;3;3;3;3;4;17;0
194;3;0;0;1;2;2;13;2;5;2;1;2;2;6;2;3;3;6;2;1.0;1.0;3;3;2;3;3;3;3;4;13;1
603;6;0;0;2;0;2;13;1;0;2;9;2;2;4;0;3;2;6;2;3.0;2.0;3;0;0;0;2;3;3;4;0;1
603;6;0;0;2;0;2;15;1;4;2;9;0;2;4;0;3;2;6;2;3.0;2.0;3;1;0;5;2;3;3;4;18;1
603;6;2;0;2;0;2;3;1;2;2;2;0;8;4;3;3;2;6;2;3.0;2.0;9;3;2;3;3;3;3;4;8;1
603;6;2;0;2;0;4;12;1;2;2;9;0;2;4;0;3;2;6;2;3.0;2.0;1;3;2;3;3;3;3;4;0;1
603;6;2;0;2;0;2;2;1;5;2;12;5;2;4;0;3;2;6;2;3.0;2.0;1;1;0;0;2;3;3;4;6;1
603;6;2;0;2;0;5;3;1;2;2;12;0;2;4;0;3;2;6;2;3.0;2.0;7;3;2;3;3;0;3;4;7;1
576;4;3;0;0;0;3;3;1;5;2;12;1;2;6;0;3;3;6;2;2.0;1.0;1;1;0;1;2;3;3;4;0;1
576;4;0;0;3;0;2;3;1;5;2;2;1;2;6;3;3;3;6;7;2.0;1.0;5;2;1;0;1;3;3;4;0;1
369;4;0;0;3;0;2;3;3;5;2;12;1;2;4;0;3;3;6;6;2.0;1.0;1;2;0;5;2;3;3;4;6;1
369;4;0;0;2;0;2;0;1;5;2;2;1;2;4;0;3;3;6;6;2.0;1.0;1;1;0;0;2;3;3;4;1;1
402;3;1;0;1;0;2;15;1;5;2;2;2;2;1;0;3;3;6;2;2.0;1.0;1;3;2;3;3;3;3;4;16;1
402;3;1;0;2;0;2;13;1;4;2;12;0;2;1;0;3;3;6;2;2.0;1.0;1;3;2;3;3;6;3;4;6;1
402;3;1;0;2;0;1;13;3;2;2;12;0;2;1;0;3;3;6;2;2.0;1.0;8;1;0;0;2;3;3;4;0;1
402;3;1;0;6;0;2;11;1;2;2;11;5;2;1;0;3;3;6;2;2.0;1.0;1;0;0;1;1;0;3;4;6;1
431;6;2;1;2;0;4;2;1;4;2;9;0;2;4;0;3;3;8;2;2.0;1.0;1;1;0;0;2;3;3;4;10;1
431;6;1;0;2;0;0;3;1;0;2;12;2;2;4;0;3;3;8;6;2.0;1.0;1;3;2;3;3;3;3;4;18;1
231;2;0;0;6;0;3;4;1;4;2;8;0;2;5;0;3;3;6;2;2.0;1.0;4;1;0;1;2;3;3;4;1;1
231;2;0;0;3;0;0;9;1;4;2;9;0;2;5;0;3;3;6;2;2.0;1.0;1;3;2;3;3;6;3;4;16;1
484;3;2;0;2;0;2;3;1;4;2;12;4;8;4;3;3;3;8;2;2.0;1.0;1;3;2;3;3;3;3;4;13;1
484;3;1;0;3;0;4;4;1;4;2;9;2;2;4;0;3;3;8;2;2.0;1.0;3;1;0;1;2;6;3;4;13;1
797;4;1;0;2;0;2;9;1;2;2;9;0;2;6;0;0;2;6;2;2.0;1.0;9;1;0;0;2;6;3;4;18;0
797;4;1;0;3;0;1;11;1;5;2;9;2;2;6;0;0;2;6;2;2.0;1.0;3;3;2;3;3;3;3;4;0;0
240;6;1;0;2;0;1;13;1;0;2;12;5;2;6;0;3;3;6;7;2.0;1.0;8;3;2;3;3;3;3;4;0;1
240;6;2;0;2;0;4;12;1;2;2;12;0;2;6;3;3;3;6;7;2.0;1.0;1;1;0;1;2;3;3;4;13;1
10;2;1;0;2;0;1;3;1;2;2;12;4;2;4;0;3;2;6;6;2.0;2.0;1;3;2;3;3;1;3;4;6;1
10;2;1;0;2;2;3;14;1;0;2;3;0;2;4;0;3;2;6;7;2.0;2.0;1;1;1;0;2;6;3;4;10;1
10;2;4;0;2;0;1;3;1;1;2;9;0;2;4;0;3;2;6;2;2.0;2.0;2;1;0;1;2;6;3;4;18;1
446;3;2;0;2;0;4;5;1;2;2;9;4;2;7;0;3;3;6;2;2.0;1.0;3;1;0;5;2;3;3;4;18;1
446;3;0;0;2;0;1;15;1;2;2;9;0;2;7;0;3;3;6;2;2.0;1.0;1;0;0;2;2;0;3;6;16;1
477;3;2;1;3;0;4;4;1;0;2;12;2;2;6;0;3;3;6;6;2.0;2.0;1;1;0;0;2;3;3;4;7;1
477;3;0;0;3;0;4;13;1;0;2;8;2;2;6;0;3;3;6;6;2.0;2.0;1;3;2;3;3;3;3;4;16;1
477;3;0;0;3;1;4;2;1;1;2;12;5;2;6;0;3;3;6;2;2.0;2.0;2;1;0;4;1;3;3;4;16;1
406;1;0;0;2;0;4;3;1;5;2;8;3;2;6;4;3;3;6;2;2.0;1.0;1;3;2;3;3;3;3;4;16;0
406;1;1;0;2;0;3;14;1;5;2;9;2;2;6;0;3;3;6;2;2.0;1.0;0;1;1;0;2;6;3;4;18;0
681;6;0;0;3;0;2;15;1;5;2;8;3;6;4;0;3;2;6;2;1.0;1.0;8;3;2;3;3;3;3;4;13;2
484;0;2;0;2;0;1;14;1;5;2;8;3;2;6;0;0;3;3;2;1.0;1.0;1;1;0;1;2;1;3;4;0;1
55;2;1;0;2;0;4;3;2;5;2;12;3;2;4;0;3;3;8;2;2.0;1.0;2;2;1;4;2;3;3;4;6;1
55;2;0;0;2;0;3;12;1;5;2;8;2;2;4;0;3;3;8;2;2.0;1.0;1;0;1;1;2;3;3;4;1;1
667;0;4;0;2;2;1;12;1;5;2;8;2;2;5;0;3;2;6;2;4.0;1.0;1;1;0;0;2;3;3;4;18;1
667;0;0;0;2;0;4;14;3;5;2;8;4;2;5;0;3;2;6;2;4.0;1.0;2;3;2;3;3;3;3;4;0;1
667;0;1;0;6;0;1;15;1;5;2;12;0;2;5;3;3;2;6;6;4.0;1.0;1;1;0;0;2;3;3;4;10;1
667;0;1;0;2;0;1;15;1;5;2;9;2;2;5;0;3;2;6;6;4.0;1.0;7;3;2;3;3;3;3;4;18;1
474;4;4;0;1;0;1;14;1;1;2;9;2;6;6;0;3;3;6;7;2.0;1.0;1;2;1;0;2;3;3;4;3;0
474;4;0;0;2;0;0;16;1;2;2;2;2;2;6;0;3;3;6;2;2.0;1.0;1;3;2;3;3;3;3;4;18;0
416;1;2;0;1;0;2;14;1;2;2;12;2;2;4;0;3;3;6;2;2.0;1.0;1;1;0;1;2;3;3;4;0;1
416;1;0;0;3;0;1;14;1;5;2;9;2;2;4;0;3;3;6;2;2.0;1.0;1;3;2;3;3;6;3;4;16;1
526;5;2;1;2;0;0;6;1;1;2;12;0;2;6;0;3;3;6;2;3.0;1.0;3;1;1;0;2;3;3;4;0;1
526;5;1;0;3;0;0;3;1;1;2;9;0;2;6;0;3;3;6;2;3.0;1.0;1;3;2;3;3;3;3;4;1;1
526;5;0;0;1;0;5;3;1;1;2;9;2;2;6;0;3;3;6;2;3.0;1.0;1;1;0;1;2;3;3;4;18;1
212;4;2;1;2;2;2;4;1;2;2;12;2;2;6;0;3;3;6;2;2.0;1.0;1;2;1;0;2;3;3;4;17;1
212;4;1;0;2;0;0;3;1;5;2;12;2;2;6;0;3;3;6;2;2.0;1.0;2;2;0;4;2;3;3;4;6;1
46;4;0;0;2;0;1;11;1;5;2;12;0;2;5;0;3;3;6;2;2.0;2.0;4;3;2;3;3;3;3;4;18;1
46;4;2;0;2;0;2;3;1;5;2;12;3;2;5;0;3;3;6;7;2.0;2.0;1;1;0;0;2;3;3;4;6;1
709;2;0;0;2;0;2;3;1;5;2;9;2;2;5;0;3;2;6;7;2.0;1.0;1;1;1;4;2;3;3;4;6;1
709;2;0;0;2;0;2;3;1;1;2;1;0;2;5;0;3;2;6;2;2.0;1.0;1;3;2;3;3;3;3;4;13;1
695;6;0;0;2;0;1;14;1;5;2;12;5;2;4;0;3;2;6;2;1.0;2.0;1;0;1;0;2;3;3;4;11;1
695;6;0;0;2;0;4;6;1;5;2;8;0;2;4;3;3;2;6;2;1.0;2.0;3;1;1;1;2;3;3;4;16;1
983;3;0;0;2;2;4;6;1;5;2;12;0;2;5;0;3;3;6;2;2.0;1.0;1;3;2;3;3;1;3;4;16;1
983;3;0;0;2;0;2;15;1;5;2;8;0;2;5;0;3;3;6;2;2.0;1.0;1;0;1;1;2;6;3;8;1;1
405;3;0;0;3;2;4;15;1;5;2;8;4;2;5;0;0;3;3;2;2.0;1.0;1;3;2;3;3;3;3;4;16;1
405;3;1;0;2;0;2;4;1;5;2;8;0;2;5;0;0;3;3;2;2.0;1.0;1;1;0;1;2;3;3;4;18;1
195;1;0;0;2;2;2;3;1;5;2;12;0;2;4;0;3;3;6;2;2.0;1.0;1;2;1;5;2;6;3;4;13;1
195;1;1;0;2;2;4;3;3;5;2;12;3;2;4;0;3;3;6;2;2.0;1.0;1;2;1;4;2;3;3;4;0;1
203;5;3;0;1;2;4;3;1;5;2;8;1;2;4;0;3;3;6;2;2.0;1.0;1;3;2;3;3;3;3;4;18;1
203;5;1;0;2;0;2;14;1;5;2;9;5;2;4;0;3;3;6;2;2.0;1.0;1;1;1;0;2;3;3;4;11;1
344;6;3;0;3;0;2;14;3;1;2;1;0;2;6;0;3;3;6;2;2.0;3.0;1;3;2;3;3;3;3;4;18;0
344;6;3;0;3;2;4;3;1;0;2;12;5;2;6;0;3;3;6;2;2.0;3.0;1;1;0;1;2;4;3;4;1;0
344;6;3;0;2;2;3;11;1;4;2;9;5;2;6;0;3;3;6;2;2.0;3.0;2;0;0;1;2;3;3;8;10;0
344;6;2;1;2;2;1;3;1;5;2;12;5;2;6;2;3;3;6;2;2.0;3.0;1;3;2;3;3;3;3;4;18;0
334;0;3;0;2;2;1;2;1;5;2;12;5;2;6;0;0;3;5;2;1.0;1.0;4;2;1;1;2;3;3;4;18;0
626;0;1;0;1;2;2;10;1;2;2;12;4;2;4;0;3;3;6;2;2.0;2.0;1;3;2;3;3;3;3;4;0;0
626;0;1;0;2;2;2;13;1;5;2;12;2;2;4;0;3;3;6;2;2.0;2.0;1;2;1;5;2;3;3;4;1;0
63;6;2;1;2;2;3;4;1;1;2;12;5;2;4;0;3;3;6;2;2.0;1.0;1;1;0;1;2;3;3;4;13;1
63;6;1;0;3;2;4;15;1;5;2;11;0;2;4;0;3;3;6;2;2.0;1.0;1;3;2;3;3;6;3;4;18;1
462;0;0;0;3;2;3;13;1;5;2;8;2;2;5;0;0;3;3;2;2.0;2.0;2;1;1;1;2;3;3;4;18;1
462;0;1;0;2;2;2;9;1;5;2;8;2;2;5;0;0;3;3;6;2.0;2.0;1;1;0;5;2;3;3;4;6;1
462;0;1;0;2;2;2;3;1;2;2;8;2;2;5;0;0;3;3;6;2.0;2.0;4;2;1;0;2;5;3;4;13;1
940;3;1;0;2;2;2;3;1;5;2;11;2;2;4;0;3;3;6;2;2.0;1.0;1;2;1;1;2;3;3;4;18;1
940;3;0;0;2;0;0;3;3;5;2;11;0;2;4;0;3;3;6;2;2.0;1.0;1;3;2;3;3;3;3;4;0;1
489;0;0;0;1;2;2;11;1;5;2;8;2;2;4;0;3;3;6;2;2.0;1.0;1;1;0;5;2;3;3;4;6;0
489;0;1;0;2;0;2;3;1;5;2;8;2;2;4;0;3;3;6;2;2.0;1.0;1;1;0;4;2;1;3;4;7;0
733;3;0;0;2;0;2;0;3;4;2;11;2;2;2;0;0;2;3;6;1.0;1.0;1;3;2;3;3;1;3;4;0;1
208;6;4;0;2;0;2;0;1;0;2;12;2;2;0;0;3;3;6;2;3.0;1.0;3;1;0;1;2;6;3;4;6;1
208;6;3;0;2;0;4;11;1;4;2;12;2;2;0;0;3;3;6;6;3.0;1.0;9;3;2;3;3;3;3;4;0;1
208;6;0;0;2;0;2;3;1;3;2;12;0;2;0;0;3;3;6;6;3.0;1.0;1;0;0;5;2;3;3;6;16;1
632;6;0;0;2;0;5;8;1;4;2;12;2;2;6;0;0;2;3;7;2.0;3.0;4;1;0;0;2;3;3;4;0;1
632;6;0;0;0;0;3;3;1;5;2;9;0;2;6;4;0;2;3;2;2.0;3.0;1;0;0;4;2;3;3;4;2;1
632;6;0;0;3;0;2;13;3;0;2;12;0;2;6;0;0;2;3;6;2.0;3.0;1;3;2;3;3;3;3;4;16;1
632;6;2;1;3;0;2;3;1;0;2;12;0;2;6;0;0;2;3;2;2.0;3.0;1;1;1;1;1;3;3;4;9;1
678;6;2;1;2;0;2;6;1;5;2;4;0;2;6;0;3;2;6;2;2.0;1.0;1;0;0;4;2;1;3;4;18;1
678;6;0;0;1;0;2;10;1;5;2;1;0;2;6;0;3;2;6;2;2.0;1.0;1;0;1;0;2;3;3;8;18;1
358;4;0;0;2;0;2;3;1;4;2;2;2;2;6;0;3;3;6;2;2.0;4.0;1;0;1;0;2;3;3;8;6;1
358;4;0;0;2;0;1;6;1;5;2;8;2;2;6;0;3;3;6;2;2.0;4.0;4;0;1;0;2;3;3;4;6;1
358;4;0;0;6;0;2;3;1;5;2;12;2;2;6;0;3;3;6;2;2.0;4.0;4;2;0;0;2;3;3;4;13;1
358;4;3;0;2;0;4;13;1;5;2;8;0;2;6;4;3;3;6;6;2.0;4.0;1;3;2;3;3;0;3;4;18;1
504;3;4;0;2;0;0;13;1;5;2;8;2;2;6;0;3;3;6;2;3.0;1.0;3;1;0;0;2;3;3;4;0;1
504;3;4;0;6;0;3;5;1;5;2;12;2;2;6;0;3;3;6;6;3.0;1.0;3;3;2;3;3;2;3;4;11;1
504;3;1;0;3;0;0;13;1;4;2;9;0;2;6;0;3;3;6;2;3.0;1.0;1;2;1;4;2;3;3;4;18;1
504;3;2;0;2;0;2;13;1;4;2;8;5;3;6;0;3;3;6;2;3.0;1.0;8;0;0;1;2;6;3;4;11;1
504;3;2;0;2;0;0;5;1;4;2;9;5;2;6;0;3;3;6;2;3.0;1.0;2;0;1;1;2;6;3;6;13;1
410;3;1;0;3;2;2;0;1;5;2;11;2;2;0;0;3;3;6;6;2.0;1.0;1;3;2;3;3;3;3;4;18;1
410;3;1;0;2;0;1;3;1;4;2;8;2;7;0;0;3;3;6;6;2.0;1.0;3;1;0;1;2;3;3;4;18;1
630;1;1;0;2;0;2;4;1;5;2;8;2;2;4;0;3;3;6;2;2.0;1.0;1;1;0;1;2;3;3;4;0;1
630;1;1;0;2;0;4;13;1;4;2;8;2;7;4;1;3;3;6;6;2.0;1.0;1;3;2;3;3;3;3;4;7;1
379;1;0;0;2;0;1;3;1;4;2;2;0;7;7;0;3;3;6;6;2.0;1.0;2;1;0;4;2;3;3;4;9;0
379;1;4;0;2;0;3;3;1;4;2;8;0;6;7;0;3;3;6;6;2.0;1.0;1;3;2;3;3;6;4;4;11;0
382;6;2;0;2;0;3;13;1;2;2;12;3;6;4;0;0;3;6;2;2.0;1.0;1;1;0;0;2;3;3;4;0;1
382;6;1;0;2;2;2;13;1;5;2;12;2;2;4;0;0;3;6;2;2.0;1.0;1;1;1;1;2;3;3;4;0;1
361;5;1;0;2;0;1;13;1;2;2;2;6;3;6;0;3;3;6;2;2.0;1.0;1;3;2;3;3;1;3;4;13;1
361;5;4;0;3;0;3;4;1;0;2;11;0;2;6;3;3;3;6;2;2.0;1.0;3;1;0;1;2;3;3;4;13;1
464;5;1;0;2;0;1;4;1;5;2;2;2;2;6;0;3;3;6;7;2.0;1.0;1;3;2;3;3;3;3;4;1;1
464;5;1;0;2;0;2;3;1;4;2;8;0;2;6;0;3;3;6;7;2.0;1.0;1;1;0;0;2;1;3;4;13;1
361;1;0;0;1;0;4;2;1;1;2;12;5;2;4;0;3;3;6;2;2.0;1.0;1;0;0;2;2;3;3;4;18;1
361;1;0;0;1;0;4;3;1;4;2;2;2;5;4;0;3;3;6;2;2.0;1.0;1;1;0;0;2;3;3;4;13;1
409;4;1;0;2;0;2;3;3;0;2;12;3;2;4;0;3;3;6;2;2.0;2.0;2;3;2;3;3;3;3;4;0;1
409;4;1;0;3;0;0;9;3;4;2;12;3;2;4;0;3;3;6;2;2.0;2.0;9;1;0;1;2;3;3;4;1;1
409;4;3;0;3;0;2;3;2;2;2;8;2;6;4;0;3;3;6;2;2.0;2.0;1;3;2;3;3;3;3;4;16;1
575;4;0;0;2;0;2;3;2;4;2;12;2;2;4;0;3;3;6;2;2.0;2.0;1;1;0;1;2;3;3;4;18;0
575;4;0;0;2;0;0;5;1;1;2;12;2;2;4;0;3;3;6;2;2.0;2.0;1;3;2;3;3;3;3;4;16;0
1019;3;3;0;2;2;2;14;3;5;2;9;2;2;4;0;3;3;6;2;2.0;1.0;1;1;1;5;2;3;3;4;10;1
1019;3;3;0;1;2;4;3;1;1;2;8;2;2;4;0;3;3;6;2;2.0;1.0;1;3;2;3;3;3;3;4;0;1
508;5;4;0;2;2;3;3;1;1;2;2;4;2;4;2;0;3;3;2;2.0;4.0;1;0;1;4;2;3;3;4;18;1
508;5;4;0;6;2;2;0;1;0;2;12;0;2;4;0;0;3;3;6;2.0;4.0;4;3;2;3;3;3;3;4;18;1
508;5;4;0;0;0;4;4;1;4;2;0;5;8;4;0;0;3;3;0;2.0;4.0;1;1;0;0;1;1;3;4;1;1
508;5;4;0;1;0;3;13;1;4;2;12;2;3;4;0;0;3;3;2;2.0;4.0;5;1;1;4;2;6;3;4;0;1
975;1;1;0;2;0;0;3;1;5;2;12;0;3;4;0;3;3;6;2;2.0;1.0;1;3;2;3;3;3;3;4;0;0
975;1;1;0;2;0;4;6;1;5;2;2;0;2;4;0;3;3;6;2;2.0;1.0;1;3;2;3;3;2;3;4;10;0
178;1;2;1;2;2;4;3;3;0;2;9;0;2;6;0;3;3;6;2;2.0;2.0;1;1;0;0;2;1;3;4;13;1
178;1;0;0;2;0;4;0;1;5;2;12;0;2;6;0;3;3;6;2;2.0;2.0;1;1;0;1;2;3;3;4;1;1
178;1;0;0;2;0;5;5;1;5;2;12;2;2;6;0;3;3;6;6;2.0;2.0;1;0;0;0;2;1;3;6;17;1
391;4;4;0;2;0;0;3;1;5;2;12;3;2;6;0;3;3;6;6;1.0;1.0;9;3;2;3;3;3;3;4;18;0
581;0;2;0;5;2;0;13;1;5;2;1;2;2;6;0;0;3;3;2;2.0;1.0;9;1;0;1;2;1;3;4;18;1
581;0;0;0;2;2;3;3;1;5;2;1;4;2;6;0;0;3;3;6;2.0;1.0;9;3;2;3;3;3;3;4;1;1
750;5;1;0;2;2;0;4;1;5;2;12;2;2;6;0;3;2;6;2;1.0;1.0;5;0;1;0;2;3;3;4;0;1
737;2;0;0;2;2;1;5;2;0;2;8;2;2;6;0;3;2;6;2;3.0;2.0;1;3;2;3;3;3;3;4;6;1
737;2;0;0;4;2;2;3;1;1;2;9;2;2;6;0;3;2;6;2;3.0;2.0;12;1;0;0;2;6;3;4;18;1
737;2;0;0;4;2;4;3;1;1;2;12;2;2;6;0;3;2;6;2;3.0;2.0;4;3;2;3;3;3;3;4;1;1
737;2;1;0;2;2;1;3;1;0;2;9;0;8;6;0;3;2;6;2;3.0;2.0;3;0;0;1;2;3;3;4;13;1
536;0;1;0;3;2;4;11;1;5;2;2;3;2;4;0;3;3;6;2;2.0;1.0;1;0;1;0;2;0;3;8;18;1
536;0;0;0;6;2;2;2;1;1;2;12;4;2;4;0;3;3;6;7;2.0;1.0;1;2;0;5;2;3;3;4;17;1
268;0;2;1;2;2;2;2;1;2;2;8;2;3;4;0;3;3;6;2;2.0;1.0;1;1;0;5;2;1;3;4;1;1
268;0;1;0;2;2;2;2;1;1;2;12;0;2;4;0;3;3;6;6;2.0;1.0;4;1;0;0;2;3;3;4;18;1
964;1;0;0;2;2;3;6;1;5;2;1;2;8;6;0;0;3;6;2;4.0;1.0;2;3;2;3;3;3;3;4;6;1
964;1;1;0;2;2;1;13;1;5;2;12;0;2;6;0;0;3;6;6;4.0;1.0;9;3;2;3;3;3;3;4;16;1
964;1;0;0;3;0;1;5;1;0;2;8;2;2;6;0;0;3;6;2;4.0;1.0;5;1;0;2;2;3;3;4;0;1
964;1;1;0;2;0;1;3;3;5;2;9;0;2;6;0;0;3;6;2;4.0;1.0;1;3;2;3;3;3;3;4;13;1
426;0;0;0;2;0;1;3;1;5;2;8;4;2;4;3;3;3;6;7;2.0;1.0;1;1;0;5;2;3;3;4;16;1
426;0;0;0;2;0;2;11;1;5;2;8;2;2;4;0;3;3;6;2;2.0;1.0;1;1;0;0;1;3;3;4;17;1
622;3;4;0;2;0;2;13;1;5;2;2;3;2;6;0;0;2;6;2;2.0;1.0;1;3;2;3;3;3;3;4;1;1
622;3;1;0;2;0;4;13;1;5;2;2;0;2;6;0;0;2;6;2;2.0;1.0;1;1;0;5;2;3;3;4;1;1
446;6;0;0;3;0;2;13;1;5;2;9;0;2;7;0;0;3;6;2;2.0;1.0;1;3;2;3;3;3;3;4;10;1
446;6;0;0;2;0;2;0;1;5;2;12;0;2;7;3;0;3;6;7;2.0;1.0;1;0;1;0;2;3;3;6;13;1
119;6;0;0;2;0;4;5;1;5;2;12;5;2;6;0;3;3;6;2;2.0;1.0;1;1;0;0;1;3;3;4;0;0
119;6;4;0;3;2;2;2;1;5;2;12;0;2;6;0;3;3;6;2;2.0;1.0;1;3;2;3;3;3;3;4;0;0
369;5;0;0;2;2;2;5;1;1;2;9;0;2;6;3;3;3;6;2;2.0;1.0;5;3;2;3;3;3;3;4;18;1
369;5;1;0;2;0;2;2;1;5;2;8;0;2;6;0;3;3;6;2;2.0;1.0;9;1;0;0;2;3;3;4;13;1
234;6;3;0;2;0;3;5;1;5;2;9;0;2;0;0;3;3;6;6;2.0;1.0;1;3;2;3;3;3;3;4;18;0
234;6;1;0;2;0;2;11;1;5;2;12;2;2;0;0;3;3;6;2;2.0;1.0;9;1;0;0;2;3;3;4;6;0
1007;3;2;0;2;0;2;3;1;5;2;12;2;2;6;0;3;3;6;2;1.0;1.0;1;0;1;1;2;3;3;8;17;1
179;4;2;0;2;0;2;13;1;5;2;1;2;2;4;0;3;3;6;2;2.0;3.0;9;0;0;4;1;3;3;4;16;1
179;4;1;0;2;0;4;10;1;2;2;2;4;2;4;0;3;3;6;2;2.0;3.0;1;1;1;0;2;3;3;4;13;1
179;4;1;0;1;0;4;13;1;5;2;11;2;2;4;0;3;3;6;6;2.0;3.0;1;3;2;3;3;3;3;4;0;1
179;4;1;0;2;0;4;13;1;1;2;8;0;2;4;0;3;3;6;2;2.0;3.0;1;3;2;3;3;3;3;4;18;1
50;1;0;0;2;0;4;0;1;0;2;12;2;2;4;0;3;3;6;2;2.0;1.0;1;2;1;0;2;3;3;4;6;1
50;1;1;0;2;0;4;3;1;2;2;9;0;2;4;0;3;3;6;2;2.0;1.0;1;2;1;5;2;3;3;4;1;1
230;1;3;0;2;0;4;3;1;4;2;12;0;2;6;0;3;3;6;2;1.0;1.0;5;1;0;0;2;6;3;4;13;1
670;4;0;0;2;0;2;3;1;0;2;12;5;8;4;0;3;2;6;2;1.0;1.0;1;0;0;2;2;3;3;4;18;0
342;0;1;0;2;0;1;0;1;1;2;8;4;8;4;1;3;3;6;2;3.0;2.0;9;0;0;1;2;3;3;4;0;1
342;0;1;0;2;0;3;15;1;5;2;9;2;2;4;0;3;3;6;2;3.0;2.0;9;2;1;1;2;6;3;4;16;1
342;0;2;0;2;0;3;4;1;5;2;12;2;2;4;0;3;3;6;2;3.0;2.0;9;2;1;1;2;3;3;4;19;1
1001;0;0;0;2;0;1;15;2;1;2;9;0;2;6;0;3;3;6;2;2.0;2.0;1;1;0;0;2;3;3;4;18;1
1001;0;0;0;3;0;3;4;1;5;2;2;2;2;6;0;3;3;6;2;2.0;2.0;1;0;0;0;2;1;3;8;18;1
1001;0;2;0;2;0;3;10;3;5;2;9;2;2;6;0;3;3;6;2;2.0;2.0;1;1;0;0;2;3;3;4;1;1
710;6;0;0;2;0;2;15;1;5;2;8;4;2;6;0;0;2;6;6;2.0;1.0;1;3;2;3;3;6;3;4;16;1
710;6;2;1;2;0;2;3;3;3;2;9;2;2;6;0;0;2;6;6;2.0;1.0;5;1;0;1;2;3;3;4;6;1
283;3;0;0;6;0;3;3;1;5;2;12;4;2;0;0;3;3;6;6;2.0;2.0;1;2;0;4;2;3;3;4;0;0
283;3;0;0;2;0;3;13;1;5;2;4;2;2;0;0;3;3;6;7;2.0;2.0;1;1;1;5;2;3;3;4;18;0
283;3;0;0;2;0;0;2;1;5;2;2;2;2;0;0;3;3;6;2;2.0;2.0;1;3;2;3;3;3;3;4;0;0
131;0;2;0;3;0;4;2;1;1;2;9;0;8;6;0;3;3;8;2;2.0;2.0;2;1;1;2;2;3;3;4;18;1
131;0;1;0;3;0;4;3;1;5;2;12;2;2;6;0;3;3;8;7;2.0;2.0;9;1;1;5;2;3;3;4;10;1
131;0;1;0;3;0;3;2;1;5;2;12;2;2;6;0;3;3;8;2;2.0;2.0;1;1;0;1;2;3;3;4;1;1
991;3;0;0;1;0;1;3;1;0;2;8;0;2;4;0;3;3;6;2;3.0;3.0;1;3;2;3;3;3;3;4;19;1
991;3;0;0;2;0;1;6;1;4;2;5;2;3;4;0;3;3;6;2;3.0;3.0;2;1;0;0;2;3;3;4;12;1
991;3;0;0;0;0;4;13;1;4;2;2;2;8;4;0;3;3;6;2;3.0;3.0;1;0;1;0;2;2;3;4;6;1
991;3;1;0;2;0;1;3;1;5;2;8;5;3;4;0;3;3;6;2;3.0;3.0;2;1;0;0;2;3;3;4;11;1
600;6;4;0;2;0;1;3;1;4;2;2;2;8;6;0;0;2;3;2;2.0;1.0;5;3;2;3;3;3;3;4;18;1
600;6;1;0;1;0;0;3;1;5;2;8;5;3;6;0;0;2;3;6;2.0;1.0;1;1;0;0;2;3;3;4;3;1
683;3;0;0;2;0;2;13;3;5;2;8;0;2;5;2;3;2;6;7;2.0;1.0;1;3;2;3;3;3;3;4;6;0
683;3;4;0;2;0;3;3;1;0;2;11;2;2;5;0;3;2;6;2;2.0;1.0;1;0;0;0;1;3;3;8;17;0
463;1;0;0;2;0;3;13;1;3;2;9;2;2;6;0;3;3;6;2;2.0;1.0;1;1;0;0;2;3;3;4;18;1
463;1;0;0;3;0;2;12;1;5;2;8;5;3;6;0;3;3;6;6;2.0;1.0;1;3;2;3;3;3;3;4;16;1
386;5;1;0;2;0;3;13;1;5;2;7;5;2;4;0;0;3;6;2;2.0;1.0;1;1;0;0;2;3;3;4;19;1
386;5;3;0;2;0;0;13;1;5;2;12;2;2;4;0;0;3;6;2;2.0;1.0;1;1;0;0;2;3;3;4;17;1
274;0;0;0;3;0;1;2;1;5;2;9;0;2;6;0;3;3;6;2;2.0;2.0;1;0;1;1;1;3;3;4;0;1
274;0;1;0;1;0;0;11;1;5;2;8;0;2;6;0;3;3;6;2;2.0;2.0;1;2;1;1;2;3;3;4;13;1
274;0;1;0;2;0;2;11;1;5;2;8;0;2;6;0;3;3;6;2;2.0;2.0;1;2;0;0;2;3;3;4;1;1
499;5;1;0;2;0;3;13;1;5;2;9;0;2;6;0;0;3;3;2;1.0;1.0;1;1;0;0;2;1;3;4;18;1
446;1;2;0;1;0;4;13;1;5;2;8;0;2;6;0;3;3;6;2;2.0;1.0;1;2;1;0;2;3;3;4;6;0
446;1;4;0;3;2;2;2;1;5;2;8;0;2;6;0;3;3;6;2;2.0;1.0;1;3;2;3;3;3;3;4;10;0
102;1;2;1;3;0;3;3;1;5;2;8;2;2;6;0;3;3;6;6;1.0;1.0;1;1;0;0;2;3;3;4;6;1
672;4;3;0;2;0;2;3;1;5;2;8;2;2;5;0;0;2;5;6;2.0;1.0;1;3;2;3;3;3;3;4;6;1
672;4;1;0;3;2;2;12;1;5;2;12;0;2;5;0;0;2;5;6;2.0;1.0;1;1;0;1;2;4;3;4;0;1
609;4;4;0;2;0;1;13;1;5;2;12;2;2;6;2;0;2;3;2;1.0;1.0;9;3;2;3;3;3;3;4;18;1
1015;3;1;0;2;0;4;2;1;1;2;12;2;2;6;0;3;3;6;7;1.0;1.0;1;2;1;5;2;3;3;4;6;0
46;4;3;0;2;0;2;3;1;1;2;9;4;2;4;0;3;3;6;2;2.0;1.0;1;2;0;5;2;3;3;4;17;1
46;4;0;0;1;0;0;0;1;1;2;11;0;0;4;0;3;3;6;7;2.0;1.0;1;2;1;5;2;3;3;4;18;1
431;5;1;0;3;2;2;11;1;1;2;9;0;0;0;0;3;3;8;2;2.0;1.0;1;3;2;3;3;0;3;4;13;1
431;5;0;0;2;2;2;3;1;1;2;8;2;2;0;3;3;3;8;7;2.0;1.0;1;1;0;0;2;3;3;4;13;1
118;3;2;0;2;0;2;13;1;5;2;2;4;2;5;0;3;3;6;2;2.0;1.0;2;3;2;3;3;6;3;4;16;1
118;3;1;0;2;0;3;2;1;5;2;12;0;2;5;0;3;3;6;2;2.0;1.0;1;2;0;0;2;3;3;4;18;1
140;5;2;1;2;0;4;13;1;5;2;9;0;2;4;3;3;3;6;2;2.0;2.0;1;0;0;1;2;3;3;6;0;1
140;5;0;0;2;0;4;4;1;5;2;8;4;2;4;0;3;3;6;2;2.0;2.0;1;0;0;1;2;3;3;8;18;1
140;5;0;0;2;0;4;15;1;5;2;9;2;2;4;0;3;3;6;2;2.0;2.0;1;1;0;1;2;3;3;4;13;1
428;3;1;0;2;0;4;3;1;5;2;8;0;2;5;0;3;3;6;2;2.0;1.0;1;3;2;3;3;3;3;4;6;1
428;3;1;0;2;0;2;3;1;5;2;12;2;2;5;0;3;3;6;2;2.0;1.0;1;1;0;1;2;3;3;4;18;1
585;6;4;0;2;0;1;4;1;5;2;8;4;2;4;0;3;3;6;0;2.0;2.0;1;3;2;3;3;3;3;4;16;1
585;6;0;0;2;0;3;3;1;5;2;11;0;2;4;3;3;3;6;6;2.0;2.0;1;1;0;0;2;3;3;4;0;1
585;6;0;0;2;0;3;2;1;5;2;9;4;2;4;0;3;3;6;2;2.0;2.0;3;3;2;3;3;0;3;4;13;1
992;3;2;0;2;0;1;13;1;5;2;8;0;2;0;0;0;3;5;2;2.0;2.0;3;1;0;0;2;3;3;4;10;1
992;3;0;0;3;0;3;6;1;5;2;9;0;2;0;0;0;3;5;2;2.0;2.0;3;3;2;3;3;3;3;4;0;1
992;3;0;0;2;0;3;4;1;4;2;8;0;2;0;0;0;3;5;7;2.0;2.0;9;1;0;1;1;3;3;4;16;1
77;2;2;0;2;0;2;11;1;4;2;9;4;2;6;0;3;3;6;7;2.0;2.0;1;3;2;3;3;6;3;4;1;1
77;2;0;0;2;0;2;2;1;5;2;12;5;2;6;0;3;3;6;2;2.0;2.0;1;1;1;0;2;3;3;4;6;1
77;2;0;0;6;0;3;4;0;5;2;12;2;2;6;0;3;3;6;2;2.0;2.0;7;3;2;3;3;6;3;4;17;1
839;2;0;0;2;0;3;6;1;2;2;8;2;2;6;0;3;2;6;7;2.0;1.0;1;0;1;0;2;3;3;4;17;1
839;2;0;0;2;0;0;5;1;4;2;8;2;2;6;0;3;2;6;7;2.0;1.0;5;0;0;5;2;6;3;6;0;1
296;1;0;0;3;0;4;13;1;1;2;9;2;2;4;0;3;3;6;7;3.0;2.0;1;0;0;0;2;3;3;4;8;1
296;1;0;0;3;0;4;4;1;5;2;12;2;2;4;0;3;3;6;2;3.0;2.0;1;1;0;1;2;3;3;4;1;1
296;1;0;0;3;0;3;13;3;5;2;12;0;2;4;3;3;3;6;6;3.0;2.0;1;3;2;3;3;6;3;4;1;1
646;5;0;0;1;0;1;4;1;5;2;8;2;2;5;0;0;2;3;2;2.0;1.0;1;0;0;5;2;0;3;1;7;1
646;5;1;0;2;0;1;14;1;5;2;8;2;2;5;0;0;2;3;2;2.0;1.0;8;3;2;3;3;1;3;4;1;1
477;1;0;0;0;0;4;3;1;5;2;2;0;2;1;0;3;3;6;6;2.0;1.0;1;1;1;2;1;0;3;4;10;1
477;1;0;0;2;0;1;0;3;5;2;12;4;2;1;0;3;3;6;2;2.0;1.0;1;2;1;2;2;3;3;4;17;1
869;6;0;0;2;0;1;13;1;5;2;8;0;2;6;4;3;3;6;2;2.0;1.0;1;1;0;5;2;0;3;4;1;1
869;6;1;0;1;0;0;0;1;0;2;8;2;2;6;2;3;3;6;2;2.0;1.0;4;3;2;3;3;3;3;4;13;1
194;5;1;0;2;0;2;3;1;3;2;9;2;2;4;2;3;3;6;2;2.0;3.0;1;0;0;0;2;0;3;8;18;1
194;5;1;0;2;0;3;3;1;5;2;12;0;2;4;0;3;3;6;7;2.0;3.0;1;1;0;1;2;0;3;4;0;1
194;5;1;0;2;0;3;3;1;2;2;9;2;2;4;0;3;3;6;0;2.0;3.0;3;3;2;3;3;0;3;4;16;1
904;3;0;0;3;0;2;3;3;5;2;8;2;2;4;3;3;3;6;2;2.0;1.0;9;2;1;1;2;3;3;4;13;1
904;3;1;0;2;0;3;13;1;2;2;8;0;2;4;0;3;3;6;2;2.0;1.0;3;3;2;3;3;3;3;4;11;1
364;5;2;1;2;0;0;3;1;4;2;12;0;2;6;0;3;3;6;2;3.0;1.0;8;1;0;5;2;2;3;4;1;1
364;5;1;0;3;0;1;6;1;0;2;12;5;8;6;0;3;3;6;6;3.0;1.0;1;3;2;3;3;3;3;4;0;1
364;5;1;0;1;0;0;3;1;1;2;8;4;8;6;0;3;3;6;2;3.0;1.0;1;1;1;0;2;6;3;4;11;1
362;4;3;0;2;0;2;0;1;5;2;9;2;2;6;3;3;3;6;0;2.0;1.0;1;1;0;0;2;3;3;4;12;1
362;4;4;0;2;0;3;13;1;5;2;12;2;2;6;0;3;3;6;6;2.0;1.0;2;0;0;0;2;3;3;4;4;1
474;4;3;0;1;0;4;3;2;1;2;9;0;2;4;0;3;3;6;2;2.0;3.0;3;1;0;0;2;3;3;4;16;2
474;4;3;0;3;2;2;15;1;5;2;2;2;2;4;0;3;3;6;2;2.0;3.0;1;3;2;3;3;3;3;4;0;2
474;4;3;0;3;0;3;6;3;5;2;9;2;2;4;0;3;3;6;2;2.0;3.0;1;2;1;4;2;3;3;4;13;2
474;4;2;0;2;0;2;6;1;5;2;8;4;2;4;0;3;3;6;2;2.0;3.0;1;3;2;3;3;3;3;4;1;2
283;0;1;0;3;2;2;3;3;3;2;9;2;2;6;0;3;3;6;2;3.0;3.0;2;1;0;0;2;3;3;4;17;1
283;0;1;0;2;0;1;14;1;5;2;12;4;2;6;0;3;3;6;2;3.0;3.0;1;3;2;3;3;3;3;4;18;1
283;0;1;0;2;0;4;13;1;5;2;4;2;2;6;0;3;3;6;7;3.0;3.0;0;1;0;0;2;6;3;4;16;1
283;0;1;0;2;0;2;15;1;5;2;2;2;2;6;0;3;3;6;2;3.0;3.0;8;3;2;3;3;6;3;4;18;1
965;3;1;0;1;0;0;13;1;1;2;9;0;8;6;0;0;3;5;2;2.0;1.0;1;1;0;1;2;6;3;4;18;1
965;3;2;1;2;0;4;5;1;5;2;12;2;2;6;3;0;3;5;6;2.0;1.0;2;1;0;0;2;3;3;4;13;1
187;3;2;0;3;2;1;3;1;5;2;12;2;2;1;0;3;3;6;2;1.0;1.0;1;3;2;3;3;1;3;4;0;1
411;6;2;0;2;0;2;12;1;0;2;8;0;2;6;0;3;3;8;2;1.0;1.0;1;1;0;0;2;3;3;4;17;1
401;6;2;0;2;0;3;3;1;4;2;5;2;3;4;0;3;3;6;2;2.0;1.0;2;3;2;3;3;6;3;4;13;1
401;6;0;0;2;0;2;3;1;4;2;2;2;8;4;0;3;3;6;6;2.0;1.0;1;0;0;1;1;1;3;8;19;1
372;4;2;0;1;0;4;3;1;5;2;8;5;3;6;3;3;3;6;2;1.0;1.0;7;1;1;1;2;3;3;4;11;1
1007;6;4;0;2;0;2;13;1;4;2;2;2;8;6;0;3;3;6;2;2.0;2.0;1;3;2;3;3;3;3;4;12;1
1007;6;1;0;3;0;0;3;1;5;2;8;5;3;6;0;3;3;6;2;2.0;2.0;1;3;2;3;3;3;3;4;0;1
652;4;1;0;2;0;2;3;3;5;2;8;0;2;4;0;3;2;6;2;2.0;2.0;1;1;0;1;2;3;3;4;14;0
652;4;0;0;0;0;0;13;1;0;2;11;2;2;4;0;3;2;6;2;2.0;2.0;1;2;0;5;2;3;3;4;4;0
426;5;2;0;2;0;4;3;1;3;2;9;2;2;6;0;3;3;6;2;2.0;1.0;3;0;0;5;2;3;3;4;1;1
426;5;2;0;2;0;0;3;1;5;2;8;5;3;6;0;3;3;6;2;2.0;1.0;1;0;0;0;2;3;3;6;0;1
451;1;4;0;2;0;2;3;1;5;2;7;5;2;4;0;3;3;6;6;3.0;1.0;1;1;0;1;2;3;3;4;17;1
451;1;0;0;2;0;1;12;1;5;2;12;2;2;4;0;3;3;6;2;3.0;1.0;1;3;2;3;3;6;3;4;5;1
451;1;1;0;2;0;2;3;1;5;2;9;0;2;4;4;3;3;6;2;3.0;1.0;2;3;2;3;3;6;3;4;1;1
7;2;0;0;2;0;1;3;1;5;2;8;0;2;4;0;3;2;6;2;2.0;2.0;4;1;0;1;2;3;3;4;16;2
7;2;0;0;2;0;1;3;1;5;2;8;0;2;4;0;3;2;6;2;2.0;2.0;1;2;0;4;2;3;3;4;0;2
7;2;4;0;2;0;4;4;1;5;2;9;0;2;4;0;3;2;6;2;2.0;2.0;1;2;0;0;2;3;3;4;18;2
682;3;1;0;2;0;0;3;1;5;2;8;0;2;6;0;3;2;6;2;2.0;1.0;1;2;0;0;2;3;3;4;17;1
682;3;0;0;0;2;0;3;1;5;2;8;0;2;6;0;3;2;6;2;2.0;1.0;1;1;0;4;2;3;3;4;18;1
139;4;2;1;0;0;5;5;1;5;2;8;2;2;6;0;3;2;8;6;1.0;1.0;3;1;0;1;2;3;3;4;16;1
435;0;1;0;2;0;0;6;1;5;2;8;2;2;6;0;3;3;6;0;3.0;1.0;1;0;0;4;2;3;3;4;4;1
435;0;0;0;2;0;2;15;1;5;2;12;0;2;6;3;3;3;6;2;3.0;1.0;1;0;0;4;1;3;3;4;6;1
435;0;0;0;2;0;4;11;1;5;2;12;2;2;6;0;3;3;6;2;3.0;1.0;1;1;0;1;2;3;3;4;1;1
170;5;2;1;2;0;4;7;1;1;2;12;2;2;5;0;0;3;3;2;2.0;1.0;1;1;0;1;2;3;3;4;6;1
170;5;3;0;2;2;2;11;1;1;2;9;4;2;5;0;0;3;3;2;2.0;1.0;1;1;0;0;2;6;3;4;1;1
164;1;2;1;3;0;1;3;1;1;2;11;0;0;6;0;3;3;6;2;2.0;1.0;1;0;0;5;2;3;3;4;16;1
164;1;0;0;2;0;1;3;1;1;2;9;0;0;6;0;3;3;6;2;2.0;1.0;1;0;1;4;2;3;3;4;18;1
956;0;0;0;2;0;3;2;1;1;2;8;2;2;4;0;3;3;6;2;2.0;1.0;1;1;0;0;2;3;3;4;0;1
956;0;0;0;2;0;1;12;1;5;2;2;4;2;4;0;3;3;6;2;2.0;1.0;1;3;2;3;3;3;3;4;0;1
719;5;2;0;2;0;1;3;1;5;2;12;0;2;4;0;3;2;8;6;2.0;1.0;1;1;1;1;2;3;3;4;9;1
719;5;0;0;3;0;2;11;1;1;2;12;4;2;4;0;3;2;8;2;2.0;1.0;2;3;2;3;3;3;3;4;18;1
912;2;2;0;2;0;4;3;1;2;2;12;2;2;6;0;3;3;6;2;2.0;1.0;1;2;0;4;2;6;3;4;0;1
912;2;1;0;2;0;2;5;1;5;2;12;2;2;6;0;3;3;6;2;2.0;1.0;4;0;1;5;2;3;3;4;1;1
335;0;1;0;2;0;1;3;1;5;2;8;0;2;4;0;3;3;6;2;1.0;2.0;1;1;0;1;2;3;3;4;19;1
335;0;1;0;2;0;2;3;1;5;2;8;1;2;4;0;3;3;6;7;1.0;2.0;1;3;2;3;3;3;3;4;4;1
282;0;0;0;0;0;1;13;1;5;2;9;0;2;4;0;3;3;6;7;2.0;1.0;1;1;0;0;2;3;3;4;4;1
282;0;3;0;2;0;2;3;1;5;2;8;4;2;4;0;3;3;6;2;2.0;1.0;1;3;2;3;3;3;3;4;18;1
194;1;0;0;2;0;0;0;1;5;2;9;2;2;6;3;3;3;6;2;2.0;1.0;2;1;0;1;1;3;3;4;16;1
194;1;0;0;2;0;1;3;1;5;2;8;0;2;6;0;3;3;6;2;2.0;1.0;1;3;2;3;3;3;3;4;11;1
810;2;0;0;2;0;4;5;1;5;2;12;2;2;6;0;3;2;6;0;2.0;1.0;4;1;1;0;2;6;3;4;17;1
810;2;2;0;2;0;3;5;1;5;2;8;4;2;6;0;3;2;6;2;2.0;1.0;1;3;2;3;3;6;3;4;18;1
431;5;3;0;2;0;1;3;1;5;2;11;0;2;4;0;3;3;6;2;1.0;1.0;1;3;2;3;3;3;3;4;0;1
528;1;0;0;2;0;3;3;1;5;2;9;4;2;6;0;3;2;6;7;2.0;2.0;1;2;1;4;2;3;3;4;6;1
528;1;1;0;1;0;2;3;1;5;2;8;0;2;6;0;3;2;6;2;2.0;2.0;1;3;2;3;3;3;3;4;0;1
568;4;2;1;0;0;0;13;1;5;2;9;0;2;6;0;3;2;6;2;2.0;1.0;1;1;0;0;2;3;3;4;11;0
568;4;1;0;2;0;3;5;1;5;2;8;0;2;6;0;3;2;6;2;2.0;1.0;3;1;0;0;2;3;3;4;4;0
553;1;0;0;2;0;2;15;1;1;2;8;2;2;4;0;0;2;6;7;1.0;1.0;9;3;2;3;3;3;3;4;7;0
144;2;2;0;1;0;3;3;1;5;2;9;0;2;6;0;3;3;6;2;2.0;2.0;1;2;1;4;2;6;3;4;9;1
144;2;0;0;1;0;3;3;1;5;2;12;2;2;6;0;3;3;6;7;2.0;2.0;4;1;0;5;2;6;3;4;15;1
912;6;2;0;2;0;2;3;1;4;2;4;0;2;6;2;3;3;6;2;2.0;1.0;1;3;2;3;3;6;3;4;0;1
912;6;3;0;1;0;1;1;1;5;2;8;2;2;6;0;3;3;6;2;2.0;1.0;1;2;1;0;2;3;3;4;18;1
653;0;2;0;2;0;4;5;2;5;2;1;2;2;6;0;3;2;6;2;2.0;1.0;1;0;1;1;2;6;3;4;4;1
653;0;2;1;2;0;4;15;1;0;2;9;2;2;6;0;3;2;6;2;2.0;1.0;1;3;2;3;3;6;3;4;16;1
479;2;0;0;2;0;2;3;1;4;2;9;0;2;4;0;3;0;8;2;2.0;1.0;1;1;0;1;2;3;1;4;1;1
479;2;4;0;2;0;0;3;1;2;2;2;0;8;4;0;3;0;8;6;2.0;1.0;1;3;2;3;3;3;3;4;17;1
741;0;2;1;4;0;3;3;1;2;2;9;0;2;6;0;3;2;6;2;1.0;1.0;4;1;0;0;2;6;3;4;11;0
414;0;1;0;2;0;3;15;1;5;2;12;5;2;6;0;3;3;8;2;1.0;1.0;4;3;2;3;3;6;3;4;6;1
504;6;2;0;1;0;1;13;1;2;2;12;0;2;6;0;0;2;3;6;2.0;2.0;1;1;0;5;2;3;3;4;16;1
504;6;1;0;2;2;0;4;1;5;2;12;1;2;6;0;0;2;3;2;2.0;2.0;3;3;2;3;3;3;3;4;17;1
504;6;1;0;2;0;2;15;1;5;2;2;1;2;6;0;0;2;3;2;2.0;2.0;3;1;0;4;2;3;3;4;0;1
436;4;2;0;3;0;1;11;3;5;2;12;1;2;4;0;3;3;6;2;2.0;1.0;1;0;1;4;2;3;3;4;6;1
436;4;1;0;3;2;2;2;1;5;2;2;1;2;4;0;3;3;6;2;2.0;1.0;8;3;2;3;3;3;3;4;0;1
156;6;2;1;2;0;4;2;1;5;2;2;2;2;4;0;3;3;6;7;2.0;1.0;2;1;0;1;2;2;3;4;0;1
156;6;1;0;2;0;2;15;1;4;2;12;0;2;4;0;3;3;6;7;2.0;1.0;1;2;0;5;2;0;3;4;1;1
588;5;3;0;1;0;2;3;3;2;2;12;0;2;4;0;3;2;6;2;1.0;1.0;3;0;1;0;2;3;3;4;3;1
1016;2;1;0;2;0;2;3;1;2;2;11;5;2;4;0;3;3;6;2;2.0;1.0;3;0;0;4;2;1;3;4;6;1
1016;2;1;0;2;0;4;13;1;4;2;9;0;2;4;0;3;3;6;6;2.0;1.0;2;0;0;4;2;3;3;6;18;1
477;3;1;0;2;0;0;2;1;0;2;12;2;2;4;4;3;3;6;2;1.0;1.0;4;3;2;3;3;3;3;4;6;1
107;2;0;0;2;0;1;13;1;4;2;8;0;2;4;0;0;3;3;2;2.0;3.0;9;1;1;0;2;3;3;4;1;1
107;2;3;0;2;0;0;3;1;4;2;9;0;2;4;0;0;3;3;2;2.0;3.0;1;1;0;1;2;0;3;4;16;1
107;2;3;0;2;0;2;4;1;4;2;12;4;8;4;0;0;3;3;2;2.0;3.0;1;3;2;3;3;3;3;4;0;1
107;2;3;0;3;0;2;13;1;4;2;9;2;2;4;0;0;3;3;6;2.0;3.0;1;3;2;3;3;3;3;4;18;1
135;0;3;0;2;0;2;6;1;2;2;9;0;2;5;0;3;3;6;2;2.0;1.0;1;1;0;1;2;3;3;4;13;1
135;0;0;0;2;0;4;14;1;5;2;9;2;2;5;0;3;3;6;2;2.0;1.0;2;0;0;5;2;6;3;4;13;1
756;5;1;0;2;0;1;3;1;0;2;12;5;2;4;0;3;2;6;6;2.0;1.0;1;1;0;0;2;3;3;4;18;1
756;5;1;0;2;2;4;3;1;2;2;12;0;2;4;4;3;2;6;2;2.0;1.0;1;0;0;1;2;1;3;6;18;1
988;1;2;0;2;0;1;2;1;2;2;12;4;2;6;0;3;3;6;6;2.0;1.0;1;1;0;0;2;3;3;4;18;1
988;1;1;0;3;1;2;3;1;0;2;3;0;2;6;0;3;3;6;2;2.0;1.0;1;3;2;3;3;3;3;4;17;1
391;3;0;0;3;0;2;14;1;1;2;9;0;2;4;0;3;3;6;2;1.0;1.0;3;1;0;5;2;6;3;4;6;1
156;5;2;1;2;0;2;5;1;2;2;9;4;2;6;0;3;3;6;2;2.0;1.0;1;3;2;3;3;6;3;4;0;1
156;5;0;0;2;0;2;5;1;2;2;9;0;2;6;0;3;3;6;2;2.0;1.0;1;0;1;5;2;6;3;4;1;1
482;5;1;0;3;0;4;2;1;0;2;12;2;2;6;0;3;3;6;2;1.0;1.0;1;3;2;3;3;3;2;4;6;0
574;0;4;0;2;0;3;2;1;0;2;8;2;2;5;0;3;3;6;2;2.0;1.0;1;3;2;3;3;3;0;4;6;1
574;0;1;0;2;0;2;2;1;1;2;12;5;2;5;0;3;3;6;2;2.0;1.0;2;1;0;1;2;3;3;4;18;1
212;4;1;0;3;0;0;5;1;5;2;8;3;2;4;0;0;3;3;2;2.0;1.0;9;0;0;0;2;6;3;4;4;1
212;4;3;0;2;0;2;13;1;5;2;9;2;2;4;4;0;3;3;7;2.0;1.0;1;3;2;3;3;3;3;4;0;1
16;4;3;0;2;0;4;2;1;5;2;8;3;6;6;0;3;2;6;6;2.0;2.0;1;1;0;2;2;3;3;4;0;1
16;4;0;0;1;2;1;5;1;5;2;8;3;2;6;0;3;2;6;2;2.0;2.0;1;0;1;0;2;3;3;6;18;1
327;6;3;0;2;0;0;2;2;5;2;12;3;2;4;0;3;3;0;2;2.0;1.0;1;1;0;1;2;3;3;4;18;1
327;6;4;0;2;0;0;15;1;5;2;8;2;2;4;0;3;3;0;6;2.0;1.0;1;3;2;3;3;3;3;4;3;1
343;0;1;0;0;2;1;2;1;5;2;8;2;2;6;1;3;3;6;2;2.0;1.0;1;3;2;3;3;3;3;4;9;1
343;0;2;1;2;0;2;2;3;5;2;8;4;2;6;0;3;3;6;2;2.0;1.0;4;0;0;1;1;3;3;8;16;1
179;0;0;0;3;2;1;2;1;5;2;12;0;2;6;0;0;3;3;7;2.0;3.0;1;1;0;0;2;0;3;4;17;0
179;0;0;0;2;0;0;4;1;5;2;9;2;2;6;0;0;3;3;2;2.0;3.0;5;3;2;3;3;3;3;4;16;0
179;0;3;0;2;2;2;3;1;1;2;9;2;6;6;0;0;3;3;7;2.0;3.0;1;3;2;3;3;3;3;4;4;0
303;0;3;0;2;0;3;2;1;2;2;2;2;2;4;0;3;3;6;2;2.0;2.0;1;1;0;1;2;6;3;4;4;1
303;0;3;0;2;0;1;13;1;2;2;12;2;2;4;3;3;3;6;2;2.0;2.0;1;3;2;3;3;6;3;4;13;1
406;5;2;0;2;0;2;6;1;5;2;9;2;2;4;0;3;3;6;6;2.0;1.0;1;0;0;0;2;3;3;8;18;1
406;5;0;0;2;0;4;3;1;1;2;12;0;2;4;0;3;3;6;2;2.0;1.0;1;3;2;3;3;6;3;4;13;1
897;3;0;0;3;0;1;4;1;1;2;9;0;2;6;0;0;3;3;2;1.0;1.0;9;1;0;0;2;3;3;4;16;1
401;5;4;0;3;2;4;13;1;1;2;9;2;2;5;0;3;3;6;2;1.0;1.0;9;3;2;3;3;6;3;4;6;1
278;2;0;0;2;0;0;5;1;2;2;12;2;2;6;0;3;3;6;7;2.0;2.0;9;1;0;1;1;3;3;4;18;1
278;2;0;0;2;0;2;2;1;5;2;12;2;2;6;0;3;3;6;6;2.0;2.0;5;2;1;2;2;6;3;4;4;1
39;4;0;0;2;0;1;13;1;5;2;12;0;2;1;0;3;3;6;7;2.0;1.0;1;3;2;3;3;6;3;4;0;1
39;4;3;0;2;0;1;4;1;5;2;12;3;2;1;0;3;3;6;2;2.0;1.0;12;3;2;3;3;6;3;4;18;1
951;0;0;0;2;0;1;2;1;5;2;9;2;2;4;0;0;3;3;2;3.0;1.0;4;1;0;5;2;3;3;4;6;1
951;0;2;0;2;0;1;13;1;1;2;1;0;2;4;0;0;3;3;2;3.0;1.0;3;1;0;1;2;0;3;4;18;1
951;0;0;0;2;0;4;7;1;5;2;12;5;2;4;0;0;3;3;2;3.0;1.0;1;3;2;3;3;3;3;4;16;1
576;0;0;0;2;0;4;3;1;5;2;8;0;2;5;2;3;2;6;2;2.0;4.0;1;1;1;0;2;3;3;4;0;1
576;0;0;0;3;0;2;3;1;5;2;12;0;2;5;0;3;2;6;6;2.0;4.0;1;3;2;3;3;3;3;4;17;1
576;0;0;0;2;0;2;11;1;5;2;8;0;2;5;0;3;2;6;6;2.0;4.0;4;3;2;3;3;3;3;4;16;1
576;0;0;0;2;0;1;2;1;5;2;8;4;2;5;0;3;2;6;2;2.0;4.0;2;1;1;0;2;6;3;4;1;1
576;0;0;0;3;0;2;13;1;5;2;8;0;2;5;0;3;2;6;2;2.0;4.0;9;1;0;1;2;3;3;4;2;1
524;0;1;0;2;0;2;13;1;5;2;12;0;2;5;0;0;2;6;2;2.0;1.0;5;0;0;1;2;3;3;4;7;1
524;0;0;0;2;0;4;14;3;5;2;12;3;2;5;0;0;2;6;2;2.0;1.0;1;0;0;0;2;3;3;4;6;1
125;3;3;0;2;0;2;11;1;5;2;8;1;2;6;0;3;3;6;2;2.0;1.0;1;3;2;3;3;3;3;4;7;0
125;3;1;0;2;0;4;5;1;5;2;9;5;2;6;0;3;3;6;2;2.0;1.0;1;1;0;0;2;3;3;4;6;0
471;1;0;0;3;0;3;3;3;1;2;1;0;2;6;0;3;3;6;2;1.0;1.0;1;3;2;3;3;6;3;4;17;1
644;2;3;0;3;0;2;5;1;0;2;12;5;2;6;0;3;2;7;2;1.0;1.0;1;1;0;0;2;3;3;4;6;1
162;1;3;0;3;0;0;13;1;4;2;9;5;2;0;0;0;3;3;2;2.0;1.0;1;1;0;0;2;3;3;4;0;1
162;1;0;0;3;0;2;3;1;5;2;12;5;2;0;0;0;3;3;2;2.0;1.0;1;3;2;3;3;6;3;4;13;1
997;0;0;0;3;0;2;13;1;5;2;12;5;2;6;0;0;3;6;1;1.0;1.0;1;2;1;2;2;6;3;4;6;1
159;3;0;0;3;0;1;13;1;2;2;12;4;2;5;0;3;3;6;2;3.0;1.0;1;1;0;0;2;3;3;4;0;0
159;3;0;0;3;0;2;4;1;5;2;12;2;2;5;0;3;3;6;6;3.0;1.0;5;2;0;2;2;6;3;4;6;0
159;3;2;1;2;0;2;2;1;1;2;12;5;2;5;0;3;3;6;2;3.0;1.0;9;3;2;3;3;3;3;4;6;0
164;2;3;0;2;0;4;3;1;5;2;11;0;2;6;0;0;3;6;2;1.0;1.0;1;0;0;4;2;3;3;4;6;1
479;1;1;0;2;0;4;3;1;5;2;8;2;2;6;0;3;2;6;2;2.0;1.0;9;1;0;0;2;3;3;4;0;0
479;1;1;0;3;0;3;15;1;5;2;8;2;2;6;0;3;2;6;2;2.0;1.0;1;3;2;3;3;6;3;4;0;0
81;5;1;0;3;0;2;1;1;2;2;8;2;2;5;0;3;3;6;2;1.0;1.0;9;0;0;4;2;3;3;4;6;1
261;4;3;0;3;2;2;3;1;5;2;11;2;2;6;0;3;3;6;2;2.0;1.0;1;3;2;3;3;0;3;4;11;1
261;4;4;0;3;0;1;13;3;5;2;11;0;2;6;4;3;3;6;6;2.0;1.0;1;1;1;1;2;3;3;4;0;1
55;0;3;0;3;0;4;15;1;5;2;8;2;2;5;0;3;3;6;6;3.0;1.0;1;2;1;0;2;3;3;4;18;1
55;0;0;0;3;0;1;15;1;5;2;8;2;2;5;0;3;3;6;2;3.0;1.0;1;3;2;3;3;3;3;4;4;1
55;0;2;0;2;0;4;3;3;4;2;11;2;2;5;0;3;3;6;6;3.0;1.0;1;1;0;0;2;3;3;4;0;1
504;3;0;0;2;0;3;3;1;0;2;12;2;2;0;0;3;2;8;6;2.0;1.0;5;1;0;1;1;3;3;4;0;0
504;3;2;1;2;0;1;3;1;4;2;12;2;2;0;0;3;2;8;2;2.0;1.0;1;3;2;3;3;3;3;4;11;0
550;5;0;0;3;0;2;6;1;3;2;12;0;2;4;0;0;2;2;2;1.0;1.0;9;1;0;1;2;0;3;4;4;0
63;1;2;0;3;0;2;5;1;4;2;12;2;2;6;0;3;3;6;6;2.0;3.0;9;3;2;3;3;3;3;4;7;1
63;1;0;0;3;0;0;2;1;5;2;9;0;2;6;0;3;3;6;2;2.0;3.0;9;1;0;0;2;0;3;4;11;1
63;1;0;0;3;0;2;3;3;0;2;12;0;2;6;0;3;3;6;2;2.0;3.0;1;3;2;3;3;6;3;4;16;1
63;1;0;0;2;0;0;3;1;0;2;12;0;2;6;0;3;3;6;2;2.0;3.0;1;0;1;5;2;3;3;4;13;1
227;2;4;0;2;0;2;6;1;5;2;4;0;2;6;0;3;3;5;2;1.0;1.0;1;1;0;0;2;3;3;4;4;1
355;0;2;0;2;2;3;3;1;5;2;8;2;2;6;0;3;3;1;2;2.0;1.0;2;3;2;3;3;6;3;4;7;1
355;0;0;0;1;0;3;3;1;5;2;12;2;2;6;0;3;3;1;2;2.0;1.0;9;1;0;1;2;3;3;4;1;1
416;4;1;0;2;0;2;13;1;4;2;9;0;2;6;0;0;2;5;2;2.0;2.0;1;2;0;1;2;3;3;4;13;1
416;4;1;0;2;0;3;3;1;4;2;8;5;3;6;0;0;2;5;2;2.0;2.0;1;3;2;3;3;3;3;4;9;1
416;4;1;0;2;0;1;2;1;4;2;9;5;2;6;0;0;2;5;2;2.0;2.0;2;2;0;4;2;3;3;4;13;1
907;3;0;0;2;0;1;3;1;5;2;11;2;2;5;0;3;2;3;2;2.0;1.0;1;3;2;3;3;3;3;4;18;1
907;3;3;0;2;0;2;3;1;4;2;8;2;7;5;0;3;2;3;2;2.0;1.0;2;1;0;1;2;3;3;4;4;1
386;5;4;0;3;0;2;3;1;2;2;12;5;2;4;4;3;2;6;2;2.0;2.0;5;0;1;1;2;3;3;4;16;1
386;5;4;0;2;2;2;3;1;4;2;12;0;2;4;0;3;2;6;2;2.0;2.0;1;0;0;5;2;3;3;4;0;1
386;5;0;0;2;0;2;13;1;4;2;2;5;2;4;0;3;2;6;6;2.0;2.0;1;0;0;0;2;3;3;4;4;1
231;5;2;1;2;2;2;2;1;5;2;8;2;2;5;0;3;3;6;2;2.0;1.0;1;0;1;5;2;3;3;6;18;1
231;5;0;0;5;0;1;4;1;5;2;12;2;2;5;0;3;3;6;6;2.0;1.0;1;0;1;2;2;3;3;4;6;1
858;2;0;0;2;0;2;11;1;5;2;8;2;0;6;0;0;2;3;2;1.0;3.0;1;3;2;3;3;3;3;4;18;1
858;2;0;0;2;0;3;2;1;5;2;8;2;2;6;0;0;2;3;2;1.0;3.0;1;1;0;0;2;3;3;4;13;1
858;2;0;0;2;0;0;4;1;4;2;8;2;7;6;3;0;2;3;2;1.0;3.0;1;3;2;3;3;3;3;4;18;1
362;1;2;0;3;0;1;11;1;4;2;2;0;7;5;0;0;3;6;7;2.0;1.0;1;1;0;1;2;3;3;4;13;1
362;1;1;0;3;0;1;13;1;4;2;8;0;6;5;0;0;3;6;2;2.0;1.0;1;1;0;0;2;3;3;4;17;1
963;6;0;0;3;0;2;3;1;2;2;12;3;6;6;0;0;3;6;2;1.0;1.0;1;2;1;0;2;3;3;4;1;1
320;1;0;0;2;0;2;3;1;5;2;12;2;2;4;0;0;3;6;2;2.0;1.0;1;2;1;0;2;3;3;4;18;1
320;1;4;0;2;0;2;3;1;2;2;2;6;3;4;0;0;3;6;7;2.0;1.0;1;0;0;4;1;3;3;4;4;1
926;5;0;0;2;0;4;3;1;0;2;11;0;2;5;0;0;2;8;6;2.0;1.0;1;0;1;1;1;3;3;8;18;1
926;5;4;0;2;0;4;16;1;5;2;2;2;2;5;0;0;2;8;2;2.0;1.0;1;1;0;0;2;3;3;4;17;1
210;0;0;0;2;2;4;3;1;4;2;8;0;2;6;0;0;3;6;2;2.0;1.0;1;3;2;3;3;3;3;4;13;1
210;0;1;0;2;0;6;11;1;1;2;12;5;2;6;0;0;3;6;2;2.0;1.0;1;0;1;1;2;3;3;8;17;1
460;1;4;0;2;0;2;3;1;4;2;2;2;5;6;0;0;2;1;2;2.0;2.0;9;1;1;1;1;3;3;4;18;1
460;1;0;0;2;0;1;3;3;0;2;12;3;2;6;0;0;2;1;2;2.0;2.0;1;3;2;3;3;3;3;4;17;1
460;1;0;0;3;0;2;3;3;4;2;12;3;2;6;0;0;2;1;2;2.0;2.0;1;0;0;1;2;3;3;4;6;1
928;6;3;0;2;0;1;4;2;2;2;8;2;6;6;0;0;2;5;2;2.0;1.0;1;0;0;0;2;3;3;4;19;1
928;6;4;0;1;2;2;13;2;4;2;12;2;2;6;0;0;2;5;6;2.0;1.0;1;1;0;5;2;3;3;4;6;1
489;0;1;0;2;0;4;13;1;1;2;12;2;2;6;0;0;2;5;6;1.0;1.0;4;3;2;3;3;3;3;4;1;1
426;0;2;0;2;0;1;3;3;5;2;9;2;2;6;0;3;2;6;2;2.0;1.0;1;3;2;3;3;3;3;4;16;1
426;0;0;0;3;0;1;13;1;4;2;9;2;2;6;0;3;2;6;2;2.0;1.0;1;2;0;4;2;3;3;4;0;1
179;4;2;0;1;2;4;13;1;2;2;8;0;2;6;3;0;3;3;2;2.0;1.0;1;2;0;4;2;3;3;4;0;1
179;4;0;0;3;0;0;13;1;5;2;1;5;2;6;0;0;3;3;2;2.0;1.0;1;3;2;3;3;3;3;4;18;1
94;6;3;0;2;0;4;13;3;5;2;8;5;0;6;0;0;3;3;2;2.0;2.0;1;1;1;0;2;3;3;4;18;1
94;6;3;0;2;0;2;3;1;2;2;4;5;2;6;0;0;3;3;0;2.0;2.0;1;1;0;1;2;3;3;4;1;1
94;6;2;0;2;2;2;3;1;5;2;12;2;2;6;0;0;3;3;2;2.0;2.0;1;3;2;3;3;3;3;4;0;1
1013;0;4;0;0;0;2;3;1;5;2;9;0;2;4;0;3;3;6;6;2.0;1.0;1;1;0;2;2;3;3;4;16;1
1013;0;1;0;2;0;2;6;3;4;2;9;5;2;4;0;3;3;6;7;2.0;1.0;1;3;2;3;3;3;3;4;1;1
524;3;0;0;2;0;4;3;1;0;2;4;5;2;4;0;3;2;8;2;2.0;1.0;4;3;2;3;3;3;3;4;16;1
524;3;2;0;2;0;0;6;1;1;2;9;0;2;4;0;3;2;8;2;2.0;1.0;1;1;0;0;2;3;3;4;13;1
997;3;0;0;2;0;1;6;1;5;2;9;5;2;6;0;3;3;5;2;1.0;1.0;2;2;1;0;2;3;3;4;2;1
337;6;1;0;2;0;3;3;1;5;2;8;0;2;6;0;3;3;6;2;1.0;1.0;5;2;1;0;2;3;3;4;18;0
431;3;0;0;2;0;4;15;1;1;2;8;3;4;6;3;3;2;6;2;2.0;1.0;1;2;1;1;2;6;3;4;18;1
431;3;1;0;2;0;0;3;1;4;2;8;5;2;6;0;3;2;6;2;2.0;1.0;1;3;2;3;3;6;3;4;18;1
194;2;1;0;0;0;2;13;1;0;2;8;0;4;0;0;3;3;6;2;2.0;1.0;4;1;0;4;2;3;3;4;1;1
194;2;2;0;2;0;2;2;1;5;2;8;4;2;0;0;3;3;6;6;2.0;1.0;5;3;2;3;3;3;3;4;16;1
112;2;3;0;3;2;3;4;1;5;2;8;0;2;6;0;3;3;6;0;2.0;1.0;1;1;0;0;2;3;3;4;9;0
112;2;1;0;2;0;2;15;1;5;2;8;5;2;6;0;3;3;6;2;2.0;1.0;1;0;0;0;2;3;3;6;11;0
442;5;0;0;2;0;4;9;1;4;2;9;5;2;6;0;3;2;6;7;1.0;1.0;5;3;2;3;3;3;3;4;4;1
216;2;4;0;2;0;2;4;1;2;2;9;4;2;6;0;3;3;5;2;2.0;1.0;1;1;0;0;2;3;3;4;1;0
216;2;4;0;2;0;0;15;1;5;2;12;4;2;6;0;3;3;5;2;2.0;1.0;4;1;0;1;2;3;3;4;17;0
250;3;0;0;2;2;1;15;1;2;2;2;0;2;5;2;3;3;3;7;3.0;2.0;1;3;2;3;3;3;3;4;1;0
250;3;3;0;2;0;6;3;1;5;2;1;5;2;5;0;3;3;3;7;3.0;2.0;4;1;0;1;2;3;3;4;18;0
250;3;3;0;2;0;4;3;1;5;2;4;0;2;5;0;3;3;3;2;3.0;2.0;1;3;2;3;3;6;3;4;13;0
250;3;3;0;2;2;1;2;1;5;2;9;5;2;5;0;3;3;3;2;3.0;2.0;9;0;0;1;1;3;3;6;1;0
813;0;0;0;2;0;2;2;1;4;2;9;5;1;5;0;3;0;6;2;2.0;1.0;1;0;1;0;1;3;3;4;4;0
813;0;0;0;2;0;1;3;1;1;2;8;3;2;5;0;3;0;6;2;2.0;1.0;1;3;2;3;3;3;3;4;18;0
992;6;2;0;2;0;0;12;1;1;2;0;0;2;1;0;0;3;8;2;1.0;1.0;1;1;0;0;2;3;3;4;13;1
199;6;0;0;2;0;2;2;1;5;2;13;5;2;6;0;3;3;6;6;3.0;1.0;2;2;1;1;2;3;3;4;18;0
199;6;1;0;2;0;1;12;1;5;2;4;5;2;6;0;3;3;6;2;3.0;1.0;2;2;0;1;2;3;3;4;1;0
199;6;1;0;3;0;2;15;1;5;2;9;1;2;6;0;3;3;6;2;3.0;1.0;2;1;0;0;2;3;3;4;1;0
482;4;0;0;0;2;2;3;3;3;2;9;0;2;4;0;3;0;6;2;2.0;4.0;1;2;1;1;2;3;3;4;17;2
482;4;0;0;2;0;1;2;1;2;2;12;0;2;4;0;3;0;6;2;2.0;4.0;1;0;0;0;2;3;3;4;1;2
482;4;0;0;2;0;1;3;3;5;2;9;5;2;4;0;3;0;6;2;2.0;4.0;1;3;2;3;3;3;3;4;6;2
482;4;0;0;2;0;1;3;1;0;2;6;0;6;4;0;3;0;6;2;2.0;4.0;1;2;1;0;2;3;3;4;6;2
416;0;0;0;2;0;2;3;1;1;2;6;0;6;6;0;0;2;6;2;2.0;2.0;9;0;1;1;2;6;3;8;17;1
416;0;0;0;2;0;0;3;1;5;2;8;3;2;6;0;0;2;6;2;2.0;2.0;1;1;0;5;2;6;3;4;19;1
208;1;2;0;2;2;1;13;1;1;2;9;0;6;6;0;3;3;8;2;2.0;1.0;9;3;2;3;3;3;3;4;18;1
208;1;1;0;1;2;1;2;1;5;2;9;5;2;6;0;3;3;8;2;2.0;1.0;9;1;0;1;2;3;3;4;1;1
882;1;0;0;2;0;2;4;1;5;1;5;5;2;6;0;3;2;6;2;1.0;1.0;1;3;2;3;3;6;3;4;16;0
451;5;0;0;2;2;0;4;1;4;2;9;5;2;4;0;0;3;3;2;1.0;1.0;5;3;2;3;3;6;3;4;18;1
454;3;2;0;2;0;3;3;1;2;0;2;5;2;5;0;3;3;6;2;2.0;1.0;1;1;0;0;1;3;3;4;17;1
454;3;0;0;1;0;0;14;1;5;2;8;0;2;5;3;3;3;6;2;2.0;1.0;5;3;2;3;3;0;3;4;17;1
942;3;1;0;0;0;0;3;1;5;2;8;2;3;4;0;3;3;6;2;1.0;1.0;1;1;0;1;2;3;3;4;16;1
474;0;2;1;2;0;4;6;3;5;2;8;2;4;0;0;3;3;6;6;2.0;4.0;2;0;0;0;2;3;3;4;6;1
474;0;1;0;1;0;0;13;1;1;2;12;0;3;0;0;3;3;6;2;2.0;4.0;1;2;1;4;2;3;3;4;0;1
474;0;1;0;2;0;1;6;1;1;2;12;0;2;0;0;3;3;6;2;2.0;4.0;1;1;0;0;2;3;3;4;1;1
474;0;1;0;0;1;1;2;1;5;2;9;2;2;0;0;3;3;6;2;2.0;4.0;1;1;0;1;2;3;3;4;13;1
474;0;1;0;1;0;4;13;1;5;2;12;2;2;0;0;3;3;6;2;2.0;4.0;1;3;2;3;3;3;3;4;6;1
164;4;2;0;3;0;2;13;1;3;2;12;0;0;6;0;3;3;6;7;2.0;1.0;1;0;0;1;2;3;3;4;7;1
164;4;1;0;1;0;0;14;1;2;2;12;2;2;6;2;3;3;6;2;2.0;1.0;1;1;0;0;2;3;3;4;7;1
396;4;2;0;1;0;2;4;3;2;2;12;0;2;4;0;0;3;6;2;2.0;2.0;1;3;2;3;3;6;3;4;17;1
396;4;1;0;1;0;1;4;1;1;2;12;3;0;4;0;0;3;6;2;2.0;2.0;5;1;0;5;2;6;3;4;1;1
396;4;1;0;2;0;0;13;1;5;2;12;2;2;4;0;0;3;6;2;2.0;2.0;1;3;2;3;3;6;3;4;0;1
564;1;1;0;0;0;4;13;1;1;2;2;2;2;5;4;3;2;6;2;2.0;1.0;1;1;1;0;2;6;3;4;6;1
564;1;0;0;0;0;1;3;1;2;2;12;0;2;5;0;3;2;6;2;2.0;1.0;1;3;2;3;3;3;3;4;18;1
599;6;0;0;3;0;2;2;2;1;2;4;2;2;4;0;3;2;6;2;2.0;1.0;1;1;0;0;2;6;3;4;19;1
599;6;2;0;3;0;0;3;1;5;2;9;3;2;4;0;3;2;6;2;2.0;1.0;2;3;2;3;3;6;3;4;10;1
446;1;4;0;2;0;2;2;3;4;2;12;2;2;4;0;3;2;6;7;2.0;1.0;1;1;1;0;2;6;3;4;0;1
446;1;2;0;2;0;2;3;1;5;2;8;2;2;4;0;3;2;6;2;2.0;1.0;1;0;1;0;2;3;3;4;6;1
927;3;2;1;3;0;2;4;1;5;2;4;6;2;4;0;3;2;6;2;2.0;1.0;5;3;2;3;3;3;3;4;13;1
927;3;4;0;2;0;1;3;1;0;2;4;3;2;4;0;3;2;6;2;2.0;1.0;1;1;0;1;2;3;3;4;2;1
988;6;1;0;2;0;2;5;1;5;2;12;2;2;4;0;0;3;3;2;2.0;1.0;1;1;0;0;2;3;3;4;0;1
988;6;1;0;1;0;1;3;2;4;2;3;2;2;4;0;0;3;3;6;2.0;1.0;1;3;2;3;3;6;3;4;6;1
302;4;1;0;2;0;0;2;1;5;2;8;4;2;4;0;3;3;6;2;1.0;1.0;4;1;0;0;2;3;3;4;16;0
108;5;0;0;2;0;0;5;1;1;2;2;0;2;6;0;3;3;6;2;2.0;2.0;1;3;2;3;3;3;3;4;13;1
108;5;0;0;2;0;2;11;2;2;2;3;0;3;6;0;3;3;6;2;2.0;2.0;1;3;2;3;3;3;3;4;1;1
196;6;4;0;5;0;6;13;1;4;2;8;5;2;4;0;0;3;3;2;2.0;2.0;2;1;0;1;2;3;3;4;3;1
196;6;4;0;2;0;2;13;1;1;2;12;2;4;4;0;0;3;3;2;2.0;2.0;5;3;2;3;3;3;3;4;18;1
196;6;1;0;2;0;0;13;1;0;2;8;0;2;4;2;0;3;3;2;2.0;2.0;1;1;0;0;2;3;3;4;6;1
176;4;2;1;2;0;1;3;1;1;2;8;2;3;6;0;0;3;6;2;1.0;1.0;1;3;2;3;3;3;3;4;18;1
1039;5;2;0;2;0;4;13;1;5;2;12;3;8;4;0;3;3;6;6;2.0;1.0;9;1;0;1;2;3;3;4;1;1
1039;5;3;0;2;2;2;3;1;0;2;8;0;0;4;0;3;3;6;2;2.0;1.0;2;3;2;3;3;6;3;4;17;1
140;4;2;0;1;0;0;5;1;5;2;9;0;2;0;4;3;3;6;2;2.0;1.0;1;0;0;4;2;3;3;4;18;1
140;4;3;0;2;0;4;3;1;5;2;12;2;2;0;0;3;3;6;2;2.0;1.0;1;1;0;1;2;6;3;4;18;1
671;3;1;0;2;0;0;11;1;1;2;8;3;2;0;4;3;2;6;2;1.0;1.0;9;3;2;3;3;3;3;4;1;1
238;4;3;0;2;0;1;3;1;2;2;8;0;3;6;0;0;3;6;0;3.0;4.0;1;1;0;5;2;3;3;4;18;1
238;4;3;0;2;0;4;13;1;5;2;8;5;2;6;0;0;3;6;2;3.0;4.0;1;3;2;3;3;3;3;4;1;1
238;4;3;0;2;0;1;2;1;2;2;12;2;0;6;0;0;3;6;2;3.0;4.0;1;3;2;3;3;3;3;4;18;1
238;4;1;0;3;0;2;4;1;5;2;2;0;2;6;0;0;3;6;6;3.0;4.0;1;1;0;1;2;3;3;4;18;1
169;6;0;0;2;0;2;3;1;5;2;4;0;2;0;0;3;3;6;2;2.0;1.0;1;1;0;2;2;3;3;4;18;1
169;6;1;0;3;0;0;13;1;0;2;8;3;2;0;0;3;3;6;2;2.0;1.0;1;3;2;3;3;6;3;4;1;1
693;4;0;0;3;0;2;3;1;5;2;2;0;2;6;0;3;2;5;2;2.0;2.0;1;1;1;0;2;3;3;4;0;1
693;4;0;0;3;0;2;6;1;5;2;8;0;2;6;0;3;2;5;6;2.0;2.0;1;1;0;4;1;6;3;4;13;1
469;2;2;0;2;0;0;3;1;5;2;8;5;2;6;0;3;3;5;6;1.0;1.0;2;3;2;3;3;3;3;4;0;1
341;2;0;0;2;0;2;13;1;5;2;9;2;2;6;0;0;3;6;2;1.0;1.0;1;0;0;1;2;3;3;4;18;1
990;2;0;0;2;0;2;5;1;2;2;8;2;2;6;0;3;3;6;2;2.0;1.0;1;1;1;0;2;3;3;4;11;1
990;2;1;0;2;0;1;9;1;2;2;9;0;2;6;0;3;3;6;6;2.0;1.0;1;0;1;1;2;3;3;8;4;1
676;3;2;0;2;0;0;5;1;1;2;8;3;2;4;0;3;2;6;6;1.0;1.0;1;3;2;3;3;6;3;4;4;2
548;2;2;1;2;0;2;13;1;1;2;8;3;2;5;0;3;2;6;2;2.0;1.0;1;1;0;1;2;3;3;4;0;1
548;2;1;0;2;0;3;3;1;5;2;12;2;2;5;0;3;2;6;2;2.0;1.0;1;3;2;3;3;3;3;4;17;1
367;0;2;0;2;0;2;13;1;5;2;12;2;2;5;0;3;3;6;2;1.0;1.0;5;1;0;4;1;6;3;4;16;1
579;5;0;0;2;2;2;11;1;4;2;9;2;2;6;0;3;0;6;6;2.0;3.0;9;3;2;3;3;3;3;4;1;1
579;5;0;0;2;2;2;4;1;5;2;2;2;2;6;0;3;0;6;2;2.0;3.0;5;1;0;0;2;3;3;4;1;1
579;5;0;0;2;0;2;3;3;5;2;2;3;2;6;0;3;0;6;2;2.0;3.0;1;3;2;3;3;3;3;4;11;1
105;5;4;0;1;0;1;3;1;1;2;9;3;2;0;0;3;3;6;2;2.0;2.0;1;1;0;1;2;3;3;4;18;1
105;5;4;0;0;0;2;3;1;5;2;8;2;0;0;0;3;3;6;0;2.0;2.0;1;2;0;0;2;6;3;4;16;1
477;1;0;0;2;0;4;2;1;2;2;8;2;0;6;3;3;3;6;2;1.0;2.0;5;2;0;2;2;6;3;4;0;1
477;1;0;0;2;0;3;3;1;1;2;9;2;2;6;0;3;3;6;2;1.0;2.0;1;3;2;3;3;3;3;4;1;1
577;0;2;0;3;0;2;6;1;2;2;2;5;2;5;0;3;2;6;7;2.0;1.0;1;3;2;3;3;6;3;4;18;1
577;0;0;0;3;0;1;6;1;5;2;12;2;2;5;0;3;2;6;2;2.0;1.0;1;1;1;0;2;3;3;4;6;1
1022;5;0;0;2;0;1;3;1;5;2;8;2;2;6;0;3;3;6;2;2.0;1.0;1;3;2;3;3;3;3;4;17;1
1022;5;2;0;2;0;0;5;1;5;2;12;2;2;6;0;3;3;6;2;2.0;1.0;1;1;0;0;2;3;3;4;6;1
421;0;4;0;2;0;1;5;1;5;2;12;2;2;4;0;3;3;6;2;2.0;1.0;1;0;0;0;2;3;3;1;13;1
421;0;2;0;2;0;1;13;1;5;2;12;2;2;4;0;3;3;6;6;2.0;1.0;9;3;2;3;3;3;3;4;18;1
678;1;4;0;2;0;4;3;3;1;2;9;2;2;6;0;3;2;6;2;2.0;1.0;9;1;1;4;1;3;3;4;18;0
678;1;4;0;1;0;3;4;1;3;2;2;0;2;6;0;3;2;6;2;2.0;1.0;1;1;0;0;2;6;3;4;18;0
293;1;2;0;2;0;1;4;1;5;2;12;0;2;4;0;3;3;6;2;3.0;1.0;1;3;2;3;3;3;3;4;1;1
293;1;1;0;1;0;4;13;1;5;2;12;4;2;4;2;3;3;6;2;3.0;1.0;4;0;1;5;2;3;3;6;1;1
293;1;0;0;2;0;4;3;1;5;2;9;2;2;4;0;3;3;6;6;3.0;1.0;1;1;0;1;2;3;3;4;13;1
386;1;2;0;1;0;2;11;1;5;2;8;4;2;6;3;3;3;6;2;1.0;2.0;1;1;0;0;2;3;3;4;0;1
386;1;2;0;2;0;4;9;1;5;2;4;2;2;6;0;3;3;6;6;1.0;2.0;1;1;0;0;1;3;3;4;16;1
440;6;0;0;2;0;0;3;3;5;2;9;3;2;6;0;3;3;6;2;2.0;2.0;1;3;2;3;3;3;3;4;13;1
440;6;0;0;2;0;1;2;1;5;2;8;6;2;6;0;3;3;6;0;2.0;2.0;1;3;2;3;3;3;3;4;6;1
440;6;1;0;3;0;1;3;1;1;2;12;2;2;6;3;3;3;6;2;2.0;2.0;1;1;0;1;2;6;3;4;6;1
482;0;1;0;3;1;2;3;1;5;2;2;5;2;6;0;3;3;6;2;1.0;1.0;1;1;0;1;2;6;3;4;10;1
725;1;0;0;2;0;2;3;1;4;2;4;2;2;0;0;3;2;6;2;3.0;1.0;1;3;2;3;3;3;3;4;17;0
725;1;1;0;1;2;2;0;1;5;2;1;4;2;0;0;3;2;6;2;3.0;1.0;1;1;0;0;2;6;3;4;16;0
725;1;1;0;2;0;4;3;1;5;2;0;0;2;0;0;3;2;6;2;3.0;1.0;5;0;0;5;2;3;3;4;6;0
504;1;0;0;2;0;3;2;1;5;2;12;2;2;6;0;3;3;6;7;1.0;1.0;3;0;0;4;2;6;3;6;13;0
411;0;1;0;2;1;3;3;1;5;2;12;2;2;6;0;3;3;6;0;2.0;3.0;1;1;0;1;2;0;3;4;6;1
411;0;1;0;2;0;4;2;1;5;2;4;2;2;6;0;3;3;6;2;2.0;3.0;1;3;2;3;3;3;3;4;16;1
411;0;1;0;1;2;2;13;3;1;2;12;2;2;6;0;3;3;6;0;2.0;3.0;1;0;1;0;2;3;3;6;0;1
396;3;4;0;3;2;2;4;3;5;2;8;5;2;6;0;3;3;6;2;2.0;1.0;5;3;2;3;3;3;3;4;1;1
396;3;0;0;2;0;1;6;1;5;2;12;5;2;6;0;3;3;6;2;2.0;1.0;1;1;0;0;2;3;3;4;16;1
707;0;0;0;2;0;1;3;1;5;2;8;2;2;4;0;3;2;6;2;2.0;4.0;9;2;1;5;2;3;3;4;6;1
707;0;0;0;0;0;2;4;1;5;2;8;0;2;4;0;3;2;6;8;2.0;4.0;5;0;0;1;2;3;3;4;13;1
707;0;1;0;2;2;1;3;2;5;2;12;5;2;4;0;3;2;6;2;2.0;4.0;1;1;0;4;2;6;3;4;18;1
707;0;1;0;2;0;2;13;3;1;2;12;5;2;4;0;3;2;6;6;2.0;4.0;1;3;2;3;3;6;3;4;1;1
572;0;1;0;2;0;1;3;1;5;2;12;0;2;5;0;3;3;6;2;2.0;1.0;1;0;1;1;1;6;3;4;1;1
572;0;1;0;2;0;2;13;1;4;2;12;5;2;5;0;3;3;6;2;2.0;1.0;1;3;2;3;3;3;3;4;18;1
63;6;0;0;2;0;1;13;1;5;2;9;0;2;6;0;3;3;6;2;2.0;1.0;1;1;0;0;1;3;3;4;1;1
63;6;2;0;3;0;0;13;1;1;2;2;0;2;6;0;3;3;6;7;2.0;1.0;1;1;0;1;1;3;3;4;6;1
446;3;2;0;1;0;2;6;1;1;2;8;3;2;2;0;3;2;6;2;2.0;1.0;1;1;0;5;2;6;3;4;1;1
446;3;2;0;2;2;0;3;1;1;2;2;5;2;3;0;3;2;6;2;2.0;1.0;1;0;0;4;2;3;3;4;18;1
358;5;3;0;2;0;1;2;1;1;2;12;2;2;4;3;3;3;6;2;2.0;2.0;1;0;0;5;2;0;3;4;0;1
358;5;1;0;2;0;0;2;1;5;2;12;5;2;4;0;3;3;6;0;2.0;2.0;1;1;1;0;2;1;3;4;18;1
358;5;1;0;3;0;4;2;1;0;2;11;5;8;4;0;3;3;6;6;2.0;2.0;1;3;2;3;3;3;3;4;7;1
464;1;2;0;2;0;1;3;1;2;2;8;2;0;6;4;3;3;6;2;2.0;1.0;1;3;2;3;3;3;3;4;18;1
464;1;3;0;2;0;1;2;1;3;2;12;5;8;6;0;3;3;6;2;2.0;1.0;1;1;0;1;2;3;3;4;11;1
578;2;2;0;2;0;1;13;1;5;2;8;0;2;5;0;3;3;6;6;2.0;1.0;1;0;1;1;2;3;3;6;10;1
578;2;0;0;2;0;1;5;1;5;2;12;0;2;5;0;3;3;6;2;2.0;1.0;1;0;0;5;2;0;3;4;17;1
367;6;4;0;3;0;1;13;1;1;2;12;2;2;4;0;3;3;6;2;2.0;2.0;1;1;0;0;2;3;3;4;13;1
367;6;0;0;2;0;1;5;1;5;2;8;0;2;4;0;3;3;6;2;2.0;2.0;1;3;2;3;3;3;3;4;0;1
367;6;0;0;3;0;2;13;1;5;2;12;3;2;4;0;3;3;6;0;2.0;2.0;1;1;0;1;2;3;3;4;1;1
987;6;0;0;3;0;1;2;1;5;2;2;5;2;4;0;3;3;6;0;3.0;1.0;1;2;1;1;2;3;3;4;0;1
987;6;3;0;2;0;4;13;1;5;2;8;2;2;4;0;3;3;6;7;3.0;1.0;1;1;1;1;2;3;3;4;10;1
987;6;1;0;2;0;4;3;1;4;2;8;2;2;4;0;3;3;6;2;3.0;1.0;4;2;1;0;2;6;3;4;16;1
72;3;2;0;1;0;4;0;1;1;2;12;0;3;6;0;3;3;8;2;3.0;3.0;9;2;1;4;2;3;3;4;16;1
72;3;2;0;2;0;2;13;1;1;2;9;0;2;6;0;3;3;8;2;3.0;3.0;1;3;2;3;3;3;3;4;1;1
72;3;2;0;2;2;1;2;1;5;2;9;0;2;6;0;3;3;8;7;3.0;3.0;1;1;1;0;2;3;3;4;0;1
72;3;2;1;3;0;0;2;1;2;1;12;2;2;6;0;3;3;8;7;3.0;3.0;9;0;1;0;1;3;3;4;0;1
72;3;2;1;2;0;1;3;1;5;1;12;5;2;6;0;3;3;8;2;3.0;3.0;1;0;0;0;2;3;3;4;1;1
271;3;0;0;2;0;2;13;1;5;2;8;2;8;4;0;3;3;6;2;2.0;1.0;9;0;0;4;2;6;3;6;1;1
271;3;0;0;2;0;2;4;3;5;2;11;3;2;4;0;3;3;6;2;2.0;1.0;1;3;2;3;3;3;3;4;19;1
900;5;3;0;3;2;2;3;1;5;2;12;2;8;5;0;0;3;6;6;2.0;1.0;1;1;0;0;2;3;3;4;11;1
900;5;1;0;1;1;4;3;1;2;2;12;2;1;5;0;0;3;6;2;2.0;1.0;1;1;0;1;2;3;3;4;1;1
1040;3;0;0;2;0;4;2;3;5;2;2;2;2;5;0;3;3;6;6;2.0;1.0;5;2;1;0;2;3;3;4;10;1
1040;3;1;0;2;0;0;3;1;5;2;8;2;0;5;0;3;3;6;2;2.0;1.0;5;3;2;3;3;3;3;4;6;1
684;6;0;0;1;2;2;11;1;5;2;12;2;0;6;2;0;3;6;2;2.0;1.0;1;1;0;1;2;6;3;4;13;1
684;6;1;0;2;0;1;2;3;5;2;9;3;2;6;0;0;3;6;6;2.0;1.0;2;3;2;3;3;3;3;4;18;1
581;5;2;1;2;0;2;3;1;5;2;8;2;2;6;0;0;2;3;2;2.0;1.0;1;3;2;3;3;3;3;4;16;1
581;5;1;0;2;0;1;7;1;5;2;8;0;2;6;0;0;2;3;2;2.0;1.0;1;1;0;1;2;3;3;4;3;1
553;2;2;0;2;0;4;3;1;3;2;8;2;2;5;0;3;3;6;6;2.0;1.0;1;0;0;0;2;3;3;4;1;1
553;2;0;0;3;0;2;2;2;0;2;2;2;2;5;0;3;3;6;6;2.0;1.0;1;0;0;0;2;3;3;4;18;1
199;0;2;0;2;0;2;13;1;5;2;8;2;2;6;0;3;3;8;2;2.0;2.0;9;3;2;3;3;3;3;4;13;1
199;0;0;0;0;0;0;13;1;0;2;8;2;0;6;0;3;3;8;2;2.0;2.0;1;1;0;0;2;3;3;4;16;1
199;0;0;0;3;0;4;13;1;5;2;8;2;0;6;0;3;3;8;2;2.0;2.0;1;2;0;0;2;3;3;4;16;1
509;2;0;0;3;0;2;11;1;2;2;8;2;2;5;0;3;3;6;2;2.0;1.0;1;1;1;1;2;6;3;4;18;1
509;2;1;0;3;0;1;13;1;5;2;12;2;2;5;0;3;3;6;2;2.0;1.0;1;2;0;1;2;3;3;4;18;1
543;4;2;0;3;0;1;3;1;5;2;9;3;2;4;0;3;3;6;2;2.0;1.0;1;0;1;0;2;3;3;6;11;1
543;4;4;0;2;0;2;3;1;5;2;2;0;2;4;0;3;3;6;2;2.0;1.0;9;0;1;1;2;3;3;4;10;1
401;3;0;0;2;0;0;4;1;5;2;12;2;2;6;0;3;3;1;2;2.0;1.0;1;0;1;0;1;3;3;4;0;1
401;3;1;0;2;0;2;12;1;5;2;1;2;2;6;0;3;3;1;2;2.0;1.0;1;2;1;4;2;3;3;4;1;1
492;3;1;0;2;0;2;3;1;4;2;9;2;2;0;0;3;3;6;2;2.0;1.0;9;2;1;5;2;0;3;4;6;1
492;3;4;0;0;0;2;3;1;2;2;8;0;2;0;0;3;3;6;2;2.0;1.0;9;3;2;3;3;3;3;4;13;1
227;5;3;0;2;0;4;3;1;5;2;1;5;2;4;0;3;3;6;2;2.0;1.0;1;1;0;1;2;3;3;4;13;1
227;5;2;0;3;0;1;14;3;5;2;8;5;0;4;2;3;3;6;2;2.0;1.0;4;0;1;5;2;6;3;6;0;1
63;6;3;0;2;0;2;5;1;2;2;4;5;2;6;0;3;3;6;2;2.0;1.0;4;1;0;0;2;6;3;4;16;1
63;6;3;0;2;0;2;4;1;5;2;12;2;2;6;2;3;3;6;2;2.0;1.0;1;3;2;3;3;0;3;4;9;1
332;5;1;0;2;2;2;13;1;1;2;8;3;4;5;0;3;3;6;2;2.0;2.0;9;3;2;3;3;6;3;4;18;1
332;5;1;0;1;0;1;14;1;4;2;8;5;2;5;0;3;3;6;6;2.0;2.0;5;3;2;3;3;3;3;4;19;1
332;5;0;0;2;0;4;0;1;0;2;8;0;4;5;0;3;3;6;2;2.0;2.0;1;1;0;1;2;3;3;4;11;1
576;5;2;0;2;0;3;0;1;5;2;8;4;2;6;0;3;2;5;2;2.0;1.0;1;1;0;1;2;3;3;4;6;1
576;5;0;0;2;0;3;3;1;5;2;8;0;2;6;0;3;2;5;2;2.0;1.0;1;3;2;3;3;6;3;4;10;1
244;0;1;0;2;2;2;3;1;5;2;8;5;2;4;0;3;3;6;2;2.0;1.0;1;3;2;3;3;0;3;4;13;1
244;0;4;0;2;0;1;3;1;4;2;9;5;2;4;0;3;3;6;2;2.0;1.0;1;1;0;0;2;3;3;4;3;1
396;2;0;0;2;0;2;2;1;2;2;9;4;2;4;0;0;3;6;0;3.0;1.0;1;3;2;3;3;6;3;4;10;1
396;2;2;0;3;0;5;5;1;5;2;12;4;2;4;0;0;3;6;6;3.0;1.0;1;0;1;0;2;3;3;4;0;1
396;2;2;0;2;0;4;3;1;2;2;2;0;2;4;0;0;3;6;2;3.0;1.0;1;1;1;0;2;3;3;4;1;1
13;0;2;0;2;2;4;11;1;5;2;1;5;2;4;0;3;2;6;6;2.0;2.0;1;3;2;3;3;3;3;4;18;1
13;0;4;0;2;0;4;3;1;5;2;4;0;2;4;0;3;2;6;2;2.0;2.0;1;1;0;1;2;3;3;4;18;1
13;0;4;0;2;0;4;3;1;5;2;9;5;2;4;0;3;2;6;2;2.0;2.0;1;3;2;3;3;6;3;4;16;1
13;4;4;0;2;2;2;3;1;4;2;9;5;1;6;0;3;2;6;2;2.0;1.0;1;1;0;1;2;3;3;4;13;1
13;4;2;0;2;0;3;3;1;1;2;8;3;2;6;0;3;2;6;2;2.0;1.0;9;3;2;3;3;3;3;4;13;1
923;3;4;0;2;0;1;3;1;1;2;0;0;2;6;0;0;3;7;2;2.0;2.0;1;0;0;0;2;3;3;8;19;1
923;3;4;0;2;0;2;4;1;5;2;13;5;2;6;0;0;3;7;6;2.0;2.0;9;0;0;4;2;6;3;4;1;1
923;3;3;0;0;0;0;16;1;5;2;4;5;2;6;0;0;3;7;2;2.0;2.0;9;1;1;0;2;3;3;4;1;1
820;2;2;1;2;0;0;4;1;5;2;9;1;2;5;0;3;2;6;6;1.0;1.0;1;3;2;3;3;3;3;4;16;1
206;1;2;0;2;0;0;2;3;3;2;9;0;2;6;0;3;3;8;2;2.0;1.0;1;3;2;3;3;3;3;4;0;1
206;1;3;0;4;0;2;11;1;2;2;12;0;2;6;0;3;3;8;2;2.0;1.0;1;1;0;2;2;1;3;4;0;1
705;6;1;0;2;0;4;4;3;5;2;9;5;2;0;0;3;2;6;2;2.0;1.0;1;3;2;3;3;0;3;4;6;1
705;6;4;0;2;0;4;13;1;0;2;6;0;6;0;0;3;2;6;2;2.0;1.0;1;1;0;1;2;3;3;4;1;1
205;4;1;0;2;0;2;13;1;1;2;6;0;6;6;0;3;3;6;2;2.0;1.0;1;1;0;1;2;6;3;4;0;1
205;4;0;0;2;0;1;3;1;5;2;8;3;2;6;0;3;3;6;2;2.0;1.0;1;3;2;3;3;3;3;4;10;1
299;6;0;0;2;0;3;3;1;1;2;9;0;6;6;0;3;3;6;2;2.0;2.0;5;3;2;3;3;3;3;4;6;0
299;6;3;0;2;0;0;4;1;5;2;9;5;2;6;0;3;3;6;2;2.0;2.0;1;1;0;4;2;3;3;4;18;0
513;3;0;0;2;0;2;4;1;5;1;5;5;2;6;0;3;3;6;2;2.0;1.0;1;3;2;3;3;3;3;4;16;1
513;3;2;0;2;0;3;13;1;4;2;9;5;2;6;0;3;3;6;2;2.0;1.0;8;2;0;1;2;6;3;4;16;1
576;4;4;0;3;0;2;5;1;2;0;2;5;2;4;0;0;3;0;2;3.0;4.0;2;3;2;3;3;6;3;4;16;1
576;4;4;0;2;0;1;2;1;5;2;8;0;2;4;0;0;3;0;0;3.0;4.0;1;1;0;4;2;3;3;4;1;1
576;4;1;0;2;0;2;11;1;5;2;8;2;3;4;0;0;3;0;6;3.0;4.0;5;1;0;4;2;3;3;4;13;1
576;4;4;0;3;0;2;3;3;5;2;8;2;4;4;0;0;3;0;2;3.0;4.0;9;3;2;3;3;6;3;4;6;1
304;0;1;0;2;0;4;3;1;1;2;12;0;3;0;0;3;3;6;2;2.0;1.0;1;0;0;4;2;3;3;4;10;1
304;0;0;0;2;0;0;13;1;1;2;12;0;2;0;0;3;3;6;6;2.0;1.0;5;2;1;1;2;6;3;4;0;1
701;0;0;0;1;0;3;11;1;5;2;9;2;2;6;0;3;2;6;2;2.0;2.0;9;2;1;1;2;3;3;4;16;1
701;0;0;0;3;0;4;13;1;5;2;12;2;2;6;0;3;2;6;2;2.0;2.0;1;2;1;5;2;3;3;4;0;1
401;6;4;0;1;2;0;0;1;3;2;12;0;0;4;0;3;3;6;2;1.0;1.0;1;2;0;5;2;3;3;4;7;1
467;2;1;0;2;0;1;3;1;2;2;12;2;2;6;0;3;3;6;0;2.0;1.0;9;2;1;5;2;3;3;4;13;1
467;2;1;0;2;0;2;3;3;2;2;12;0;2;6;0;3;3;6;0;2.0;1.0;1;2;0;5;2;3;3;4;16;1
499;3;3;0;1;2;1;3;1;1;2;12;3;0;5;0;3;3;6;7;3.0;1.0;3;3;2;3;3;3;3;4;18;1
499;3;1;0;1;0;4;3;1;5;2;12;2;2;5;0;3;3;6;2;3.0;1.0;1;1;0;5;2;3;3;4;6;1
499;3;1;0;2;0;0;13;1;1;2;2;2;2;5;0;3;3;6;2;3.0;1.0;1;1;0;1;2;3;3;4;1;1
140;4;1;0;3;0;0;13;1;2;2;12;0;2;5;0;3;3;6;2;2.0;2.0;9;3;2;3;3;3;3;4;16;1
140;4;1;0;1;0;0;3;2;1;2;4;2;2;5;0;3;3;6;7;2.0;2.0;1;2;1;4;2;6;3;4;16;1
140;4;1;0;0;0;2;11;1;5;2;9;3;2;5;0;3;3;6;7;2.0;2.0;1;0;1;1;1;3;3;4;18;1
503;1;0;0;2;0;2;5;3;4;2;12;2;2;6;0;3;3;6;2;2.0;4.0;1;3;2;3;3;3;3;4;7;1
503;1;0;0;2;0;2;5;1;5;2;8;2;2;6;0;3;3;6;2;2.0;4.0;1;1;0;2;2;6;3;4;6;1
503;1;0;0;3;2;2;3;1;5;2;4;6;2;6;0;3;3;6;2;2.0;4.0;1;1;0;1;2;3;3;4;6;1
503;1;3;0;3;0;2;5;1;0;2;4;3;2;6;0;3;3;6;6;2.0;4.0;9;3;2;3;3;0;3;4;0;1
1007;3;1;0;1;2;2;5;1;5;2;12;2;2;6;0;3;3;6;2;2.0;1.0;1;1;0;0;2;3;3;4;6;1
1007;3;2;0;2;0;2;13;2;4;2;3;2;2;6;0;3;3;6;6;2.0;1.0;1;3;2;3;3;3;3;4;1;1
259;6;1;0;2;2;0;3;1;5;2;8;4;2;4;0;0;3;6;2;2.0;2.0;9;3;2;3;3;3;3;4;6;1
259;6;1;0;2;0;1;13;1;1;2;2;0;2;4;0;0;3;6;2;2.0;2.0;9;3;2;3;3;3;3;4;6;1
259;6;1;0;2;2;2;3;2;2;2;3;0;3;4;0;0;3;6;6;2.0;2.0;1;1;0;1;2;3;3;4;10;1
473;0;1;0;2;2;4;3;1;4;2;8;5;2;6;0;3;3;6;2;1.0;1.0;1;1;1;1;2;3;3;4;6;1
931;3;0;0;1;0;2;11;1;1;2;12;2;4;4;0;3;3;6;2;2.0;1.0;1;3;2;3;3;3;3;4;18;0
931;3;1;0;1;2;1;3;1;0;2;8;0;2;4;0;3;3;6;6;2.0;1.0;1;3;2;3;3;3;3;4;6;0
315;0;0;0;2;0;2;3;1;1;2;8;2;3;1;0;3;3;6;6;2.0;1.0;1;1;0;0;2;3;3;4;7;1
315;0;1;0;3;0;1;3;1;5;2;12;3;8;1;0;3;3;6;2;2.0;1.0;1;3;2;3;3;0;3;4;11;1
83;6;2;0;3;0;2;11;1;0;2;8;0;0;4;0;3;3;6;2;1.0;1.0;1;1;1;1;2;3;3;4;18;1
148;5;2;0;2;0;0;3;1;5;2;9;0;2;6;0;3;3;6;2;1.0;1.0;1;1;0;1;2;3;3;4;6;0
307;4;2;0;2;0;2;2;1;5;2;12;2;2;6;0;3;3;6;2;2.0;1.0;1;3;2;3;3;3;3;4;16;1
307;4;1;0;2;0;2;2;1;1;2;8;3;2;6;0;3;3;6;2;2.0;1.0;1;1;0;0;2;3;3;4;16;1
450;6;1;0;2;0;1;6;1;5;2;2;0;2;4;0;3;3;6;2;2.0;2.0;2;1;0;1;2;3;3;4;1;1
450;6;3;0;1;0;1;6;1;5;2;8;0;2;4;0;3;3;6;2;2.0;2.0;1;3;2;3;3;6;3;4;17;1
140;5;2;0;2;0;4;13;1;5;2;8;5;2;6;0;3;3;6;2;2.0;1.0;1;3;2;3;3;3;3;4;13;1
140;5;0;0;2;0;1;13;1;5;2;9;2;2;6;0;3;3;6;2;2.0;1.0;2;1;0;0;2;6;3;4;1;1
702;6;0;0;2;0;0;5;1;2;2;8;2;2;4;0;0;2;3;2;2.0;1.0;5;2;1;5;2;6;3;4;18;1
702;6;0;0;2;0;1;2;1;2;2;9;0;2;4;0;0;2;3;2;2.0;1.0;1;1;0;4;2;3;3;4;16;1
629;1;3;0;2;0;2;13;1;1;2;8;3;2;6;0;3;3;6;2;1.0;1.0;1;3;2;3;3;3;3;4;0;1
441;3;0;0;2;0;0;3;1;1;2;8;3;2;6;0;3;3;8;6;3.0;1.0;1;1;0;0;2;3;3;4;18;1
441;3;2;0;3;0;0;2;1;5;2;12;2;2;6;0;3;3;8;2;3.0;1.0;9;3;2;3;3;1;3;4;18;1
441;3;2;0;2;0;1;9;1;5;2;12;2;2;6;0;3;3;8;7;3.0;1.0;1;1;0;4;2;6;3;4;19;1
351;5;0;0;2;0;4;3;1;4;2;9;2;2;5;0;3;3;6;2;1.0;1.0;1;3;2;3;3;6;3;4;17;1
77;1;3;0;2;0;3;3;1;5;2;2;2;2;4;0;3;3;6;6;3.0;1.0;1;1;0;0;2;3;3;4;1;1
77;1;0;0;2;0;4;13;3;5;2;2;3;2;4;0;3;3;6;2;3.0;1.0;1;3;2;3;3;0;3;4;18;1
77;1;3;0;3;2;2;3;1;1;2;9;3;2;4;0;3;3;6;2;3.0;1.0;5;3;2;3;3;3;3;4;6;1
355;0;1;0;3;0;4;0;1;5;2;8;2;0;4;0;3;3;6;2;2.0;1.0;1;1;0;0;2;3;3;4;18;1
355;0;0;0;2;0;0;13;1;2;2;8;2;0;4;0;3;3;6;2;2.0;1.0;1;1;0;0;2;3;3;4;0;1
439;1;0;0;2;0;2;0;1;1;2;9;2;2;4;0;3;3;6;2;2.0;3.0;4;3;2;3;3;3;3;4;11;1
439;1;1;0;1;2;2;13;1;2;2;2;5;2;4;0;3;3;6;0;2.0;3.0;1;2;1;4;2;6;3;4;6;1
439;1;1;0;3;0;1;13;1;5;2;12;2;2;4;0;3;3;6;6;2.0;3.0;9;1;0;0;2;3;3;4;13;1
258;1;3;0;2;0;2;13;1;5;2;8;2;2;3;0;3;3;6;2;2.0;1.0;9;0;1;4;1;1;3;8;18;1
258;1;1;0;2;0;2;5;1;5;2;12;2;2;3;0;3;3;6;2;2.0;1.0;1;3;2;3;3;3;3;4;11;1
319;1;0;0;1;2;0;5;1;5;2;12;2;2;5;0;3;3;6;6;2.0;1.0;5;1;0;1;2;3;3;4;6;1
319;1;4;0;2;0;0;11;1;5;2;12;2;2;5;0;3;3;6;2;2.0;1.0;1;3;2;3;3;3;3;4;6;1
408;2;0;0;2;0;0;13;3;1;2;9;2;2;4;0;3;3;6;2;2.0;1.0;1;1;0;0;2;3;3;4;13;1
408;2;1;0;2;0;4;3;1;3;2;2;0;2;4;0;3;3;6;2;2.0;1.0;1;3;2;3;3;3;3;4;6;1
1008;0;3;0;2;0;0;4;1;4;2;9;2;2;5;0;3;3;6;2;1.0;1.0;1;1;0;1;2;3;3;4;7;1
1017;6;3;0;1;2;4;3;1;2;2;8;0;2;6;0;0;3;6;2;2.0;1.0;1;2;0;0;2;3;3;4;1;1
1017;6;0;0;2;0;4;6;1;5;2;1;5;2;6;0;0;3;6;2;2.0;1.0;1;2;1;0;2;3;3;4;18;1
434;2;2;1;2;0;0;0;3;5;2;8;5;0;6;0;3;3;6;7;2.0;3.0;1;1;0;1;2;3;3;4;18;1
434;2;0;0;2;0;0;11;1;2;2;4;5;2;6;0;3;3;6;2;2.0;3.0;1;1;0;0;2;6;3;4;0;1
434;2;0;0;1;0;1;3;1;5;2;12;2;2;6;0;3;3;6;6;2.0;3.0;5;3;2;3;3;3;3;4;10;1
468;0;1;0;2;0;1;13;1;5;2;9;0;2;6;0;3;3;6;2;1.0;1.0;1;1;0;0;1;3;3;4;0;1
734;1;0;0;2;0;0;11;3;4;2;9;5;2;6;0;3;2;6;2;1.0;1.0;8;0;1;5;2;3;3;7;1;2
7;2;2;0;3;0;2;13;1;0;2;4;5;2;6;0;3;2;6;2;2.0;3.0;1;0;0;4;2;3;3;6;13;1
7;2;2;0;2;0;2;5;1;1;2;9;0;2;6;0;3;2;6;2;2.0;3.0;1;3;2;3;3;3;3;4;18;1
7;2;1;0;2;0;0;13;1;5;2;9;5;2;6;0;3;2;6;2;2.0;3.0;1;1;0;5;2;3;3;4;0;1
165;0;1;0;3;2;1;13;1;5;2;8;0;2;5;0;3;3;6;2;1.0;1.0;4;1;0;0;2;1;3;4;13;1
408;3;0;0;3;0;2;3;1;5;2;8;5;2;6;0;3;3;6;6;2.0;1.0;1;1;0;1;2;6;3;4;11;1
408;3;0;0;2;2;0;0;1;4;2;9;5;2;6;0;3;3;6;2;2.0;1.0;1;3;2;3;3;3;3;4;6;1
983;0;3;0;3;0;4;3;1;2;2;9;4;2;4;0;3;3;6;2;1.0;1.0;9;1;0;1;2;3;3;4;1;1
785;4;2;0;2;0;2;3;1;5;2;12;4;2;4;0;3;2;6;2;2.0;1.0;1;3;2;3;3;6;3;4;10;1
785;4;0;0;2;0;1;4;1;2;2;2;0;2;4;0;3;2;6;7;2.0;1.0;9;0;1;5;2;3;3;6;18;1
372;0;3;0;3;0;4;5;1;5;2;1;5;2;4;0;3;3;6;2;2.0;1.0;1;0;1;0;2;3;3;2;13;1
372;0;3;0;2;0;1;13;1;5;2;4;0;2;4;0;3;3;6;2;2.0;1.0;1;1;0;0;2;3;3;4;1;1
346;6;1;0;3;0;4;13;1;5;2;9;5;2;0;0;3;3;8;2;1.0;1.0;1;3;2;3;3;3;3;4;0;1
452;6;2;0;2;0;4;13;1;4;2;9;5;1;5;0;3;3;6;7;3.0;1.0;1;3;2;3;3;4;3;4;18;1
452;6;0;0;2;0;1;6;1;1;2;8;3;2;5;0;3;3;6;6;3.0;1.0;11;1;0;2;2;3;3;4;9;1
452;6;0;0;2;0;4;13;1;1;2;0;0;2;5;0;3;3;6;2;3.0;1.0;1;2;0;1;2;3;3;4;0;1
205;4;3;0;2;0;4;13;1;5;2;13;5;2;6;0;0;3;3;2;2.0;1.0;1;0;1;0;2;3;3;5;16;1
205;4;0;0;2;0;3;9;1;5;2;4;5;2;6;0;0;3;3;2;2.0;1.0;1;1;1;1;2;3;3;4;18;1
156;6;1;0;2;2;4;13;1;5;2;9;1;2;6;0;3;3;6;2;1.0;1.0;1;3;2;3;3;3;3;4;2;1
366;0;3;0;1;1;4;7;3;3;2;9;0;2;4;0;3;3;6;2;2.0;1.0;1;3;2;3;3;3;3;4;18;0
366;0;4;0;2;0;2;3;1;2;2;12;0;2;4;2;3;3;6;2;2.0;1.0;1;1;0;4;1;6;3;4;0;0
643;5;0;0;3;0;2;13;3;5;2;9;5;2;4;0;3;3;6;2;1.0;1.0;0;0;0;5;2;3;3;7;18;1
318;5;0;0;2;0;2;4;1;0;2;6;0;6;4;0;3;3;6;6;3.0;1.0;4;1;0;1;2;3;3;4;1;1
318;5;3;0;2;0;2;0;1;1;2;6;0;6;4;0;3;3;6;6;3.0;1.0;3;3;2;3;3;5;3;4;6;1
318;5;2;1;2;2;3;11;1;5;2;8;3;2;4;0;3;3;6;2;3.0;1.0;9;1;0;0;2;3;3;4;0;1
343;5;4;0;2;0;2;3;1;1;2;9;0;6;6;0;3;3;6;2;2.0;1.0;9;3;2;3;3;3;3;4;16;0
343;5;4;0;3;0;1;5;1;5;2;9;5;2;6;0;3;3;6;2;2.0;1.0;1;0;1;0;2;3;3;5;18;0
386;6;0;0;2;2;1;3;1;5;1;5;5;2;6;0;3;3;6;2;2.0;2.0;4;0;1;0;2;1;3;5;17;0
386;6;1;0;3;0;1;3;1;4;2;9;5;2;6;0;3;3;6;2;2.0;2.0;1;1;0;1;2;1;3;4;17;0
114;6;3;0;2;2;1;3;1;2;0;2;5;2;4;0;0;3;6;0;3.0;1.0;1;3;2;3;3;6;3;4;16;1
114;6;1;0;2;0;4;13;1;5;2;8;0;2;4;1;0;3;6;2;3.0;1.0;11;0;1;0;2;3;3;6;1;1
114;6;2;0;2;0;1;3;1;5;2;8;2;3;4;0;0;3;6;6;3.0;1.0;1;3;2;3;3;3;3;4;1;1
563;1;4;2;2;0;0;3;3;5;2;8;2;4;6;0;0;3;6;7;2.0;3.0;1;1;0;5;2;3;3;4;18;1
563;1;0;0;2;0;1;5;1;1;2;12;0;3;6;0;0;3;6;2;2.0;3.0;11;3;2;3;3;3;3;4;16;1
563;1;0;0;2;0;0;12;1;1;2;12;0;2;6;0;0;3;6;2;2.0;3.0;0;1;0;0;2;3;3;4;18;1
530;0;2;0;2;0;2;3;1;5;2;9;2;2;6;0;3;3;6;2;2.0;2.0;1;0;1;1;2;3;3;8;18;0
530;0;2;0;2;0;2;5;1;5;2;12;2;2;6;0;3;3;6;2;2.0;2.0;9;1;0;0;2;1;3;4;0;0
530;0;1;0;3;2;1;11;1;3;2;12;0;0;6;0;3;3;6;2;2.0;2.0;3;3;2;3;3;3;3;4;1;0
377;0;1;0;3;0;3;11;1;2;2;12;2;2;6;0;3;3;6;2;1.0;1.0;1;3;2;3;3;3;3;4;18;1
231;4;0;0;2;0;2;3;3;2;2;12;0;2;5;0;3;3;6;2;2.0;1.0;1;1;0;0;2;3;3;4;3;1
231;4;1;0;2;0;4;13;1;1;2;12;3;0;5;0;3;3;6;6;2.0;1.0;4;3;2;3;3;3;3;4;16;1
620;4;2;0;1;0;0;3;1;5;2;12;2;2;0;0;3;3;6;0;2.0;1.0;9;1;0;1;2;0;3;4;13;1
620;4;1;0;2;2;2;5;1;1;2;2;2;2;0;0;3;3;6;2;2.0;1.0;1;2;1;4;2;3;3;4;10;1
494;6;1;0;2;0;0;3;1;2;2;12;0;2;4;0;3;3;6;7;2.0;2.0;9;1;0;0;2;2;3;4;13;1
494;6;0;0;2;0;4;3;2;1;2;4;2;2;4;0;3;3;6;2;2.0;2.0;1;3;2;3;3;3;3;4;0;1
494;6;0;0;2;0;3;13;1;5;2;9;3;2;4;0;3;3;6;2;2.0;2.0;1;1;1;5;2;6;3;4;5;1
332;6;0;0;3;0;1;3;3;4;2;12;2;2;5;0;0;3;3;7;2.0;1.0;1;0;1;0;2;6;3;6;10;0
332;6;4;0;2;0;2;9;1;5;2;8;2;2;5;0;0;3;3;7;2.0;1.0;1;1;0;0;2;3;3;4;6;0
140;2;3;0;3;0;2;3;1;5;2;4;6;2;6;0;3;3;6;2;3.0;4.0;1;3;2;3;3;3;3;4;18;1
140;2;1;0;2;2;0;3;1;0;2;4;3;2;6;0;3;3;6;2;3.0;4.0;1;0;1;5;2;3;3;8;16;1
140;2;0;0;2;0;2;3;1;5;2;12;2;2;6;0;3;3;6;2;3.0;4.0;1;1;0;5;2;3;3;4;5;1
140;2;0;0;4;1;2;3;2;4;2;3;2;2;6;0;3;3;6;2;3.0;4.0;1;2;1;0;2;6;3;4;10;1
361;2;0;0;1;0;1;0;1;5;2;8;4;2;6;0;3;3;6;2;2.0;1.0;1;3;2;3;3;3;3;4;0;1
361;2;3;0;2;0;0;3;1;1;2;2;0;2;6;0;3;3;6;6;2.0;1.0;1;1;0;1;2;3;3;4;0;1
371;0;0;0;2;0;2;3;2;2;2;3;0;3;0;0;3;3;6;2;2.0;1.0;1;3;2;3;3;3;3;4;0;1
371;0;3;0;2;0;1;3;1;4;2;8;5;2;0;0;3;3;6;2;2.0;1.0;5;1;0;0;2;3;3;4;0;1
157;4;1;0;2;0;5;2;1;1;2;12;2;4;6;0;3;3;6;2;2.0;1.0;5;0;1;0;2;3;3;7;13;1
157;4;0;0;2;0;4;11;1;0;2;8;0;2;6;0;3;3;6;2;2.0;1.0;1;0;1;4;2;3;3;6;18;1
668;4;1;0;2;0;4;13;1;1;2;8;2;3;4;0;3;3;6;2;3.0;1.0;1;1;0;0;2;6;4;4;5;0
668;4;1;0;2;0;2;12;1;5;2;12;3;8;4;0;3;3;6;2;3.0;1.0;3;3;2;3;3;3;3;4;18;0
668;4;3;0;1;0;1;2;1;0;2;8;0;0;4;0;3;3;6;2;3.0;1.0;1;3;2;3;3;3;3;4;6;0
949;0;1;0;1;2;1;5;1;5;2;9;0;2;4;0;3;3;6;2;2.0;2.0;1;1;1;0;2;1;3;4;18;1
949;0;0;0;2;0;3;3;1;5;2;12;2;2;4;0;3;3;6;2;2.0;2.0;1;0;0;0;1;3;3;4;18;1
709;6;0;0;2;2;4;3;1;1;2;8;3;2;6;0;3;2;6;2;2.0;1.0;1;3;2;3;3;3;3;4;18;1
709;6;1;0;2;0;4;6;1;2;2;8;0;3;6;0;3;2;6;2;2.0;1.0;1;1;0;0;2;1;3;4;0;1
732;1;0;0;3;0;1;13;1;5;2;8;5;2;4;0;3;2;6;2;2.0;1.0;3;2;0;4;2;3;3;4;18;1
732;1;0;0;2;0;1;13;1;2;2;12;2;0;4;0;3;2;6;2;2.0;1.0;1;0;0;0;2;3;3;6;16;1
445;5;1;0;4;0;4;15;1;5;2;2;0;2;4;0;3;3;6;2;2.0;1.0;1;1;0;0;2;3;3;4;1;1
445;5;3;0;3;0;2;9;1;5;2;4;0;2;4;0;3;3;6;2;2.0;1.0;5;3;2;3;3;3;3;4;13;1
271;0;0;0;2;0;3;13;1;0;2;8;3;2;4;0;3;3;6;6;2.0;2.0;1;1;0;0;2;3;3;4;6;1
271;0;0;0;3;0;3;11;1;5;2;2;0;2;4;0;3;3;6;2;2.0;2.0;1;3;2;3;3;3;3;4;1;1
271;0;1;0;2;0;3;3;1;5;2;8;0;2;4;0;3;3;6;2;2.0;2.0;1;0;0;0;2;3;3;6;17;1
474;4;0;0;2;0;2;2;1;5;2;8;5;2;4;0;3;3;6;2;2.0;2.0;1;3;2;3;3;3;3;4;18;1
474;4;1;0;2;2;2;2;1;5;2;9;2;2;4;0;3;3;6;2;2.0;2.0;1;1;0;2;2;3;3;4;18;1
231;2;1;0;1;2;2;12;1;2;2;8;2;2;4;0;3;3;6;7;1.0;1.0;2;3;2;3;3;3;3;4;3;1
214;4;0;0;2;0;2;3;1;2;2;9;0;2;0;0;0;3;3;2;2.0;1.0;5;1;0;0;2;3;3;4;18;1
214;4;1;0;2;0;1;14;1;1;2;8;3;2;0;0;0;3;3;2;2.0;1.0;1;0;1;1;2;1;3;8;8;1
354;3;0;0;3;0;2;14;1;1;2;8;3;2;6;0;3;3;6;2;2.0;1.0;1;1;0;0;2;6;3;4;13;1
354;3;1;0;2;0;1;13;1;5;2;12;2;2;6;0;3;3;6;2;2.0;1.0;1;3;2;3;3;3;3;4;17;1
220;4;3;0;2;0;3;13;1;5;2;12;2;2;4;0;3;3;6;2;2.0;1.0;1;3;2;3;3;2;3;4;1;1
220;4;3;0;3;0;1;15;1;4;2;9;2;2;4;0;3;3;6;2;2.0;1.0;1;1;0;1;2;1;3;4;1;1
533;6;2;1;2;0;1;3;1;5;2;2;2;2;6;0;3;3;6;2;2.0;1.0;1;2;0;4;2;3;3;4;19;1
533;6;1;0;2;0;1;12;3;5;2;2;3;2;6;0;3;3;6;2;2.0;1.0;1;0;0;0;2;1;3;8;18;1
411;2;4;0;2;0;2;2;1;1;2;9;3;2;6;0;3;3;6;7;2.0;1.0;1;0;0;0;2;3;3;6;0;1
411;2;0;0;2;0;2;3;1;5;2;8;2;0;6;0;3;3;6;2;2.0;1.0;1;1;0;0;2;1;3;4;0;1
1007;0;1;0;2;0;2;3;1;2;2;8;2;0;6;0;3;3;8;2;1.0;1.0;9;3;2;3;3;3;3;4;13;1
259;6;1;0;2;2;2;3;1;1;2;9;2;2;4;0;3;3;6;2;2.0;1.0;9;1;0;0;2;3;3;4;9;0
259;6;0;0;2;0;1;3;1;2;2;2;5;2;4;0;3;3;6;2;2.0;1.0;4;3;2;3;3;3;3;4;1;0
559;6;2;0;2;0;3;0;1;5;2;12;2;2;0;0;0;3;6;6;2.0;1.0;5;1;1;0;1;6;3;4;0;1
559;6;3;0;2;0;0;15;1;5;2;8;2;2;0;0;0;3;6;2;2.0;1.0;5;3;2;3;3;3;3;4;18;1
244;6;0;0;2;0;3;13;1;5;2;12;2;2;5;0;3;3;6;2;2.0;1.0;1;0;0;4;2;3;3;3;0;1
244;6;1;0;2;0;4;13;1;5;2;12;2;2;5;0;3;3;6;2;2.0;1.0;1;0;0;0;1;0;3;8;0;1
100;2;3;0;2;0;3;11;1;5;2;12;2;2;4;0;3;3;6;2;2.0;1.0;5;3;2;3;3;3;3;4;18;1
100;2;3;0;2;0;1;2;3;1;2;9;2;2;4;0;3;3;6;2;2.0;1.0;5;1;0;0;2;1;3;4;0;1
446;4;1;0;2;0;0;3;1;3;2;2;0;2;6;0;3;3;6;2;1.0;1.0;1;1;0;5;2;3;3;4;6;1
315;1;4;0;3;0;2;4;1;5;2;12;0;2;6;1;3;3;6;2;3.0;2.0;2;3;2;3;3;3;3;4;6;1
315;1;1;0;2;2;3;9;1;5;2;12;4;2;6;0;3;3;6;6;3.0;2.0;5;1;1;1;2;3;3;4;0;1
315;1;0;0;2;0;3;3;1;5;2;9;2;2;6;0;3;3;6;2;3.0;2.0;4;0;1;1;2;3;3;8;3;1
497;3;3;0;6;0;3;4;1;5;2;8;4;2;4;0;3;3;6;2;3.0;1.0;1;1;0;0;2;3;3;4;0;1
497;3;0;0;2;0;0;9;1;5;2;4;2;2;4;0;3;3;6;2;3.0;1.0;1;0;0;0;2;3;3;8;13;1
497;3;3;0;3;2;2;11;3;5;2;9;3;2;4;2;3;3;6;2;3.0;1.0;1;0;0;5;2;3;3;8;18;1
489;3;0;0;2;0;1;13;1;5;2;8;6;2;5;0;3;3;6;0;2.0;1.0;1;1;0;0;2;3;3;4;3;1
489;3;1;0;2;2;3;12;1;1;2;12;2;2;5;0;3;3;6;2;2.0;1.0;1;3;2;3;3;3;3;4;6;1
965;0;0;0;6;0;2;3;1;5;2;2;5;2;4;0;3;3;6;2;2.0;1.0;1;2;1;1;2;3;3;4;0;1
965;0;0;0;6;0;2;14;1;4;2;4;2;2;4;0;3;3;6;6;2.0;1.0;1;3;2;3;3;3;3;4;9;1
198;6;3;0;2;0;2;3;1;5;2;1;4;2;0;0;3;3;6;2;1.0;1.0;1;1;0;0;2;3;3;4;1;1
398;3;2;0;2;0;1;5;1;5;2;0;0;2;0;0;3;3;6;2;2.0;1.0;1;0;0;0;2;3;3;7;6;1
398;3;0;0;2;0;4;15;1;5;2;12;2;2;0;0;3;3;6;2;2.0;1.0;5;3;2;3;3;3;3;4;18;1
139;1;0;0;2;0;2;4;1;5;2;12;2;2;6;0;3;3;6;6;2.0;1.0;1;1;0;0;2;3;3;4;13;1
139;1;0;0;2;0;4;13;1;5;2;4;2;2;6;0;3;3;6;6;2.0;1.0;1;0;0;1;2;3;3;8;17;1
114;3;0;0;2;0;1;2;3;1;2;12;2;2;5;0;3;3;6;2;2.0;1.0;9;1;1;1;2;3;3;4;13;1
114;3;0;0;2;0;3;3;3;5;2;8;5;2;5;0;3;3;6;2;2.0;1.0;1;3;2;3;3;3;3;4;0;1
450;0;0;0;2;0;3;14;1;5;2;12;5;2;6;0;0;3;6;6;2.0;1.0;9;0;0;0;2;3;3;4;18;1
450;0;1;0;2;2;2;15;1;5;2;8;2;2;6;0;0;3;6;6;2.0;1.0;5;0;1;5;2;3;3;4;8;1
907;6;1;0;2;0;1;14;1;5;2;8;0;2;4;0;3;3;6;2;2.0;3.0;1;0;0;1;2;3;3;5;0;1
907;6;4;0;3;0;3;3;2;5;2;12;5;2;4;0;3;3;6;7;2.0;3.0;2;0;1;5;2;3;3;6;6;1
907;6;4;0;2;0;1;12;3;1;2;12;5;2;4;0;3;3;6;2;2.0;3.0;1;0;1;4;2;3;3;0;7;1
118;0;1;0;2;0;2;12;1;5;2;12;0;2;6;0;0;3;3;2;2.0;2.0;5;3;2;3;3;3;3;4;0;0
118;0;1;0;1;0;4;14;1;4;2;12;5;2;6;0;0;3;3;2;2.0;2.0;5;1;1;1;2;6;3;4;0;0
118;0;2;0;1;0;4;15;1;5;2;9;0;2;6;0;0;3;3;2;2.0;2.0;5;2;0;5;2;3;3;4;6;0
605;2;0;0;2;0;2;15;1;1;2;2;0;2;6;0;3;2;6;2;2.0;1.0;0;1;0;0;2;3;3;4;1;1
605;2;3;0;3;0;0;14;1;1;2;8;3;2;6;3;3;2;6;6;2.0;1.0;5;3;2;3;3;6;3;4;16;1
307;3;2;1;3;0;2;16;1;1;2;2;5;2;6;0;3;3;6;6;2.0;1.0;5;1;0;0;2;3;3;4;6;1
307;3;4;2;2;0;2;14;1;1;2;12;2;2;6;0;3;3;6;2;2.0;1.0;5;0;1;0;2;3;3;8;0;1
233;6;1;0;2;0;0;14;1;5;2;12;5;2;4;0;3;3;6;2;1.0;1.0;1;0;1;0;2;1;3;8;6;1
297;6;2;0;2;2;2;6;1;0;2;11;5;8;6;0;3;3;6;2;2.0;1.0;1;1;0;1;2;3;3;4;10;1
297;6;1;0;1;2;4;3;1;2;2;8;2;0;6;0;3;3;6;2;2.0;1.0;1;3;2;3;3;6;3;4;18;1
450;6;2;0;2;2;3;3;1;3;2;12;5;8;6;0;3;3;6;2;2.0;2.0;1;2;1;5;2;3;3;4;1;1
450;6;1;0;6;2;2;4;1;5;2;8;0;2;6;0;3;3;6;2;2.0;2.0;1;1;0;4;2;3;3;4;16;1
319;5;1;0;0;0;4;3;1;5;2;12;0;2;4;0;3;3;6;2;2.0;2.0;1;3;2;3;3;3;3;4;13;1
319;5;3;0;1;0;3;11;1;1;2;12;2;2;4;0;3;3;6;2;2.0;2.0;1;1;0;0;2;3;3;4;13;1
158;4;4;0;2;0;0;3;1;5;2;8;0;2;0;1;3;3;6;2;2.0;2.0;1;3;2;3;3;3;3;4;18;1
158;4;4;0;2;0;4;3;1;5;2;12;3;2;0;0;3;3;6;2;2.0;2.0;1;1;0;0;2;3;3;4;0;1
158;4;1;0;2;2;4;3;1;5;2;2;5;2;0;0;3;3;6;1;2.0;2.0;1;3;2;3;3;3;3;4;0;1
425;4;4;0;2;0;4;14;1;5;2;8;2;2;4;0;0;3;3;2;2.0;2.0;1;3;2;3;3;3;3;4;13;1
425;4;1;0;2;0;5;6;1;4;2;8;2;2;4;0;0;3;3;6;2.0;2.0;2;1;0;1;2;3;3;4;6;1
425;4;1;0;2;0;0;6;1;1;2;12;0;3;4;0;0;3;3;2;2.0;2.0;1;3;2;3;3;3;3;4;10;1
942;0;0;0;5;2;0;15;1;1;2;9;0;2;0;0;3;3;6;2;2.0;1.0;5;3;2;3;3;3;3;4;18;1
942;0;0;0;2;2;3;15;1;5;2;9;0;2;0;0;3;3;6;2;2.0;1.0;1;1;0;1;2;3;3;4;18;1
215;2;0;0;2;2;0;4;1;2;1;12;2;2;5;0;0;3;3;2;2.0;3.0;3;1;1;4;2;3;3;4;16;1
215;2;0;0;2;2;1;3;1;5;1;12;5;2;5;0;0;3;3;2;2.0;3.0;1;3;2;3;3;3;3;4;7;1
215;2;0;0;4;2;2;3;1;5;2;8;2;8;5;0;0;3;3;2;2.0;3.0;1;3;2;3;3;3;3;4;16;1
405;5;1;0;4;2;4;3;3;5;2;11;3;2;6;0;3;3;6;6;1.0;2.0;1;3;2;3;3;3;3;4;16;0
405;5;1;0;2;2;1;14;1;5;2;12;2;8;6;0;3;3;6;6;1.0;2.0;1;1;0;0;2;3;3;4;16;0
373;5;2;0;3;2;4;14;1;2;2;12;2;1;6;0;0;3;3;2;2.0;2.0;4;3;2;3;3;3;3;4;18;1
373;5;1;0;6;2;2;3;3;5;2;2;2;2;6;0;0;3;3;6;2.0;2.0;6;1;0;0;2;3;3;4;13;1
373;5;1;0;2;2;2;11;1;5;2;8;2;0;6;0;0;3;3;6;2.0;2.0;6;0;1;1;2;3;3;6;0;1
947;5;0;0;2;2;2;3;1;5;2;12;2;0;4;0;3;3;6;2;2.0;1.0;6;1;0;4;2;3;3;4;6;1
947;5;1;0;2;2;3;2;3;5;2;9;3;2;4;0;3;3;6;2;2.0;1.0;6;3;2;3;3;3;3;4;1;1
369;4;1;0;2;2;1;10;1;5;2;8;2;2;6;0;3;3;6;6;3.0;2.0;5;2;0;5;2;3;3;4;18;1
369;4;1;0;3;0;1;13;1;5;2;8;0;2;6;0;3;3;6;2;3.0;2.0;6;3;2;3;3;3;3;4;0;1
369;4;1;0;2;0;1;4;1;3;2;8;2;2;6;0;3;3;6;2;3.0;2.0;4;0;1;4;2;3;3;7;10;1
369;4;2;0;2;0;1;15;2;0;2;2;2;2;6;0;3;3;6;2;3.0;2.0;6;0;0;0;2;3;3;8;18;1
341;5;1;0;2;0;2;13;1;5;2;8;2;2;5;0;3;3;6;2;1.0;1.0;6;1;0;1;2;6;3;4;3;0
532;6;0;0;2;0;2;9;1;0;2;8;2;0;6;0;0;3;3;2;2.0;1.0;6;1;0;0;2;0;3;4;18;1
532;6;0;0;2;0;4;3;1;5;2;8;2;0;6;0;0;3;3;2;2.0;1.0;6;1;0;0;2;3;3;4;0;1
937;0;1;0;3;0;2;3;1;2;2;8;2;2;1;0;3;3;6;7;2.0;1.0;6;3;2;3;3;1;3;4;16;1
937;0;2;0;2;0;2;3;1;5;2;12;2;2;1;0;3;3;6;2;2.0;1.0;5;0;0;0;2;6;3;4;0;1
215;6;4;0;2;0;4;11;1;5;2;9;3;2;4;0;3;3;6;6;2.0;1.0;1;2;1;4;2;6;3;4;1;1
215;6;3;0;3;2;2;3;1;5;2;2;0;2;4;0;3;3;6;2;2.0;1.0;1;3;2;3;3;0;3;4;18;1
98;1;2;0;2;2;2;0;1;5;2;12;2;2;5;0;3;3;6;2;4.0;1.0;5;3;2;3;3;6;3;4;17;1
98;1;2;0;2;0;2;0;1;5;2;1;2;2;5;0;3;3;6;2;4.0;1.0;1;1;0;0;1;3;3;4;6;1
98;1;2;0;2;0;3;11;1;5;2;12;2;2;5;0;3;3;6;2;4.0;1.0;1;0;1;1;2;3;3;5;18;1
98;1;1;0;2;0;2;3;1;5;2;4;0;0;5;0;3;3;6;2;4.0;1.0;1;1;0;0;2;3;3;4;6;1
961;5;0;0;2;0;2;8;1;5;2;12;2;2;4;0;3;3;6;2;2.0;1.0;1;3;2;3;3;3;3;4;6;1
961;5;1;0;2;0;2;3;1;5;2;12;5;2;4;0;3;3;6;2;2.0;1.0;1;0;0;1;2;3;3;8;13;1
471;0;1;0;2;0;4;13;1;2;2;2;5;2;6;0;3;3;6;2;1.0;1.0;2;1;0;0;1;3;3;4;11;1
483;5;2;0;1;0;4;3;1;2;2;2;0;2;5;0;3;3;6;2;2.0;1.0;9;3;2;3;3;3;3;4;16;1
483;5;3;0;2;0;4;6;1;5;2;12;2;2;5;0;3;3;6;6;2.0;1.0;8;1;0;1;2;3;3;4;16;1
327;5;0;0;2;0;4;10;1;5;2;12;4;2;0;0;3;3;6;2;1.0;1.0;1;2;0;0;1;3;3;4;1;0
427;1;3;0;2;0;4;3;3;1;2;1;2;2;6;0;3;3;6;6;2.0;3.0;1;2;1;0;2;6;3;4;16;1
427;1;3;0;2;0;4;6;1;1;2;12;0;2;6;0;3;3;6;2;2.0;3.0;1;3;2;3;3;3;3;4;18;1
427;1;1;0;2;0;2;3;1;2;2;8;0;2;6;0;3;3;6;2;2.0;3.0;1;3;2;3;3;3;3;4;13;1
151;3;2;0;2;0;1;13;1;2;2;2;2;2;4;0;3;3;6;2;2.0;1.0;1;3;2;3;3;6;3;4;0;1
151;3;3;0;2;0;3;13;1;1;2;8;2;2;4;0;3;3;6;7;2.0;1.0;1;0;0;0;2;3;3;4;18;1
387;1;4;0;2;0;3;5;1;5;2;8;0;3;4;0;3;3;6;2;3.0;4.0;1;1;0;1;2;3;3;4;11;1
387;1;0;0;2;0;1;13;1;1;2;12;0;2;4;0;3;3;6;2;3.0;4.0;1;3;2;3;3;6;3;4;18;1
387;1;0;0;3;0;3;13;3;5;2;9;2;2;4;0;3;3;6;2;3.0;4.0;1;1;0;1;2;3;3;4;1;1
387;1;3;0;2;0;3;5;1;1;2;8;2;0;4;0;3;3;6;7;3.0;4.0;1;3;2;3;3;6;3;4;10;1
113;5;1;0;2;0;2;0;1;1;2;9;5;2;6;0;3;3;6;6;2.0;4.0;1;2;0;5;2;6;3;4;18;1
113;5;1;0;2;0;2;3;1;5;2;9;2;2;6;0;3;3;6;2;2.0;4.0;5;3;2;3;3;6;3;4;18;1
113;5;1;0;6;0;3;4;1;5;2;12;3;2;6;0;3;3;6;2;2.0;4.0;1;0;0;0;2;3;3;8;0;1
113;5;0;0;2;0;3;11;1;5;2;3;4;2;6;0;3;3;6;2;2.0;4.0;9;1;0;4;2;3;3;4;1;1
324;1;2;0;2;0;0;2;3;5;2;12;0;2;0;0;3;3;6;2;2.0;1.0;5;3;2;3;3;2;3;4;13;1
324;1;4;0;3;0;4;3;1;5;2;12;0;2;0;0;3;3;6;2;2.0;1.0;1;3;2;3;3;3;3;4;18;1
927;1;2;1;3;0;4;3;1;5;2;1;4;0;6;0;3;3;6;2;2.0;1.0;1;3;2;3;3;3;3;4;18;1
927;1;0;0;3;0;3;11;1;5;2;12;0;2;6;0;3;3;6;2;2.0;1.0;1;3;2;3;3;6;3;4;6;1
580;4;1;0;1;0;1;4;1;5;2;12;0;2;4;0;3;2;6;6;2.0;1.0;1;1;0;2;2;6;3;4;13;1
580;4;0;0;2;0;1;13;1;5;2;12;0;2;4;0;3;2;6;6;2.0;1.0;1;3;2;3;3;3;3;4;18;1
534;1;0;0;0;0;4;3;1;3;2;8;2;2;0;0;3;2;6;2;2.0;1.0;1;1;0;0;2;3;3;4;0;1
534;1;3;0;2;0;1;3;1;1;2;12;2;0;0;0;3;2;6;2;2.0;1.0;1;1;0;1;2;3;3;4;6;1
367;5;1;0;2;0;1;13;1;5;2;9;2;2;4;0;3;3;6;2;2.0;1.0;1;3;2;3;3;6;3;4;7;0
367;5;2;0;1;0;0;13;1;2;2;12;0;2;4;0;3;3;6;2;2.0;1.0;1;3;2;3;3;3;3;4;0;0
1007;0;3;0;2;0;2;13;1;5;2;12;0;2;6;0;3;3;6;2;2.0;1.0;5;1;0;1;1;3;3;4;6;1
1007;0;0;0;2;0;3;4;1;5;2;2;0;2;6;0;3;3;6;0;2.0;1.0;2;0;1;1;2;3;3;8;0;1
406;5;2;0;2;0;3;4;1;0;0;8;0;2;4;0;3;3;6;2;3.0;2.0;5;1;0;1;2;6;3;4;16;1
406;5;2;0;3;0;2;3;1;4;2;11;5;2;4;0;3;3;6;6;3.0;2.0;5;0;0;0;2;6;3;5;0;1
406;5;0;0;2;0;3;2;1;1;2;12;0;2;4;0;3;3;6;7;3.0;2.0;2;2;1;1;2;3;3;4;2;1
406;5;0;0;2;0;0;3;1;0;2;8;0;2;4;0;3;3;6;2;3.0;2.0;1;3;2;3;3;3;3;4;16;1
86;0;0;0;3;0;1;3;1;0;2;9;5;8;4;0;3;3;6;2;1.0;1.0;1;3;2;3;3;1;3;4;9;0
67;4;3;0;1;0;0;9;1;0;2;4;4;2;6;0;3;3;6;2;2.0;2.0;1;2;1;5;2;0;3;4;18;1
67;4;1;0;2;0;2;3;1;1;2;12;0;2;6;0;3;3;6;2;2.0;2.0;1;2;1;5;2;3;3;4;18;1
328;5;1;0;2;0;3;3;1;0;2;9;0;2;4;0;3;3;6;2;1.0;1.0;4;1;0;1;2;3;3;4;6;1
1017;0;3;0;1;0;4;5;1;0;2;1;2;2;5;0;3;3;6;2;1.0;1.0;1;3;2;3;3;0;3;4;6;1
148;4;2;1;3;2;2;14;1;5;1;8;5;2;6;0;3;3;6;2;2.0;1.0;1;1;0;0;2;3;3;4;13;1
148;4;1;0;3;0;3;3;1;5;2;5;2;2;6;0;3;3;6;6;2.0;1.0;1;3;2;3;3;3;3;4;18;1
500;4;4;0;2;0;2;3;1;0;2;5;2;2;5;0;3;3;6;0;2.0;1.0;1;1;0;0;2;3;3;4;0;0
500;4;1;0;3;2;2;0;1;0;2;5;0;2;5;0;3;3;6;2;2.0;1.0;1;1;0;1;2;3;3;4;11;0
576;2;2;1;2;0;1;4;3;3;2;5;0;2;6;0;3;2;6;7;3.0;1.0;9;2;1;0;2;3;3;4;18;1
576;2;1;0;2;0;4;13;1;5;2;5;5;8;6;0;3;2;6;2;3.0;1.0;1;3;2;3;3;3;3;4;11;1
576;2;1;0;2;0;2;3;1;5;2;11;5;8;6;0;3;2;6;2;3.0;1.0;1;2;1;0;2;3;3;4;13;1
343;1;1;0;1;0;0;6;1;4;2;5;2;2;4;0;3;3;6;7;2.0;2.0;4;2;0;5;2;3;3;4;18;1
343;1;3;0;3;0;2;3;1;5;2;5;0;2;4;0;3;3;6;7;2.0;2.0;1;1;0;4;2;3;3;4;18;1
794;4;2;0;3;0;1;0;1;5;2;5;2;4;6;0;3;2;8;2;2.0;1.0;1;3;2;3;3;3;3;4;16;1
794;4;0;0;2;0;3;5;1;1;2;5;2;3;6;0;3;2;8;2;2.0;1.0;1;3;2;3;3;3;3;4;16;1
222;6;3;0;2;0;3;3;1;1;2;8;0;3;6;0;3;3;6;2;2.0;1.0;1;1;1;0;2;6;3;4;1;1
222;6;2;1;2;0;2;13;1;1;2;5;0;3;6;0;3;3;6;2;2.0;1.0;1;3;2;3;3;6;3;4;18;1
312;3;0;0;2;2;2;3;1;5;2;5;0;3;1;0;3;3;6;2;2.0;1.0;1;1;1;1;2;3;3;4;10;0
312;3;3;0;3;0;0;4;1;1;2;5;0;2;1;0;3;3;6;6;2.0;1.0;9;1;0;1;2;3;3;4;1;0
920;3;0;0;2;0;2;5;1;5;2;8;0;2;6;0;0;3;6;2;2.0;1.0;1;3;2;3;3;3;3;4;0;0
920;3;0;0;3;0;4;3;1;5;2;1;0;2;6;0;0;3;6;2;2.0;1.0;1;0;0;5;1;3;3;4;7;0
475;2;0;0;2;2;0;3;1;4;2;8;0;2;0;0;3;3;6;2;2.0;2.0;1;2;1;1;2;3;3;4;9;1
475;2;0;0;2;0;2;3;1;1;2;12;2;0;0;0;3;3;6;2;2.0;2.0;1;1;0;1;2;3;3;4;11;1
475;2;0;0;2;0;4;11;1;4;2;9;2;2;0;0;3;3;6;2;2.0;2.0;9;3;2;3;3;1;3;4;0;1
404;4;0;0;3;2;1;2;1;4;2;9;5;2;4;3;3;3;6;2;1.0;1.0;1;3;2;3;3;0;3;4;0;1
980;0;1;0;2;0;2;2;1;5;2;9;0;2;4;0;3;3;6;2;1.0;1.0;5;1;0;1;2;6;3;4;13;0
60;1;3;0;2;0;3;2;1;4;2;12;0;2;0;0;3;3;6;2;1.0;1.0;5;1;0;1;2;3;3;4;13;1
332;3;2;0;2;0;2;6;1;5;2;8;2;2;4;0;3;3;6;2;1.0;1.0;1;3;2;3;3;3;3;4;1;1
33;3;0;0;1;0;4;13;1;5;2;12;2;2;6;0;0;2;5;2;1.0;1.0;1;3;2;3;3;1;3;4;13;1
115;0;1;0;2;2;2;13;1;5;2;8;4;0;6;0;3;3;6;2;2.0;1.0;1;0;1;5;2;3;3;4;16;1
115;0;0;0;2;0;2;0;1;5;2;8;0;2;6;0;3;3;6;2;2.0;1.0;1;0;0;5;2;3;3;4;10;1
603;2;4;0;3;0;2;5;1;5;2;8;3;2;5;0;3;2;6;2;2.0;4.0;1;3;2;3;3;3;3;4;0;0
603;2;4;0;1;2;3;2;1;5;2;12;2;2;5;0;3;2;6;2;2.0;4.0;1;1;1;0;2;6;3;4;18;0
603;2;4;0;2;0;4;5;1;3;2;8;0;2;5;0;3;2;6;7;2.0;4.0;1;1;0;0;2;1;3;4;18;0
603;2;1;0;2;0;2;2;1;5;2;12;2;2;5;0;3;2;6;2;2.0;4.0;9;0;0;5;2;3;3;4;1;0
565;0;1;0;2;0;3;5;1;5;2;12;3;2;6;0;3;2;6;2;1.0;1.0;1;3;2;3;3;3;3;4;0;1
970;0;2;0;2;0;4;11;3;5;2;12;2;2;4;0;3;3;5;2;2.0;2.0;5;1;0;0;2;6;3;4;0;1
970;0;0;0;2;0;2;3;1;5;2;8;2;2;4;0;3;3;5;2;2.0;2.0;1;1;0;4;2;3;3;4;10;1
970;0;0;2;2;2;4;13;1;5;2;8;2;2;4;0;3;3;5;2;2.0;2.0;1;2;0;5;2;3;3;4;13;1
517;3;1;0;2;0;2;10;1;5;2;8;2;2;6;0;0;3;3;2;1.0;1.0;1;3;2;3;3;3;3;4;1;0
649;2;1;0;2;0;0;13;3;5;2;8;2;2;5;0;3;3;6;2;2.0;1.0;1;1;0;0;2;1;3;4;17;1
649;2;2;1;2;0;0;13;1;1;2;2;0;2;5;0;3;3;6;2;2.0;1.0;1;1;0;5;2;3;3;4;18;1
971;5;0;0;2;0;0;0;3;5;2;8;2;2;6;0;3;3;6;7;1.0;1.0;9;3;2;3;3;3;3;4;18;1
979;3;0;0;1;0;1;3;3;5;2;9;2;2;5;0;3;3;6;2;2.0;1.0;1;1;0;0;2;3;3;4;1;0
979;3;1;0;1;2;4;3;1;5;2;11;2;2;5;0;3;3;6;2;2.0;1.0;1;3;2;3;3;3;3;4;0;0
292;0;0;0;3;0;1;3;1;5;2;8;0;2;6;0;3;3;5;2;2.0;2.0;1;0;1;5;2;3;3;4;6;1
292;0;0;0;2;0;4;0;1;2;2;12;0;2;6;0;3;3;5;2;2.0;2.0;1;1;0;1;2;3;3;4;18;1
292;0;0;0;1;0;1;15;1;5;2;12;3;2;6;0;3;3;5;6;2.0;2.0;1;3;2;3;3;3;3;4;1;1
377;0;1;0;2;1;5;4;3;5;2;12;3;2;6;0;3;3;6;2;1.0;1.0;1;2;0;1;2;3;3;4;13;1
644;0;1;0;2;0;0;15;1;2;2;12;2;2;6;0;3;2;8;2;2.0;2.0;1;1;1;4;2;3;3;4;18;1
644;0;1;0;2;2;2;4;1;5;2;8;3;0;6;0;3;2;8;2;2.0;2.0;1;0;1;5;2;3;3;7;17;1
644;0;2;0;2;0;0;10;1;5;2;8;2;2;6;0;3;2;8;2;2.0;2.0;1;1;0;5;2;3;3;4;1;1
151;4;1;0;2;0;4;15;1;5;2;8;2;0;4;0;3;3;6;2;2.0;1.0;1;3;2;3;3;6;3;4;18;1
151;4;2;1;2;0;0;3;1;5;2;8;2;0;4;0;3;3;6;2;2.0;1.0;1;1;0;5;2;3;3;4;6;1
446;2;0;0;2;0;0;3;1;5;2;8;4;2;4;0;3;3;6;2;2.0;2.0;5;3;2;3;3;3;3;4;16;1
446;2;1;0;2;0;1;13;1;4;2;9;2;2;4;0;3;3;6;6;2.0;2.0;1;1;0;0;2;6;3;4;0;1
635;6;1;0;1;0;0;2;1;2;2;8;0;2;6;0;3;2;6;2;2.0;1.0;1;3;2;3;3;3;3;4;13;1
635;6;0;0;2;0;0;2;1;5;2;1;5;2;6;0;3;2;6;2;2.0;1.0;1;3;2;3;3;0;3;4;16;1
479;6;2;0;3;0;4;3;3;5;2;8;5;0;6;0;3;2;6;2;1.0;1.0;1;1;0;1;2;3;3;4;17;1
346;6;2;0;2;0;4;2;1;2;2;4;5;2;6;0;3;3;6;2;1.0;1.0;1;1;0;0;2;6;3;4;1;1
983;6;0;0;3;0;4;3;1;5;2;12;2;2;5;0;0;3;6;0;2.0;1.0;1;3;2;3;3;3;3;4;1;1
983;6;4;0;2;0;4;6;1;5;2;9;0;2;5;0;0;3;6;2;2.0;1.0;9;3;2;3;3;3;3;4;10;1
135;3;2;1;2;0;0;13;3;4;2;9;5;2;4;0;3;3;6;2;2.0;1.0;1;1;0;0;2;3;3;4;13;1
135;3;1;0;2;0;2;3;1;0;2;4;5;2;4;0;3;3;6;6;2.0;1.0;1;1;0;1;2;3;3;4;0;1
185;3;1;0;1;2;1;3;1;1;2;9;0;2;5;0;3;3;6;2;3.0;2.0;1;1;0;0;2;3;3;4;0;1
185;3;3;0;2;0;1;3;1;5;2;9;5;2;5;0;3;3;6;2;3.0;2.0;1;3;2;3;3;3;3;4;18;1
185;3;0;0;2;0;2;13;1;5;2;8;0;2;5;0;3;3;6;2;3.0;2.0;1;1;0;0;2;3;3;4;13;1
617;0;2;0;2;0;2;3;1;1;2;8;3;4;4;0;3;2;6;6;1.0;1.0;1;0;1;0;2;3;3;6;18;1
627;0;2;0;2;0;1;13;1;4;2;8;5;2;1;0;3;2;6;6;1.0;1.0;1;0;1;4;2;3;3;0;6;1
570;3;0;0;1;0;4;12;1;0;2;8;0;4;6;0;0;2;6;2;2.0;1.0;1;0;1;0;2;6;3;7;17;1
570;3;1;0;3;0;2;13;1;5;2;8;4;2;6;0;0;2;6;2;2.0;1.0;1;3;2;3;3;6;3;4;16;1
979;6;0;0;2;0;4;13;1;5;2;8;0;2;0;0;0;3;7;6;2.0;1.0;1;1;1;0;2;3;3;4;13;1
979;6;3;0;6;0;1;2;1;5;2;8;5;2;0;0;0;3;7;6;2.0;1.0;1;1;0;0;1;3;3;4;0;1
236;1;1;0;2;0;1;11;1;4;2;9;5;2;5;0;0;3;3;2;2.0;1.0;1;3;2;3;3;1;3;4;18;0
236;1;1;0;1;0;1;11;1;2;2;9;4;2;5;0;0;3;3;2;2.0;1.0;5;3;2;3;3;0;3;4;6;0
461;5;2;1;2;0;0;13;1;5;2;12;4;2;4;0;0;2;3;2;1.0;1.0;1;1;0;1;2;3;3;4;1;0
262;3;2;0;1;0;2;13;1;2;2;2;0;2;5;0;3;3;6;6;2.0;1.0;1;3;2;3;3;3;3;4;13;1
262;3;1;0;3;0;1;2;1;5;2;1;5;2;5;0;3;3;6;2;2.0;1.0;1;1;0;1;2;0;3;4;18;1
416;3;2;0;2;0;0;3;1;5;2;4;0;2;6;0;3;2;6;2;2.0;1.0;1;2;1;1;2;3;3;4;0;1
416;3;0;0;3;0;0;3;1;5;2;9;5;2;6;0;3;2;6;2;2.0;1.0;1;2;1;4;2;3;3;4;16;1
456;0;1;0;1;0;5;12;1;4;2;9;5;1;0;0;0;1;3;0;1.0;1.0;1;1;1;0;2;3;3;4;19;1
750;4;1;0;2;2;2;13;1;1;2;8;3;2;4;0;3;1;6;2;2.0;2.0;1;3;2;3;3;3;3;4;18;0
750;4;0;0;2;0;0;2;1;1;2;0;0;2;4;0;3;1;6;2;2.0;2.0;5;1;0;1;2;3;3;4;18;0
568;1;3;0;2;0;1;3;1;5;2;13;5;2;4;0;3;2;6;7;2.0;2.0;1;0;0;1;2;3;3;6;1;1
568;1;0;0;2;0;2;0;1;5;2;4;5;2;4;0;3;2;6;2;2.0;2.0;1;0;1;0;2;3;3;8;16;1
568;1;0;0;2;0;2;11;1;5;2;9;1;2;4;0;3;2;6;2;2.0;2.0;1;3;2;3;3;3;3;4;6;1
587;5;0;0;2;0;2;3;3;3;2;9;0;2;6;0;3;2;6;2;1.0;1.0;1;1;0;1;2;3;3;4;0;0
171;5;0;0;2;0;1;13;1;2;2;12;0;2;6;0;3;3;6;2;2.0;2.0;1;3;2;3;3;3;3;4;18;1
171;5;3;0;2;0;4;2;3;5;2;9;5;2;6;0;3;3;6;6;2.0;2.0;1;1;0;4;2;3;3;4;0;1
992;5;3;0;2;2;4;6;1;0;2;6;0;6;4;0;3;3;6;2;2.0;1.0;1;3;2;3;3;6;3;4;18;1
992;5;2;0;2;0;2;2;1;1;2;6;0;6;4;0;3;3;6;2;2.0;1.0;1;1;0;0;2;6;3;4;10;1
77;0;3;0;3;2;4;2;1;5;2;8;3;2;6;0;3;3;6;2;2.0;1.0;1;1;0;0;2;3;3;4;1;1
77;0;0;0;2;0;2;7;1;1;2;9;0;6;6;0;3;3;6;2;2.0;1.0;9;3;2;3;3;3;3;4;19;1
667;6;1;0;2;2;2;13;1;5;2;9;5;2;6;0;0;2;6;6;1.0;1.0;1;2;1;0;2;3;3;4;12;1
23;0;0;0;2;2;4;13;1;5;1;5;5;2;6;0;0;2;3;2;1.0;1.0;1;3;2;3;3;3;3;4;6;1
1029;3;1;0;1;2;4;4;1;4;2;9;5;2;6;0;3;3;6;6;4.0;2.0;1;1;1;4;2;3;3;4;11;1
1029;3;1;0;2;0;2;15;1;2;0;2;5;2;6;0;3;3;6;2;4.0;2.0;1;3;2;3;3;3;3;4;18;1
1029;3;1;0;3;0;2;3;1;5;2;8;0;2;6;0;3;3;6;0;4.0;2.0;9;2;1;1;2;1;3;4;3;1
1029;3;0;0;3;2;4;3;1;5;2;8;2;3;6;0;3;3;6;2;4.0;2.0;1;1;0;0;2;0;3;4;6;1
987;3;0;0;2;2;3;4;3;5;2;8;2;4;6;0;0;3;5;2;2.0;2.0;5;3;2;3;3;6;3;4;17;1
987;3;1;0;2;2;1;3;1;1;2;12;0;3;6;0;0;3;5;2;2.0;2.0;5;0;0;5;1;3;3;4;18;1
145;3;1;0;2;2;1;2;1;1;2;12;0;2;5;0;0;3;3;2;2.0;1.0;1;1;1;0;2;3;3;4;16;1
145;3;1;0;1;2;2;13;1;5;2;9;2;2;5;0;0;3;3;2;2.0;1.0;1;2;0;5;2;1;3;4;19;1
35;0;0;0;2;2;2;6;1;5;2;12;2;2;5;0;0;2;3;7;2.0;1.0;1;2;1;1;2;3;3;4;17;1
35;0;0;0;2;2;3;4;1;3;2;12;0;0;5;0;0;2;3;0;2.0;1.0;1;3;2;3;3;3;3;4;0;1
987;4;0;0;3;2;4;11;1;2;2;12;2;2;5;0;3;3;6;2;2.0;1.0;5;3;2;3;3;3;3;4;13;1
987;4;1;0;3;2;3;2;3;2;2;12;0;2;5;0;3;3;6;0;2.0;1.0;1;1;0;0;2;3;3;4;1;1
410;6;2;1;2;2;2;4;1;1;2;12;3;0;4;0;0;2;6;2;2.0;1.0;3;0;0;4;2;3;3;4;18;1
410;6;0;0;2;2;2;6;1;5;2;12;2;2;4;0;0;2;6;2;2.0;1.0;1;0;0;1;2;3;3;4;6;1
293;2;2;0;2;2;2;5;1;1;2;2;2;2;4;0;0;3;6;2;2.0;1.0;1;2;0;5;2;3;3;4;10;1
293;2;0;0;2;0;0;13;1;2;2;12;0;2;4;0;0;3;6;8;2.0;1.0;1;2;0;1;2;3;3;4;6;1
339;3;1;0;1;2;2;4;2;1;2;4;2;2;0;0;0;3;6;2;2.0;1.0;1;2;0;1;2;3;3;4;6;0
339;3;1;0;2;0;2;13;1;5;2;9;3;2;0;0;0;3;6;6;2.0;1.0;1;1;0;1;2;6;3;4;0;0
965;3;1;0;2;0;2;4;3;4;2;12;2;2;4;0;1;3;2;2;2.0;1.0;1;3;2;3;3;1;3;4;18;1
965;3;3;0;2;0;2;14;1;5;2;8;2;2;4;0;1;3;2;2;2.0;1.0;9;1;0;1;2;3;3;4;6;1
114;6;0;0;2;0;4;3;1;5;2;4;6;2;4;0;0;3;3;2;2.0;1.0;1;3;2;3;3;3;3;4;17;1
114;6;0;0;2;0;2;2;1;0;2;4;3;2;4;0;0;3;3;7;2.0;1.0;5;1;0;1;1;6;3;4;18;1
1039;1;1;0;2;0;5;3;1;5;2;12;2;2;0;0;0;3;6;2;2.0;1.0;1;3;2;3;3;3;3;4;13;1
1039;1;0;0;0;0;3;6;2;4;2;3;2;2;0;0;0;3;6;2;2.0;1.0;1;1;1;0;2;3;3;4;13;1
542;3;1;0;3;0;2;10;1;5;2;8;4;2;4;0;0;2;1;2;1.0;1.0;1;3;2;3;3;3;3;4;16;1
519;4;0;0;3;0;2;13;1;1;2;2;0;2;6;0;3;2;6;0;2.0;3.0;1;1;0;4;2;1;3;4;18;1
519;4;0;0;2;0;2;13;2;2;2;3;0;3;6;0;3;2;6;6;2.0;3.0;1;3;2;3;3;3;3;4;13;1
519;4;0;0;1;0;2;0;1;4;2;8;5;2;6;0;3;2;6;2;2.0;3.0;9;3;2;3;3;3;3;4;0;1
519;4;2;0;2;0;2;3;1;1;2;12;2;4;6;0;3;2;6;2;2.0;3.0;1;1;0;1;2;3;3;4;13;1
231;4;2;0;2;0;1;3;1;0;2;8;0;2;4;0;3;3;6;6;2.0;1.0;1;3;2;3;3;3;3;4;0;1
231;4;1;0;6;0;2;3;1;1;2;8;2;3;4;0;3;3;6;2;2.0;1.0;1;1;0;4;2;3;3;4;6;1
574;6;4;0;2;0;4;0;1;5;2;12;3;8;6;0;3;2;6;2;1.0;1.0;1;0;0;1;2;3;3;5;0;0
488;4;1;0;2;0;0;15;1;0;2;8;0;0;6;0;0;2;6;2;1.0;1.0;1;3;2;3;3;3;3;4;18;0
580;3;0;0;6;0;3;4;1;5;2;9;0;2;6;0;0;2;6;0;3.0;1.0;1;1;0;1;2;3;3;4;13;0
580;3;1;0;3;0;0;15;1;5;2;12;2;2;6;0;0;2;6;0;3.0;1.0;1;3;2;3;3;3;3;4;6;0
580;3;1;0;2;0;2;4;1;1;2;8;3;2;6;0;0;2;6;7;3.0;1.0;1;1;0;0;2;3;3;4;18;0
358;1;2;1;3;0;4;10;1;2;2;8;0;3;4;0;1;3;4;2;1.0;1.0;1;1;0;0;2;3;3;4;16;0
504;1;2;0;2;0;2;15;1;5;2;8;5;2;4;2;0;2;5;2;2.0;1.0;1;3;2;3;3;6;3;4;0;1
504;1;4;0;3;0;1;3;1;2;2;12;2;0;4;0;0;2;5;2;2.0;1.0;1;0;1;1;1;3;3;8;13;1
113;0;0;0;2;0;1;3;1;5;2;2;0;2;0;0;3;3;6;7;1.0;1.0;5;1;0;5;2;3;3;4;10;1
360;3;4;0;2;0;4;13;1;5;2;4;0;2;5;0;0;3;6;7;1.0;1.0;1;3;2;3;3;5;3;4;0;1
954;3;4;0;2;0;1;2;1;0;2;8;3;2;6;0;3;3;6;2;1.0;1.0;1;0;0;4;2;3;3;4;16;1
524;0;4;0;2;2;3;2;1;5;2;2;0;2;4;0;3;2;6;2;3.0;2.0;1;1;0;1;2;3;3;4;1;1
524;0;4;0;2;0;1;3;1;5;2;8;0;2;4;0;3;2;6;2;3.0;2.0;1;3;2;3;3;3;3;4;6;1
524;0;2;0;2;0;4;2;1;5;2;8;5;2;4;0;3;2;6;6;3.0;2.0;1;3;2;3;3;1;3;4;17;1
524;0;2;1;2;0;1;3;1;5;2;9;2;2;4;0;3;2;6;2;3.0;2.0;1;1;0;1;2;1;3;4;17;1
140;3;2;0;3;0;4;6;1;2;2;8;2;2;4;0;3;3;6;6;2.0;1.0;9;3;2;3;3;6;3;4;0;1
140;3;3;0;3;0;4;13;1;2;2;9;0;2;4;1;3;3;6;2;2.0;1.0;1;3;2;3;3;3;3;4;8;1
678;0;2;0;3;1;4;3;1;1;2;8;3;2;5;0;3;2;6;2;2.0;1.0;1;1;0;2;2;3;3;4;1;1
678;0;0;0;2;0;4;3;1;1;2;8;3;2;5;0;3;2;6;6;2.0;1.0;1;2;1;4;2;3;3;4;1;1
697;5;4;0;2;0;3;3;1;5;2;12;2;2;4;0;0;2;6;2;1.0;2.0;1;1;0;1;2;3;3;4;7;1
697;5;4;0;3;0;2;13;1;5;2;12;2;2;4;0;0;2;6;2;1.0;2.0;1;3;2;3;3;3;3;4;1;1
360;6;3;0;2;0;1;3;1;4;2;9;2;2;5;0;0;3;3;6;1.0;3.0;1;3;2;3;3;3;3;4;10;1
360;6;3;0;2;0;4;13;1;5;2;2;2;2;5;0;0;3;3;6;1.0;3.0;1;1;0;2;2;1;3;4;17;1
360;6;3;0;2;0;3;12;3;5;2;2;3;2;5;0;0;3;3;2;1.0;3.0;3;1;1;1;2;3;3;4;1;1
393;5;1;0;2;2;1;13;1;1;2;9;3;2;4;0;3;3;6;2;2.0;1.0;1;3;2;3;3;3;3;4;13;0
393;5;1;0;2;0;4;13;1;5;2;8;2;0;4;0;3;3;6;2;2.0;1.0;1;3;2;3;3;3;3;4;11;0
234;6;1;0;6;0;1;2;1;2;2;8;2;0;5;0;3;3;6;2;2.0;1.0;4;1;0;1;1;3;3;4;1;1
234;6;1;0;2;0;1;11;1;1;2;9;2;2;5;0;3;3;6;2;2.0;1.0;9;0;0;1;2;0;3;7;0;1
965;3;0;0;1;0;1;11;1;2;2;2;5;2;5;0;3;2;5;2;2.0;1.0;1;0;1;1;2;3;3;6;11;1
965;3;0;0;2;0;0;13;1;4;2;9;2;2;5;0;3;2;5;2;2.0;1.0;9;0;1;0;2;2;3;8;12;1
1022;5;1;0;2;0;0;2;3;4;2;9;5;2;6;0;3;3;6;2;1.0;1.0;1;3;2;3;3;3;3;4;18;0
416;1;2;1;2;0;1;3;1;0;2;4;5;2;6;0;3;3;8;2;1.0;1.0;1;1;0;0;2;6;3;4;16;1
313;5;0;0;2;0;2;0;1;1;2;9;0;2;4;0;3;3;6;2;1.0;1.0;1;3;2;3;3;3;3;4;18;1
1021;1;1;0;2;0;2;11;1;5;2;9;5;2;4;0;0;3;3;2;2.0;1.0;1;1;1;1;2;3;3;4;18;1
1021;1;0;0;2;0;2;3;1;5;2;8;0;2;4;0;0;3;3;2;2.0;1.0;1;0;0;1;2;3;3;4;13;1
268;0;0;0;2;0;1;13;1;1;2;8;3;4;5;0;3;3;6;6;2.0;1.0;5;1;0;0;2;3;3;4;0;1
268;0;1;0;2;0;4;2;1;4;2;8;5;2;5;0;3;3;6;2;2.0;1.0;5;3;2;3;3;3;3;4;17;1
393;0;0;0;2;2;4;6;1;0;2;8;0;4;6;0;3;3;6;7;2.0;1.0;1;3;2;3;3;3;3;4;13;1
393;0;1;0;2;0;2;2;1;5;2;8;4;2;6;0;3;3;6;2;2.0;1.0;1;1;0;2;2;6;4;4;13;1
929;3;1;0;3;2;4;2;1;5;2;8;0;2;1;0;3;3;6;6;2.0;1.0;3;3;2;3;3;3;3;4;11;1
929;3;2;0;2;0;2;7;1;5;2;8;5;2;1;0;3;3;6;2;2.0;1.0;1;1;0;0;2;3;3;4;1;1
431;2;1;0;2;2;2;13;1;4;2;9;5;2;4;0;0;2;6;2;2.0;1.0;1;3;2;3;3;1;3;4;0;1
431;2;0;0;2;2;4;13;1;2;2;9;4;2;4;0;0;2;6;2;2.0;1.0;1;1;0;1;2;3;3;4;11;1
231;5;3;0;1;2;4;4;1;5;2;12;4;2;5;0;3;3;5;2;2.0;1.0;1;1;1;0;2;3;3;4;12;1
231;5;3;0;2;0;2;15;1;2;2;2;0;2;5;0;3;3;5;2;2.0;1.0;1;3;2;3;3;1;3;4;4;1
1063;1;3;0;3;0;2;3;1;5;2;1;5;2;4;0;3;3;6;0;2.0;2.0;3;1;0;1;2;3;3;4;16;0
1063;1;1;0;3;2;4;3;1;5;2;4;0;2;4;0;3;3;6;6;2.0;2.0;1;2;0;0;2;3;3;4;0;0
16;6;4;0;2;2;3;15;1;5;2;9;5;2;4;0;0;2;5;2;1.0;2.0;1;3;2;3;3;3;3;4;13;1
16;6;4;0;2;2;1;9;1;4;2;9;5;1;4;0;0;2;5;6;1.0;2.0;5;1;0;1;2;3;3;4;1;1
573;1;0;0;2;2;1;13;1;1;2;8;3;2;4;0;0;2;3;2;3.0;1.0;1;0;1;2;2;3;3;6;17;0
573;1;1;0;1;2;2;11;1;1;2;0;0;2;4;0;0;2;3;2;3.0;1.0;1;3;2;3;3;3;3;4;18;0
573;1;0;0;2;2;2;3;1;5;2;13;5;2;4;0;0;2;3;2;3.0;1.0;1;1;0;0;2;3;3;4;16;0
358;5;1;0;2;2;3;2;1;5;2;4;5;2;4;0;3;3;6;2;1.0;1.0;1;3;2;3;3;3;3;4;18;0
951;6;2;1;3;2;4;2;1;5;2;9;1;2;6;0;3;3;6;2;2.0;1.0;1;1;1;1;2;3;3;4;13;0
951;6;1;0;3;2;3;12;3;3;2;9;0;2;6;0;3;3;6;6;2.0;1.0;2;3;2;3;3;3;3;4;11;0
166;3;0;0;2;2;2;3;1;2;2;12;0;2;6;0;3;3;6;2;2.0;2.0;5;1;0;0;2;3;3;4;1;1
166;3;0;0;2;2;2;14;3;5;2;9;5;2;6;0;3;3;6;6;2.0;2.0;1;1;0;0;2;1;3;4;0;1
166;3;2;0;2;2;2;14;1;0;2;6;0;6;6;0;3;3;6;2;2.0;2.0;1;0;1;0;2;6;3;6;11;1
983;5;0;0;2;0;0;13;1;1;2;6;0;6;6;0;3;3;6;2;2.0;1.0;1;2;1;0;2;3;3;4;12;1
983;5;1;0;1;2;2;13;1;5;2;8;3;2;6;0;3;3;6;2;2.0;1.0;1;3;2;3;3;2;3;4;4;1
689;2;1;0;2;0;2;15;1;1;2;9;0;6;6;0;3;2;8;2;2.0;1.0;1;3;2;3;3;1;3;4;16;1
689;2;0;0;2;0;2;3;1;5;2;9;5;2;6;0;3;2;8;2;2.0;1.0;1;3;2;3;3;3;3;4;0;1
474;5;2;2;2;0;2;12;1;5;1;5;5;2;6;0;0;2;6;2;2.0;1.0;1;1;0;1;2;1;3;4;13;1
474;5;3;0;2;0;4;2;1;4;2;9;5;2;6;0;0;2;6;2;2.0;1.0;1;3;2;3;3;3;3;4;1;1
416;1;2;0;2;0;2;3;1;2;0;2;5;2;4;0;0;2;3;2;2.0;1.0;1;1;0;0;2;1;3;4;17;1
416;1;0;0;2;0;5;3;1;5;2;8;0;2;4;0;0;2;3;2;2.0;1.0;9;3;2;3;3;3;3;4;18;1
358;0;2;0;0;0;3;3;1;5;2;8;2;3;4;0;3;3;8;2;2.0;1.0;9;2;1;0;2;3;3;4;16;1
358;0;0;0;3;0;2;3;3;5;2;8;2;4;4;0;3;3;8;2;2.0;1.0;4;3;2;3;3;3;3;4;18;1
396;4;3;0;3;0;2;0;1;1;2;12;0;3;6;0;3;3;6;0;1.0;1.0;5;2;0;4;2;6;3;4;18;1
397;4;1;0;2;0;2;15;1;1;2;12;0;2;5;0;3;3;6;6;3.0;1.0;5;2;1;4;2;3;3;4;13;1
397;4;1;0;1;0;2;13;1;5;2;9;2;2;5;0;3;3;6;2;3.0;1.0;1;3;2;3;3;3;3;4;0;1
190;6;1;0;2;0;2;13;1;5;2;12;2;2;4;0;3;3;6;2;2.0;1.0;1;1;0;0;2;0;3;4;17;1
354;4;0;0;2;0;1;11;1;3;2;12;0;0;5;0;3;3;6;6;2.0;1.0;5;3;2;3;3;3;3;4;13;1
354;4;1;0;6;0;2;2;1;2;2;12;2;2;5;0;3;3;6;2;2.0;1.0;5;3;2;3;3;1;3;4;19;1
50;3;1;0;2;0;4;3;3;2;2;12;0;2;6;0;3;3;6;2;1.0;1.0;1;1;0;0;2;3;3;4;11;1
968;0;0;0;2;0;0;4;1;1;2;12;3;0;4;1;3;3;6;2;2.0;1.0;2;0;0;0;2;3;3;4;12;1
968;0;1;0;6;0;3;9;1;5;2;12;2;2;4;0;3;3;6;0;2.0;1.0;5;3;2;3;3;3;3;4;0;1
649;1;0;0;3;0;0;3;1;1;2;2;2;2;5;0;3;0;6;0;2.0;1.0;4;1;0;1;2;3;3;4;14;1
649;1;0;0;2;0;2;4;1;2;2;12;0;2;5;0;3;0;6;7;2.0;1.0;1;2;1;1;2;3;3;4;4;1
431;1;0;0;2;0;0;9;2;1;2;4;2;2;4;0;3;3;6;2;1.0;1.0;1;2;0;4;2;3;3;4;1;1
674;1;0;0;3;2;2;11;1;5;2;9;3;2;6;2;3;2;6;2;2.0;1.0;1;0;0;1;2;3;3;6;0;1
674;1;1;0;2;0;1;13;3;4;2;12;2;2;6;0;3;2;6;2;2.0;1.0;1;3;2;3;3;3;3;4;17;1
731;3;0;0;2;2;3;12;1;5;2;8;2;2;5;0;3;2;6;7;2.0;1.0;1;1;1;4;2;3;3;4;5;1
731;3;1;0;6;0;2;3;1;5;2;4;6;2;5;0;3;2;6;7;2.0;1.0;1;1;0;1;2;3;3;4;1;1
992;3;1;0;6;0;2;14;1;0;2;4;3;2;5;0;3;3;6;2;3.0;1.0;1;3;2;3;3;3;3;4;16;1
992;3;0;0;2;0;2;3;1;5;2;12;2;2;5;0;3;3;6;2;3.0;1.0;1;3;2;3;3;3;3;4;0;1
992;3;1;0;2;0;1;5;2;4;2;3;2;2;5;0;3;3;6;2;3.0;1.0;1;1;0;0;1;3;3;4;18;1
992;3;1;0;2;0;4;15;1;5;2;8;4;2;5;0;3;3;6;6;3.0;1.0;5;1;0;0;1;3;3;4;17;1
992;3;1;0;2;0;2;4;1;1;2;2;0;2;5;0;3;3;6;2;3.0;1.0;1;3;2;3;3;3;3;4;18;1
335;6;1;0;2;0;4;13;2;2;2;3;0;3;5;0;0;3;3;6;2.0;1.0;1;3;2;3;3;3;3;4;16;1
335;6;4;0;2;0;1;2;1;4;2;8;5;2;5;0;0;3;3;2;2.0;1.0;9;1;0;1;2;3;3;4;4;1
257;3;1;0;2;0;3;3;1;1;2;12;2;4;6;0;3;3;6;2;2.0;3.0;1;3;2;3;3;3;3;4;6;1
257;3;0;0;2;0;3;14;1;0;2;8;0;2;6;0;3;3;6;6;2.0;3.0;9;1;0;0;2;3;3;4;1;1
257;3;0;0;2;2;2;15;1;1;2;8;2;3;6;0;3;3;6;2;2.0;3.0;5;3;2;3;3;3;3;4;6;1
257;3;0;0;2;0;1;14;1;5;2;12;3;8;6;3;3;3;6;2;2.0;3.0;1;1;1;0;2;3;3;4;1;1
113;4;1;0;3;0;3;3;1;0;2;8;0;0;4;0;3;3;6;6;2.0;1.0;2;0;0;5;2;3;3;6;16;1
113;4;1;0;2;0;1;12;1;5;2;9;0;2;4;0;3;3;6;6;2.0;1.0;1;3;2;3;3;3;3;4;18;1
421;1;1;0;2;0;2;12;1;5;2;12;2;2;4;0;3;3;6;2;1.0;1.0;5;1;0;0;2;3;3;4;0;1
236;3;1;0;1;0;4;14;1;1;2;8;3;2;5;0;3;3;6;2;2.0;1.0;5;2;1;0;2;6;3;4;0;1
236;3;1;0;1;0;4;15;1;2;2;8;0;3;5;3;3;3;6;2;2.0;1.0;5;2;0;1;2;3;3;4;9;1
923;2;0;0;2;0;2;15;1;5;2;8;5;2;6;0;3;3;6;2;1.0;1.0;0;1;0;1;2;3;3;4;18;0
409;3;2;1;3;0;0;14;1;2;2;12;2;0;6;0;3;3;6;2;2.0;2.0;5;3;2;3;3;6;3;4;0;1
409;3;0;0;3;0;2;16;1;5;2;2;0;2;6;3;3;3;6;2;2.0;2.0;5;1;0;1;2;3;3;4;1;1
409;3;0;0;2;0;2;14;1;5;2;4;0;2;6;0;3;3;6;2;2.0;2.0;5;3;2;3;3;3;3;4;19;1
327;4;4;0;2;0;0;14;1;0;2;8;3;2;5;0;3;3;6;2;2.0;1.0;1;3;2;3;3;1;3;4;4;1
327;4;0;0;2;2;2;6;1;5;2;2;0;2;5;0;3;3;6;2;2.0;1.0;1;1;1;0;2;3;3;4;4;1
332;0;2;1;1;2;4;3;1;5;2;8;0;2;6;0;3;3;6;2;1.0;1.0;1;1;0;1;2;6;3;4;18;1
81;4;0;0;2;2;3;3;1;5;2;8;5;2;6;0;3;3;6;2;2.0;1.0;1;1;0;1;2;3;3;4;16;0
81;4;0;0;6;2;2;4;1;5;2;9;2;2;6;0;3;3;6;2;2.0;1.0;1;2;0;1;2;3;3;4;11;0
349;2;0;0;0;0;4;3;1;2;2;8;2;2;5;0;3;3;6;2;2.0;1.0;1;1;0;4;1;3;3;4;17;1
349;2;0;0;1;0;3;11;1;2;2;9;0;2;5;0;3;3;6;2;2.0;1.0;1;3;2;3;3;3;3;4;18;1
514;2;0;0;2;0;0;3;1;1;2;8;3;2;6;0;3;3;6;2;3.0;2.0;1;1;0;0;2;3;3;4;0;1
514;2;1;0;2;0;4;3;1;1;2;8;3;2;6;0;3;3;6;2;3.0;2.0;1;3;2;3;3;3;3;4;6;1
514;2;0;0;2;2;4;3;1;5;2;12;2;2;6;0;3;3;6;2;3.0;2.0;1;1;0;4;2;3;3;4;0;1
777;1;0;0;2;0;4;14;1;5;2;12;2;2;6;0;3;2;6;2;1.0;1.0;1;3;2;3;3;3;3;4;11;1
159;1;4;0;2;0;5;6;1;4;2;9;2;2;4;1;3;3;6;6;2.0;1.0;2;1;0;1;2;3;3;4;4;1
159;1;1;0;2;0;0;6;1;5;2;2;2;2;4;0;3;3;6;2;2.0;1.0;1;3;2;3;3;3;3;4;7;1
504;1;0;0;5;2;0;15;3;5;2;2;3;2;6;0;3;3;6;7;2.0;1.0;5;1;0;1;2;3;3;4;9;1
504;1;0;0;2;2;3;15;1;1;2;9;3;2;6;0;3;3;6;2;2.0;1.0;1;3;2;3;3;3;3;4;15;1
1007;3;1;0;2;2;0;4;1;5;2;8;2;0;4;0;3;3;6;6;2.0;1.0;3;1;0;0;2;3;3;4;13;0
1007;3;0;0;2;2;1;3;1;2;2;8;2;0;4;0;3;3;6;2;2.0;1.0;1;3;2;3;3;3;3;4;11;0
904;0;3;0;4;2;2;3;1;1;2;9;2;2;5;0;3;3;6;2;2.0;1.0;1;1;0;0;1;3;3;4;1;1
904;0;0;0;4;2;4;3;1;2;2;2;5;2;5;0;3;3;6;2;2.0;1.0;1;1;0;1;2;3;3;4;0;1
144;1;1;0;2;2;1;14;1;4;2;9;2;2;6;0;3;3;6;2;3.0;2.0;1;3;2;3;3;3;3;4;11;1
144;1;1;0;3;2;4;14;1;2;2;8;0;2;6;0;3;3;6;2;3.0;2.0;4;0;0;0;2;3;3;8;12;1
144;1;0;0;6;2;2;3;1;5;2;1;5;2;6;0;3;3;6;0;3.0;2.0;6;3;2;3;3;3;3;4;4;1
743;4;0;0;2;2;2;11;3;5;2;8;5;0;6;0;3;2;6;6;1.0;1.0;6;1;0;5;2;3;3;4;16;1
50;5;1;0;2;2;2;3;1;2;2;4;5;2;0;0;3;3;6;2;3.0;1.0;6;2;1;5;2;3;3;4;0;1
50;5;1;2;2;2;3;2;1;5;2;12;2;2;0;0;3;3;6;2;3.0;1.0;6;3;2;3;3;3;3;4;13;1
50;5;1;0;2;2;1;10;1;5;2;9;0;2;0;0;3;3;6;6;3.0;1.0;5;3;2;3;3;3;3;4;1;1
63;6;0;0;3;0;1;13;3;4;2;9;5;2;6;0;3;3;6;2;2.0;1.0;6;3;2;3;3;3;3;4;17;1
63;6;0;0;2;0;1;4;1;0;2;4;5;2;6;0;3;3;6;2;2.0;1.0;4;2;0;1;2;2;3;4;18;1
653;3;0;0;2;0;1;15;1;1;2;9;0;2;7;0;3;2;6;2;2.0;1.0;6;0;1;5;2;3;3;5;16;1
653;3;4;0;2;0;2;13;1;5;2;9;5;2;7;0;3;2;6;2;2.0;1.0;6;1;1;0;2;3;3;4;18;1
39;6;3;0;2;0;2;9;1;5;2;8;0;2;4;0;3;3;6;2;2.0;3.0;6;3;2;3;3;3;3;4;18;1
39;6;3;0;2;0;4;3;1;1;2;8;3;4;4;2;3;3;6;2;2.0;3.0;6;2;0;4;2;3;3;4;13;1
39;6;3;0;3;0;2;3;1;4;2;8;5;2;4;0;3;3;6;7;2.0;3.0;6;2;0;1;2;3;3;4;0;1
39;6;3;0;2;0;2;3;1;0;2;8;0;4;4;0;3;3;6;2;2.0;3.0;5;0;1;1;2;3;3;8;17;1
451;2;0;0;2;0;4;11;1;5;2;8;4;2;0;0;3;3;6;6;2.0;1.0;1;0;0;0;2;3;3;6;13;1
451;2;1;0;3;2;2;3;1;5;2;8;0;2;0;0;3;3;6;2;2.0;1.0;1;1;0;0;2;3;3;4;19;1
18;4;0;0;2;2;2;0;1;5;2;8;5;2;4;0;3;2;6;2;2.0;2.0;5;3;2;3;3;3;3;4;11;1
18;4;0;0;2;0;2;0;1;4;2;9;5;2;4;0;3;2;6;2;2.0;2.0;1;0;1;1;2;3;3;8;12;1
18;4;1;0;2;0;3;11;1;2;2;9;4;2;4;0;3;2;6;2;2.0;2.0;1;1;0;0;2;3;3;4;0;1
1042;4;0;0;2;0;2;3;1;5;2;12;4;2;5;0;3;3;6;2;2.0;2.0;1;3;2;3;3;3;3;4;14;1
1042;4;3;0;2;0;2;8;1;2;2;2;0;2;5;0;3;3;6;2;2.0;2.0;1;0;0;4;2;1;3;7;4;1
898;3;1;0;2;0;2;3;1;5;2;1;5;2;5;0;0;3;6;2;2.0;1.0;1;3;2;3;3;3;3;4;1;1
898;3;1;0;2;0;4;13;1;5;2;4;0;2;5;0;0;3;6;2;2.0;1.0;2;1;0;2;2;3;3;4;0;1
716;5;2;1;1;0;4;3;1;5;2;9;5;2;4;0;3;2;6;2;1.0;1.0;9;0;1;0;2;3;3;7;17;1
863;1;1;0;2;0;4;6;1;4;2;9;5;1;4;0;0;3;3;6;2.0;1.0;8;3;2;3;3;3;3;4;5;1
863;1;0;0;2;0;4;10;1;1;2;8;3;2;4;0;0;3;3;2;2.0;1.0;1;1;0;0;2;4;3;4;1;1
55;4;1;0;2;0;4;3;1;1;2;0;0;2;5;2;3;3;6;6;2.0;1.0;1;1;1;0;2;3;3;4;16;1
55;4;1;0;2;0;4;6;1;5;2;13;5;2;5;0;3;3;6;2;2.0;1.0;1;3;2;3;3;3;3;4;0;1
739;4;0;0;2;0;2;3;1;5;2;4;5;2;6;0;3;2;6;2;2.0;1.0;1;0;1;1;2;3;3;6;18;0
739;4;1;0;2;0;1;13;1;5;2;9;1;2;6;0;3;2;6;2;2.0;1.0;1;1;0;0;1;3;3;4;17;0
312;1;0;0;2;0;3;13;3;3;2;9;0;2;4;0;3;3;6;7;1.0;1.0;1;2;1;0;2;0;3;4;18;1
403;6;0;0;2;0;3;5;1;2;2;12;0;2;5;3;3;3;6;2;2.0;1.0;1;1;0;5;2;3;3;4;16;1
403;6;1;0;2;0;1;13;3;5;2;9;5;2;5;0;3;3;6;2;2.0;1.0;2;2;1;5;2;6;3;4;4;1
422;1;1;0;3;0;3;13;1;0;2;6;0;6;5;0;3;3;6;2;2.0;1.0;1;3;2;3;3;3;3;4;6;1
422;1;1;0;2;0;3;5;1;1;2;6;0;6;5;0;3;3;6;7;2.0;1.0;1;1;0;1;2;3;3;4;1;1
431;5;0;1;2;0;2;0;1;5;2;8;3;2;6;2;3;3;6;6;2.0;1.0;5;3;2;3;3;3;3;4;6;1
431;5;0;0;2;0;2;3;1;1;2;9;0;6;6;0;3;3;6;2;2.0;1.0;6;3;2;3;3;3;3;4;1;1
617;5;1;0;6;0;3;4;1;5;2;9;5;2;4;0;3;3;6;2;2.0;1.0;4;1;0;5;2;3;3;4;16;1
617;5;1;0;2;0;3;11;1;5;1;5;5;2;4;0;3;3;6;2;2.0;1.0;1;0;1;0;1;3;3;8;18;1
315;3;1;0;2;0;0;2;1;4;2;9;5;2;4;3;3;3;6;2;2.0;1.0;1;1;0;4;2;3;3;4;0;1
315;3;0;0;3;0;4;3;1;2;0;2;5;2;4;0;3;3;6;2;2.0;1.0;1;3;2;3;3;3;3;4;0;1
1027;6;1;0;3;0;4;3;1;5;2;8;0;2;4;0;3;3;6;2;4.0;1.0;1;0;1;4;2;3;3;6;9;1
1027;6;1;0;3;0;3;11;1;5;2;8;2;3;4;0;3;3;6;2;4.0;1.0;1;3;2;3;3;3;3;4;18;1
1027;6;0;0;1;0;1;4;3;5;2;8;2;4;4;0;3;3;6;6;4.0;1.0;1;1;1;0;2;3;3;4;0;1
1027;6;0;0;2;0;1;13;1;1;2;12;0;3;4;0;3;3;6;6;4.0;1.0;1;1;0;4;2;3;3;4;1;1
297;1;1;0;0;0;4;3;1;1;2;12;0;2;0;3;3;3;6;2;2.0;2.0;1;3;2;3;3;3;3;4;19;0
297;1;3;0;2;0;1;3;1;5;2;9;2;2;0;0;3;3;6;2;2.0;2.0;3;0;0;1;2;0;3;4;4;0
456;2;1;0;2;0;1;13;1;5;2;12;2;2;6;0;3;3;6;2;2.0;1.0;3;3;2;3;3;3;3;4;4;1
456;2;1;0;1;0;0;13;1;3;2;12;0;0;6;0;3;3;6;2;2.0;1.0;3;1;1;0;2;3;3;4;18;1
500;5;0;0;2;0;2;13;1;2;2;12;2;2;6;0;3;3;6;2;2.0;1.0;9;0;0;0;2;3;3;4;16;1
500;5;1;0;2;0;3;4;3;2;2;12;0;2;6;0;3;3;6;0;2.0;1.0;1;3;2;3;3;6;3;4;11;1
323;2;0;0;2;0;3;4;1;1;2;12;3;0;6;0;3;3;6;2;2.0;1.0;1;1;0;1;2;3;3;4;17;0
323;2;0;0;3;0;2;3;1;5;2;12;2;2;6;0;3;3;6;6;2.0;1.0;7;2;1;4;2;6;3;4;18;0
372;4;0;0;2;0;3;2;1;1;2;2;2;2;5;0;3;3;6;7;2.0;1.0;1;3;2;3;3;3;3;4;0;0
372;4;0;0;2;0;0;3;1;2;2;12;0;2;5;0;3;3;6;2;2.0;1.0;5;1;0;5;1;6;3;4;6;0
504;1;1;0;3;0;1;3;2;1;2;4;2;2;6;0;3;3;6;2;4.0;1.0;1;3;2;3;3;3;3;4;0;0
504;1;0;0;1;0;0;9;1;5;2;9;3;2;6;0;3;3;6;2;4.0;1.0;1;1;0;1;2;3;3;4;11;0
504;1;1;0;2;0;2;3;3;4;2;12;2;2;6;3;3;3;6;2;4.0;1.0;1;0;0;1;2;6;3;8;4;0
504;1;3;0;2;0;3;3;1;5;2;8;2;2;6;0;3;3;6;2;4.0;1.0;1;1;0;0;2;0;3;4;7;0
341;3;0;0;1;0;4;5;1;5;2;4;6;2;6;0;3;3;6;2;2.0;1.0;8;3;2;3;3;1;3;4;9;1
341;3;3;0;3;2;2;3;1;0;2;4;3;2;6;0;3;3;6;2;2.0;1.0;1;3;2;3;3;0;3;4;15;1
526;4;1;0;3;0;3;0;1;5;2;12;2;2;5;0;3;3;6;6;2.0;2.0;1;3;2;3;3;3;3;4;0;1
526;4;0;0;2;0;2;13;2;4;2;3;2;2;5;4;3;3;6;0;2.0;2.0;1;1;0;0;2;0;3;4;18;1
526;4;0;0;3;2;2;0;1;5;2;8;4;2;5;2;3;3;6;2;2.0;2.0;4;1;1;0;2;3;3;4;4;1
496;3;0;0;2;0;1;3;1;1;2;2;0;2;6;2;3;3;6;7;2.0;1.0;1;3;2;3;3;0;3;4;16;1
496;3;0;0;2;0;4;3;2;2;2;3;0;3;6;0;3;3;6;2;2.0;1.0;1;1;0;0;2;0;3;4;1;1
39;2;0;0;2;0;2;3;1;4;2;8;5;2;6;0;3;3;6;2;3.0;1.0;3;3;2;3;3;0;3;4;17;1
39;2;0;0;1;0;0;3;1;1;2;12;2;4;6;3;3;3;6;7;3.0;1.0;9;3;2;3;3;3;3;4;11;1
39;2;0;0;2;0;2;13;1;0;2;8;0;2;6;0;3;3;6;7;3.0;1.0;3;2;1;5;2;3;3;4;6;1
39;6;0;0;2;0;4;3;1;1;2;8;2;3;4;0;3;3;6;2;2.0;1.0;8;1;1;0;2;2;3;4;16;1
39;6;1;0;3;2;2;6;1;5;2;12;3;8;4;0;3;3;6;2;2.0;1.0;1;3;2;3;3;3;3;4;17;1
194;1;3;0;2;2;2;3;1;0;2;8;0;0;6;0;3;3;6;2;2.0;1.0;1;2;0;1;2;6;3;4;0;1
194;1;0;0;2;0;2;0;1;5;2;9;0;2;6;3;3;3;6;2;2.0;1.0;1;3;2;3;3;3;3;4;6;1
716;3;0;0;2;0;3;13;1;5;2;12;2;2;6;0;3;2;6;2;1.0;2.0;2;1;0;1;2;3;3;4;0;0
716;3;0;0;2;0;2;3;1;1;2;8;3;2;6;0;3;2;6;6;1.0;2.0;3;1;0;1;2;3;3;4;0;0
169;3;3;0;2;0;2;15;1;2;2;8;0;3;4;0;3;3;6;2;2.0;1.0;1;3;2;3;3;3;3;4;1;1
169;3;0;0;2;0;2;6;1;5;2;8;5;2;4;0;3;3;6;2;2.0;1.0;1;1;0;4;2;3;3;4;3;1
66;1;3;0;2;0;4;6;1;2;2;12;2;0;6;0;3;3;6;2;1.0;1.0;1;3;2;3;3;3;3;4;6;1
464;1;0;0;1;0;4;3;1;5;2;2;0;2;6;0;3;3;6;2;3.0;2.0;2;1;0;0;2;3;3;4;18;1
464;1;0;0;2;0;4;14;1;5;2;4;0;2;6;0;3;3;6;2;3.0;2.0;1;3;2;3;3;3;3;4;6;1
464;1;0;0;2;0;4;13;1;0;2;8;3;2;6;0;3;3;6;2;3.0;2.0;0;1;1;1;2;6;3;4;1;1
464;1;1;1;2;0;4;15;1;5;2;2;0;2;6;0;3;3;6;2;3.0;2.0;8;3;2;3;3;6;3;4;16;1
504;0;3;0;2;0;4;13;1;5;2;8;0;2;3;0;3;3;6;2;4.0;4.0;1;1;0;1;2;6;3;4;0;1
504;0;1;0;2;0;2;5;1;5;2;8;5;2;3;3;3;3;6;2;4.0;4.0;2;3;2;3;3;3;3;4;18;1
504;0;3;0;2;0;1;3;1;5;2;9;2;2;3;0;3;3;6;2;4.0;4.0;1;1;0;0;2;1;3;4;13;1
504;0;3;0;2;0;3;12;1;2;2;8;2;2;3;0;3;3;6;2;4.0;4.0;1;0;1;4;2;3;3;6;13;1
524;3;4;0;2;0;3;3;1;2;2;9;0;2;6;0;3;3;6;2;2.0;2.0;2;1;0;2;2;6;3;4;18;1
524;3;0;0;2;0;1;3;1;1;2;8;3;2;6;0;3;3;6;2;2.0;2.0;1;3;2;3;3;1;3;4;18;1
524;3;0;0;3;0;3;3;1;1;2;8;3;2;6;3;3;3;6;2;2.0;2.0;7;1;0;0;2;3;3;4;18;1
431;4;1;0;2;0;3;13;1;5;2;12;2;2;4;0;3;3;6;2;1.0;1.0;1;0;1;0;2;3;3;5;17;1
533;0;0;0;2;0;2;3;1;5;2;12;2;2;6;0;3;3;6;6;3.0;1.0;1;3;2;3;3;3;3;4;6;1
533;0;0;0;2;0;2;3;1;4;2;9;2;2;6;0;3;3;6;2;3.0;1.0;1;1;1;0;2;3;3;4;0;1
533;0;1;0;6;0;3;13;1;5;2;2;2;2;6;0;3;3;6;2;3.0;1.0;1;2;1;0;2;3;3;4;1;1
1030;5;0;0;2;0;3;3;3;5;2;2;3;2;4;0;3;3;6;2;2.0;2.0;3;2;0;5;2;3;3;4;6;1
1030;5;3;0;2;0;0;3;1;1;2;9;3;2;4;0;3;3;6;2;2.0;2.0;1;2;1;5;2;3;3;4;6;1
691;4;4;0;3;0;4;3;1;5;2;8;2;0;4;0;3;3;6;7;1.0;1.0;1;3;2;3;3;3;3;4;18;2
721;0;0;0;3;0;4;12;1;2;2;8;2;0;4;0;3;2;6;2;2.0;1.0;1;3;2;3;3;6;3;4;4;1
721;0;1;2;3;0;3;3;1;1;2;9;2;2;4;4;3;2;6;2;2.0;1.0;2;0;0;0;2;6;3;5;0;1
396;4;0;0;1;0;1;3;1;2;2;2;5;2;4;0;3;3;6;2;2.0;2.0;4;1;0;0;2;3;3;4;0;1
396;4;3;0;2;0;1;3;1;5;2;12;2;2;4;0;3;3;6;2;2.0;2.0;1;3;2;3;3;3;3;4;18;1
967;1;1;0;0;0;4;4;1;5;2;8;2;2;6;0;3;3;6;2;2.0;1.0;1;1;1;0;2;3;3;4;18;1
967;1;1;0;2;0;1;3;1;5;2;12;2;2;6;0;3;3;6;2;2.0;1.0;1;3;2;3;3;3;3;4;3;1
494;1;3;0;2;0;1;3;1;4;2;9;2;2;6;0;3;3;6;2;2.0;2.0;1;1;0;0;2;3;3;4;9;1
494;1;3;0;1;0;0;5;1;2;2;8;0;2;6;0;3;3;6;2;2.0;2.0;3;3;2;3;3;3;3;4;16;1
193;5;3;0;2;0;2;6;1;5;2;1;5;2;5;0;3;3;6;7;2.0;1.0;1;1;0;1;1;3;3;4;17;1
193;5;3;0;2;0;3;15;3;5;2;8;5;0;5;3;3;3;6;2;2.0;1.0;1;3;2;3;3;3;3;4;16;1
553;6;0;0;2;0;3;11;1;2;2;4;5;2;4;0;0;3;3;2;2.0;2.0;1;1;0;5;2;3;3;4;4;1
553;6;0;0;3;0;2;7;1;5;2;12;2;2;4;0;0;3;3;2;2.0;2.0;1;2;0;5;1;3;3;4;4;1
553;6;0;0;2;0;3;11;1;5;2;9;0;2;4;0;0;3;3;2;2.0;2.0;1;3;2;3;3;6;3;4;13;1
501;0;1;0;2;0;0;3;3;4;2;9;5;2;5;0;3;3;6;6;2.0;1.0;1;1;0;5;2;3;3;4;18;0
501;0;0;0;3;0;1;3;1;0;2;4;5;2;5;0;3;3;6;2;2.0;1.0;1;3;2;3;3;3;3;4;13;0
573;1;4;0;1;0;0;2;1;1;2;9;0;2;4;0;3;3;6;2;2.0;1.0;1;1;0;0;2;3;3;4;16;1
573;1;4;0;2;0;2;12;1;5;2;9;5;2;4;0;3;3;6;2;2.0;1.0;1;1;0;0;2;3;3;4;6;1
184;6;0;0;2;0;3;3;1;5;2;8;0;2;6;0;0;3;3;2;1.0;1.0;1;3;2;3;3;3;3;4;18;1
189;1;0;0;1;0;4;11;1;1;2;8;3;4;6;0;3;3;6;2;2.0;1.0;2;1;0;0;2;3;3;4;4;1
189;1;1;0;3;2;2;3;1;4;2;8;5;2;6;0;3;3;6;2;2.0;1.0;1;2;1;0;2;6;3;4;0;1
250;0;1;0;3;0;3;5;1;0;2;8;0;4;4;0;3;3;6;2;2.0;1.0;4;1;0;0;2;3;3;4;18;1
250;0;0;0;2;0;2;3;1;5;2;8;4;2;4;0;3;3;6;6;2.0;1.0;1;3;2;3;3;3;3;4;6;1
737;2;0;0;3;2;2;3;1;5;2;8;0;2;4;0;3;2;6;2;2.0;1.0;1;0;1;5;1;3;3;6;18;0
737;2;1;0;2;0;1;13;1;5;2;8;5;2;4;0;3;2;6;2;2.0;1.0;1;3;2;3;3;3;3;4;16;0
494;6;1;0;2;0;4;3;1;4;2;9;5;2;4;0;3;3;6;2;2.0;1.0;1;1;1;0;2;3;3;4;0;1
494;6;0;0;2;0;2;0;1;2;2;9;4;2;4;3;3;3;6;2;2.0;1.0;2;3;2;3;3;3;3;4;17;1
183;2;3;0;1;0;0;3;1;5;2;12;4;2;4;0;3;3;6;0;2.0;1.0;1;2;0;1;2;3;3;4;16;1
183;2;1;0;2;0;4;5;1;2;2;2;0;2;4;0;3;3;6;2;2.0;1.0;4;0;0;0;2;6;3;5;1;1
358;5;0;0;3;2;1;5;1;5;2;1;5;2;5;0;3;3;6;2;1.0;1.0;1;0;1;1;2;6;3;4;2;1
763;4;2;1;2;0;2;3;1;5;2;4;0;2;0;0;3;2;6;6;2.0;1.0;1;1;0;1;1;3;3;4;7;1
763;4;4;0;2;0;3;3;1;5;2;9;5;2;0;0;3;2;6;2;2.0;1.0;1;3;2;3;3;3;3;4;6;1
1002;3;1;0;2;0;2;3;1;4;2;9;5;1;6;0;3;3;6;2;2.0;2.0;1;1;0;0;2;3;3;4;7;0
1002;3;1;0;1;0;4;13;1;1;2;8;3;2;6;0;3;3;6;2;2.0;2.0;1;0;0;5;1;3;3;5;6;0
1002;3;1;0;2;0;2;5;1;1;2;0;0;2;6;0;3;3;6;6;2.0;2.0;3;1;0;0;2;3;3;4;17;0
494;3;4;0;3;0;0;15;1;5;2;13;5;2;4;0;3;3;6;6;2.0;1.0;9;3;2;3;3;3;3;4;6;1
494;3;4;0;2;0;2;3;1;5;2;4;5;2;4;0;3;3;6;2;2.0;1.0;1;3;2;3;3;6;3;4;0;1
39;0;0;0;0;0;0;3;1;5;2;9;1;2;4;0;3;3;6;2;2.0;1.0;4;1;0;0;2;6;3;4;13;1
39;0;0;0;2;0;4;3;3;3;2;9;0;2;4;2;3;3;6;6;2.0;1.0;1;1;0;0;2;6;3;4;6;1
674;4;2;1;2;0;0;1;1;2;2;12;0;2;6;0;3;3;6;6;2.0;2.0;1;1;0;2;2;3;3;4;0;1
674;4;0;0;2;0;2;5;3;5;2;9;5;2;6;0;3;3;6;2;2.0;2.0;1;1;0;0;2;6;3;4;6;1
674;4;0;0;2;0;1;15;1;0;2;6;0;6;6;0;3;3;6;2;2.0;2.0;1;3;2;3;3;6;3;4;6;1
469;1;0;0;2;0;2;3;1;1;2;6;0;6;6;0;3;3;6;2;2.0;3.0;1;1;0;0;2;3;1;4;6;1
469;1;0;0;2;0;1;3;1;5;2;8;3;2;6;0;3;3;6;6;2.0;3.0;1;3;2;3;3;3;3;4;0;1
469;1;0;0;2;0;1;3;1;1;2;9;0;6;6;0;3;3;6;2;2.0;3.0;4;1;0;1;2;6;3;4;0;1
424;6;0;0;2;0;4;15;1;5;2;9;5;2;6;0;3;3;6;4;2.0;1.0;4;3;2;3;3;6;3;4;6;1
424;6;0;0;2;0;0;13;1;5;1;5;5;2;6;0;3;3;6;2;2.0;1.0;1;1;1;1;2;3;3;4;11;1
208;2;1;0;0;2;0;4;1;4;2;9;5;2;5;0;3;3;6;6;2.0;1.0;3;1;1;0;2;3;3;4;0;1
208;2;4;0;0;0;5;15;1;2;0;2;5;2;5;0;3;3;6;2;2.0;1.0;3;3;2;3;3;3;3;4;18;1
307;3;0;0;2;0;0;11;1;5;2;8;0;2;5;0;3;3;6;2;2.0;1.0;1;3;2;3;3;3;3;4;4;1
307;3;1;0;2;0;2;2;1;5;2;8;2;3;5;0;3;3;6;2;2.0;1.0;8;1;0;1;2;3;3;4;0;1
563;2;0;0;2;0;4;2;3;5;2;8;2;4;5;0;3;3;6;2;2.0;2.0;2;1;0;1;2;2;3;4;0;1
563;2;0;0;2;0;4;15;1;1;2;12;0;3;5;0;3;3;6;2;2.0;2.0;1;3;2;3;3;0;3;4;11;1
563;2;0;0;2;2;2;3;1;1;2;12;0;2;5;0;3;3;6;4;2.0;2.0;3;1;0;0;1;3;3;4;4;1
499;1;0;0;3;0;1;3;1;5;2;9;2;2;6;0;3;3;5;4;1.0;1.0;3;3;2;3;3;1;3;4;7;1
429;1;1;0;2;0;1;13;1;5;2;12;2;2;4;0;3;3;6;3;1.0;1.0;2;0;1;0;2;3;3;6;11;0
327;1;4;0;2;0;3;2;1;3;2;12;0;0;4;4;3;3;6;3;2.0;1.0;4;3;2;3;3;3;3;4;16;1
327;1;0;0;2;0;1;13;1;2;2;12;2;2;4;0;3;3;6;3;2.0;1.0;9;1;0;0;2;3;3;4;13;1
326;2;3;0;2;0;1;3;3;2;2;12;0;2;4;0;0;3;6;3;1.0;1.0;1;2;1;4;2;0;3;4;4;1
983;0;0;0;3;0;2;4;1;1;2;12;3;0;4;0;3;3;6;3;2.0;1.0;1;3;2;3;3;3;3;4;16;1
983;0;3;0;2;0;4;13;1;5;2;12;2;2;4;0;3;3;6;3;2.0;1.0;1;3;2;3;3;3;3;4;17;1
925;2;1;0;2;0;4;5;1;0;2;4;3;2;4;0;3;3;6;0;1.0;1.0;1;3;2;3;3;6;3;4;13;1
203;4;0;0;2;0;3;5;1;5;2;12;2;2;5;0;3;3;6;3;2.0;1.0;1;1;0;0;2;6;3;4;18;1
203;4;0;0;2;0;1;2;2;4;2;3;2;2;5;0;3;3;6;0;2.0;1.0;1;1;0;0;2;3;2;4;4;1
464;0;0;2;2;0;3;2;1;5;2;8;4;2;5;0;3;3;6;3;2.0;2.0;1;3;2;3;3;3;0;4;16;1
464;0;0;0;1;0;2;2;1;1;2;2;0;2;5;0;3;3;6;3;2.0;2.0;2;0;1;4;2;3;3;4;0;1
1022;0;0;1;0;0;0;5;2;2;2;3;0;3;6;0;3;3;6;2;2.0;1.0;9;0;0;5;2;6;3;6;4;0
1022;0;1;0;2;0;3;13;1;4;2;8;5;2;6;4;3;3;6;8;2.0;1.0;1;1;0;0;2;3;3;4;18;0
1038;4;0;0;2;0;2;2;1;1;2;12;2;4;4;0;3;3;6;4;2.0;1.0;1;1;0;4;2;3;3;4;6;0
1038;4;0;0;1;0;3;5;1;0;2;8;0;2;4;0;3;3;6;4;2.0;1.0;1;3;2;3;3;3;3;4;18;0
660;4;1;0;1;0;3;2;1;1;2;8;2;3;6;0;3;2;6;0;1.0;1.0;1;0;0;4;2;3;3;4;13;1
341;2;0;0;2;0;2;15;1;5;2;12;3;8;4;0;3;3;6;3;2.0;1.0;1;0;1;5;2;3;3;4;18;1
341;2;1;0;1;0;1;2;1;0;2;8;0;0;4;1;3;3;6;3;2.0;1.0;1;3;2;3;3;3;3;4;13;1
416;5;0;0;2;0;4;2;1;5;2;9;0;2;4;0;3;3;6;8;2.0;1.0;4;1;0;1;2;3;3;4;17;1
416;5;1;0;2;0;4;2;1;5;2;12;2;2;4;0;3;3;6;4;2.0;1.0;1;3;2;3;3;0;3;4;1;1
623;0;0;0;2;0;2;4;1;1;2;8;3;2;6;0;3;2;6;3;1.0;1.0;5;0;0;5;2;3;3;6;18;0
75;1;1;0;2;0;0;3;1;2;2;8;0;3;6;0;3;3;6;3;1.0;1.0;1;1;1;0;2;3;3;4;4;0
952;1;1;0;4;0;3;2;1;5;2;8;5;2;7;0;3;3;6;7;2.0;1.0;1;3;2;3;3;6;3;4;18;1
952;1;0;0;2;0;3;13;1;2;2;12;2;0;7;3;3;3;6;2;2.0;1.0;1;1;0;0;2;6;3;4;17;1
1063;1;0;0;1;0;1;6;1;5;2;2;0;2;6;0;3;3;6;2;1.0;1.0;1;3;2;3;3;3;3;4;13;1
573;5;1;0;2;2;0;3;1;5;2;4;0;2;4;0;3;2;6;7;3.0;1.0;1;1;0;0;2;6;3;4;17;1
573;5;3;0;2;0;2;4;1;0;2;8;3;2;4;0;3;2;6;2;3.0;1.0;9;3;2;3;3;3;3;4;18;1
573;5;0;0;3;0;1;13;1;5;2;2;0;2;4;0;3;2;6;6;3.0;1.0;9;0;1;4;2;6;3;4;17;1
479;5;0;0;3;2;2;5;1;5;2;8;0;2;5;0;3;3;6;2;1.0;1.0;9;1;1;1;2;3;3;4;6;1
456;6;1;0;2;0;4;2;1;5;2;8;5;2;4;0;3;3;6;2;2.0;1.0;5;3;2;3;3;6;3;4;19;1
456;6;0;0;2;0;2;13;1;5;2;9;2;2;4;0;3;3;6;2;2.0;1.0;1;2;0;1;2;6;3;4;6;1
461;5;3;0;1;0;2;4;1;2;2;8;2;2;5;0;0;3;3;0;2.0;1.0;12;2;1;4;2;6;3;4;1;1
461;5;0;0;2;0;2;2;1;2;2;9;0;2;5;0;0;3;3;2;2.0;1.0;4;2;1;1;2;3;3;4;13;1
988;1;0;0;2;0;4;13;1;1;2;8;3;2;5;0;3;3;6;2;2.0;1.0;3;2;1;1;2;0;3;4;11;1
988;1;1;0;2;0;0;7;1;1;2;8;3;2;5;0;3;3;6;2;2.0;1.0;1;2;1;4;2;3;3;4;1;1
1024;6;0;0;2;0;1;3;1;5;2;12;2;2;7;2;3;3;6;7;2.0;1.0;1;3;2;3;3;3;3;4;0;0
1024;6;1;0;2;0;0;3;1;5;2;12;2;2;7;0;3;3;6;2;2.0;1.0;1;1;0;0;2;3;3;4;11;0
625;2;3;0;2;0;2;11;1;4;2;9;2;2;5;0;3;2;6;6;2.0;2.0;4;1;0;4;1;3;3;4;12;1
625;2;3;0;3;0;2;2;1;5;2;2;2;2;5;0;3;2;6;2;2.0;2.0;2;2;0;2;2;6;3;4;4;1
875;1;3;0;2;0;2;13;3;5;2;2;3;2;6;0;3;2;6;0;2.0;2.0;9;0;0;0;2;3;3;8;16;1
875;1;1;0;2;0;4;13;1;1;2;9;3;2;6;0;3;2;6;2;2.0;2.0;5;0;0;4;2;3;3;4;0;1
630;0;1;0;2;0;1;14;1;5;2;8;2;0;4;0;3;2;6;2;3.0;3.0;1;0;0;1;1;3;3;8;13;0
630;0;0;0;2;2;4;11;1;2;2;8;2;0;4;0;3;2;6;2;3.0;3.0;1;0;0;5;2;3;3;6;1;0
630;0;0;0;2;0;1;5;1;1;2;9;2;2;4;0;3;2;6;2;3.0;3.0;1;3;2;3;3;3;3;4;17;0
646;5;0;0;3;1;2;3;1;2;2;2;5;2;6;0;3;2;6;2;3.0;1.0;1;1;0;1;2;6;3;4;18;1
646;5;1;0;3;0;2;5;1;5;2;12;2;2;6;0;3;2;6;6;3.0;1.0;1;3;2;3;3;3;3;4;16;1
646;5;0;0;2;0;2;13;1;5;2;8;2;2;6;0;3;2;6;2;3.0;1.0;1;0;1;0;2;3;3;4;18;1
386;6;0;0;2;0;2;3;1;5;2;12;2;2;6;0;3;3;6;2;2.0;1.0;1;2;1;0;2;6;3;4;18;1
386;6;3;0;3;0;4;13;1;5;2;12;2;2;6;0;3;3;6;6;2.0;1.0;1;2;0;4;2;6;3;4;13;1
617;5;2;0;2;0;3;13;1;5;2;12;2;2;6;0;3;2;6;6;2.0;1.0;1;2;0;5;2;3;3;4;0;0
617;5;0;0;2;0;2;4;3;1;2;9;2;2;6;0;3;2;6;2;2.0;1.0;5;0;1;0;2;6;3;5;17;0
337;6;1;0;3;0;0;2;1;3;2;2;0;2;4;0;3;3;6;2;1.0;1.0;9;0;1;4;2;3;3;6;13;1
350;6;0;0;2;0;2;3;1;5;2;12;0;2;4;0;3;3;6;2;1.0;1.0;1;1;0;1;2;3;3;4;19;0
749;0;4;0;2;0;4;3;1;5;2;12;4;2;0;0;3;2;6;2;2.0;1.0;9;3;2;3;3;3;3;4;11;0
749;0;0;0;1;2;1;15;1;5;2;9;2;2;0;0;3;2;6;6;2.0;1.0;1;1;0;1;2;6;3;4;12;0
750;4;0;0;2;0;0;1;1;5;2;8;4;2;4;0;3;2;6;2;1.0;1.0;9;1;0;1;2;3;3;4;0;1
372;1;0;0;2;0;0;3;1;5;2;4;2;2;5;0;3;3;6;2;2.0;2.0;1;3;2;3;3;0;3;4;14;1
372;1;1;0;0;2;1;13;3;5;2;9;3;2;5;4;3;3;6;2;2.0;2.0;1;1;0;0;2;3;3;4;4;1
904;6;2;1;2;0;2;15;1;5;2;8;6;2;6;0;3;0;6;2;1.0;1.0;1;3;2;3;3;3;3;4;1;1
330;1;4;0;3;2;1;15;1;1;2;12;2;2;4;0;3;3;6;2;2.0;2.0;1;1;0;0;2;3;3;4;0;1
330;1;3;0;2;0;0;3;1;5;2;2;5;2;4;0;3;3;6;2;2.0;2.0;1;0;0;1;2;3;3;6;17;1
423;4;0;0;2;2;2;3;1;4;2;4;2;2;4;0;3;3;6;6;3.0;1.0;5;1;0;0;2;3;3;4;5;1
423;4;1;0;2;0;3;3;1;5;2;1;4;2;4;0;3;3;6;2;3.0;1.0;1;2;1;0;2;3;3;4;1;1
423;4;3;0;2;0;1;6;1;5;2;0;0;2;4;0;3;3;6;7;3.0;1.0;9;3;2;3;3;0;3;4;16;1
206;6;0;0;2;0;2;5;1;5;2;12;2;2;5;0;3;3;6;6;2.0;3.0;9;1;0;1;2;3;3;4;0;1
206;6;0;0;2;0;4;2;1;5;2;12;2;2;5;0;3;3;6;6;2.0;3.0;9;2;1;0;2;0;3;4;18;1
206;6;1;0;3;0;1;3;1;5;2;4;2;2;5;0;3;3;6;2;2.0;3.0;1;3;2;3;3;6;3;4;17;1
119;3;3;0;3;2;4;3;3;1;2;12;2;2;6;0;3;3;6;0;2.0;1.0;1;1;0;5;1;3;3;4;18;1
119;3;2;1;2;0;0;6;3;5;2;8;5;2;6;0;3;3;6;2;2.0;1.0;1;3;2;3;3;3;3;4;16;1
1012;0;0;0;2;0;2;6;1;5;2;12;5;2;6;0;3;3;6;2;2.0;1.0;1;2;1;4;2;6;3;4;4;1
1012;0;1;0;2;0;1;3;1;5;2;8;2;2;6;0;3;3;6;2;2.0;1.0;5;1;0;1;2;6;3;4;6;1
268;1;4;0;2;0;1;2;1;5;2;8;0;2;4;4;3;3;6;2;2.0;1.0;1;3;2;3;3;3;3;4;1;1
268;1;1;0;2;0;1;4;2;5;2;12;5;2;4;0;3;3;6;2;2.0;1.0;1;0;1;1;1;3;3;8;6;1
444;1;0;0;2;0;1;13;3;1;2;12;5;2;6;0;3;3;6;2;2.0;1.0;1;3;2;3;3;6;3;4;1;1
444;1;1;0;2;0;4;3;1;5;2;12;0;2;6;0;3;3;6;2;2.0;1.0;2;1;1;1;2;6;3;4;16;1
942;0;4;0;2;0;4;3;1;4;2;12;5;2;4;0;0;3;3;2;2.0;1.0;9;1;0;0;2;3;3;4;18;1
942;0;0;0;3;0;2;13;1;5;2;9;0;2;4;0;0;3;3;6;2.0;1.0;1;3;2;3;3;3;3;4;0;1
845;3;2;1;2;0;2;3;1;1;2;2;0;2;4;0;0;2;3;2;2.0;1.0;1;1;0;1;1;3;3;4;0;1
845;3;0;0;2;0;1;2;1;1;2;8;3;2;4;0;0;2;3;2;2.0;1.0;2;3;2;3;3;3;3;4;9;1
70;4;0;0;3;0;2;3;1;1;2;2;5;2;5;0;0;3;3;2;2.0;1.0;1;1;0;1;2;3;3;4;18;1
70;4;1;0;2;0;2;3;1;1;2;12;2;2;5;0;0;3;3;2;2.0;1.0;2;3;2;3;3;3;3;4;0;1
459;0;0;0;2;0;4;3;1;4;2;9;2;2;6;4;0;2;3;7;2.0;1.0;5;0;1;1;2;3;3;6;1;1
459;0;3;0;2;0;2;3;1;2;2;8;0;2;6;0;0;2;3;2;2.0;1.0;1;3;2;3;3;3;3;4;19;1
206;0;0;0;2;0;4;13;1;5;2;1;5;2;4;0;0;3;3;2;3.0;1.0;1;1;0;1;2;3;3;4;4;1
206;0;3;0;3;0;3;2;3;5;2;8;5;0;4;0;0;3;3;2;3.0;1.0;1;3;2;3;3;3;3;4;4;1
206;0;0;0;3;0;2;4;1;2;2;4;5;2;4;0;0;3;3;2;3.0;1.0;1;1;0;1;2;3;3;4;18;1
601;3;0;0;3;0;0;11;1;5;2;12;2;2;5;0;3;2;6;2;2.0;1.0;1;3;2;3;3;3;3;4;16;1
601;3;1;0;3;0;2;2;1;5;2;9;0;2;5;0;3;2;6;2;2.0;1.0;1;1;0;0;2;3;3;4;11;1
465;3;3;0;3;0;2;4;3;4;2;9;5;2;6;3;3;2;6;6;1.0;1.0;1;0;0;0;2;3;3;4;17;1
584;3;0;0;3;0;1;11;1;0;2;4;5;2;4;0;0;2;6;2;2.0;1.0;1;0;0;4;2;3;3;6;18;1
584;3;0;0;3;0;2;13;1;1;2;9;0;2;4;0;0;2;6;2;2.0;1.0;1;3;2;3;3;3;3;4;0;1
90;2;0;0;2;0;2;3;1;5;2;9;5;2;4;0;0;3;6;2;2.0;1.0;1;1;0;0;2;3;3;4;6;1
90;2;0;0;2;0;4;3;1;5;2;8;0;2;4;0;0;3;6;2;2.0;1.0;1;3;2;3;3;3;3;4;0;1
618;3;4;2;2;0;4;3;1;1;2;8;3;4;5;0;0;2;6;2;2.0;2.0;1;1;0;1;2;3;3;4;11;1
618;3;1;0;3;0;3;3;1;4;2;8;5;2;5;0;0;2;6;2;2.0;2.0;1;3;2;3;3;3;3;4;4;1
519;3;2;1;3;0;2;16;1;0;2;8;0;4;4;0;3;2;1;2;2.0;1.0;1;1;0;0;2;3;3;4;7;0
519;3;3;0;3;2;2;3;1;5;2;8;4;2;4;0;3;2;1;2;2.0;1.0;1;0;1;0;2;3;3;0;9;0
94;4;0;0;3;0;1;11;1;5;2;8;0;2;4;0;3;3;6;0;3.0;2.0;1;1;0;5;2;3;3;4;15;1
94;4;3;0;3;0;4;3;1;5;2;8;5;2;4;0;3;3;6;2;3.0;2.0;9;2;0;5;2;3;3;4;0;1
94;4;3;0;3;0;1;3;1;4;2;9;5;2;4;0;3;3;6;2;3.0;2.0;1;3;2;3;3;3;3;4;18;1
94;4;0;0;2;0;4;3;1;2;2;9;4;2;4;0;3;3;6;2;3.0;2.0;1;3;2;3;3;3;3;4;4;1
425;3;2;1;2;0;3;4;1;5;2;12;4;2;6;0;0;2;6;6;1.0;1.0;1;2;1;1;2;3;3;4;16;0
942;3;1;0;2;0;1;13;1;2;2;2;0;2;5;0;0;3;3;2;2.0;1.0;1;3;2;3;3;3;3;4;1;1
942;3;1;0;3;0;2;13;1;5;2;1;5;2;5;0;0;3;3;2;2.0;1.0;4;0;0;1;1;3;3;6;17;1
509;3;1;0;3;0;2;3;1;5;2;4;0;2;5;0;0;2;3;2;2.0;1.0;1;2;1;0;2;3;3;4;11;1
509;3;1;0;3;0;0;13;1;5;2;9;5;2;5;0;0;2;3;6;2.0;1.0;1;2;0;0;2;3;3;4;6;1
199;2;1;0;3;0;2;13;1;4;2;9;5;1;4;3;3;3;6;2;2.0;1.0;1;3;2;3;3;3;3;4;16;1
199;2;3;0;2;0;0;13;1;1;2;8;3;2;4;0;3;3;6;2;2.0;1.0;1;1;0;5;2;3;3;4;17;1
395;5;1;0;2;0;2;13;1;1;2;0;0;2;4;0;0;2;3;2;1.0;1.0;1;3;2;3;3;3;3;4;0;1
983;3;1;0;3;2;0;3;1;5;2;13;5;2;4;0;0;3;3;2;1.0;1.0;1;3;2;3;3;3;3;4;6;1
362;3;1;1;2;0;2;3;1;5;2;4;5;2;4;0;0;2;3;6;2.0;1.0;1;1;0;1;2;3;3;4;0;0
362;3;0;0;2;0;1;3;1;5;2;9;1;2;4;0;0;2;3;2;2.0;1.0;1;3;2;3;3;3;3;4;0;0
733;4;1;0;2;0;1;6;3;3;2;9;0;2;6;0;0;2;0;2;1.0;1.0;1;1;0;0;1;3;3;4;1;0
243;4;1;0;2;0;2;3;1;2;2;12;0;2;4;0;0;3;6;2;2.0;3.0;4;1;0;0;2;3;3;4;3;1
243;4;0;0;2;2;3;6;3;5;2;9;5;2;4;0;0;3;6;2;2.0;3.0;1;3;2;3;3;3;3;4;6;1
243;4;0;0;1;0;3;6;1;0;2;6;0;6;4;0;0;3;6;2;2.0;3.0;2;3;2;3;3;3;3;4;18;1
240;4;0;0;2;0;2;3;1;1;2;6;0;6;7;0;3;3;1;7;2.0;2.0;5;1;1;1;2;3;3;4;6;1
240;4;0;0;2;0;3;15;1;5;2;8;3;2;7;3;3;3;1;2;2.0;2.0;1;1;0;0;2;6;3;4;1;1
240;4;0;1;2;0;1;3;1;1;2;9;0;6;7;0;3;3;1;2;2.0;2.0;1;2;0;1;2;6;3;4;16;1
307;0;1;0;2;0;1;13;1;5;2;9;5;2;4;0;3;3;6;6;2.0;1.0;4;3;2;3;3;3;3;4;0;1
307;0;1;0;2;0;2;2;1;5;1;5;5;2;4;0;3;3;6;2;2.0;1.0;5;3;2;3;3;3;3;4;18;1
630;5;0;0;3;0;2;4;1;4;2;9;5;2;4;0;3;2;6;2;2.0;1.0;1;3;2;3;3;3;3;4;13;1
630;5;0;0;2;2;2;15;1;2;0;2;5;2;4;0;3;2;6;7;2.0;1.0;1;1;0;0;2;3;3;4;13;1
506;2;0;0;2;0;2;9;1;5;2;8;0;2;4;0;0;2;3;2;1.0;1.0;5;3;2;3;3;3;3;4;18;1
1063;5;0;0;2;2;2;4;1;5;2;8;2;3;6;0;3;3;6;2;2.0;1.0;1;1;0;0;2;3;3;4;18;1
1063;5;3;0;5;0;1;15;3;5;2;8;2;4;6;0;3;3;6;7;2.0;1.0;4;0;0;1;2;3;3;4;18;1
548;6;1;0;2;0;2;15;1;1;2;12;0;3;5;2;0;2;6;7;2.0;1.0;1;1;0;1;2;3;3;4;17;1
548;6;0;0;2;0;3;3;1;1;2;12;0;2;5;0;0;2;6;7;2.0;1.0;4;3;2;3;3;3;3;4;6;1
561;2;0;0;2;0;0;3;1;5;2;9;2;2;5;0;3;0;6;6;2.0;2.0;1;0;1;0;2;6;3;4;0;1
561;2;0;0;3;0;1;2;1;5;2;12;2;2;5;0;3;0;6;2;2.0;2.0;9;3;2;3;3;3;3;4;1;1
561;2;0;0;3;0;1;2;1;3;2;12;0;0;5;0;3;0;6;2;2.0;2.0;1;1;0;1;2;3;3;4;6;1
208;3;0;0;3;0;2;3;1;2;2;12;2;2;4;0;0;3;6;2;2.0;1.0;1;3;2;3;3;3;3;4;6;1
208;3;3;0;2;0;2;12;3;2;2;12;0;2;4;0;0;3;6;2;2.0;1.0;1;1;1;5;2;3;3;4;18;1
39;1;4;0;2;0;2;2;1;1;2;12;3;0;4;0;0;3;6;2;2.0;1.0;2;1;1;0;2;3;3;4;4;1
39;1;4;0;2;0;4;12;1;5;2;12;2;2;4;0;0;3;6;2;2.0;1.0;2;2;1;0;2;3;3;4;0;1
222;6;3;0;2;0;4;15;1;1;2;2;2;2;4;0;0;3;6;7;1.0;2.0;2;3;2;3;3;3;3;4;0;1
222;6;3;0;2;2;4;3;1;2;2;12;0;2;4;0;0;3;6;6;1.0;2.0;1;1;0;0;2;3;3;4;18;1
67;5;1;0;2;0;6;2;2;1;2;4;2;2;6;0;0;3;6;2;3.0;1.0;1;1;1;1;2;3;3;4;18;1
67;5;1;0;2;0;2;3;1;5;2;9;3;2;6;0;0;3;6;2;3.0;1.0;1;1;0;4;2;3;3;4;3;1
67;5;1;0;2;0;1;3;3;4;2;12;2;2;6;0;0;3;6;2;3.0;1.0;1;3;2;3;3;3;3;4;9;1
446;1;1;0;3;0;2;3;1;5;2;8;2;2;4;0;0;0;3;2;2.0;1.0;9;0;0;1;2;6;3;8;16;1
446;1;0;0;2;0;1;3;1;5;2;4;6;2;4;0;0;0;3;5;2.0;1.0;1;1;1;1;2;6;3;4;17;1
876;4;0;0;1;2;2;13;1;0;2;4;3;2;5;0;0;2;6;2;2.0;1.0;9;3;2;3;3;3;3;4;16;1
876;4;0;0;2;0;4;2;1;5;2;12;2;2;5;0;0;2;6;2;2.0;1.0;9;0;1;0;2;3;3;6;4;1
1030;1;1;0;2;0;1;4;2;4;2;3;2;2;5;0;0;3;6;2;2.0;2.0;1;3;2;3;3;6;3;4;4;1
1030;1;1;0;3;0;1;4;1;5;2;8;4;2;5;0;0;3;6;2;2.0;2.0;5;1;0;5;2;6;3;4;13;1
867;2;0;0;1;2;4;3;1;1;2;2;0;2;0;0;0;2;0;2;2.0;1.0;1;1;0;0;2;3;3;4;18;0
867;2;1;0;3;0;0;14;2;2;2;3;0;3;0;3;0;2;0;2;2.0;1.0;5;3;2;3;3;0;3;4;13;0
469;0;0;0;2;0;4;3;1;4;2;8;5;2;4;0;0;2;3;2;2.0;1.0;1;1;0;2;2;3;3;4;16;1
469;0;1;0;2;0;2;6;1;1;2;12;2;4;4;0;0;2;3;2;2.0;1.0;2;3;2;3;3;3;3;4;6;1
222;6;3;0;2;2;2;13;1;0;2;8;0;2;4;0;3;3;6;2;1.0;1.0;1;0;1;4;1;3;3;4;18;0
574;5;4;0;0;0;2;6;1;1;2;8;2;3;5;0;0;2;6;7;2.0;1.0;1;2;0;2;2;3;3;4;4;0
574;5;4;0;2;0;2;2;1;5;2;12;3;8;5;0;0;2;6;6;2.0;1.0;1;2;1;0;2;3;3;4;0;0
848;1;1;0;0;0;2;13;1;2;2;12;2;0;5;4;0;2;3;6;2.0;2.0;1;2;1;4;2;6;3;4;16;1
848;1;0;0;2;0;2;3;1;5;2;2;0;2;5;0;0;2;3;2;2.0;2.0;1;0;1;1;2;3;3;5;1;1
848;1;0;0;3;2;3;2;1;5;2;4;0;2;5;0;0;2;3;2;2.0;2.0;1;3;2;3;3;6;3;4;2;1
726;0;0;0;2;0;2;3;1;0;2;8;3;2;5;0;0;2;6;2;2.0;1.0;2;1;0;1;2;6;3;4;7;1
726;0;1;0;2;0;4;2;1;5;2;2;0;2;5;0;0;2;6;2;2.0;1.0;1;1;0;1;2;6;3;4;6;1
131;2;0;0;2;0;2;3;1;5;2;8;0;2;1;0;3;3;6;2;2.0;1.0;1;3;2;3;3;3;3;4;7;1
131;2;1;0;2;0;0;4;1;5;2;8;5;2;1;0;3;3;6;2;2.0;1.0;5;0;0;5;2;3;3;4;6;1
746;0;4;0;2;2;1;3;1;5;2;9;2;2;4;0;3;1;6;7;1.0;1.0;1;3;2;3;3;3;3;4;17;0
151;5;3;0;2;0;6;5;1;2;2;8;2;2;4;0;0;3;6;7;2.0;3.0;1;1;0;0;2;3;3;4;6;2
151;5;3;0;2;0;4;3;1;2;2;9;0;2;4;0;0;3;6;6;2.0;3.0;1;1;0;0;1;6;3;4;0;2
151;5;1;0;2;2;1;2;1;1;2;8;3;2;4;0;0;3;6;7;2.0;3.0;4;3;2;3;3;3;3;4;13;2
374;1;1;0;2;0;2;5;1;1;2;8;3;2;4;0;0;3;1;2;1.0;1.0;1;0;1;5;2;3;3;4;6;1
964;1;1;0;2;0;1;11;1;5;2;12;2;2;6;0;0;3;6;2;1.0;1.0;1;1;0;0;2;3;3;4;0;0
439;5;3;0;2;0;0;13;1;5;2;12;2;2;4;0;0;0;6;2;3.0;1.0;2;3;2;3;3;3;3;4;6;1
439;5;0;0;2;0;2;13;1;4;2;9;2;2;4;0;0;0;6;6;3.0;1.0;5;1;0;0;2;3;3;4;6;1
439;5;1;2;2;0;1;13;1;5;2;2;2;2;4;2;0;0;6;6;3.0;1.0;1;3;2;3;3;3;3;4;6;1
980;1;0;0;3;0;2;3;3;5;2;2;3;2;4;0;0;3;6;2;2.0;1.0;1;1;0;1;2;3;3;4;0;1
980;1;1;0;0;2;2;13;1;1;2;9;3;2;4;0;0;3;6;2;2.0;1.0;9;0;0;1;2;3;3;4;0;1
427;6;0;0;2;0;1;3;1;5;2;8;2;0;5;0;3;2;6;2;2.0;1.0;2;1;1;4;2;6;3;4;6;1
427;6;1;0;2;0;1;5;1;2;2;8;2;0;5;4;3;2;6;2;2.0;1.0;1;3;2;3;3;3;3;4;11;1
459;5;1;0;2;0;1;3;1;1;2;9;2;2;1;0;0;2;6;2;2.0;1.0;1;3;2;3;3;6;3;4;0;1
459;5;3;0;2;0;2;11;1;2;2;2;5;2;1;4;0;2;6;2;2.0;1.0;9;1;0;0;2;3;3;4;18;1
568;0;3;0;2;0;0;3;1;5;2;12;2;2;6;0;0;2;6;2;1.0;1.0;1;3;2;3;3;3;3;4;4;0
975;1;1;0;2;2;1;13;1;5;2;8;2;2;4;0;0;3;6;2;1.0;1.0;1;1;0;4;2;3;3;4;0;1
617;1;1;0;1;2;1;2;1;5;2;12;2;2;4;0;3;2;6;2;2.0;2.0;1;1;0;5;2;3;3;4;0;1
617;1;0;0;2;0;2;4;1;5;2;12;2;2;4;0;3;2;6;6;2.0;2.0;1;3;2;3;3;3;3;4;11;1
753;4;1;0;2;2;0;3;1;5;2;12;2;2;4;0;3;2;6;6;1.0;1.0;1;3;2;3;3;3;3;4;4;1
842;0;0;0;2;0;3;13;3;1;2;9;2;2;4;0;3;2;6;7;1.0;1.0;1;1;0;1;2;6;3;4;7;0
1011;6;0;0;1;0;0;3;1;3;2;2;0;2;4;0;0;3;6;2;2.0;3.0;1;1;0;0;2;3;3;4;11;1
1011;6;1;0;0;0;0;6;1;5;2;12;0;2;4;0;0;3;6;2;2.0;3.0;1;3;2;3;3;6;3;4;16;1
1011;6;1;0;2;0;4;3;1;5;2;12;4;2;4;0;0;3;6;2;2.0;3.0;2;3;2;3;3;3;3;4;13;1
1064;0;4;0;1;0;0;13;1;5;2;9;2;2;4;0;3;3;6;2;2.0;2.0;1;1;0;1;2;3;3;4;4;0
1064;0;3;0;2;0;1;5;1;5;2;8;4;2;4;0;3;3;6;2;2.0;2.0;1;2;0;1;2;3;3;4;16;0
386;6;1;0;0;1;1;9;1;5;2;4;2;2;5;0;3;2;6;2;2.0;1.0;1;0;1;4;2;3;3;6;17;1
386;6;1;0;1;0;4;5;3;5;2;9;3;2;5;0;3;2;6;2;2.0;1.0;1;1;0;0;1;6;3;4;0;1
396;1;0;0;3;0;2;13;1;5;2;8;6;2;6;0;0;3;6;2;2.0;1.0;1;3;2;3;3;3;3;4;0;1
396;1;1;0;1;0;0;3;1;1;2;12;2;2;6;0;0;3;6;2;2.0;1.0;1;1;0;1;1;3;3;4;0;1
461;5;0;0;1;0;2;13;1;5;2;2;5;2;6;0;0;2;3;7;2.0;1.0;5;0;1;1;2;6;3;4;7;1
461;5;1;0;1;0;1;11;1;4;2;4;2;2;6;0;0;2;3;7;2.0;1.0;9;0;0;1;2;3;3;6;1;1
821;4;0;0;2;0;0;4;1;5;2;1;4;2;6;0;3;2;6;2;2.0;1.0;5;1;0;0;2;3;3;4;13;1
821;4;2;1;0;0;4;3;1;5;2;0;0;2;6;0;3;2;6;2;2.0;1.0;1;3;2;3;3;3;3;4;9;1
531;1;0;0;0;0;1;3;1;5;2;12;2;2;5;0;3;2;6;2;1.0;1.0;1;1;0;1;2;3;3;4;13;1
617;1;3;0;3;0;2;3;1;5;2;12;2;2;4;0;3;0;8;2;2.0;2.0;1;3;2;3;3;6;3;4;18;0
617;1;3;0;3;0;0;2;1;5;2;4;2;2;4;3;3;0;8;2;2.0;2.0;5;3;2;3;3;6;3;4;4;0
617;1;0;0;2;0;2;3;3;1;2;12;2;2;4;0;3;0;8;2;2.0;2.0;1;1;0;0;2;3;3;4;16;0
489;5;1;0;2;0;2;6;3;5;2;8;5;2;4;0;3;2;6;2;1.0;1.0;1;3;2;3;3;6;3;4;0;0
756;1;1;0;3;0;2;6;1;5;2;12;5;2;4;0;3;2;6;2;1.0;1.0;1;1;0;0;2;3;3;4;4;1
98;5;3;0;2;0;1;3;1;5;2;8;2;2;5;0;3;3;6;2;2.0;1.0;1;3;2;3;3;3;3;4;18;1
98;5;3;0;2;0;2;5;1;5;2;8;0;2;5;0;3;3;6;2;2.0;1.0;1;1;0;5;2;3;3;4;6;1
231;0;1;0;1;0;1;5;2;5;2;12;5;2;4;0;3;3;6;2;2.0;1.0;1;1;0;0;2;3;3;4;18;1
231;0;3;0;2;0;0;13;3;1;2;12;5;2;4;0;3;3;6;2;2.0;1.0;9;0;0;0;2;3;3;4;13;1
1035;5;0;0;2;0;0;3;1;5;2;12;0;2;4;0;3;3;6;2;1.0;1.0;9;0;0;5;2;3;3;4;18;1
416;1;0;0;2;0;2;4;1;4;2;12;5;2;4;0;3;2;6;2;2.0;1.0;1;0;1;0;2;6;3;6;13;0
416;1;4;0;5;0;6;4;1;5;2;9;0;2;4;0;3;2;6;2;2.0;1.0;1;1;1;2;2;3;3;4;17;0
322;6;0;0;2;0;2;13;1;1;2;2;0;2;5;2;0;3;5;2;2.0;1.0;4;3;2;3;3;3;3;4;1;1
322;6;1;0;2;0;0;3;1;1;2;8;3;2;5;0;0;3;5;2;2.0;1.0;1;0;1;0;2;3;3;4;18;1
72;5;0;0;2;0;1;11;1;1;2;2;5;2;5;3;3;3;6;2;2.0;2.0;1;1;0;0;2;3;3;4;4;1
72;5;3;0;2;0;4;9;1;1;2;12;2;2;5;0;3;3;6;2;2.0;2.0;1;2;1;1;2;3;3;4;18;1
72;5;3;0;2;2;2;3;1;5;2;12;5;2;5;0;3;3;6;2;2.0;2.0;1;1;0;1;2;3;3;4;17;1
439;5;1;0;1;0;0;2;1;0;2;11;5;8;6;0;3;3;6;2;1.0;1.0;1;3;2;3;3;3;3;4;13;1
401;3;0;0;2;0;4;3;1;2;2;8;2;0;6;3;3;3;6;6;2.0;1.0;1;1;0;1;2;6;3;4;17;1
401;3;1;0;2;0;0;3;1;3;2;12;5;8;6;0;3;3;6;6;2.0;1.0;1;3;2;3;3;6;3;4;18;1
231;2;4;0;2;0;1;3;1;5;2;8;0;2;4;0;0;3;3;2;2.0;1.0;1;2;1;4;2;3;3;4;17;1
231;2;4;0;2;0;4;0;1;5;2;12;0;2;4;0;0;3;3;2;2.0;1.0;1;1;0;0;2;6;3;4;6;1
406;6;0;0;2;0;1;3;1;1;2;12;2;2;4;0;3;3;6;2;2.0;1.0;5;1;1;4;2;3;3;4;19;1
406;6;3;0;3;0;2;2;1;5;2;8;0;2;4;0;3;3;6;2;2.0;1.0;3;3;2;3;3;6;3;4;6;1
635;1;0;0;2;0;2;3;1;5;2;12;3;2;5;0;0;2;6;6;3.0;2.0;1;3;2;3;3;0;3;4;1;1
635;1;1;0;3;0;0;2;1;5;2;2;5;2;5;0;0;2;6;2;3.0;2.0;1;1;0;0;2;3;3;4;16;1
635;1;1;0;3;0;2;13;1;5;2;8;2;2;5;0;0;2;6;6;3.0;2.0;1;3;2;3;3;3;3;4;0;1
635;1;1;0;3;0;2;4;1;4;2;8;2;2;5;0;0;2;6;6;3.0;2.0;5;1;0;0;2;3;3;4;0;1
77;2;0;0;2;0;0;6;1;1;2;12;0;3;5;0;0;3;3;7;2.0;1.0;1;2;1;0;2;3;3;4;18;1
77;2;3;0;2;0;2;3;1;1;2;9;0;2;5;0;0;3;3;2;2.0;1.0;9;3;2;3;3;3;3;4;18;1
3;4;1;0;2;0;2;4;1;5;2;9;0;2;5;0;3;2;6;6;1.0;1.0;5;1;0;0;2;3;3;4;1;0
474;5;0;0;2;0;1;3;1;2;1;12;2;2;4;0;3;2;6;2;1.0;1.0;1;0;0;1;2;6;3;4;0;1
930;1;0;0;2;0;0;13;1;5;1;12;5;2;0;0;3;3;6;2;2.0;1.0;1;0;0;4;2;6;3;6;16;1
930;1;3;0;2;0;2;3;1;5;2;8;2;8;0;0;3;3;6;2;2.0;1.0;1;2;0;0;2;6;3;4;1;1
622;2;0;0;2;0;3;13;3;5;2;11;3;2;5;0;3;2;6;2;2.0;1.0;1;3;2;3;3;3;3;4;16;1
622;2;1;0;2;0;2;13;1;5;2;12;2;8;5;0;3;2;6;2;2.0;1.0;1;3;2;3;3;3;3;4;13;1
271;3;1;0;2;2;2;13;1;2;2;12;2;1;5;0;0;3;6;2;1.0;1.0;1;1;0;0;2;3;3;4;2;1
539;4;1;0;2;2;2;6;3;5;2;2;2;2;7;0;3;2;6;6;2.0;2.0;1;1;0;4;2;6;3;4;18;1
539;4;1;0;2;0;2;3;1;5;2;8;2;0;7;0;3;2;6;2;2.0;2.0;1;1;0;1;2;3;3;4;18;1
326;3;0;0;1;0;1;2;1;5;2;12;2;0;4;3;0;3;3;6;1.0;1.0;1;1;0;1;2;0;3;4;18;1
494;6;4;0;0;0;2;2;3;5;2;9;3;2;4;0;3;2;6;2;4.0;1.0;1;3;2;3;3;1;3;4;1;1
494;6;0;0;2;0;4;2;1;5;2;8;2;2;4;0;3;2;6;2;4.0;1.0;1;1;0;1;2;3;3;4;16;1
494;6;2;1;2;0;3;3;1;5;2;8;0;2;4;4;3;2;6;2;4.0;1.0;1;1;0;1;2;3;3;4;9;1
494;6;2;1;3;0;2;2;1;3;2;8;2;2;4;0;3;2;6;6;4.0;1.0;1;3;2;3;3;3;3;4;11;1
13;1;0;0;3;0;1;13;2;0;2;2;2;2;5;0;3;2;6;6;2.0;2.0;1;1;0;1;1;3;3;4;4;1
13;1;1;0;2;0;1;5;1;5;2;8;2;2;5;0;3;2;6;2;2.0;2.0;1;1;0;1;2;0;3;4;1;1
100;0;0;0;2;0;0;13;1;0;2;8;2;0;6;0;3;3;6;2;1.0;1.0;1;3;2;3;3;3;3;4;17;1
127;5;3;0;2;0;1;5;1;5;2;8;2;0;0;0;3;3;6;2;1.0;1.0;1;1;0;0;2;3;3;4;1;0
866;0;0;0;2;0;1;13;1;2;2;8;2;2;6;0;0;3;3;2;2.0;1.0;1;3;2;3;3;3;3;4;18;1
866;0;1;0;2;0;4;2;1;5;2;12;2;2;6;0;0;3;3;2;2.0;1.0;1;1;0;1;2;3;3;4;13;1
940;2;1;0;1;0;3;13;1;5;2;9;3;2;5;0;3;3;6;2;2.0;2.0;1;0;1;1;2;3;3;4;1;1
940;2;0;0;2;0;1;3;1;5;2;2;0;2;5;0;3;3;6;2;2.0;2.0;4;1;0;1;2;6;3;4;4;1
940;2;0;0;1;0;4;0;1;5;2;12;2;2;5;0;3;3;6;6;2.0;2.0;9;3;2;3;3;3;3;4;18;1
932;5;0;0;2;0;4;13;1;5;2;1;2;2;7;0;3;3;6;6;3.0;1.0;1;1;0;1;2;3;3;4;13;1
932;5;1;0;1;0;2;2;1;5;2;12;2;2;7;0;3;3;6;6;3.0;1.0;1;2;0;2;2;3;3;4;18;1
932;5;2;1;2;0;4;2;1;5;2;4;0;0;7;0;3;3;6;2;3.0;1.0;9;3;2;3;3;3;3;4;1;1
113;0;0;0;2;0;0;3;1;5;2;12;2;2;1;0;0;3;3;2;3.0;2.0;1;3;2;3;3;3;3;4;1;1
113;0;1;0;2;0;1;13;1;5;2;12;5;2;1;0;0;3;3;2;3.0;2.0;9;1;0;2;2;6;3;4;17;1
113;0;1;0;3;0;1;4;1;2;2;2;5;2;1;0;0;3;3;2;3.0;2.0;1;3;2;3;3;3;3;4;1;1
113;0;2;1;3;1;2;3;1;2;2;2;0;2;1;0;0;3;3;7;3.0;2.0;1;1;0;5;2;3;3;4;6;1
710;0;0;0;2;0;2;3;1;5;2;12;2;2;5;0;0;2;8;7;1.0;1.0;1;1;0;0;2;3;3;4;6;0
655;5;0;0;1;2;2;2;1;5;2;12;4;2;6;0;3;2;6;2;1.0;1.0;5;3;2;3;3;3;3;4;17;1
923;6;0;0;2;0;4;3;3;1;2;1;2;2;6;0;0;3;6;2;2.0;1.0;5;1;0;0;2;3;3;4;19;1
923;6;0;0;2;0;3;11;1;1;2;12;0;2;6;2;0;3;6;2;2.0;1.0;1;3;2;3;3;6;3;4;18;1
435;5;3;0;2;1;3;2;1;2;2;8;0;2;4;0;3;3;6;2;3.0;1.0;2;0;0;5;2;3;3;4;1;1
435;5;1;0;2;0;4;3;1;2;2;2;2;2;4;0;3;3;6;2;3.0;1.0;1;1;0;0;2;3;3;4;16;1
435;5;0;1;1;2;2;7;1;1;2;8;2;2;4;0;3;3;6;2;3.0;1.0;1;1;0;1;2;3;3;4;18;1
667;6;2;1;3;2;2;3;1;5;2;8;0;3;5;0;3;2;6;2;2.0;1.0;1;3;2;3;3;3;3;4;17;1
667;6;0;0;2;0;1;2;1;1;2;12;0;2;5;0;3;2;6;2;2.0;1.0;1;1;1;0;2;3;3;4;17;1
823;0;2;1;2;0;1;13;3;5;2;9;2;2;6;0;3;0;6;2;1.0;2.0;9;2;1;1;2;3;3;4;16;1
823;0;2;1;0;0;2;13;1;1;2;8;2;0;6;0;3;0;6;2;1.0;2.0;1;0;1;5;2;3;3;6;6;1
965;6;0;0;2;2;1;13;1;1;2;9;5;2;5;0;3;3;6;6;2.0;1.0;1;1;0;0;2;3;3;4;0;1
965;6;0;0;2;0;2;11;1;5;2;9;2;2;5;0;3;3;6;0;2.0;1.0;1;0;1;0;2;6;3;6;1;1
1022;3;0;0;2;0;1;13;1;5;2;12;3;2;4;0;3;3;6;2;2.0;1.0;1;3;2;3;3;3;3;4;13;1
1022;3;0;0;2;0;2;3;1;5;2;3;4;2;4;0;3;3;6;2;2.0;1.0;1;1;0;4;2;3;3;4;6;1
199;1;0;0;2;0;1;3;3;5;2;12;0;2;6;0;3;3;6;2;1.0;1.0;9;0;1;5;2;3;3;4;7;0
1034;4;4;0;3;0;0;4;1;5;2;12;0;2;6;0;3;3;6;2;1.0;1.0;1;1;0;1;2;3;3;4;7;2
689;1;0;0;1;0;2;12;1;5;2;1;4;0;5;0;3;2;6;2;1.0;1.0;1;1;0;4;2;3;3;4;17;1
358;4;1;0;2;0;1;3;1;5;2;12;0;2;5;0;0;3;6;2;1.0;1.0;1;0;0;5;1;3;3;6;6;1
875;6;1;0;3;0;1;13;1;5;2;2;0;2;5;0;3;3;6;2;2.0;3.0;1;3;2;3;3;0;3;4;13;0
875;6;1;0;2;0;1;3;1;0;0;8;0;2;5;0;3;3;6;2;2.0;3.0;1;1;0;0;2;6;3;4;2;0
875;6;1;0;3;0;2;6;1;4;2;11;5;2;5;0;3;3;6;7;2.0;3.0;1;2;1;1;2;3;3;4;0;0
611;6;2;1;3;0;1;3;1;1;2;12;0;2;4;0;0;2;6;2;2.0;1.0;3;0;1;4;1;3;3;4;6;1
611;6;1;0;2;0;4;0;1;0;2;8;0;2;4;0;0;2;6;6;2.0;1.0;9;1;0;0;2;6;3;4;16;1
218;0;3;0;2;0;4;13;1;0;2;9;5;8;1;0;3;3;6;2;1.0;1.0;5;1;0;0;2;3;3;4;13;1
273;6;0;0;1;0;4;3;1;0;2;4;4;2;5;0;3;3;6;6;2.0;1.0;1;3;2;3;3;3;3;4;1;1
273;6;3;0;2;0;2;15;1;1;2;12;0;2;5;0;3;3;6;2;2.0;1.0;1;0;0;5;2;3;3;4;3;1
254;4;3;0;2;2;1;6;1;0;2;9;0;2;4;0;0;3;3;2;3.0;2.0;1;1;0;1;2;6;3;4;18;1
254;4;1;0;3;0;0;6;1;0;2;1;2;2;4;0;0;3;3;7;3.0;2.0;1;3;2;3;3;0;3;4;6;1
254;4;1;0;2;0;1;3;1;5;1;8;5;2;4;0;0;3;3;2;3.0;2.0;1;1;0;1;2;3;3;4;18;1
268;4;3;0;2;0;2;14;1;5;2;5;2;2;4;0;3;3;6;2;2.0;1.0;1;3;2;3;3;6;3;4;1;1
268;4;0;0;2;0;2;13;1;0;2;5;2;2;4;0;3;3;6;2;2.0;1.0;1;1;0;1;2;3;3;4;17;1
208;1;0;0;3;2;2;15;1;0;2;5;0;2;5;0;3;3;6;2;2.0;1.0;1;3;2;3;3;3;3;4;18;1
208;1;3;0;1;1;4;13;3;3;2;5;0;2;5;0;3;3;6;7;2.0;1.0;1;3;2;3;3;3;3;4;18;1
15;4;0;0;2;0;4;5;1;5;2;5;5;8;4;0;3;2;6;2;3.0;1.0;1;1;0;1;2;3;3;4;1;1
15;4;1;0;2;0;0;3;1;5;2;11;5;8;4;0;3;2;6;2;3.0;1.0;1;2;0;1;2;6;3;4;18;1
15;4;1;0;1;2;2;12;1;4;2;5;2;2;4;0;3;2;6;2;3.0;1.0;1;2;1;1;2;3;3;4;1;1
722;3;2;1;2;0;1;3;1;5;2;5;0;2;5;0;0;2;6;2;2.0;1.0;9;1;0;1;2;3;3;4;18;1
722;3;1;0;2;0;2;3;1;5;2;5;2;4;5;0;0;2;6;6;2.0;1.0;1;3;2;3;3;3;3;4;18;1
38;5;0;0;2;0;1;3;1;1;2;5;2;3;6;0;0;2;3;2;2.0;1.0;9;1;0;1;2;6;3;4;18;1
38;5;0;0;2;0;4;13;1;1;2;8;0;3;6;0;0;2;3;2;2.0;1.0;9;3;2;3;3;3;3;4;1;1
975;0;0;0;3;0;2;3;1;1;2;5;0;3;4;0;3;3;6;2;2.0;1.0;1;0;1;0;2;3;3;6;0;1
975;0;4;0;2;0;2;3;1;5;2;5;0;3;4;0;3;3;6;2;2.0;1.0;1;0;0;5;2;3;3;6;13;1
281;2;0;0;0;0;0;13;1;1;2;5;0;2;5;0;3;3;6;6;1.0;1.0;1;0;1;2;2;1;3;4;0;0
335;0;3;2;3;0;4;3;1;5;2;8;0;2;6;0;0;3;3;2;1.0;1.0;1;3;2;3;3;0;3;4;18;0
965;6;4;0;3;0;2;3;1;5;2;1;0;2;1;0;0;3;6;2;1.0;1.0;1;1;1;0;2;3;3;4;11;1
31;2;1;0;3;0;1;3;1;4;2;8;0;2;6;0;0;1;3;2;2.0;1.0;1;3;2;3;3;6;3;4;4;0
31;2;2;1;3;0;1;12;1;1;2;12;2;0;6;0;0;1;3;2;2.0;1.0;1;1;1;2;2;3;3;4;4;0
105;1;0;0;2;0;2;3;1;4;2;9;2;2;4;0;3;3;6;2;2.0;1.0;5;2;0;2;2;3;3;4;0;1
105;1;1;0;2;0;0;3;1;4;2;9;5;2;4;0;3;3;6;2;2.0;1.0;1;2;0;2;2;3;3;4;17;1
386;4;0;0;2;0;2;3;1;5;2;9;0;2;4;0;3;3;6;2;2.0;1.0;1;3;2;3;3;3;3;4;16;1
386;4;1;0;2;0;2;4;1;4;2;12;0;2;4;0;3;3;6;2;2.0;1.0;8;1;0;0;1;6;3;4;1;1
1012;0;1;0;0;0;2;3;1;5;2;8;2;2;4;0;3;3;6;2;2.0;1.0;2;2;0;4;2;6;3;4;1;0
1012;0;4;0;2;0;4;3;1;5;2;12;2;2;4;0;3;3;6;2;2.0;1.0;1;3;2;3;3;3;3;4;11;0
785;2;0;0;3;0;1;5;1;4;2;12;5;2;6;0;3;0;8;2;1.0;1.0;5;1;0;1;2;3;3;4;18;1
965;3;0;0;2;0;2;6;1;2;2;8;2;2;5;0;3;3;6;6;2.0;1.0;9;1;0;5;2;6;3;4;16;1
965;3;0;0;2;0;2;15;1;3;2;2;5;2;5;0;3;3;6;6;2.0;1.0;1;1;0;1;2;3;3;4;0;1
923;3;0;0;2;0;2;11;1;5;2;12;2;2;4;0;3;3;6;6;2.0;1.0;5;3;2;3;3;6;3;4;1;1
923;3;0;0;2;0;2;7;1;5;2;12;4;2;4;0;3;3;6;7;2.0;1.0;9;3;2;3;3;3;3;4;18;1
317;6;1;0;2;0;2;11;1;5;2;8;3;2;4;0;3;3;6;2;1.0;1.0;1;1;0;0;2;3;3;4;6;1
399;6;1;0;2;0;0;3;1;5;2;8;4;0;6;0;3;3;6;2;1.0;1.0;1;1;0;0;2;3;3;4;17;1
773;5;2;1;0;2;2;3;1;5;2;8;0;2;5;0;0;2;3;7;3.0;1.0;9;1;1;0;2;3;3;4;6;1
773;5;0;0;2;0;1;2;1;5;2;8;3;2;5;0;0;2;3;2;3.0;1.0;1;1;0;0;2;3;3;4;13;1
773;5;2;1;2;2;2;12;1;5;2;12;2;2;5;0;0;2;3;2;3.0;1.0;3;3;2;3;3;3;3;4;18;1
563;1;0;0;1;0;1;3;1;3;2;8;0;2;5;0;3;3;6;2;2.0;1.0;1;3;2;3;3;3;3;4;18;1
563;1;1;0;2;0;4;11;1;5;2;12;2;2;5;0;3;3;6;2;2.0;1.0;1;1;0;1;2;3;3;4;18;1
264;6;3;0;2;0;3;3;1;5;2;12;3;2;5;0;0;3;0;2;2.0;3.0;9;3;2;3;3;3;3;4;1;1
264;6;3;0;2;0;3;5;3;5;2;12;2;2;5;0;0;3;0;2;2.0;3.0;1;2;0;1;2;6;3;4;1;1
264;6;3;0;2;2;2;3;1;5;2;8;2;2;5;0;0;3;0;6;2.0;3.0;1;2;0;2;2;3;3;4;13;1
324;1;0;0;2;0;1;0;1;5;2;8;2;2;4;0;3;3;6;7;3.0;3.0;1;0;1;0;2;3;3;6;0;1
324;1;1;0;2;0;2;13;1;5;2;8;2;2;4;0;3;3;6;2;3.0;3.0;1;0;0;5;2;6;3;6;16;1
324;1;1;0;3;0;5;0;3;5;2;8;2;2;4;0;3;3;6;2;3.0;3.0;1;2;1;5;2;3;3;4;13;1
324;1;1;0;2;0;4;3;1;1;2;2;0;2;4;0;3;3;6;6;3.0;3.0;9;1;0;4;2;0;3;4;6;1
151;6;3;0;2;2;4;3;3;5;2;8;2;2;4;0;0;3;6;2;2.0;3.0;1;3;2;3;3;3;3;4;6;1
151;6;1;0;2;0;4;3;3;5;2;9;2;2;4;0;0;3;6;2;2.0;3.0;1;3;2;3;3;3;3;4;10;1
151;6;1;0;2;0;4;3;1;5;2;11;2;2;4;0;0;3;6;2;2.0;3.0;9;1;0;0;2;3;3;4;17;1
151;6;1;0;2;2;2;13;1;5;2;8;0;2;4;0;0;3;6;2;2.0;3.0;9;3;2;3;3;3;3;4;16;1
113;5;0;0;2;0;3;3;1;2;2;12;0;2;7;0;0;3;6;2;1.0;1.0;1;1;0;0;2;3;3;4;6;1
25;4;4;0;2;0;1;6;1;5;2;12;3;2;4;0;3;2;6;2;2.0;1.0;1;1;0;0;2;3;3;4;13;0
25;4;0;0;2;0;2;3;3;5;2;12;3;2;4;0;3;2;6;2;2.0;1.0;1;3;2;3;3;3;3;4;6;0
406;1;1;0;0;0;0;0;1;2;2;12;2;2;6;0;3;3;6;2;1.0;1.0;1;1;1;0;2;3;3;4;16;1
861;3;1;0;2;0;0;13;1;5;2;8;3;0;4;0;3;3;6;6;2.0;1.0;1;3;2;3;3;3;3;4;0;1
861;3;0;0;2;0;0;3;1;5;2;8;2;2;4;0;3;3;6;6;2.0;1.0;1;0;1;5;2;0;3;7;1;1
533;3;0;0;4;0;2;15;1;5;2;8;2;0;5;0;3;3;6;6;2.0;1.0;1;1;1;1;2;3;3;4;16;1
533;3;0;0;2;0;4;6;1;5;2;8;2;0;5;0;3;3;6;2;2.0;1.0;1;3;2;3;3;3;3;4;6;1
838;2;0;0;2;0;4;6;1;5;2;8;4;2;4;0;3;3;6;7;1.0;4.0;1;0;0;0;1;3;3;4;13;1
838;2;0;0;2;0;2;3;1;5;2;8;2;2;4;0;3;3;6;2;1.0;4.0;1;1;0;0;2;3;3;4;18;1
838;2;0;0;2;0;1;14;1;5;2;8;2;2;4;0;3;3;6;7;1.0;4.0;5;3;2;3;3;3;3;4;1;1
838;2;0;0;2;0;3;13;1;2;2;12;0;2;4;0;3;3;6;2;1.0;4.0;1;3;2;3;3;6;3;4;1;1
1024;3;0;0;2;0;0;15;1;5;2;12;2;2;5;0;3;3;6;7;3.0;1.0;2;1;0;1;2;3;3;4;18;0
1024;3;1;0;2;0;2;13;1;1;2;9;2;2;5;0;3;3;6;2;3.0;1.0;1;2;1;4;2;0;3;4;1;0
1024;3;1;0;2;0;3;5;1;5;2;12;2;2;5;0;3;3;6;2;3.0;1.0;2;1;0;0;2;3;3;4;6;0
416;2;3;0;1;2;0;13;1;5;2;8;0;2;6;0;3;3;6;2;1.0;1.0;1;1;0;0;2;3;3;4;17;1
329;6;1;0;2;0;1;3;1;5;2;8;0;2;5;0;3;3;6;2;2.0;1.0;9;3;2;3;3;1;3;4;13;1
329;6;0;0;2;0;2;3;3;3;2;9;2;2;5;0;3;3;6;0;2.0;1.0;1;1;0;1;2;6;3;4;0;1
358;3;0;0;1;2;1;3;1;5;2;4;0;2;4;0;3;3;6;6;2.0;1.0;1;3;2;3;3;6;3;4;1;1
358;3;1;0;1;0;4;12;1;5;2;8;0;2;4;0;3;3;6;2;2.0;1.0;1;3;2;3;3;3;3;4;0;1
951;3;1;0;2;0;0;3;1;5;2;12;0;2;4;0;3;3;6;2;2.0;1.0;1;1;1;1;2;0;3;4;10;1
951;3;0;0;3;0;0;3;1;5;2;12;2;2;4;0;3;3;6;2;2.0;1.0;5;1;0;0;2;3;3;4;16;1
767;0;0;0;1;0;0;3;1;5;2;9;0;2;6;0;3;2;6;7;2.0;1.0;1;3;2;3;3;3;3;4;16;0
767;0;0;0;0;0;2;4;1;5;2;8;2;2;6;0;3;2;6;7;2.0;1.0;1;2;1;4;2;3;3;4;1;0
341;1;0;2;2;0;2;3;2;5;2;9;5;2;5;0;3;3;6;2;2.0;1.0;4;2;1;4;2;3;3;4;0;1
341;1;1;0;2;0;2;3;1;5;2;8;2;2;5;0;3;3;6;2;2.0;1.0;1;2;1;0;2;6;3;4;0;1
327;1;3;0;3;2;2;5;1;5;2;2;2;2;6;0;3;3;6;7;1.0;1.0;9;2;0;5;2;3;3;4;1;0
464;4;4;0;2;2;4;3;1;2;2;4;0;2;5;0;3;3;6;6;2.0;1.0;1;2;1;5;2;3;3;4;13;1
464;4;1;0;1;0;2;2;1;5;2;2;2;2;5;3;3;3;6;2;2.0;1.0;1;0;0;0;2;3;3;0;18;1
568;1;0;0;1;2;1;12;1;5;2;8;2;2;4;0;3;3;6;2;2.0;1.0;1;1;0;1;2;3;3;4;16;1
568;1;4;0;2;0;2;3;1;5;2;12;2;2;4;0;3;3;6;2;2.0;1.0;1;3;2;3;3;3;3;4;3;1
691;4;0;0;3;0;1;11;1;5;2;8;3;2;6;3;3;3;6;2;1.0;1.0;1;1;0;1;2;6;3;4;1;1
965;5;3;0;3;0;2;3;1;5;2;8;3;2;4;0;3;3;6;7;2.0;1.0;5;1;0;0;2;3;3;4;18;1
965;5;1;0;2;0;0;5;3;5;2;8;3;2;4;0;3;3;6;0;2.0;1.0;1;2;1;1;2;3;3;4;13;1
670;3;0;0;2;0;2;3;1;5;2;9;3;2;4;0;3;2;6;2;2.0;1.0;8;3;2;3;3;3;3;4;16;1
670;3;3;0;2;0;2;3;1;5;2;8;3;2;4;0;3;2;6;2;2.0;1.0;1;1;0;5;2;3;3;4;16;1
1002;6;0;0;3;0;4;13;1;1;2;12;0;2;4;0;3;3;6;2;2.0;1.0;1;3;2;3;3;3;3;4;18;1
1002;6;1;0;3;0;3;3;1;1;2;4;4;2;4;0;3;3;6;6;2.0;1.0;1;2;1;0;2;3;3;4;18;1
411;6;0;0;2;0;1;0;1;5;2;12;4;2;4;0;0;3;3;2;2.0;1.0;11;2;1;1;2;3;3;4;11;1
411;6;3;0;3;2;0;3;1;5;2;8;3;2;4;0;0;3;3;0;2.0;1.0;1;1;1;0;2;3;3;4;10;1
1061;4;0;0;2;2;2;5;3;5;2;8;2;2;5;0;3;3;6;6;2.0;3.0;1;3;2;3;3;3;3;4;0;1
1061;4;1;0;2;0;1;5;3;5;2;12;3;2;5;0;3;3;6;2;2.0;3.0;1;1;1;0;2;3;3;4;1;1
1061;4;1;0;2;0;1;3;1;5;2;12;2;2;5;0;3;3;6;2;2.0;3.0;1;0;1;0;2;3;3;4;6;1
1061;4;1;0;1;0;1;3;1;5;2;8;3;2;5;0;3;3;6;2;2.0;3.0;4;0;0;1;2;1;3;0;13;1
411;2;0;0;2;0;4;3;1;5;2;8;2;2;6;1;0;3;6;2;2.0;1.0;1;0;1;0;2;6;3;0;13;1
411;2;0;0;2;0;1;13;1;2;2;8;0;2;6;0;0;3;6;2;2.0;1.0;1;3;2;3;3;3;3;4;0;1
55;0;3;0;2;0;0;5;1;5;2;12;0;2;5;0;3;3;6;2;3.0;1.0;9;1;0;0;2;3;3;4;16;1
55;0;1;0;2;0;1;15;1;5;2;12;0;2;5;0;3;3;6;7;3.0;1.0;1;3;2;3;3;6;3;4;9;1
55;0;0;0;2;0;2;3;1;5;2;1;0;2;5;0;3;3;6;2;3.0;1.0;9;1;0;1;2;3;3;4;10;1
502;4;4;0;2;0;0;3;1;5;2;2;0;2;4;0;3;3;6;2;2.0;1.0;1;3;2;3;3;3;3;4;0;1
502;4;1;0;3;0;0;3;0;0;2;1;5;2;4;0;3;3;6;6;2.0;1.0;1;1;0;4;2;3;3;4;6;1
346;0;1;0;2;0;1;1;1;2;2;11;5;2;4;0;3;3;6;2;3.0;2.0;1;3;2;3;3;3;3;4;18;1
346;0;0;0;2;0;4;5;1;5;2;2;3;2;4;0;3;3;6;2;3.0;2.0;1;1;0;1;2;4;3;4;1;1
346;0;1;0;2;0;3;15;1;2;2;8;2;2;4;0;3;3;6;2;3.0;2.0;11;1;0;0;2;3;3;4;18;1
8;2;2;1;2;0;4;3;1;1;2;9;4;8;4;0;3;2;6;6;1.0;1.0;1;3;2;3;3;3;3;4;18;1
966;1;1;0;3;2;2;3;1;5;2;12;4;2;6;0;3;3;6;2;2.0;1.0;1;1;0;1;2;3;3;4;19;1
966;1;1;0;3;0;4;3;1;5;2;12;0;2;6;0;3;3;6;2;2.0;1.0;1;3;2;3;3;3;3;4;11;1
1028;4;0;0;2;0;0;15;3;0;2;4;4;2;4;0;0;3;6;2;2.0;2.0;1;1;0;1;2;3;3;4;6;1
1028;4;1;0;2;0;2;13;3;0;2;2;5;8;4;0;0;3;6;2;2.0;2.0;1;3;2;3;3;3;3;4;10;1
947;3;3;0;1;2;2;4;2;0;2;8;5;2;7;0;0;3;3;2;2.0;2.0;1;1;0;1;1;6;3;4;13;1
947;3;1;0;3;0;1;15;1;5;2;8;0;2;7;0;0;3;3;2;2.0;2.0;0;3;2;3;3;3;3;4;3;1
947;3;1;0;2;0;2;11;1;5;2;8;3;2;7;0;0;3;3;2;2.0;2.0;4;3;2;3;3;3;3;4;10;1
436;3;4;0;2;0;2;2;1;1;2;12;2;2;7;0;3;3;6;6;2.0;1.0;3;1;1;0;2;5;3;4;0;1
436;3;1;0;1;2;0;2;1;5;2;8;0;2;7;0;3;3;6;2;2.0;1.0;9;1;0;0;2;3;3;4;1;1
307;1;0;0;2;0;0;15;1;5;2;12;3;2;5;2;3;3;6;2;2.0;1.0;9;3;2;3;3;3;3;4;18;1
307;1;1;0;2;0;0;3;1;4;2;4;2;2;5;0;3;3;6;2;2.0;1.0;1;2;1;4;2;3;3;4;18;1
469;6;4;0;2;0;4;3;1;5;2;9;5;2;5;0;0;3;3;2;2.0;1.0;4;0;1;0;2;1;3;0;16;1
469;6;0;0;2;0;0;13;1;5;2;12;2;2;5;0;0;3;3;2;2.0;1.0;1;1;1;4;2;1;3;4;13;1
69;5;1;0;1;2;4;2;1;2;2;12;4;2;4;0;3;3;6;2;2.0;2.0;1;3;2;3;3;6;3;4;13;1
69;5;1;0;2;0;4;13;1;0;2;12;4;2;4;0;3;3;6;2;2.0;2.0;11;3;2;3;3;3;3;4;19;1
69;5;0;0;2;0;0;3;1;5;2;12;0;2;4;0;3;3;6;6;2.0;2.0;1;1;0;0;2;3;3;4;1;1
222;0;0;0;2;0;0;4;1;5;2;12;2;2;4;0;3;3;6;0;2.0;1.0;1;1;0;0;2;3;3;4;1;1
222;0;4;0;1;0;1;13;3;3;2;9;5;8;4;0;3;3;6;2;2.0;1.0;11;3;2;3;3;3;3;4;16;1
169;6;3;0;2;0;1;6;1;5;2;8;2;2;4;0;0;3;3;2;1.0;1.0;0;0;1;5;2;3;3;6;0;1
307;2;0;0;2;0;0;14;1;5;2;8;2;2;4;0;3;3;6;2;2.0;2.0;1;0;1;5;2;3;3;6;0;1
307;2;1;0;3;0;2;3;1;5;2;12;2;2;4;0;3;3;6;2;2.0;2.0;9;0;0;1;2;1;3;7;6;1
72;3;1;0;2;0;2;3;1;4;2;12;4;2;7;0;0;3;6;2;3.0;2.0;3;2;1;0;2;3;3;4;1;1
72;3;1;0;2;0;0;2;1;5;2;8;2;2;7;0;0;3;6;2;3.0;2.0;1;1;0;0;2;3;3;4;0;1
72;3;0;0;3;1;2;3;1;1;2;8;0;2;7;0;0;3;6;2;3.0;2.0;1;2;1;0;2;3;3;4;10;1
626;3;0;0;2;0;1;14;1;5;2;12;2;2;4;2;3;3;6;2;2.0;1.0;4;1;0;4;2;3;3;4;6;1
626;3;0;0;3;0;2;5;1;5;2;12;2;2;4;0;3;3;6;6;2.0;1.0;9;2;0;1;2;0;3;4;18;1
815;2;2;1;2;0;4;5;3;5;2;9;2;2;6;0;3;2;6;2;2.0;1.0;1;2;0;0;2;3;3;4;16;1
815;2;0;0;2;0;4;2;1;0;2;12;0;2;6;0;3;2;6;2;2.0;1.0;9;2;0;5;2;2;3;4;16;1
533;0;0;0;3;2;1;2;1;5;2;8;0;2;5;0;0;3;6;2;3.0;1.0;1;2;0;5;2;3;3;4;16;1
533;0;1;0;3;0;2;2;1;1;2;8;0;2;5;3;0;3;6;2;3.0;1.0;1;1;0;4;2;6;3;4;1;1
533;0;3;0;2;2;0;5;1;5;2;12;0;2;5;0;0;3;6;7;3.0;1.0;1;3;2;3;3;6;3;4;13;1
625;6;0;0;3;0;4;13;1;5;2;12;2;2;4;0;3;3;6;7;2.0;1.0;2;1;0;1;2;3;3;4;6;1
625;6;1;0;2;0;2;2;1;4;2;12;0;2;4;0;3;3;6;2;2.0;1.0;1;3;2;3;3;3;3;4;10;1
99;6;3;0;2;0;1;5;1;5;2;8;2;2;4;2;3;3;6;2;2.0;1.0;1;1;0;1;2;3;3;4;0;0
99;6;0;0;3;0;4;2;1;4;2;8;2;2;4;0;3;3;6;2;2.0;1.0;1;3;2;3;3;3;3;4;16;0
67;3;1;0;2;0;1;15;1;5;2;12;2;8;4;0;0;3;6;0;1.0;1.0;1;1;0;1;2;6;3;4;0;1
426;5;1;0;3;0;4;2;1;4;2;2;5;2;6;0;0;3;6;2;1.0;1.0;2;3;2;3;3;3;3;4;7;1
636;1;0;0;2;0;4;2;3;5;2;4;0;2;4;3;3;3;6;2;2.0;1.0;1;0;1;4;2;3;3;7;13;1
636;1;0;0;2;0;1;2;2;1;2;12;0;2;4;0;3;3;6;7;2.0;1.0;1;1;1;1;2;3;3;4;16;1
849;4;0;0;2;0;4;4;1;2;2;12;2;2;6;0;0;2;3;2;2.0;2.0;5;2;0;5;2;3;3;4;18;1
849;4;0;0;2;0;4;3;1;0;2;8;0;3;6;0;0;2;3;2;2.0;2.0;6;1;0;0;2;3;3;4;6;1
849;4;0;0;2;0;3;2;1;5;2;12;4;2;6;0;0;2;3;2;2.0;2.0;4;3;2;3;3;3;3;4;1;1
164;5;0;0;2;2;4;13;1;5;2;1;0;8;5;0;0;3;5;7;2.0;3.0;1;1;0;1;2;6;4;4;16;1
164;5;0;0;1;1;4;6;3;5;2;12;2;8;5;3;0;3;5;2;2.0;3.0;1;0;0;0;2;3;3;4;16;1
164;5;0;0;2;0;2;3;3;2;2;2;2;2;5;0;0;3;5;7;2.0;3.0;1;1;0;0;2;3;3;4;18;1
640;4;4;0;3;0;2;4;1;5;2;9;0;2;5;0;3;3;6;2;2.0;1.0;1;3;2;3;3;1;3;4;7;1
640;4;0;0;2;0;2;13;1;2;2;8;2;2;5;0;3;3;6;2;2.0;1.0;1;3;2;3;3;3;3;4;6;1
497;4;1;0;2;0;2;5;1;1;2;12;2;2;6;0;3;3;6;2;1.0;1.0;1;1;1;1;2;3;3;4;6;0
814;2;0;0;2;2;3;2;3;1;2;8;0;2;6;0;3;2;6;2;2.0;2.0;1;3;2;3;3;1;3;4;0;1
814;2;1;0;2;0;2;13;1;5;2;8;5;2;6;0;3;2;6;2;2.0;2.0;1;1;0;0;2;3;3;4;6;1
814;2;1;0;3;0;1;4;1;5;2;12;4;4;6;0;3;2;6;6;2.0;2.0;3;1;0;0;2;3;3;4;1;1
665;5;4;0;2;2;1;2;1;5;2;9;0;2;4;0;3;2;6;2;2.0;4.0;3;3;2;3;3;3;3;4;6;1
665;5;3;0;3;0;1;13;1;5;2;1;4;2;4;0;3;2;6;2;2.0;4.0;3;1;0;1;2;3;3;4;6;1
665;5;3;0;2;2;1;7;1;5;2;2;0;2;4;0;3;2;6;6;2.0;4.0;9;3;2;3;3;3;3;4;10;1
665;5;3;0;2;0;4;3;1;5;2;12;4;2;4;0;3;2;6;2;2.0;4.0;1;1;0;1;2;3;3;4;6;1
367;0;3;0;2;0;1;3;1;5;2;12;0;2;7;3;3;3;6;2;2.0;1.0;1;3;2;3;3;3;3;4;18;1
367;0;3;0;2;0;0;11;1;5;2;12;2;2;7;0;3;3;6;2;2.0;1.0;7;0;0;4;2;3;3;6;6;1
0;0;0;0;2;0;1;2;3;5;2;9;5;2;5;0;3;2;6;2;2.0;1.0;1;1;1;2;2;3;3;4;7;0
0;0;1;0;2;0;0;13;1;4;2;11;5;2;5;0;3;2;6;7;2.0;1.0;5;3;2;3;3;3;3;4;11;0
441;2;0;0;2;0;2;13;1;4;2;2;2;2;5;0;3;3;6;7;2.0;1.0;1;3;2;3;3;3;3;4;18;1
441;2;1;0;2;0;2;14;1;4;2;12;5;2;5;4;3;3;6;2;2.0;1.0;1;1;0;4;2;1;3;4;6;1
1001;5;0;0;3;2;1;11;1;3;2;12;2;2;6;2;3;3;6;2;1.0;1.0;1;1;0;0;2;6;3;4;16;0
505;5;0;0;3;0;3;5;1;1;2;8;0;2;4;2;3;3;6;6;2.0;2.0;1;1;0;0;2;3;3;4;16;0
505;5;0;0;2;0;2;3;1;1;2;8;2;2;4;0;3;3;6;2;2.0;2.0;8;1;1;0;2;2;3;4;16;0
113;5;3;0;2;0;4;5;1;1;2;12;0;2;4;0;3;3;6;2;3.0;3.0;1;3;2;3;3;1;3;4;16;1
113;5;1;0;1;0;0;13;1;3;2;3;0;2;4;3;3;3;6;2;3.0;3.0;1;3;2;3;3;3;3;4;18;1
113;5;3;0;2;2;2;3;1;1;2;12;0;2;4;0;3;3;6;2;3.0;3.0;1;3;2;3;3;1;3;4;13;1
346;1;0;0;2;0;0;13;1;5;2;12;2;2;4;0;3;3;6;6;2.0;1.0;4;1;0;1;2;3;3;4;18;0
346;1;4;0;2;0;4;13;1;5;2;12;0;2;4;0;3;3;6;2;2.0;1.0;1;3;2;3;3;1;3;4;1;0
156;0;0;0;2;0;3;4;1;5;2;12;3;2;6;0;3;3;6;2;1.0;1.0;1;1;0;1;2;3;3;4;1;1
533;5;4;0;2;0;0;15;1;1;2;12;2;2;6;0;0;3;6;2;2.0;1.0;2;1;0;0;2;1;3;4;18;1
533;5;3;0;2;0;2;15;1;5;2;9;2;2;6;0;0;3;6;2;2.0;1.0;3;3;2;3;3;3;3;4;19;1
622;6;0;0;2;0;1;3;1;5;2;12;0;2;4;0;3;3;6;2;2.0;1.0;1;1;0;1;2;3;3;4;17;1
622;6;1;0;2;0;5;3;1;1;2;9;3;2;4;0;3;3;6;2;2.0;1.0;1;3;2;3;3;3;3;4;1;1
11;2;0;0;2;0;4;3;1;5;2;8;2;2;6;3;3;2;6;7;2.0;2.0;1;1;0;0;2;3;3;4;18;0
11;2;3;0;2;0;4;6;1;2;2;8;2;0;6;0;3;2;6;6;2.0;2.0;2;3;2;3;3;3;3;4;6;0
332;0;0;0;2;0;2;5;1;5;2;8;3;2;4;0;3;3;6;2;2.0;1.0;1;1;0;1;2;3;3;4;18;1
332;0;1;0;1;0;1;2;1;5;2;1;2;2;4;0;3;3;6;2;2.0;1.0;0;3;2;3;3;3;3;4;0;1
699;4;0;0;1;2;1;3;1;5;2;12;2;2;5;0;3;2;6;6;2.0;2.0;8;1;1;1;2;3;3;4;11;1
699;4;0;0;2;0;3;3;1;5;2;12;5;2;5;3;3;2;6;2;2.0;2.0;1;3;2;3;3;3;3;4;6;1
992;5;1;0;2;2;4;6;1;2;2;12;2;2;4;0;3;3;6;2;2.0;1.0;2;1;0;0;2;3;3;4;13;1
992;5;1;0;2;0;4;6;1;5;2;12;3;2;4;0;3;3;6;7;2.0;1.0;1;3;2;3;3;3;3;4;18;1
180;5;0;0;3;0;1;3;1;1;2;12;0;3;4;0;3;3;6;2;2.0;3.0;1;1;0;0;2;3;3;4;11;1
180;5;0;0;2;0;1;2;1;1;2;8;2;2;4;0;3;3;6;7;2.0;3.0;2;0;0;4;2;3;3;4;6;1
180;5;0;0;4;0;4;4;1;4;2;8;2;2;4;0;3;3;6;2;2.0;3.0;1;2;0;0;2;3;3;4;6;1
674;6;0;0;3;0;2;13;1;5;2;8;4;2;5;0;0;2;6;2;2.0;3.0;7;2;1;1;2;3;3;4;13;1
674;6;0;0;2;0;3;3;1;4;2;9;3;2;5;0;0;2;6;6;2.0;3.0;1;2;1;5;2;3;3;4;6;1
674;6;0;0;3;0;3;3;3;3;2;1;2;2;5;0;0;2;6;2;2.0;3.0;1;3;2;3;3;3;3;4;7;1
332;0;2;1;2;0;3;13;1;5;2;2;3;2;4;4;3;3;6;2;3.0;1.0;1;0;0;0;2;3;3;7;1;0
332;0;1;0;2;0;2;3;1;5;2;8;0;2;4;0;3;3;6;2;3.0;1.0;1;0;0;1;2;3;3;8;18;0
332;0;1;0;2;2;2;2;1;5;2;12;2;2;4;0;3;3;6;7;3.0;1.0;3;3;2;3;3;2;3;4;18;0
1055;4;1;0;1;2;2;3;1;5;2;9;5;8;4;0;3;3;6;6;2.0;3.0;1;1;0;4;2;3;3;4;0;1
1055;4;1;0;2;0;2;3;1;5;2;11;5;2;4;0;3;3;6;7;2.0;3.0;1;3;2;3;3;3;3;4;10;1
1055;4;0;0;2;0;1;3;1;0;2;8;2;2;4;0;3;3;6;2;2.0;3.0;1;0;0;5;2;3;3;4;0;1
549;5;0;0;3;0;2;3;1;4;2;12;5;2;4;0;3;3;6;2;2.0;1.0;2;3;2;3;3;3;3;4;1;0
549;5;0;0;2;0;1;13;1;5;2;12;2;2;4;0;3;3;6;2;2.0;1.0;4;1;0;0;2;3;3;4;13;0
415;6;1;0;2;0;3;2;2;1;2;8;2;3;4;3;3;3;6;2;1.0;1.0;1;0;0;0;2;3;3;4;18;1
332;3;4;0;3;0;1;4;1;5;2;8;2;2;4;0;0;3;3;2;2.0;1.0;1;0;1;0;2;3;3;4;0;0
332;3;3;0;2;0;1;11;1;2;2;12;0;2;4;0;0;3;3;6;2.0;1.0;1;1;0;0;2;3;3;4;13;0
149;5;3;0;2;0;1;2;1;2;2;8;2;2;6;0;3;3;6;6;1.0;1.0;1;3;2;3;3;3;3;4;18;0
446;5;2;1;2;0;2;4;1;1;2;4;2;2;6;0;3;3;6;2;1.0;1.0;3;0;0;1;2;3;3;4;7;0
689;3;4;0;2;0;2;11;1;5;2;8;0;2;5;0;0;2;3;2;2.0;1.0;1;1;0;1;2;3;3;4;7;1
689;3;1;0;2;0;2;13;1;5;2;12;0;2;5;0;0;2;3;2;2.0;1.0;1;3;2;3;3;3;3;4;13;1
153;1;0;0;2;2;2;3;1;4;2;12;2;2;6;0;3;3;6;2;3.0;2.0;1;1;0;0;2;1;3;4;13;1
153;1;3;0;2;0;1;3;1;5;2;8;2;2;6;0;3;3;6;2;3.0;2.0;1;3;2;3;3;3;3;4;11;1
153;1;1;0;2;0;3;3;1;5;2;2;2;2;6;0;3;3;6;2;3.0;2.0;1;1;0;1;2;3;3;4;6;1
805;4;0;0;2;0;0;3;1;5;2;8;5;2;4;0;3;2;8;2;2.0;1.0;1;3;2;3;3;3;3;4;1;1
805;4;2;1;2;0;3;16;1;5;2;9;5;2;4;0;3;2;8;2;2.0;1.0;1;1;0;1;2;3;3;4;10;1
319;1;0;0;2;0;4;3;1;5;2;1;2;2;4;0;3;3;6;2;2.0;1.0;1;2;1;0;2;4;3;4;18;0
319;1;3;0;2;0;3;11;3;2;2;12;5;2;4;0;3;3;6;2;2.0;1.0;1;1;1;1;2;3;3;4;13;0
927;3;0;0;2;0;1;3;1;5;2;2;0;2;4;0;3;3;6;1;2.0;1.0;1;3;2;3;3;3;3;4;1;1
927;3;0;0;2;0;0;3;1;5;2;12;4;2;4;0;3;3;6;2;2.0;1.0;2;3;2;3;3;3;3;4;0;1
673;5;1;0;3;0;2;3;1;4;2;12;2;2;7;3;0;2;3;6;1.0;1.0;1;1;0;0;2;3;3;4;18;0
942;5;1;0;2;2;3;4;1;2;2;2;0;2;6;0;0;3;6;2;1.0;1.0;4;1;0;4;2;0;3;4;9;0
1012;0;0;0;2;0;3;13;1;5;2;8;2;0;5;0;3;3;6;2;1.0;1.0;1;3;2;3;3;3;3;4;0;1
965;3;1;0;6;0;3;13;1;5;2;8;3;2;4;0;3;3;6;2;2.0;1.0;1;1;0;1;2;6;3;4;16;1
965;3;1;0;2;0;0;3;2;2;2;2;2;2;4;0;3;3;6;2;2.0;1.0;1;1;0;0;2;3;3;4;18;1
1034;2;1;0;3;2;2;13;2;1;2;12;0;3;6;0;3;3;6;2;2.0;1.0;1;1;0;1;2;3;3;4;2;1
1034;2;0;0;2;0;1;13;1;5;2;12;0;2;6;0;3;3;6;2;2.0;1.0;2;3;2;3;3;3;3;4;18;1
622;0;2;1;2;2;3;13;1;5;2;2;0;2;4;0;3;2;6;6;2.0;1.0;1;1;0;0;2;3;3;4;0;1
622;0;0;0;6;0;2;13;1;2;2;4;2;0;4;0;3;2;6;6;2.0;1.0;4;3;2;3;3;3;3;4;18;1
194;5;1;0;6;0;2;3;1;5;2;8;0;2;6;0;3;3;6;2;2.0;2.0;1;0;0;1;2;3;3;4;1;1
194;5;1;0;2;0;2;3;1;5;2;11;0;2;6;0;3;3;6;6;2.0;2.0;1;0;1;0;2;3;3;8;6;1
456;4;0;0;2;0;1;3;1;5;2;12;0;2;4;0;3;3;6;6;2.0;1.0;1;0;1;0;2;3;3;8;0;0
456;4;3;0;2;0;4;6;1;5;2;2;4;2;4;2;3;3;6;2;2.0;1.0;1;1;0;0;2;3;3;4;16;0
381;3;1;0;2;0;2;3;1;5;2;8;0;2;4;0;3;3;6;2;2.0;1.0;1;3;2;3;3;3;3;4;18;1
381;3;0;0;2;0;4;6;1;5;2;12;5;8;4;0;3;3;6;6;2.0;1.0;3;1;1;0;2;3;3;4;17;1
98;0;3;0;2;0;1;6;1;1;2;12;5;2;4;0;3;3;6;2;2.0;1.0;9;3;2;3;3;3;3;4;17;1
98;0;1;0;2;0;3;3;1;5;2;12;2;2;4;0;3;3;6;2;2.0;1.0;1;3;2;3;3;3;3;4;16;1
269;0;1;0;2;0;3;15;1;1;2;12;4;2;5;0;3;3;6;2;1.0;1.0;4;1;0;1;2;0;3;4;1;1
951;3;3;0;2;2;2;3;1;4;2;2;2;0;4;0;0;3;3;2;1.0;1.0;1;1;0;0;2;3;3;4;1;1
719;5;0;0;2;0;1;13;3;1;2;9;2;2;6;0;0;2;6;2;2.0;2.0;1;3;2;3;3;3;3;4;18;0
719;5;0;0;3;0;3;2;1;1;2;8;2;0;6;0;0;2;6;2;2.0;2.0;1;1;0;0;2;3;3;4;16;0
337;2;0;0;3;0;0;15;1;5;2;12;2;2;6;0;3;3;6;2;1.0;1.0;1;3;2;3;3;3;3;4;3;0
581;0;0;0;3;0;2;3;1;5;2;12;2;2;4;0;3;2;6;2;2.0;2.0;3;1;0;1;2;3;3;4;16;1
581;0;3;0;2;0;2;3;1;4;2;11;2;2;4;0;3;2;6;2;2.0;2.0;3;3;2;3;3;6;3;4;13;1
608;6;2;1;2;0;0;2;1;5;2;2;3;0;1;0;3;2;6;2;2.0;3.0;1;1;0;1;2;0;3;4;10;1
608;6;1;0;2;2;2;2;1;5;2;11;0;2;1;4;3;2;6;2;2.0;3.0;8;3;2;3;3;1;3;4;13;1
608;6;1;0;1;2;4;3;1;1;2;9;3;2;1;0;3;2;6;2;2.0;3.0;2;1;0;0;2;0;3;4;0;1
608;6;1;0;2;2;3;12;1;5;2;8;2;2;1;0;3;2;6;2;2.0;3.0;1;3;2;3;3;3;3;4;5;1
314;1;2;1;6;2;2;2;1;5;2;8;0;2;6;0;3;3;6;6;2.0;2.0;3;3;2;3;3;0;3;4;10;0
314;1;0;0;0;0;4;12;3;2;2;2;2;2;6;0;3;3;6;2;2.0;2.0;3;1;0;0;2;3;3;4;6;0
314;1;0;0;1;0;3;15;1;1;2;9;0;2;6;0;3;3;6;6;2.0;2.0;2;1;0;1;2;0;3;4;18;0
346;5;1;0;2;0;0;3;1;5;2;8;5;2;4;0;0;3;3;2;1.0;1.0;4;3;2;3;3;0;3;4;16;1
202;3;0;0;2;0;4;2;1;1;2;9;4;2;5;0;3;3;6;2;2.0;1.0;9;2;1;5;2;0;3;4;5;1
202;3;1;0;2;2;4;3;1;1;2;12;2;2;5;4;3;3;6;2;2.0;1.0;1;2;1;5;2;3;3;4;10;1
456;1;1;0;2;0;4;3;3;1;2;12;2;2;5;0;3;3;6;7;1.0;1.0;1;3;2;3;3;3;3;4;0;0
297;6;0;0;2;0;5;3;1;5;2;9;2;2;4;0;3;3;6;2;2.0;1.0;1;3;2;3;3;2;3;4;0;1
297;6;0;0;2;0;0;3;1;2;2;4;0;2;4;0;3;3;6;2;2.0;1.0;1;1;0;1;2;3;3;4;0;1
548;1;3;0;5;2;0;13;1;1;2;12;0;8;5;0;0;2;6;2;1.0;1.0;2;3;2;3;3;6;3;4;0;1
268;6;1;0;2;2;3;2;1;0;2;8;0;2;4;0;3;3;6;7;1.0;2.0;1;1;1;0;2;3;3;4;13;1
268;6;1;0;2;2;0;4;2;1;2;12;2;3;4;0;3;3;6;6;1.0;2.0;1;1;0;1;2;3;3;4;18;1
450;0;3;0;2;2;1;4;3;0;2;12;0;2;0;0;0;2;6;2;2.0;1.0;1;3;2;3;3;3;3;4;5;0
450;0;2;1;4;2;2;3;1;5;2;12;2;2;0;0;0;2;6;2;2.0;1.0;1;3;2;3;3;3;3;4;18;0
581;6;1;0;4;2;4;14;1;1;2;12;3;2;4;0;3;2;7;2;2.0;1.0;3;2;1;4;2;3;3;4;6;0
581;6;1;0;2;2;1;3;1;5;1;8;0;2;4;4;3;2;7;2;2.0;1.0;1;3;2;3;3;3;3;4;13;0
302;5;0;0;3;2;4;6;3;0;2;12;2;2;5;0;3;3;6;2;3.0;3.0;1;1;0;0;2;3;3;4;11;1
302;5;0;0;6;2;2;13;1;5;2;12;5;2;5;0;3;3;6;2;3.0;3.0;1;3;2;3;3;3;3;4;1;1
302;5;0;0;2;2;2;6;2;5;2;12;2;2;5;0;3;3;6;2;3.0;3.0;1;1;1;1;2;6;3;4;0;1
302;5;0;0;2;2;2;2;1;4;2;12;5;8;5;0;3;3;6;6;3.0;3.0;2;3;2;3;3;6;3;4;11;1
184;3;0;0;2;2;3;13;1;5;2;8;0;2;5;1;3;3;6;6;2.0;3.0;9;0;1;0;2;6;3;4;12;1
184;3;0;0;2;2;1;13;1;5;2;8;4;2;5;0;3;3;6;2;2.0;3.0;1;1;0;4;2;3;3;4;4;1
184;3;3;0;3;0;1;14;1;4;2;2;5;2;5;0;3;3;6;2;2.0;3.0;1;3;2;3;3;1;3;4;16;1
489;5;0;0;2;0;1;4;1;5;2;8;3;2;4;0;3;2;6;2;2.0;1.0;1;1;0;1;2;3;3;4;0;1
489;5;4;0;2;0;1;4;1;4;2;8;5;2;4;0;3;2;6;2;2.0;1.0;1;3;2;3;3;6;3;4;13;1
1002;6;1;0;2;0;2;13;1;5;2;8;2;2;4;0;0;3;3;2;2.0;1.0;1;1;0;5;2;1;3;4;1;1
1002;6;1;0;2;0;2;13;1;5;2;8;4;2;4;3;0;3;3;0;2.0;1.0;1;3;2;3;3;3;3;4;17;1
208;4;0;0;2;0;4;3;1;1;2;9;0;2;4;0;0;3;3;2;2.0;1.0;4;3;2;3;3;3;3;4;18;0
208;4;0;0;3;0;2;2;1;4;2;9;5;2;4;0;0;3;3;6;2.0;1.0;1;1;0;4;2;3;3;4;16;0
164;6;0;0;2;0;2;3;1;2;2;9;0;2;4;0;3;3;6;7;1.0;2.0;5;3;2;3;3;3;3;4;18;1
164;6;0;0;2;0;4;2;1;2;2;8;3;2;4;0;3;3;6;2;1.0;2.0;1;1;0;1;2;3;3;4;18;1
997;4;3;0;3;2;2;3;1;5;2;9;2;8;4;0;0;3;3;2;2.0;1.0;1;3;2;3;3;3;3;4;13;1
997;4;0;0;2;2;2;4;3;5;2;12;2;2;4;0;0;3;3;2;2.0;1.0;1;1;0;1;2;3;3;4;0;1
349;5;1;0;2;0;2;3;3;3;2;12;2;2;4;0;0;2;3;2;2.0;1.0;1;0;0;5;2;3;3;7;17;1
349;5;1;0;2;0;3;5;1;5;2;12;2;2;4;0;0;2;3;2;2.0;1.0;1;1;0;0;2;6;3;4;13;1
303;2;0;0;2;0;2;3;1;5;2;11;3;2;4;0;3;3;6;2;1.0;1.0;9;3;2;3;3;6;3;4;19;0
729;1;0;0;2;0;2;2;1;5;2;11;3;2;4;0;0;2;3;2;2.0;1.0;9;1;0;1;2;3;3;4;11;1
729;1;0;0;2;0;2;5;1;1;2;11;0;2;4;0;0;2;3;6;2.0;1.0;9;3;2;3;3;3;3;4;12;1
979;3;1;0;2;0;4;11;1;5;2;9;4;2;4;2;3;3;6;0;2.0;1.0;5;3;2;3;3;3;3;4;0;1
979;3;1;0;1;0;4;13;1;5;2;12;0;2;4;0;3;3;6;2;2.0;1.0;1;1;0;0;2;3;3;4;14;1
1030;6;3;0;2;0;4;13;1;5;2;8;2;2;4;0;0;3;6;7;1.0;1.0;12;1;0;1;2;3;3;4;4;2
398;5;1;0;2;0;4;13;1;2;2;12;2;2;4;0;0;0;3;2;3.0;1.0;4;3;2;3;3;3;3;4;1;1
398;5;1;0;2;0;4;3;1;4;2;11;0;2;4;0;0;0;3;2;3.0;1.0;3;0;0;4;2;3;3;6;0;1
398;5;1;0;2;0;4;13;1;2;2;12;3;2;4;0;0;0;3;7;3.0;1.0;1;0;1;2;2;3;3;8;17;1
568;3;0;0;2;0;2;3;1;1;2;4;2;2;4;0;3;0;8;7;1.0;1.0;1;3;2;3;3;3;3;4;5;0
1007;6;4;0;2;0;1;5;1;1;2;12;2;2;6;0;0;3;6;2;3.0;1.0;1;1;1;0;2;3;3;4;1;1
1007;6;2;1;2;0;3;3;1;5;2;8;2;2;6;0;0;3;6;2;3.0;1.0;4;1;0;0;2;6;3;4;16;1
1007;6;2;1;2;0;3;11;1;5;2;12;2;2;6;0;0;3;6;2;3.0;1.0;2;3;2;3;3;3;3;4;0;1
332;5;1;0;2;0;1;3;1;5;2;12;2;2;6;0;0;3;5;2;1.0;1.0;9;1;0;1;2;3;3;4;18;1
143;2;0;0;3;0;3;13;2;4;2;5;0;2;4;0;0;3;6;2;2.0;1.0;5;3;2;3;3;3;3;4;17;1
143;2;3;0;2;0;3;2;1;5;2;12;5;2;4;0;0;3;6;6;2.0;1.0;1;0;0;1;2;3;3;4;18;1
337;5;4;0;2;0;2;4;1;4;2;9;2;2;4;0;0;2;3;2;2.0;2.0;1;1;0;0;2;3;3;4;16;1
337;5;1;0;2;0;2;3;1;4;2;8;2;2;4;0;0;2;3;2;2.0;2.0;1;3;2;3;3;3;3;4;4;1
533;0;0;1;6;0;3;13;1;5;2;8;3;2;4;0;3;2;6;2;2.0;1.0;1;1;0;0;2;6;3;4;6;1
533;0;1;0;2;0;3;3;1;1;2;3;4;2;4;0;3;2;6;2;2.0;1.0;1;3;2;3;3;3;3;4;1;1
770;1;0;0;2;0;0;6;1;5;2;4;2;2;4;0;0;0;3;2;1.0;1.0;1;0;1;0;2;3;3;4;6;1
231;1;0;0;3;0;4;3;1;1;2;12;0;2;4;0;0;3;1;2;2.0;1.0;1;1;0;0;2;3;3;4;1;0
231;1;4;0;3;0;4;13;1;5;2;8;0;2;4;0;0;3;1;2;2.0;1.0;1;2;1;0;2;3;3;4;16;0
421;1;0;0;3;0;3;5;1;5;2;8;5;2;4;0;3;2;6;2;2.0;1.0;1;3;2;3;3;3;3;4;18;1
421;1;1;0;1;0;1;9;1;5;2;9;2;2;4;0;3;2;6;2;2.0;1.0;5;1;0;1;2;3;3;4;0;1
440;1;0;0;2;0;1;5;1;5;2;9;2;2;6;4;0;2;3;2;2.0;1.0;9;3;2;3;3;3;3;4;0;1
440;1;1;0;0;0;4;13;1;5;2;11;2;2;6;0;0;2;3;2;2.0;1.0;1;0;1;1;2;6;3;7;9;1
515;0;3;0;2;0;1;3;3;5;2;12;2;2;6;0;3;2;6;2;2.0;1.0;9;3;2;3;3;6;3;4;18;0
515;0;1;0;2;0;1;13;3;5;2;0;0;2;6;0;3;2;6;2;2.0;1.0;1;1;0;1;2;3;3;4;0;0
644;1;0;0;1;0;0;11;1;5;2;8;5;2;5;0;3;2;6;2;2.0;2.0;9;1;0;1;2;3;3;4;1;1
644;1;1;0;2;0;2;4;1;5;2;2;2;2;5;0;3;2;6;2;2.0;2.0;1;1;0;1;2;3;3;4;19;1
451;3;0;0;2;0;3;3;3;5;2;2;2;2;6;0;0;2;3;6;2.0;3.0;1;3;2;3;3;3;3;4;4;1
451;3;0;0;2;0;3;3;1;5;2;9;3;2;6;0;0;2;3;2;2.0;3.0;1;0;0;4;2;3;3;4;4;1
451;3;0;0;3;0;2;3;1;4;2;9;2;2;6;0;0;2;3;2;2.0;3.0;1;3;2;3;3;3;3;4;18;1
451;3;0;0;2;0;3;2;1;5;2;9;3;2;6;0;0;2;3;2;2.0;3.0;1;1;0;0;2;6;3;4;16;1
548;0;3;0;2;0;0;3;1;4;2;9;2;2;4;0;0;2;6;2;2.0;1.0;5;3;2;3;3;6;3;4;11;1
548;0;1;0;3;0;1;6;1;0;2;12;3;2;4;0;0;2;6;7;2.0;1.0;1;1;0;0;2;6;3;4;17;1
900;6;0;0;1;0;0;6;1;5;2;12;2;2;6;0;0;2;6;2;2.0;1.0;9;3;2;3;3;3;3;4;18;1
900;6;1;0;2;0;2;3;1;1;2;9;2;2;6;0;0;2;6;2;2.0;1.0;9;3;2;3;3;6;3;4;0;1
543;4;0;0;2;0;3;5;1;5;2;12;5;2;6;4;0;2;3;2;2.0;1.0;9;1;0;0;2;6;3;4;6;0
543;4;3;0;1;0;4;5;1;5;2;2;0;2;6;0;0;2;3;2;2.0;1.0;1;1;0;1;2;3;1;4;0;0
635;1;0;0;3;2;2;13;1;5;2;12;0;2;6;0;0;2;6;2;2.0;1.0;1;3;2;3;3;3;3;4;11;0
635;1;0;0;3;0;3;3;1;5;2;8;0;2;6;0;0;2;6;2;2.0;1.0;1;3;2;3;3;6;3;4;4;0
988;6;1;0;2;0;2;4;1;1;2;8;2;2;4;0;0;3;3;2;1.0;1.0;1;1;0;0;2;6;3;4;7;0
1030;6;0;0;3;2;2;4;1;5;2;9;0;2;4;0;0;3;6;2;3.0;1.0;5;1;0;1;2;3;3;4;9;1
1030;6;0;2;2;0;1;13;1;5;2;12;2;2;4;0;0;3;6;7;3.0;1.0;1;3;2;3;3;3;3;4;15;1
1030;6;0;0;2;0;4;3;1;4;2;4;0;2;4;0;0;3;6;2;3.0;1.0;1;3;2;3;3;3;3;4;0;1
552;0;2;1;2;0;2;11;1;5;2;8;2;2;4;0;0;2;3;2;2.0;1.0;1;1;0;1;2;3;3;4;18;1
552;0;3;0;1;0;0;9;2;5;2;1;2;2;4;0;0;2;3;2;2.0;1.0;2;1;0;0;2;3;3;4;4;1
1039;1;1;0;3;0;2;3;1;0;2;9;2;2;1;4;0;3;6;2;2.0;1.0;9;2;0;1;2;2;3;4;16;1
1039;1;0;0;3;0;1;2;1;4;2;9;0;2;1;0;0;3;6;6;2.0;1.0;1;1;0;4;2;0;3;4;1;1
1052;1;1;0;2;0;3;3;1;2;2;2;0;8;4;0;1;3;6;2;2.0;2.0;1;3;2;3;3;3;3;4;17;1
1052;1;1;0;2;0;3;3;1;2;2;9;0;2;4;0;1;3;6;2;2.0;2.0;2;1;0;1;2;1;3;4;11;1
1052;1;1;0;2;0;2;3;1;5;2;12;5;2;4;0;1;3;6;2;2.0;2.0;1;3;2;3;3;3;3;4;6;1
354;4;3;0;2;2;2;0;1;2;2;12;0;2;5;0;3;3;6;2;1.0;1.0;2;1;1;0;2;3;3;4;16;1
117;3;0;0;3;0;0;3;1;5;2;12;1;2;0;0;3;3;6;2;3.0;2.0;5;1;0;0;2;3;3;4;17;1
117;3;1;0;2;0;2;2;1;5;2;2;1;2;0;3;3;3;6;2;3.0;2.0;1;3;2;3;3;0;3;4;0;1
117;3;0;1;3;0;4;3;3;5;2;12;1;2;0;0;3;3;6;2;3.0;2.0;1;3;2;3;3;3;3;4;6;1
897;5;1;0;2;2;0;2;1;5;2;2;1;2;5;0;0;2;6;6;2.0;2.0;1;1;0;0;1;3;3;4;0;1
897;5;0;0;2;0;2;13;1;5;2;2;2;2;5;0;0;2;6;2;2.0;2.0;1;1;1;1;2;3;3;4;0;1
698;3;1;0;2;0;4;4;1;4;2;12;0;2;4;0;0;2;6;2;2.0;3.0;1;3;2;3;3;6;3;4;1;1
698;3;4;0;3;2;1;6;3;2;2;12;0;2;4;0;0;2;6;2;2.0;3.0;1;3;2;3;3;3;3;4;3;1
698;3;4;0;2;0;2;3;1;2;2;11;5;2;4;0;0;2;6;2;2.0;3.0;1;1;1;4;2;1;3;4;6;1
451;1;1;0;2;0;3;4;1;4;2;9;0;2;6;0;3;2;6;0;2.0;1.0;1;3;2;3;3;3;3;4;18;1
451;1;4;0;2;0;2;3;1;0;2;12;2;2;6;0;3;2;6;2;2.0;1.0;1;3;2;3;3;3;3;4;6;1
90;3;3;0;1;0;4;13;1;4;2;8;0;2;4;0;3;3;6;2;2.0;2.0;1;3;2;3;3;6;3;4;1;1
90;3;1;0;2;0;2;3;1;4;2;9;0;2;4;0;3;3;6;6;2.0;2.0;1;2;1;1;2;6;3;4;16;1
90;3;1;0;3;0;0;13;1;4;2;12;4;8;4;0;3;3;6;2;2.0;2.0;1;1;0;0;1;6;3;4;0;1
997;3;4;0;2;0;2;13;1;4;2;9;2;2;3;0;3;3;6;2;2.0;1.0;1;1;0;5;2;3;2;4;18;1
997;3;1;0;3;0;0;13;1;2;2;9;0;2;3;0;3;3;6;2;2.0;1.0;1;3;2;3;3;3;0;4;13;1
1051;1;0;0;2;2;0;6;1;5;2;9;2;2;5;0;0;3;8;6;2.0;1.0;1;1;0;0;2;3;3;4;13;1
1051;1;0;0;0;2;0;3;1;0;2;12;5;2;5;0;0;3;8;6;2.0;1.0;1;3;2;3;3;6;3;4;18;1
568;3;1;0;2;2;2;2;1;2;2;12;0;2;4;0;3;2;6;2;2.0;2.0;9;0;0;0;2;3;3;5;18;1
568;3;0;0;2;0;2;2;1;2;2;12;4;2;4;0;3;2;6;2;2.0;2.0;1;0;0;0;2;3;3;4;18;1
875;0;3;0;3;0;2;2;1;0;2;3;0;2;4;3;3;0;6;6;2.0;3.0;1;0;1;0;2;3;3;5;17;1
875;0;0;0;1;2;3;3;1;1;2;9;0;2;4;0;3;0;6;6;2.0;3.0;1;3;2;3;3;3;3;4;6;1
875;0;0;0;2;0;4;2;1;2;2;9;4;2;4;0;3;0;6;2;2.0;3.0;1;1;0;0;2;3;3;4;0;1
151;6;4;0;2;0;2;13;1;2;2;9;0;2;4;0;0;3;6;2;2.0;1.0;4;1;0;0;2;3;3;4;1;1
151;6;0;0;2;0;3;5;1;0;2;12;2;2;4;0;0;3;6;2;2.0;1.0;1;3;2;3;3;3;3;4;6;1
504;0;4;0;2;0;4;13;1;0;2;8;2;2;4;0;0;2;6;6;2.0;1.0;1;1;0;1;2;0;3;4;6;1
504;0;1;0;2;0;2;5;1;1;2;12;5;2;4;0;0;2;6;2;2.0;1.0;1;3;2;3;3;3;3;4;18;1
748;4;4;0;2;2;4;13;1;5;2;8;3;2;6;0;3;2;6;2;4.0;1.0;1;1;0;1;2;3;3;4;4;1
748;4;2;1;2;0;2;2;1;5;2;9;2;2;6;0;3;2;6;2;4.0;1.0;1;3;2;3;3;6;3;4;0;1
748;4;2;1;2;0;0;13;1;5;2;8;3;6;6;0;3;2;6;0;4.0;1.0;1;1;0;0;2;6;3;4;0;1
748;4;2;1;2;0;0;3;1;5;2;8;3;2;6;0;3;2;6;2;4.0;1.0;1;3;2;3;3;3;3;4;18;1
812;1;0;0;2;0;0;0;2;5;2;12;3;2;4;3;3;2;6;2;2.0;1.0;1;0;0;1;2;6;3;4;18;1
812;1;0;0;1;0;1;13;1;5;2;8;2;2;4;0;3;2;6;7;2.0;1.0;1;0;0;1;1;3;3;4;3;1
208;0;3;0;1;2;4;2;1;5;2;8;2;2;4;0;3;3;6;2;2.0;1.0;4;1;0;1;2;6;3;4;9;1
208;0;1;0;3;0;1;2;3;5;2;8;4;2;4;0;3;3;6;2;2.0;1.0;1;1;0;1;2;3;3;4;16;1
919;3;3;0;2;0;4;3;1;5;2;12;0;2;4;0;3;3;6;2;2.0;1.0;2;1;0;0;2;6;3;4;17;1
919;3;0;0;1;0;1;13;1;5;2;9;2;2;4;0;3;3;6;2;2.0;1.0;5;3;2;3;3;6;3;4;16;1
494;5;0;0;2;1;5;4;1;1;2;9;2;6;5;0;0;2;3;6;2.0;2.0;1;3;2;3;3;6;3;4;4;1
494;5;0;0;2;0;0;3;1;2;2;2;2;2;5;0;0;2;3;2;2.0;2.0;1;1;0;0;2;3;3;4;4;1
494;5;0;0;2;2;2;3;1;2;2;12;2;2;5;0;0;2;3;2;2.0;2.0;4;0;1;4;2;0;3;5;13;1
381;5;4;0;2;0;0;2;1;5;2;9;2;2;4;2;0;3;6;2;1.0;1.0;5;0;1;0;2;2;3;6;18;1
781;4;2;1;2;0;4;3;1;1;2;12;0;2;4;0;0;2;6;2;2.0;1.0;1;0;0;0;2;3;3;6;13;0
781;4;0;0;2;0;0;11;1;1;2;9;0;2;4;0;0;2;6;6;2.0;1.0;1;0;1;5;2;3;3;4;16;0
446;1;1;0;2;0;0;2;1;1;2;9;2;2;6;0;3;2;6;2;2.0;1.0;5;0;0;0;2;3;3;4;6;1
446;1;1;0;2;0;1;3;1;2;2;12;2;2;6;0;3;2;6;6;2.0;1.0;1;1;1;4;2;3;3;4;18;1
803;2;0;0;1;0;0;7;1;5;2;12;2;2;5;0;3;2;6;2;2.0;3.0;4;3;2;3;3;3;3;4;4;1
803;2;1;0;2;0;0;3;1;5;2;12;0;2;5;0;3;2;6;0;2.0;3.0;1;1;0;1;2;3;3;4;0;1
803;2;1;0;3;0;4;2;1;5;2;12;3;2;5;0;3;2;6;2;2.0;3.0;4;2;1;1;2;3;3;4;18;1
372;4;1;0;2;0;4;13;1;5;2;9;2;2;4;0;3;3;6;2;2.0;1.0;1;1;0;1;2;3;3;4;6;1
372;4;0;0;3;0;4;13;1;1;2;1;0;2;4;0;3;3;6;2;2.0;1.0;9;2;0;0;2;3;3;4;18;1
1034;2;4;0;2;0;4;13;1;5;2;12;5;2;4;0;3;3;6;2;2.0;1.0;1;2;0;2;2;3;3;4;16;1
1034;2;1;0;2;0;0;11;1;5;2;8;0;2;4;0;3;3;6;2;2.0;1.0;1;1;0;0;2;3;3;4;0;1
377;3;3;0;2;0;2;13;1;5;2;12;0;2;7;0;3;3;6;7;1.0;1.0;1;1;1;1;2;3;3;4;17;0
889;3;0;0;1;2;1;3;1;5;2;8;0;2;4;0;3;2;6;0;1.0;1.0;2;3;2;3;3;1;3;4;16;1
324;0;0;0;2;0;1;3;1;5;2;8;4;2;6;0;3;3;6;2;1.0;1.0;2;0;1;5;2;3;3;7;1;1
396;5;1;0;2;0;2;4;1;5;2;8;0;2;4;0;3;3;6;0;2.0;1.0;2;1;0;0;2;3;3;4;2;2
396;5;3;0;2;0;2;12;1;5;2;12;0;2;4;0;3;3;6;2;2.0;1.0;1;3;2;3;3;3;3;4;7;2
957;6;1;0;2;0;1;3;3;5;2;12;3;2;4;0;0;3;3;2;2.0;1.0;1;3;2;3;3;3;3;4;6;1
957;6;1;0;1;0;4;3;1;5;2;8;1;2;4;0;0;3;3;2;2.0;1.0;1;1;0;1;2;4;3;4;7;1
406;2;2;1;3;0;2;3;1;5;2;9;5;2;5;0;0;3;3;8;2.0;3.0;1;0;0;1;1;3;3;5;6;1
406;2;0;0;2;0;4;14;3;1;2;1;0;2;5;0;0;3;3;2;2.0;3.0;9;3;2;3;3;3;3;4;17;1
406;2;0;0;6;0;1;5;1;0;2;12;5;2;5;3;0;3;3;6;2.0;3.0;1;1;0;1;2;3;3;4;6;1
406;2;0;0;2;0;1;4;1;4;2;9;5;2;5;0;0;3;3;2;2.0;3.0;9;3;2;3;3;3;3;4;0;1
63;0;3;0;1;0;1;3;1;5;2;12;5;2;1;0;0;3;5;2;3.0;1.0;9;1;0;0;2;0;3;4;13;1
63;0;0;0;2;0;0;2;1;5;2;12;5;2;1;0;0;3;5;2;3.0;1.0;1;3;2;3;3;3;3;4;6;1
63;0;2;1;1;0;2;13;1;2;2;12;4;2;1;0;0;3;5;7;3.0;1.0;5;1;0;0;2;6;3;4;0;1
568;1;1;0;3;0;1;3;1;5;2;12;2;2;4;0;3;2;6;2;1.0;1.0;1;3;2;3;3;3;3;4;6;1
278;0;0;0;2;0;0;4;1;1;2;12;5;2;5;0;3;3;8;2;2.0;1.0;5;1;0;0;2;3;3;4;6;1
278;0;0;0;3;0;0;13;1;5;2;11;0;2;5;0;3;3;8;2;2.0;1.0;1;3;2;3;3;3;3;4;6;1
431;5;0;0;1;0;5;13;1;5;2;8;2;2;4;2;3;3;6;0;2.0;1.0;2;1;0;1;2;3;3;4;0;1
431;5;1;0;2;2;2;14;1;5;2;8;2;2;4;0;3;3;6;6;2.0;1.0;1;3;2;3;3;3;3;4;0;1
416;3;0;0;2;0;0;0;1;2;2;8;2;2;6;0;3;3;6;2;1.0;1.0;1;3;2;3;3;3;3;4;6;1
311;3;3;0;2;0;1;0;1;5;2;11;2;2;4;0;3;3;6;2;3.0;1.0;1;0;0;0;2;3;3;5;11;0
311;3;1;0;2;0;2;3;3;5;2;11;0;2;4;4;3;3;6;6;3.0;1.0;1;0;0;0;2;3;3;5;0;0
311;3;1;0;2;0;2;3;1;5;2;8;2;2;4;0;3;3;6;2;3.0;1.0;1;1;0;1;2;3;3;4;18;0
218;5;1;0;2;0;2;3;1;5;2;8;2;2;4;0;0;3;6;2;1.0;1.0;1;3;2;3;3;3;3;4;4;1
489;4;3;0;2;0;1;2;3;4;2;11;2;2;4;0;3;3;6;2;1.0;1.0;1;1;0;0;2;3;3;4;0;1
396;4;3;0;2;0;4;5;1;0;2;12;2;2;5;0;3;3;6;0;2.0;2.0;5;3;2;3;3;3;3;4;0;1
396;4;0;0;2;2;4;3;1;4;2;12;2;2;5;0;3;3;6;0;2.0;2.0;1;0;0;5;2;3;3;5;11;1
159;4;0;0;2;0;2;11;1;3;2;12;0;2;6;0;3;3;6;7;2.0;1.0;1;1;0;0;2;0;3;4;4;1
159;4;0;0;3;2;4;3;1;4;2;12;2;2;6;0;3;3;6;2;2.0;1.0;1;3;2;3;3;3;3;4;7;1
767;6;0;0;2;0;2;3;1;5;2;9;0;2;5;0;3;2;6;2;2.0;2.0;1;3;2;3;3;3;3;4;11;1
767;6;1;0;2;2;2;3;3;0;2;12;0;2;5;0;3;2;6;2;2.0;2.0;2;1;0;0;1;3;3;4;16;1
767;6;1;0;2;2;4;3;1;0;2;12;0;2;5;0;3;2;6;7;2.0;2.0;1;2;0;4;2;6;3;4;13;1
446;5;3;0;1;2;4;3;1;5;2;4;0;2;6;0;3;3;6;7;1.0;1.0;1;1;0;1;2;3;3;4;4;1
416;6;0;0;2;0;2;4;1;5;2;1;0;2;4;0;0;3;3;2;2.0;1.0;5;3;2;3;3;6;3;4;16;1
416;6;0;0;3;0;2;16;1;4;2;2;2;2;4;0;0;3;3;2;2.0;1.0;1;1;0;1;2;3;3;4;17;1
572;2;1;0;3;2;4;4;1;5;2;8;2;2;4;0;3;2;6;2;2.0;1.0;1;3;2;3;3;6;3;4;0;1
572;2;3;0;2;2;3;2;1;5;2;12;2;2;4;2;3;2;6;6;2.0;1.0;1;1;0;0;2;3;3;4;0;1
571;1;4;0;2;2;1;11;1;5;2;8;0;2;4;0;3;3;6;2;2.0;1.0;4;3;2;3;3;3;3;4;0;1
571;1;1;0;2;2;1;4;1;5;2;8;2;2;4;0;3;3;6;6;2.0;1.0;1;3;2;3;3;6;3;4;7;1
401;5;1;0;1;2;2;13;1;5;2;12;2;2;4;0;3;3;6;2;3.0;3.0;1;1;0;0;2;0;3;4;1;0
401;5;4;0;2;2;2;13;1;4;2;9;0;2;4;4;3;3;6;2;3.0;3.0;2;1;1;0;2;1;3;4;13;0
401;5;4;0;2;0;4;3;1;4;2;8;5;3;4;0;3;3;6;6;3.0;3.0;5;3;2;3;3;0;3;4;9;0
401;5;4;0;3;2;1;3;1;4;2;9;5;2;4;4;3;3;6;2;3.0;3.0;1;3;2;3;3;3;3;4;13;0
148;2;1;0;2;0;2;4;1;5;2;11;2;2;4;0;3;3;6;2;1.0;1.0;1;1;0;1;2;0;3;4;18;1
528;2;1;0;2;0;3;4;1;4;2;8;2;7;4;0;3;3;6;6;3.0;2.0;9;2;1;1;2;3;3;4;4;1
528;2;1;0;2;0;2;13;1;2;2;12;5;2;4;0;3;3;6;6;3.0;2.0;2;3;2;3;3;0;3;4;16;1
528;2;0;0;1;0;4;5;1;4;2;12;0;2;4;0;3;3;6;2;3.0;2.0;1;1;1;1;2;0;3;4;0;1
365;1;0;0;2;0;2;2;1;4;2;2;5;2;0;0;3;3;6;2;2.0;1.0;1;2;1;4;2;0;3;4;4;1
365;1;0;0;3;0;0;11;1;5;2;8;2;2;0;0;3;3;6;2;2.0;1.0;9;0;1;0;2;3;3;4;18;1
0;4;0;0;2;0;2;3;1;5;2;12;2;2;5;0;3;2;6;2;3.0;3.0;1;3;2;3;3;3;3;4;6;1
0;4;0;0;0;0;0;3;1;5;2;8;2;0;5;0;3;2;6;2;3.0;3.0;1;1;0;5;2;2;3;4;18;1
0;4;0;0;2;0;4;13;1;5;2;8;2;2;5;0;3;2;6;2;3.0;3.0;1;1;0;0;2;3;3;4;13;1
0;4;0;0;2;0;0;11;1;4;2;8;2;7;5;0;3;2;6;2;3.0;3.0;1;3;2;3;3;6;3;4;18;1
0;4;0;0;2;0;2;13;1;4;2;2;0;7;5;0;3;2;6;2;3.0;3.0;1;3;2;3;3;3;3;4;13;1
310;3;0;0;2;0;1;0;1;4;2;8;0;6;6;0;3;3;6;2;2.0;3.0;1;1;0;0;2;3;3;4;17;1
310;3;1;0;2;0;2;3;1;2;2;12;3;6;6;0;3;3;6;2;2.0;3.0;1;2;0;5;2;3;3;4;1;1
310;3;1;0;2;0;1;3;1;5;2;12;2;2;6;0;3;3;6;2;2.0;3.0;1;2;0;2;2;3;3;4;18;1
310;3;1;0;2;0;1;3;1;2;2;2;6;3;6;0;3;3;6;2;2.0;3.0;2;1;0;4;2;3;3;4;4;1
307;2;1;0;2;0;4;3;1;0;2;11;0;2;4;0;3;3;6;2;2.0;1.0;1;1;0;0;2;3;3;4;18;1
307;2;3;0;2;0;0;13;1;5;2;2;2;2;4;0;3;3;6;2;2.0;1.0;1;2;1;1;2;3;3;4;17;1
1067;2;0;0;0;2;0;13;1;4;2;8;0;2;4;0;3;3;1;2;2.0;1.0;1;1;0;1;1;3;3;4;13;1
1067;2;3;0;0;0;5;3;1;1;2;12;5;2;4;0;3;3;1;2;2.0;1.0;1;3;2;3;3;6;3;4;17;1
337;2;3;0;2;0;0;11;1;4;2;2;2;5;5;0;3;3;6;2;2.0;2.0;1;1;0;0;2;6;3;4;18;1
337;2;3;0;2;0;2;5;3;0;2;12;3;2;5;0;3;3;6;2;2.0;2.0;1;3;2;3;3;6;3;4;17;1
350;1;3;0;2;0;4;5;3;4;2;12;3;2;6;3;3;3;6;6;2.0;1.0;5;1;0;0;2;3;3;4;6;1
350;1;1;0;2;0;4;3;2;2;2;8;2;6;6;0;3;3;6;2;2.0;1.0;9;0;0;1;2;1;3;6;19;1
796;5;1;0;2;2;2;5;2;4;2;12;2;2;4;0;3;2;6;7;2.0;1.0;5;0;1;0;2;3;3;4;6;1
796;5;1;0;3;0;1;5;1;1;2;12;2;2;4;0;3;2;6;2;2.0;1.0;1;0;1;5;2;6;3;4;1;1
927;6;0;0;2;0;1;13;3;5;2;9;2;2;4;0;3;3;6;6;2.0;2.0;1;3;2;3;3;1;3;4;16;1
927;6;1;0;2;0;3;3;1;1;2;8;2;2;4;0;3;3;6;2;2.0;2.0;1;1;0;1;2;3;3;4;0;1
927;6;1;0;2;0;1;13;1;1;2;2;4;2;4;0;3;3;6;2;2.0;2.0;5;1;0;1;2;3;3;4;0;1
264;3;2;1;2;0;1;3;1;0;2;12;0;2;4;0;3;3;6;2;3.0;1.0;1;1;1;1;2;3;3;4;18;1
264;3;1;0;3;0;2;3;1;4;2;0;5;8;4;0;3;3;6;2;3.0;1.0;1;2;1;1;2;3;3;4;18;1
264;3;0;0;2;0;4;11;1;4;2;12;2;3;4;0;3;3;6;2;3.0;1.0;1;1;0;0;2;3;3;4;1;1
315;5;3;0;2;0;2;3;1;5;2;12;0;3;4;0;3;3;6;0;2.0;1.0;1;0;0;1;2;3;3;7;0;1
315;5;0;0;2;0;1;3;1;5;2;2;0;2;4;2;3;3;6;6;2.0;1.0;1;3;2;3;3;3;3;4;16;1
268;4;2;1;2;0;2;3;3;0;2;9;0;2;4;0;0;3;3;2;1.0;1.0;1;1;0;0;2;3;3;4;1;1
461;5;0;0;0;0;1;11;1;5;2;12;0;2;6;3;3;3;6;6;2.0;1.0;9;1;1;0;2;6;3;4;16;1
461;5;3;0;2;0;2;3;1;5;2;12;2;2;6;0;3;3;6;2;2.0;1.0;9;3;2;3;3;6;3;4;13;1
1026;3;3;0;2;0;0;2;1;5;2;12;3;2;6;0;3;3;6;2;2.0;1.0;1;1;0;5;2;3;3;4;2;1
1026;3;1;0;2;0;1;2;1;5;2;1;2;2;6;0;3;3;6;2;2.0;1.0;1;2;1;0;2;3;3;4;18;1
81;3;1;0;2;0;4;3;1;5;2;1;4;2;4;3;0;3;3;2;1.0;1.0;4;3;2;3;3;3;3;4;18;0
411;1;1;0;2;0;3;13;1;5;2;12;2;2;6;0;3;3;6;2;2.0;1.0;1;0;1;1;2;3;3;6;18;1
411;1;1;0;2;0;1;13;2;0;2;8;2;2;6;0;3;3;6;6;2.0;1.0;1;1;0;0;2;3;3;4;1;1
1017;5;0;0;2;0;3;13;1;1;2;9;2;2;4;0;3;3;6;2;3.0;2.0;1;0;1;0;2;3;3;4;16;1
1017;5;1;0;1;0;2;3;1;1;2;12;2;2;4;0;3;3;6;6;3.0;2.0;1;1;0;4;2;3;3;4;9;1
1017;5;0;0;0;0;0;3;1;0;2;9;0;8;4;0;3;3;6;2;3.0;2.0;1;3;2;3;3;3;3;4;11;1
460;0;1;0;2;0;3;6;1;5;2;2;3;2;4;0;0;3;3;2;2.0;1.0;1;3;2;3;3;3;3;4;4;1
460;0;4;0;2;0;2;6;1;1;2;12;4;2;4;0;0;3;3;2;2.0;1.0;1;1;0;0;2;3;3;4;1;1
1030;0;3;0;1;0;3;13;1;2;2;8;2;3;4;0;3;3;6;2;2.0;1.0;1;2;0;4;2;6;3;4;17;0
1030;0;2;1;1;0;3;13;1;1;2;12;0;2;4;0;3;3;6;2;2.0;1.0;1;2;1;1;1;3;3;4;1;0
1002;3;3;0;2;0;2;5;1;5;2;1;2;8;4;0;0;3;6;2;2.0;1.0;5;1;0;0;2;3;3;4;18;1
1002;3;3;0;1;0;1;2;1;5;2;12;0;2;4;0;0;3;6;2;2.0;1.0;3;3;2;3;3;3;3;4;13;1
307;2;1;0;2;0;4;13;1;0;2;8;2;2;6;0;3;3;6;2;2.0;1.0;1;0;1;1;2;3;3;0;1;1
307;2;2;1;2;0;4;3;3;5;2;9;0;2;6;0;3;3;6;2;2.0;1.0;1;0;0;0;2;3;3;7;4;1
227;0;1;0;2;0;2;2;1;5;2;8;4;2;6;0;3;3;6;2;2.0;1.0;1;0;0;0;2;3;3;7;18;0
227;0;1;0;2;0;0;9;1;5;2;8;2;2;6;0;3;3;6;2;2.0;1.0;5;3;2;3;3;6;3;4;13;0
546;3;4;0;4;0;3;3;1;5;2;2;3;2;6;0;3;3;6;0;1.0;2.0;1;1;0;0;2;3;3;4;18;0
546;3;4;0;2;0;3;3;1;5;2;2;0;2;6;0;3;3;6;6;1.0;2.0;9;3;2;3;3;3;3;4;1;0
980;0;1;0;1;0;1;13;1;5;2;9;0;2;4;0;0;3;6;2;2.0;1.0;5;1;0;1;2;3;3;4;1;1
980;0;3;0;2;2;0;3;1;5;2;12;0;2;4;0;0;3;6;2;2.0;1.0;1;3;2;3;3;3;3;4;17;1
644;4;0;0;2;0;2;0;1;5;2;12;5;2;4;0;3;3;6;6;2.0;2.0;1;1;0;5;2;3;3;4;1;0
644;4;0;0;3;0;1;13;1;5;2;12;0;2;4;3;3;3;6;2;2.0;2.0;1;1;0;1;2;3;3;4;6;0
644;4;0;0;3;2;2;0;1;1;2;9;0;2;4;0;3;3;6;2;2.0;2.0;1;3;2;3;3;3;3;4;6;0
250;2;1;0;2;0;4;13;1;5;2;8;0;2;6;0;3;3;6;2;1.0;1.0;1;1;1;0;2;6;3;4;17;0
1034;3;0;0;2;0;2;13;1;5;2;9;0;2;4;4;0;3;6;0;3.0;4.0;1;3;2;3;3;6;3;4;19;1
1034;3;4;0;1;0;2;13;1;5;2;12;2;2;4;0;0;3;6;0;3.0;4.0;1;1;0;1;2;3;3;4;18;1
1034;3;4;0;2;0;2;5;1;5;2;12;2;2;4;0;0;3;6;7;3.0;4.0;1;3;2;3;3;3;3;4;1;1
1034;3;0;0;2;0;4;5;1;5;2;1;2;2;4;0;0;3;6;2;3.0;4.0;1;0;0;4;2;3;3;4;16;1
1012;6;2;1;2;0;0;11;1;2;2;2;4;2;6;0;0;3;6;2;2.0;1.0;1;3;2;3;3;3;3;4;18;1
1012;6;0;0;2;0;1;13;1;5;2;11;2;2;6;0;0;3;6;2;2.0;1.0;1;1;0;1;2;3;3;4;17;1
369;3;1;0;2;0;0;3;1;1;2;8;0;2;4;0;3;3;5;7;2.0;1.0;1;3;2;3;3;3;3;4;17;1
369;3;3;0;2;0;4;4;1;0;2;12;2;2;4;0;3;3;5;7;2.0;1.0;1;1;0;0;2;6;3;4;16;1
391;0;0;0;3;2;1;3;1;2;2;9;0;2;4;0;0;3;5;2;2.0;3.0;1;2;0;1;2;6;3;4;6;1
391;0;0;0;2;0;2;6;1;4;2;12;0;2;4;0;0;3;5;2;2.0;3.0;1;2;0;2;2;6;3;4;0;1
391;0;0;0;2;0;3;0;1;0;2;12;5;8;4;0;0;3;5;2;2.0;3.0;1;1;0;2;2;3;3;4;1;1
391;0;0;0;2;0;2;11;1;1;2;8;4;8;4;0;0;3;5;6;2.0;3.0;1;2;1;2;2;6;3;4;13;1
382;3;2;1;1;0;4;3;1;5;2;9;2;2;4;0;3;3;6;2;2.0;1.0;1;3;2;3;3;6;3;4;6;0
382;3;0;0;2;0;2;13;1;5;2;12;2;2;4;0;3;3;6;6;2.0;1.0;1;1;1;0;2;3;1;4;7;0
531;2;1;0;3;0;0;11;2;1;2;9;0;2;5;0;3;3;6;2;1.0;1.0;1;3;2;3;3;3;3;4;7;0
1007;1;4;0;2;0;2;13;1;5;2;2;2;2;4;0;3;3;6;2;3.0;1.0;4;1;0;1;2;6;3;4;17;1
1007;1;0;0;0;0;0;5;3;5;2;9;2;2;4;0;3;3;6;6;3.0;1.0;9;3;2;3;3;6;3;4;1;1
1007;1;3;0;2;0;4;13;1;5;2;8;4;2;4;0;3;3;6;2;3.0;1.0;1;3;2;3;3;3;3;4;0;1
981;5;0;0;2;0;0;2;3;3;2;9;2;2;4;0;0;3;3;2;2.0;2.0;1;1;0;0;2;3;3;4;6;1
981;5;0;0;2;0;2;11;1;5;2;12;4;2;4;0;0;3;3;6;2.0;2.0;9;1;1;4;2;3;3;4;18;1
319;3;0;0;2;0;1;3;1;5;2;4;2;2;4;0;3;3;6;6;2.0;1.0;1;3;2;3;3;3;3;4;19;1
319;3;1;0;2;0;2;0;1;5;2;2;2;2;4;2;3;3;6;2;2.0;1.0;9;2;1;0;1;3;3;4;10;1
889;6;1;0;2;0;1;2;1;1;2;9;0;8;6;0;3;3;6;2;3.0;1.0;1;3;2;3;3;2;3;4;0;1
889;6;2;1;2;0;1;13;1;5;2;12;2;2;6;0;3;3;6;2;3.0;1.0;1;2;0;4;2;0;3;4;6;1
889;6;2;1;2;0;4;3;1;5;2;12;2;2;6;0;3;3;6;2;3.0;1.0;1;3;2;3;3;3;3;4;13;1
464;5;0;0;2;0;0;0;1;0;2;8;0;2;4;0;3;3;6;2;1.0;1.0;5;1;0;0;2;1;3;4;2;1
703;4;0;0;0;2;0;3;1;4;2;5;2;3;5;0;3;2;6;2;4.0;1.0;5;3;2;3;3;3;3;4;0;1
703;4;2;1;0;0;5;3;1;4;2;2;2;8;5;0;3;2;6;2;4.0;1.0;1;1;0;0;2;3;3;4;6;1
703;4;2;1;2;0;0;4;1;5;2;8;5;3;5;0;3;2;6;2;4.0;1.0;2;3;2;3;3;3;3;4;16;1
703;4;1;0;2;0;2;5;1;4;2;2;2;8;5;0;3;2;6;2;4.0;1.0;1;1;0;0;2;0;3;4;13;1
189;6;0;0;2;0;4;13;1;5;2;8;5;3;4;0;3;3;6;2;3.0;3.0;1;1;0;1;2;3;3;4;1;1
189;6;1;0;2;0;4;13;3;5;2;8;0;2;4;0;3;3;6;2;3.0;3.0;1;3;2;3;3;3;3;4;3;1
189;6;1;0;2;2;2;13;1;0;2;11;2;2;4;0;3;3;6;2;3.0;3.0;1;3;2;3;3;3;3;4;18;1
674;4;1;0;3;0;1;6;1;3;2;9;2;2;6;0;3;3;6;2;2.0;1.0;9;1;0;1;2;6;3;4;6;1
674;4;0;0;2;0;1;13;1;5;2;8;5;3;6;0;3;3;6;2;2.0;1.0;1;1;1;1;2;3;3;4;18;1
1002;1;1;0;2;0;3;13;1;5;2;7;5;2;5;0;3;3;6;2;2.0;1.0;1;3;2;3;3;1;3;4;1;1
1002;1;1;0;2;0;1;9;1;5;2;12;2;2;5;0;3;3;6;2;2.0;1.0;1;3;2;3;3;3;3;4;17;1
504;4;1;0;2;0;1;13;1;5;2;9;0;2;5;0;3;3;6;2;2.0;1.0;1;1;0;1;2;3;3;4;18;1
504;4;4;0;3;0;2;7;1;5;2;8;0;2;5;0;3;3;6;2;2.0;1.0;1;0;1;0;2;6;3;4;18;1
245;1;4;0;2;0;4;3;1;5;2;8;0;2;0;2;3;3;6;6;2.0;1.0;9;0;0;0;1;6;3;4;1;1
245;1;0;0;2;0;2;13;1;5;2;9;0;2;0;0;3;3;6;2;2.0;1.0;1;0;1;4;1;6;3;4;18;1
307;2;3;0;2;0;1;4;1;5;2;8;0;2;4;2;3;3;6;7;1.0;1.0;1;0;1;1;2;3;2;6;1;0
1002;1;4;0;2;0;2;0;1;5;2;8;0;2;4;0;3;3;6;2;2.0;1.0;9;3;2;3;3;3;0;4;18;1
1002;1;0;0;0;0;1;11;1;5;2;8;2;2;4;0;3;3;6;6;2.0;1.0;9;1;0;1;2;3;3;4;18;1
983;0;0;0;2;0;2;3;1;5;2;8;2;2;6;0;3;3;6;2;3.0;1.0;1;1;0;1;2;6;3;4;18;1
983;0;0;0;2;0;0;5;1;5;2;12;0;2;6;0;3;3;6;2;3.0;1.0;4;3;2;3;3;3;3;4;1;1
983;0;0;1;2;0;1;3;1;5;2;12;2;2;6;0;3;3;6;2;3.0;1.0;4;1;1;0;2;3;3;4;0;1
514;1;0;0;2;0;4;3;1;1;2;12;2;2;6;0;3;3;6;2;1.0;1.0;1;3;2;3;3;3;3;4;13;1
72;4;1;0;2;0;3;3;1;1;2;9;4;2;4;0;3;3;6;2;2.0;1.0;1;3;2;3;3;3;3;4;0;1
72;4;0;0;2;0;1;13;1;1;2;11;0;0;4;0;3;3;6;0;2.0;1.0;1;1;0;0;2;3;3;4;18;1
93;3;1;0;2;0;3;3;1;1;2;9;0;0;6;0;3;3;6;6;1.0;2.0;1;0;1;0;2;3;3;8;11;0
93;3;1;0;1;0;2;3;1;1;2;8;2;2;6;0;3;3;6;2;1.0;2.0;1;3;2;3;3;3;3;4;4;0
332;3;0;0;0;0;0;5;1;5;2;2;4;2;6;0;3;3;6;2;3.0;1.0;1;1;0;1;2;0;3;4;4;1
332;3;1;0;2;0;3;12;1;5;2;12;0;2;6;0;3;3;6;6;3.0;1.0;3;3;2;3;3;3;3;4;0;1
332;3;0;0;2;0;2;3;1;1;2;12;4;2;6;0;3;3;6;2;3.0;1.0;9;0;0;1;2;3;3;4;17;1
622;5;3;0;1;0;3;5;1;2;2;12;2;2;5;0;3;3;6;2;2.0;1.0;5;1;0;0;2;6;3;4;16;1
622;5;0;0;1;0;3;11;1;5;2;12;2;2;5;0;3;3;6;2;2.0;1.0;1;3;2;3;3;6;3;4;1;1
585;6;0;0;2;0;2;11;1;5;2;8;0;2;5;0;3;3;6;2;2.0;1.0;1;1;0;0;2;3;3;4;1;1
585;6;0;0;1;0;1;3;1;5;2;8;1;2;5;0;3;3;6;2;2.0;1.0;1;3;2;3;3;6;3;4;11;1
246;1;0;0;2;0;4;13;1;5;2;9;0;2;6;0;3;3;6;2;3.0;1.0;1;1;0;2;2;3;3;4;18;1
246;1;1;0;2;0;4;3;1;5;2;8;4;2;6;0;3;3;6;7;3.0;1.0;1;1;0;0;2;6;3;4;16;1
246;1;1;0;2;0;2;5;1;5;2;9;2;2;6;0;3;3;6;2;3.0;1.0;1;3;2;3;3;3;3;4;0;1
128;4;3;0;2;0;0;3;1;5;2;8;0;2;4;0;3;3;6;6;2.0;1.0;1;0;1;0;1;6;3;4;1;1
128;4;3;0;4;0;3;3;1;5;2;12;2;2;4;0;3;3;6;2;2.0;1.0;1;3;2;3;3;6;3;4;18;1
746;4;4;0;2;0;3;13;1;5;2;8;4;2;6;0;3;2;6;2;1.0;2.0;1;1;0;0;2;6;3;4;6;0
746;4;4;0;1;0;1;3;1;5;2;11;0;2;6;0;3;2;6;2;1.0;2.0;1;0;1;0;2;3;3;6;17;0
362;3;3;0;2;2;0;9;1;5;2;9;4;2;4;0;3;3;6;2;3.0;1.0;1;0;1;0;2;0;3;4;6;1
362;3;1;0;2;0;2;3;1;5;2;8;0;2;4;0;3;3;6;2;3.0;1.0;1;3;2;3;3;3;3;4;13;1
362;3;0;0;3;0;1;3;1;5;2;9;0;2;4;0;3;3;6;2;3.0;1.0;9;1;0;0;2;3;3;4;18;1
726;5;4;0;3;2;2;3;1;4;2;8;0;2;5;0;3;2;6;2;2.0;2.0;1;1;0;0;2;3;3;4;18;1
726;5;0;0;2;0;4;3;1;4;2;9;4;2;5;0;3;2;6;2;2.0;2.0;9;3;2;3;3;3;3;4;18;1
528;0;1;0;2;0;2;0;1;5;2;12;5;2;4;0;3;3;6;2;1.0;2.0;9;1;0;1;2;6;3;4;1;0
528;0;1;0;1;0;2;3;0;5;2;12;2;2;4;0;3;3;6;6;1.0;2.0;1;3;2;3;3;3;3;4;1;0
194;0;3;0;2;0;2;3;1;2;2;8;2;2;6;0;3;3;6;2;2.0;1.0;1;3;2;3;3;3;3;4;13;1
194;0;3;0;2;0;4;3;1;4;2;8;2;2;6;0;3;3;6;6;2.0;1.0;1;1;0;0;2;3;3;4;0;1
765;6;0;0;2;0;0;2;1;1;2;9;2;2;4;0;3;2;6;2;1.0;1.0;1;1;0;1;2;3;3;4;16;2
240;2;0;0;2;0;1;11;1;5;2;12;2;2;6;0;3;3;6;2;1.0;1.0;1;1;1;0;2;3;3;4;13;1
90;4;1;0;2;0;0;13;3;5;2;12;0;2;5;0;3;3;6;2;2.0;2.0;1;1;0;5;2;6;3;4;6;1
90;4;3;0;2;0;2;12;1;5;2;8;2;2;5;0;3;3;6;7;2.0;2.0;1;1;1;0;2;3;3;4;6;1
459;0;1;0;3;0;2;2;1;5;2;8;2;2;6;0;3;3;6;2;2.0;1.0;5;3;2;3;3;3;3;4;10;1
459;0;0;0;2;0;2;5;1;5;2;2;0;2;6;0;3;3;6;2;2.0;1.0;1;3;2;3;3;6;3;4;17;1
382;2;0;0;2;0;4;3;3;5;2;12;4;2;6;0;0;3;3;2;2.0;4.0;1;1;0;5;2;6;3;4;16;2
382;2;0;0;2;0;1;3;1;5;2;8;0;2;6;0;0;3;3;7;2.0;4.0;8;1;0;0;2;3;3;4;6;2
382;2;0;0;2;2;4;6;1;0;2;8;2;2;6;0;0;3;3;6;2.0;4.0;2;3;2;3;3;6;3;4;13;2
382;2;0;0;2;0;1;13;1;3;2;9;2;2;6;0;0;3;3;2;2.0;4.0;1;1;0;4;2;3;3;4;6;2
1070;4;1;0;3;1;2;13;1;5;2;12;0;2;4;0;3;3;6;2;1.0;1.0;5;3;2;3;3;3;3;4;16;1
478;4;1;0;3;0;2;15;1;2;2;9;2;2;4;0;3;3;6;2;1.0;1.0;9;1;1;4;2;3;3;4;0;1
131;2;1;0;2;0;2;9;3;5;2;8;2;2;6;0;3;3;6;2;2.0;1.0;1;3;2;3;3;6;3;4;1;1
279;4;1;0;2;0;2;13;1;2;2;8;0;2;6;0;0;3;3;2;2.0;1.0;5;1;0;0;2;3;3;4;16;1
589;4;4;0;3;0;4;11;1;4;2;12;0;2;6;0;0;2;5;2;2.0;1.0;9;3;2;3;3;0;3;4;6;1
589;4;1;0;2;0;3;3;1;0;2;12;5;8;6;0;0;2;5;2;2.0;1.0;1;3;2;3;3;3;3;4;13;1
875;0;0;0;2;0;2;2;1;1;2;8;4;8;4;0;3;3;6;6;2.0;1.0;1;3;2;3;3;3;3;4;18;1
875;0;1;0;3;0;0;2;1;5;2;9;2;2;4;0;3;3;6;6;2.0;1.0;9;1;0;0;2;3;3;4;1;1
456;0;1;0;2;0;2;12;1;5;2;12;2;2;4;0;0;3;3;2;2.0;2.0;1;1;0;1;2;3;3;4;1;1
456;0;0;0;2;0;4;3;2;1;2;9;0;2;4;0;0;3;3;2;2.0;2.0;3;3;2;3;3;3;3;4;18;1
315;5;3;0;1;2;1;14;1;5;2;2;2;2;4;0;3;3;6;2;3.0;1.0;1;1;0;0;2;3;3;4;1;1
315;5;3;0;2;0;0;14;3;5;2;9;2;2;4;0;3;3;6;2;3.0;1.0;1;3;2;3;3;0;3;4;6;1
315;5;1;0;2;0;0;13;1;5;2;8;4;2;4;0;3;3;6;2;3.0;1.0;9;1;0;0;2;3;3;4;1;1
479;3;0;0;0;2;1;13;3;3;2;9;2;2;0;0;3;3;6;0;2.0;1.0;1;3;2;3;3;0;3;4;18;1
479;3;1;0;2;0;4;15;1;5;2;12;4;2;0;0;3;3;6;2;2.0;1.0;1;1;0;2;2;6;3;4;0;1
90;3;4;0;3;2;1;3;1;5;2;4;2;2;6;0;3;3;6;6;1.0;1.0;1;3;2;3;3;3;3;4;18;1
504;2;1;0;2;0;2;12;1;5;2;2;2;2;4;0;3;3;6;7;1.0;1.0;1;3;2;3;3;3;3;4;7;0
240;1;1;0;2;0;3;2;1;1;2;9;0;8;4;0;3;3;6;2;1.0;1.0;1;1;0;0;2;6;3;4;18;1
1048;5;3;0;2;0;2;3;1;5;2;12;2;2;5;0;3;3;6;2;2.0;1.0;9;3;2;3;3;6;3;4;11;1
1048;5;0;0;1;0;4;3;1;5;2;12;2;2;5;0;3;3;6;2;2.0;1.0;1;1;0;1;2;3;3;4;10;1
489;3;2;1;2;0;2;3;1;0;2;8;0;2;6;0;3;3;6;2;1.0;1.0;1;3;2;3;3;3;3;4;17;1
377;4;4;0;3;0;0;3;1;4;2;5;2;3;4;0;3;3;6;2;2.0;1.0;9;1;0;2;2;6;3;4;13;1
377;4;0;0;2;0;2;0;1;4;2;2;2;8;4;0;3;3;6;2;2.0;1.0;9;3;2;3;3;6;3;4;0;1
63;5;2;1;0;0;0;15;1;5;2;8;5;3;6;0;3;3;6;2;1.0;1.0;1;1;0;0;1;3;3;4;1;1
332;5;3;0;2;0;4;13;1;4;2;2;2;8;6;0;0;3;3;6;2.0;4.0;1;2;0;2;1;3;3;4;0;1
332;5;0;0;2;0;0;13;1;5;2;8;5;3;6;0;0;3;3;0;2.0;4.0;1;3;2;3;3;3;3;4;10;1
332;5;0;0;2;0;2;11;3;5;2;8;0;2;6;0;0;3;3;2;2.0;4.0;1;1;0;0;2;3;3;4;16;1
332;5;0;0;2;0;1;2;1;0;2;11;2;2;6;0;0;3;3;7;2.0;4.0;1;3;2;3;3;3;3;4;16;1
362;2;1;0;2;0;2;3;1;3;2;9;2;2;4;0;3;3;6;2;1.0;1.0;1;1;1;1;2;3;3;4;1;0
570;1;2;1;2;0;1;4;1;5;2;8;5;3;4;0;3;3;8;2;1.0;1.0;1;3;2;3;3;3;3;4;0;0
703;0;0;0;2;0;1;9;1;5;2;7;5;2;0;0;0;0;3;7;1.0;1.0;1;3;2;3;3;3;3;4;0;0
524;0;0;0;2;0;4;3;1;5;2;12;2;2;5;0;3;3;6;7;2.0;1.0;1;1;1;4;2;3;3;4;1;1
524;0;4;0;2;0;0;4;1;5;2;9;0;2;5;0;3;3;6;2;2.0;1.0;1;1;0;4;2;3;3;4;1;1
489;1;0;0;0;2;0;9;1;5;2;8;0;2;4;0;3;3;6;2;2.0;1.0;5;2;0;4;2;3;3;4;19;1
489;1;0;0;0;0;5;11;1;5;2;8;0;2;4;0;3;3;6;2;2.0;1.0;1;3;2;3;3;3;3;4;11;1
988;1;3;0;2;0;0;13;1;5;2;9;0;2;4;0;3;3;6;2;1.0;1.0;2;3;2;3;3;3;3;4;1;1
670;5;0;0;2;0;2;12;1;5;2;8;0;2;5;0;0;2;6;2;2.0;2.0;1;3;2;3;3;3;3;4;10;1
670;5;0;0;2;0;4;3;1;5;2;8;0;2;5;0;0;2;6;6;2.0;2.0;2;1;0;0;2;3;3;4;6;1
533;1;1;0;2;0;4;14;1;5;2;8;2;2;4;0;3;3;6;2;1.0;1.0;1;2;0;4;2;3;3;4;13;0
923;0;0;0;2;2;2;3;1;5;2;8;2;2;5;0;3;3;6;2;2.0;1.0;2;3;2;3;3;3;3;4;18;1
923;0;3;0;3;0;1;5;1;5;2;12;0;2;5;0;3;3;6;2;2.0;1.0;1;3;2;3;3;3;3;4;16;1
572;6;4;0;2;0;1;15;1;5;2;12;2;2;6;0;3;3;6;2;1.0;1.0;1;1;0;1;2;3;3;4;3;0
583;2;4;0;2;0;3;4;1;1;2;12;2;2;4;0;3;2;6;2;2.0;1.0;2;3;2;3;3;3;3;4;1;1
583;2;0;0;2;0;1;13;1;1;2;9;4;2;4;0;3;2;6;2;2.0;1.0;5;0;1;2;2;3;3;6;18;1
327;5;0;0;2;0;1;2;1;1;2;11;0;0;4;0;3;3;6;2;1.0;1.0;1;1;0;1;2;3;3;4;13;0
307;1;1;0;3;0;2;3;1;1;2;9;0;0;6;0;3;3;6;2;2.0;1.0;1;2;1;2;2;3;3;4;16;1
307;1;3;0;2;0;4;14;1;1;2;8;2;2;6;0;3;3;6;2;2.0;1.0;1;3;2;3;3;3;3;4;16;1
140;4;3;0;2;0;2;15;1;5;2;2;4;2;5;0;3;3;6;2;1.0;1.0;9;0;1;0;1;3;3;4;18;1
1022;6;0;0;2;0;1;14;1;5;2;12;0;2;4;0;0;3;6;2;2.0;1.0;1;3;2;3;3;3;3;4;18;1
1022;6;1;0;2;0;2;3;1;1;2;12;4;2;4;0;0;3;6;2;2.0;1.0;1;1;0;1;2;3;3;4;11;1
438;4;3;0;0;0;1;12;1;2;2;12;2;2;4;0;3;3;6;2;2.0;1.0;1;0;1;1;1;3;3;4;10;0
438;4;1;0;2;0;2;12;1;5;2;12;2;2;4;0;3;3;6;2;2.0;1.0;1;1;1;0;2;3;3;4;0;0
268;6;0;0;2;0;0;14;1;5;2;8;0;2;4;0;3;3;6;2;2.0;1.0;5;2;0;2;2;3;3;4;1;0
268;6;0;0;2;0;1;15;1;5;2;8;1;2;4;0;3;3;6;6;2.0;1.0;1;1;0;1;2;3;3;4;6;0
231;0;1;0;2;0;4;15;1;5;2;9;0;2;6;0;3;3;6;2;2.0;1.0;1;0;1;1;2;3;3;4;13;0
231;0;0;0;2;0;3;14;1;5;2;8;4;2;6;0;3;3;6;2;2.0;1.0;4;3;2;3;3;3;3;4;13;0
456;1;0;0;2;0;1;16;1;5;2;9;2;2;4;0;3;3;6;2;2.0;2.0;1;1;0;0;2;3;3;4;0;1
456;1;1;0;2;0;3;14;1;5;2;8;0;2;4;0;3;3;6;2;2.0;2.0;9;1;0;0;2;3;3;4;16;1
456;1;1;0;1;0;2;14;1;5;2;12;2;2;4;0;3;3;6;7;2.0;2.0;9;2;0;0;2;3;3;4;9;1
123;5;0;0;0;0;0;6;1;5;2;8;4;2;4;0;0;3;6;2;2.0;2.0;1;2;0;0;2;3;3;4;10;1
123;5;0;0;2;0;3;3;1;5;2;11;0;2;4;0;0;3;6;2;2.0;2.0;5;2;0;5;2;3;3;4;0;1
123;5;0;0;2;0;2;3;1;5;2;9;4;2;4;0;0;3;6;2;2.0;2.0;1;2;0;5;2;3;3;4;6;1
983;5;4;0;1;0;3;4;1;5;2;8;0;2;4;0;3;3;6;2;2.0;1.0;1;3;2;3;3;3;3;4;18;1
983;5;1;0;1;0;3;3;1;5;2;9;0;2;4;0;3;3;6;2;2.0;1.0;1;3;2;3;3;3;3;4;1;1
1048;5;3;0;2;0;2;11;1;5;2;8;0;2;6;0;3;3;6;2;2.0;1.0;1;0;0;0;2;3;3;0;18;1
1048;5;0;1;1;0;1;3;1;1;2;8;2;2;6;0;3;3;6;2;2.0;1.0;1;1;0;0;2;6;3;4;18;1
293;3;4;0;2;0;4;3;1;5;2;9;0;2;4;0;3;3;6;2;2.0;1.0;1;3;2;3;3;6;3;4;19;0
293;3;4;0;2;0;4;3;1;5;2;12;2;2;4;0;3;3;6;7;2.0;1.0;1;0;0;4;2;3;3;4;11;0
519;1;1;0;2;0;2;14;1;4;2;4;0;2;4;0;3;3;6;2;2.0;1.0;1;1;0;0;2;3;3;4;6;0
519;1;1;0;2;0;0;6;1;5;2;8;2;2;4;0;3;3;6;2;2.0;1.0;5;3;2;3;3;3;3;4;10;0
943;6;3;0;4;0;3;6;2;5;2;1;2;2;6;0;0;3;3;2;3.0;2.0;1;1;1;4;2;3;3;4;13;0
943;6;0;0;2;0;3;15;1;0;2;9;2;2;6;0;0;3;3;2;3.0;2.0;8;3;2;3;3;3;3;4;3;0
943;6;1;0;1;0;1;15;1;4;2;9;0;2;6;0;0;3;3;6;3.0;2.0;1;2;1;0;2;3;3;4;10;0
315;3;0;0;2;2;0;4;1;2;2;2;0;8;5;0;3;3;6;2;1.0;1.0;1;1;1;0;2;3;3;4;0;0
72;0;1;0;2;0;2;3;1;2;2;9;0;2;5;0;3;3;6;2;2.0;1.0;1;3;2;3;3;3;3;4;1;1
72;0;1;0;3;0;1;3;1;5;2;12;5;2;5;0;3;3;6;2;2.0;1.0;11;0;1;4;2;3;3;8;18;1
436;5;1;0;3;2;2;3;1;2;2;12;0;2;4;0;0;3;6;2;2.0;1.0;1;3;2;3;3;6;3;4;18;1
436;5;0;0;2;0;4;14;1;5;2;12;1;2;4;0;0;3;6;2;2.0;1.0;1;1;1;1;2;3;3;4;16;1
533;1;0;0;2;0;2;14;1;5;2;2;1;2;6;0;3;1;6;2;2.0;1.0;1;3;2;3;3;3;3;4;13;1
533;1;1;0;1;0;2;3;3;5;2;12;1;2;6;0;3;1;6;2;2.0;1.0;1;1;0;0;2;3;3;4;13;1
891;0;3;0;2;0;2;11;1;5;2;2;1;2;6;0;0;2;6;6;2.0;1.0;4;0;1;5;2;3;3;6;19;1
891;0;1;0;2;0;4;3;1;5;2;2;2;2;6;0;0;2;6;2;2.0;1.0;1;0;1;1;2;3;3;6;1;1
799;2;0;0;2;0;0;2;1;4;2;12;0;2;4;0;3;2;6;2;1.0;2.0;1;1;1;0;2;3;3;4;1;1
799;2;0;0;2;0;1;10;3;2;2;12;0;2;4;0;3;2;6;2;1.0;2.0;9;3;2;3;3;3;3;4;16;1
997;4;4;0;2;0;0;13;1;2;2;11;5;2;6;0;3;3;6;2;2.0;1.0;1;0;1;0;2;3;3;6;0;0
997;4;0;0;2;0;2;4;1;4;2;9;0;2;6;0;3;3;6;0;2.0;1.0;9;1;1;0;2;3;3;4;0;0
915;1;0;0;3;0;2;15;1;0;2;12;2;2;6;0;0;2;6;2;1.0;1.0;1;3;2;3;3;3;3;4;6;0
55;1;3;0;2;0;2;13;1;4;2;8;0;2;4;0;3;3;6;2;2.0;2.0;1;1;0;0;2;3;3;4;1;1
55;1;3;0;2;0;4;9;1;4;2;9;0;2;4;0;3;3;6;6;2.0;2.0;1;0;1;5;2;6;3;6;0;1
55;1;3;0;2;0;1;3;1;4;2;12;4;8;4;0;3;3;6;2;2.0;2.0;1;0;0;4;1;6;3;4;10;1
492;4;0;0;2;2;4;3;1;4;2;9;2;2;5;2;3;2;6;2;2.0;3.0;11;0;0;5;2;3;3;4;6;0
492;4;1;0;2;0;1;3;1;2;2;9;0;2;5;0;3;2;6;2;2.0;3.0;1;3;2;3;3;3;3;4;18;0
492;4;1;0;3;1;2;11;1;5;2;9;2;2;5;0;3;2;6;6;2.0;3.0;1;1;0;0;2;6;3;4;16;0
492;4;1;0;3;0;2;3;1;0;2;12;5;2;5;0;3;2;6;6;2.0;3.0;1;3;2;3;3;6;3;4;16;0
1002;3;1;0;2;0;2;0;1;2;2;12;0;2;6;0;3;3;6;2;1.0;1.0;1;1;0;1;2;3;3;4;16;1
804;4;0;0;2;0;2;0;1;2;2;12;4;2;6;0;3;2;6;2;1.0;1.0;1;3;2;3;3;0;3;4;1;1
418;6;1;0;3;0;4;11;1;0;2;3;0;2;4;0;3;3;6;6;2.0;1.0;1;1;0;5;2;3;3;4;13;1
418;6;0;0;2;0;3;3;1;1;2;9;0;2;4;0;3;3;6;6;2.0;1.0;0;1;0;0;2;3;3;4;6;1
474;3;1;0;2;0;2;8;1;2;2;9;4;2;6;0;3;2;6;2;2.0;1.0;4;3;2;3;3;3;3;4;10;1
474;3;1;0;3;0;0;3;1;2;2;9;0;2;6;0;3;2;6;7;2.0;1.0;3;3;2;3;3;3;3;4;0;1
548;0;1;0;2;0;2;13;1;0;2;12;2;2;4;1;3;2;6;2;2.0;1.0;9;1;0;0;2;3;3;4;16;1
548;0;3;0;2;0;4;3;1;0;2;8;2;2;4;0;3;2;6;2;2.0;1.0;9;0;0;1;2;3;3;4;0;1
653;5;1;0;1;2;1;6;1;1;2;12;5;2;4;0;3;2;6;2;1.0;1.0;1;1;0;5;2;3;3;4;7;1
451;3;1;0;2;0;0;10;1;5;2;8;3;2;0;0;0;2;3;2;2.0;1.0;4;3;2;3;3;3;3;4;13;1
451;3;0;0;2;0;0;3;1;5;2;9;2;2;0;0;0;2;3;2;2.0;1.0;1;3;2;3;3;6;3;4;16;1
966;1;1;0;0;2;1;6;1;5;2;8;3;6;4;0;3;3;6;6;2.0;1.0;1;1;1;0;2;6;3;4;18;1
966;1;1;0;2;0;4;3;1;5;2;8;3;2;4;0;3;3;6;6;2.0;1.0;11;3;2;3;3;6;3;4;6;1
60;6;3;0;3;2;1;13;2;5;2;12;3;2;4;0;3;3;6;2;2.0;1.0;1;1;0;0;1;6;3;4;1;1
60;6;0;0;2;0;2;13;1;5;2;8;2;2;4;0;3;3;6;2;2.0;1.0;1;1;0;1;2;3;3;4;16;1
113;0;3;0;2;0;3;5;1;5;2;8;2;2;6;0;0;3;6;2;1.0;1.0;11;3;2;3;3;6;3;4;16;1
951;1;3;0;2;0;2;13;3;5;2;8;4;2;4;0;3;3;6;2;2.0;1.0;0;3;2;3;3;6;3;4;18;1
951;1;3;0;1;0;4;13;1;5;2;12;0;2;4;0;3;3;6;2;2.0;1.0;1;1;0;1;2;6;3;4;7;1
472;6;0;0;2;0;2;5;1;5;2;9;2;2;4;0;0;2;6;2;2.0;2.0;9;3;2;3;3;3;3;4;6;1
472;6;0;0;3;0;0;0;1;1;2;9;2;6;4;0;0;2;6;2;2.0;2.0;3;1;0;0;2;3;3;4;6;1
448;5;0;0;2;0;2;3;1;2;2;2;2;2;4;0;3;3;6;2;3.0;1.0;1;0;1;0;2;3;3;6;0;1
448;5;0;0;0;0;0;4;1;2;2;12;2;2;4;0;3;3;6;2;3.0;1.0;1;1;0;1;2;3;3;4;6;1
448;5;0;0;2;0;4;11;1;5;2;9;2;2;4;0;3;3;6;2;3.0;1.0;4;2;1;1;2;6;3;4;1;1
1012;3;3;0;2;0;0;2;1;1;2;12;0;2;4;0;3;3;6;1;2.0;1.0;9;1;1;0;2;3;3;4;6;1
1012;3;3;0;2;0;2;3;1;1;2;9;0;2;4;0;3;3;6;2;2.0;1.0;1;2;1;1;2;3;3;4;6;1
156;4;0;0;2;0;1;3;1;1;2;9;2;2;5;0;3;3;6;6;2.0;3.0;9;0;0;4;2;3;3;6;10;1
156;4;0;0;2;0;2;11;1;2;2;12;2;2;5;0;3;3;6;2;2.0;3.0;1;0;0;2;2;3;3;5;6;1
156;4;0;0;2;0;1;4;1;5;2;12;2;2;5;0;3;3;6;2;2.0;3.0;1;1;0;5;2;3;3;4;18;1
489;4;1;0;2;0;1;13;1;5;2;12;0;2;6;0;3;2;6;2;1.0;1.0;1;2;0;5;2;3;3;4;6;1
129;2;3;0;2;0;4;3;1;5;2;12;3;2;4;0;3;3;6;2;2.0;1.0;1;2;1;1;2;3;3;4;7;1
129;2;0;0;2;0;0;3;1;5;2;9;2;2;4;0;3;3;6;2;2.0;1.0;1;3;2;3;3;3;3;4;11;1
128;1;0;0;0;2;0;13;1;1;2;1;0;2;6;0;0;3;3;2;2.0;1.0;1;3;2;3;3;6;3;4;18;1
128;1;1;0;0;0;5;13;1;5;2;12;5;2;6;0;0;3;3;6;2.0;1.0;1;1;0;0;2;3;3;4;6;1
961;0;1;0;2;0;0;13;1;5;2;8;0;2;4;0;0;3;3;6;2.0;1.0;1;3;2;3;3;6;3;4;16;1
961;0;1;0;2;0;2;4;1;5;2;12;0;2;4;0;0;3;3;2;2.0;1.0;1;1;0;5;2;3;3;4;16;1
46;5;3;0;2;0;4;4;1;5;2;8;0;2;4;0;3;3;6;6;2.0;2.0;1;2;1;4;1;3;3;4;16;1
46;5;3;0;2;0;4;3;1;5;2;8;4;2;4;0;3;3;6;6;2.0;2.0;1;3;2;3;3;3;3;4;16;1
674;5;0;0;2;2;2;2;1;5;2;8;0;2;4;0;0;2;6;2;2.0;1.0;5;0;0;4;2;3;3;4;18;1
674;5;1;0;3;0;1;3;1;5;2;12;0;2;4;0;0;2;6;2;2.0;1.0;5;3;2;3;3;3;3;4;13;1
1062;0;3;0;2;0;1;3;3;5;2;12;3;2;4;0;0;3;3;6;2.0;2.0;1;1;0;0;2;3;3;4;18;1
1062;0;3;0;2;0;3;9;1;5;2;8;1;2;4;0;0;3;3;2;2.0;2.0;1;2;1;2;2;6;3;4;1;1
1062;0;1;0;2;0;1;3;1;5;2;9;5;2;4;0;0;3;3;2;2.0;2.0;3;3;2;3;3;3;3;4;1;1
625;3;0;0;2;0;1;3;3;1;2;1;0;2;4;0;0;2;1;2;2.0;1.0;1;1;0;0;2;6;3;4;17;1
625;3;0;0;3;0;2;5;1;0;2;12;5;2;4;0;0;2;1;2;2.0;1.0;1;1;0;5;2;3;3;4;13;1
436;5;1;0;2;0;4;14;1;4;2;9;5;2;4;0;0;2;3;2;2.0;1.0;1;3;2;3;3;3;3;4;1;1
436;5;4;0;2;0;2;3;1;5;2;12;5;2;4;0;0;2;3;2;2.0;1.0;1;1;0;1;2;3;3;4;18;1
327;2;0;0;2;0;1;3;1;5;2;12;5;2;6;0;0;3;3;7;2.0;2.0;1;3;2;3;3;3;3;4;16;1
327;2;1;0;2;0;2;0;1;2;2;12;4;2;6;0;0;3;3;2;2.0;2.0;3;1;0;0;2;6;3;4;0;1
327;2;1;0;0;0;1;4;1;5;2;12;2;2;6;0;0;3;3;6;2.0;2.0;1;3;2;3;3;3;3;4;18;1
337;3;3;0;2;0;2;13;1;1;2;12;5;2;4;0;0;3;3;2;1.0;1.0;1;1;1;1;2;3;3;4;18;0
332;5;0;0;2;0;0;3;1;5;2;11;0;2;5;0;3;3;6;2;3.0;2.0;5;3;2;3;3;6;3;4;19;1
332;5;3;0;2;0;1;6;1;5;2;8;2;2;5;0;3;3;6;2;3.0;2.0;1;1;0;0;2;3;3;4;17;1
332;5;3;0;2;0;4;3;1;5;2;8;2;2;5;0;3;3;6;2;3.0;2.0;1;3;2;3;3;3;3;4;1;1
332;5;1;0;2;0;3;0;1;2;2;8;2;2;5;0;3;3;6;2;3.0;2.0;1;1;1;1;2;3;3;4;18;1
98;1;3;0;2;0;1;5;1;5;2;11;2;2;6;0;3;3;6;2;1.0;1.0;1;3;2;3;3;3;3;4;6;1
494;5;2;1;2;0;3;3;3;5;2;11;0;2;6;0;0;2;0;2;1.0;1.0;1;1;1;1;2;6;3;4;18;1
752;0;0;0;1;0;2;13;1;5;2;8;2;2;5;0;3;2;6;2;1.0;1.0;2;3;2;3;3;6;3;4;0;0
494;6;0;0;2;0;2;3;1;4;2;12;2;2;6;0;0;2;3;2;2.0;1.0;1;3;2;3;3;3;3;4;6;1
494;6;0;0;1;0;1;11;1;5;2;9;0;2;6;0;0;2;3;2;2.0;1.0;1;1;0;0;2;3;3;4;6;1
965;1;1;0;2;0;4;2;3;0;2;12;0;2;4;0;0;3;3;7;2.0;1.0;1;2;0;0;2;3;3;4;13;1
965;1;0;0;2;0;4;2;1;0;2;12;0;2;4;0;0;3;3;2;2.0;1.0;1;3;2;3;3;6;3;4;6;1
838;4;0;0;2;0;2;2;1;5;2;4;0;2;6;0;0;2;8;2;2.0;1.0;1;1;0;0;2;3;3;4;7;1
838;4;3;0;2;0;0;6;1;5;2;1;0;2;6;0;0;2;8;2;2.0;1.0;9;3;2;3;3;3;3;4;1;1
489;6;0;0;4;0;3;13;1;4;2;2;2;2;4;0;0;1;3;7;2.0;1.0;9;0;1;5;2;3;3;5;18;1
489;6;0;0;2;0;3;5;1;5;2;8;2;2;4;0;0;1;3;6;2.0;1.0;4;3;2;3;3;3;3;4;18;1
72;5;4;0;1;0;1;3;1;5;2;12;2;2;4;0;3;3;6;2;2.0;1.0;5;1;1;0;2;3;3;4;0;1
72;5;3;0;2;2;0;3;1;5;2;8;0;2;4;1;3;3;6;2;2.0;1.0;5;3;2;3;3;3;3;4;10;1
140;5;3;0;2;0;2;11;1;5;2;8;2;2;4;0;3;3;6;2;2.0;1.0;1;0;1;1;2;3;3;4;0;1
140;5;0;0;3;0;1;13;1;5;2;12;2;2;4;0;3;3;6;2;2.0;1.0;1;1;0;1;2;6;3;4;1;1
141;5;0;0;3;2;2;13;1;4;2;9;0;2;5;0;3;3;6;2;1.0;1.0;5;3;2;3;3;6;3;4;13;1
706;6;1;0;2;0;4;13;1;4;2;8;5;3;4;0;3;2;6;2;3.0;1.0;5;1;0;5;2;3;3;4;18;1
706;6;2;1;2;0;2;0;1;4;2;9;5;2;4;2;3;2;6;2;3.0;1.0;1;3;2;3;3;6;3;4;0;1
706;6;2;1;1;0;2;5;1;5;2;11;2;2;4;0;3;2;6;6;3.0;1.0;2;3;2;3;3;3;3;4;13;1
1024;1;0;0;2;0;2;2;1;4;2;8;2;7;6;0;0;3;6;6;1.0;1.0;5;0;1;0;1;6;3;5;18;1
377;4;2;1;2;0;4;5;1;2;2;12;5;2;4;0;0;2;6;2;3.0;1.0;4;0;1;1;2;0;3;7;7;1
377;4;0;0;2;0;0;2;1;4;2;12;0;2;4;0;0;2;6;2;3.0;1.0;1;0;0;5;2;3;3;4;7;1
377;4;0;0;2;0;1;5;1;4;2;2;5;2;4;0;0;2;6;2;3.0;1.0;1;1;0;0;2;3;3;4;13;1
396;5;0;0;2;0;0;11;1;5;2;8;2;2;6;0;3;1;6;2;2.0;1.0;1;3;2;3;3;3;3;4;13;1
396;5;0;0;2;0;2;3;1;5;2;12;2;2;6;0;3;1;6;2;2.0;1.0;1;0;0;1;1;3;3;6;11;1
926;4;1;0;3;0;2;13;1;5;2;8;2;0;4;0;0;2;0;0;1.0;1.0;1;1;1;4;1;3;3;4;6;1
784;1;0;0;2;0;2;10;1;5;2;8;2;2;4;0;0;2;6;2;1.0;1.0;1;2;1;4;2;3;3;4;1;1
446;5;3;0;2;0;4;13;1;4;2;8;2;7;5;0;0;2;6;6;2.0;1.0;1;0;0;5;2;6;3;8;10;1
446;5;1;0;2;0;1;13;1;4;2;2;0;7;5;0;0;2;6;7;2.0;1.0;1;0;1;0;2;6;3;5;18;1
625;1;1;0;2;2;4;0;1;4;2;8;0;6;4;0;0;2;6;2;1.0;1.0;1;3;2;3;3;6;3;4;13;1
495;5;0;0;2;0;1;3;1;2;2;12;3;6;6;0;3;2;6;2;2.0;1.0;5;1;0;0;2;3;3;4;1;0
495;5;0;0;3;1;2;3;1;5;2;12;2;2;6;0;3;2;6;2;2.0;1.0;1;3;2;3;3;3;3;4;0;0
1012;3;1;0;3;0;2;3;1;2;2;2;6;3;6;0;0;3;6;2;1.0;1.0;1;1;0;0;2;3;3;4;18;1
245;5;1;0;2;0;2;0;1;0;2;11;0;2;4;0;3;3;6;2;1.0;1.0;9;1;0;0;2;6;3;4;9;0
546;5;0;0;2;0;2;15;1;5;2;2;2;2;4;0;0;2;3;2;2.0;1.0;1;3;2;3;3;3;3;4;0;1
546;5;0;0;3;0;4;4;1;4;2;8;0;2;4;0;0;2;3;2;2.0;1.0;9;0;1;1;2;0;3;6;16;1
456;1;1;0;2;0;3;15;1;1;2;12;5;2;4;0;0;2;1;6;2.0;1.0;5;3;2;3;3;1;3;4;18;1
456;1;0;0;2;0;2;4;1;4;2;2;2;5;4;0;0;2;1;0;2.0;1.0;1;1;1;0;2;3;3;4;2;1
346;0;0;0;3;0;0;10;3;0;2;12;3;2;4;3;0;3;6;2;1.0;1.0;2;2;1;0;2;3;3;4;18;1
236;6;3;0;2;0;2;15;3;4;2;12;3;2;6;0;0;3;3;7;2.0;2.0;1;1;0;0;2;3;3;4;0;1
236;6;3;0;2;0;4;3;2;2;2;8;2;6;6;0;0;3;3;2;2.0;2.0;5;1;0;4;2;3;3;4;18;1
1000;1;4;0;1;2;1;3;2;4;2;12;2;2;4;0;3;3;6;2;2.0;2.0;5;3;2;3;3;0;3;4;1;1
1000;1;3;0;2;0;0;13;1;1;2;12;2;2;4;0;3;3;6;7;2.0;2.0;5;3;2;3;3;3;3;4;6;1
555;0;1;0;2;0;0;2;3;5;2;9;2;2;6;0;3;2;0;7;1.0;1.0;0;1;0;0;2;3;3;4;0;1
773;0;4;0;0;2;1;2;1;1;2;8;2;2;5;0;0;2;3;2;2.0;1.0;5;1;0;1;1;3;3;4;16;1
773;0;0;0;2;0;2;3;1;1;2;2;4;2;5;0;0;2;3;2;2.0;1.0;5;3;2;3;3;3;3;4;18;1
528;1;1;0;3;2;1;2;1;0;2;12;0;2;4;0;3;2;6;2;1.0;1.0;5;1;0;0;2;3;3;4;17;2
983;3;0;0;2;0;0;3;1;4;2;0;5;8;6;0;0;3;3;2;2.0;1.0;1;1;0;0;2;6;3;4;17;1
983;3;0;0;2;2;2;6;1;4;2;9;2;2;6;1;0;3;3;2;2.0;1.0;1;3;2;3;3;3;3;4;16;1
782;1;0;0;2;0;3;13;1;2;2;8;0;2;4;0;1;2;5;6;2.0;1.0;1;1;0;0;2;3;3;4;1;1
782;1;1;0;2;0;1;3;1;5;2;1;5;2;4;0;1;2;5;2;2.0;1.0;1;3;2;3;3;3;3;4;1;1
358;5;1;0;2;0;2;3;3;5;2;8;5;0;4;0;3;3;6;2;3.0;1.0;1;1;0;1;2;3;3;4;18;1
358;5;1;0;2;0;4;3;1;2;2;4;5;2;4;0;3;3;6;2;3.0;1.0;1;3;2;3;3;3;3;4;16;1
358;5;1;0;3;0;1;13;1;5;2;12;2;2;4;0;3;3;6;2;3.0;1.0;1;1;0;1;2;6;3;4;18;1
709;3;4;0;3;2;4;3;1;5;2;9;0;2;6;0;3;2;6;2;2.0;1.0;1;2;1;5;2;3;3;4;18;1
709;3;0;0;2;0;0;13;3;4;2;9;5;2;6;0;3;2;6;2;2.0;1.0;1;2;1;1;2;3;3;4;0;1
227;0;3;0;2;0;2;12;1;0;2;4;5;2;6;0;3;3;6;2;2.0;1.0;1;3;2;3;3;3;3;4;1;1
227;0;0;0;2;0;1;13;1;1;2;9;0;2;6;0;3;3;6;2;2.0;1.0;1;1;0;1;2;3;3;4;18;1
81;5;3;0;2;0;1;13;1;5;2;9;5;2;4;0;3;3;6;2;1.0;1.0;2;3;2;3;3;3;3;4;3;0
197;4;4;0;2;0;1;2;1;5;2;8;0;2;4;0;0;3;6;2;2.0;1.0;1;2;0;5;2;6;3;4;16;1
197;4;1;0;2;0;1;11;1;1;2;8;3;4;4;0;0;3;6;2;2.0;1.0;5;3;2;3;3;3;3;4;13;1
653;4;1;0;2;0;4;11;1;4;2;8;5;2;5;0;3;2;6;2;1.0;1.0;1;2;1;1;2;3;3;4;10;0
872;1;1;0;2;0;4;13;1;0;2;8;0;4;6;0;0;2;6;2;1.0;1.0;3;1;0;1;1;3;3;4;13;1
386;6;0;0;3;0;2;13;1;5;2;8;4;2;6;0;3;3;6;2;1.0;2.0;1;3;2;3;3;3;3;4;0;1
386;6;0;0;2;0;2;2;1;5;2;8;0;2;6;0;3;3;6;2;1.0;2.0;1;3;2;3;3;3;3;4;5;1
350;1;2;1;2;0;1;3;1;5;2;8;5;2;4;0;0;3;6;6;1.0;1.0;1;1;0;0;2;3;3;4;10;0
617;0;0;0;3;0;2;3;1;4;2;9;5;2;5;0;3;2;8;2;1.0;2.0;1;1;0;0;2;3;3;4;6;0
617;0;0;0;2;0;2;12;1;2;2;9;4;2;5;0;3;2;8;2;1.0;2.0;4;1;0;0;1;3;3;4;18;0
319;5;3;0;2;0;4;13;1;5;2;12;4;2;7;0;3;3;6;2;1.0;1.0;6;2;1;5;2;6;3;4;16;1
581;3;3;0;2;0;2;2;1;2;2;2;0;2;6;0;0;2;6;2;2.0;1.0;6;3;2;3;3;3;3;4;5;1
581;3;1;0;2;0;4;3;1;5;2;1;5;2;6;0;0;2;6;7;2.0;1.0;6;3;2;3;3;3;3;4;10;1
311;4;0;0;3;0;3;0;1;5;2;4;0;2;4;0;0;3;6;2;1.0;1.0;6;1;0;1;2;3;3;4;0;1
411;0;3;0;3;0;2;11;1;5;2;9;5;2;6;0;3;3;6;2;1.0;1.0;5;0;1;0;2;3;3;8;0;0
422;5;3;0;3;0;0;3;1;4;2;9;5;1;4;0;3;2;6;2;1.0;1.0;6;3;2;3;3;3;3;4;0;0
194;0;3;0;3;0;2;13;1;1;2;8;3;2;6;0;3;3;6;2;3.0;2.0;4;1;0;0;2;0;3;4;0;2
194;0;3;0;3;0;2;2;1;1;2;0;0;2;6;0;3;3;6;2;3.0;2.0;6;0;0;0;2;3;3;8;13;2
194;0;1;0;3;0;1;6;1;5;2;13;5;2;6;0;3;3;6;2;3.0;2.0;6;1;0;0;2;3;3;4;18;2
194;0;0;0;3;0;2;2;1;5;2;4;5;2;6;0;3;3;6;2;3.0;2.0;6;1;1;0;2;6;3;4;5;2
324;1;0;0;2;0;2;2;1;5;2;9;1;2;6;0;3;3;6;2;1.0;1.0;6;3;2;3;3;6;3;4;18;1
1034;6;0;0;2;0;4;7;3;3;2;9;0;2;4;0;3;3;6;7;2.0;1.0;6;0;0;5;2;0;3;5;6;0
1034;6;2;1;2;0;4;13;1;2;2;12;0;2;4;0;3;3;6;2;2.0;1.0;5;1;0;0;2;3;3;4;18;0
278;0;1;0;3;0;3;13;3;5;2;9;5;2;6;0;3;3;6;2;3.0;1.0;1;3;2;3;3;3;3;4;18;1
278;0;3;0;3;0;2;4;1;0;2;6;0;6;6;0;3;3;6;2;3.0;1.0;1;0;1;0;2;0;3;4;18;1
278;0;1;0;3;2;2;15;1;1;2;6;0;6;6;0;3;3;6;2;3.0;1.0;5;3;2;3;3;6;3;4;0;1
377;2;4;0;3;0;1;3;1;5;2;8;3;2;4;0;3;3;6;6;2.0;1.0;1;1;0;0;2;3;3;4;18;1
377;2;2;1;3;0;4;3;1;1;2;9;0;6;4;0;3;3;6;2;2.0;1.0;1;0;0;0;2;3;3;2;16;1
259;1;3;0;3;0;1;4;1;5;2;9;5;2;6;0;3;3;6;2;4.0;1.0;1;2;1;0;2;6;3;4;1;1
259;1;1;0;2;0;4;3;1;5;1;5;5;2;6;0;3;3;6;2;4.0;1.0;1;3;2;3;3;3;3;4;13;1
259;1;4;0;2;0;3;2;1;4;2;9;5;2;6;0;3;3;6;2;4.0;1.0;1;2;0;4;2;3;3;4;6;1
259;1;2;1;2;0;1;13;1;2;0;2;5;2;6;0;3;3;6;2;4.0;1.0;2;1;0;0;2;3;3;4;1;1
208;6;2;1;3;0;2;6;1;5;2;8;0;2;6;0;3;3;6;2;2.0;1.0;9;0;1;1;2;6;3;6;17;1
208;6;1;0;3;0;2;4;1;5;2;8;2;3;6;0;3;3;6;2;2.0;1.0;8;3;2;3;3;0;3;4;18;1
1007;5;0;0;3;0;0;11;3;5;2;8;2;4;6;0;0;3;6;6;1.0;1.0;1;1;0;0;2;3;3;4;18;1
16;3;4;0;3;0;2;2;1;1;2;12;0;3;6;0;3;0;6;2;3.0;2.0;1;1;0;0;2;6;3;4;3;1
16;3;4;0;2;0;0;4;1;1;2;12;0;2;6;0;3;0;6;2;3.0;2.0;1;1;0;0;2;3;3;4;18;1
16;3;2;1;2;0;2;6;1;5;2;9;2;2;6;0;3;0;6;2;3.0;2.0;1;3;2;3;3;3;3;4;8;1
16;3;2;1;3;2;0;5;1;5;2;12;2;2;6;0;3;0;6;2;3.0;2.0;1;1;0;0;2;3;3;4;13;1
356;3;0;0;2;0;2;13;1;3;2;12;0;0;6;0;3;3;6;0;2.0;1.0;1;3;2;3;3;3;3;4;17;1
356;3;1;0;2;0;1;4;1;2;2;12;2;2;6;0;3;3;6;2;2.0;1.0;1;1;0;1;2;6;3;4;1;1
980;3;1;0;2;0;1;13;3;2;2;12;0;2;4;0;3;3;5;2;2.0;1.0;1;3;2;3;3;3;3;4;1;1
980;3;3;0;2;0;2;4;1;1;2;12;3;0;4;0;3;3;5;6;2.0;1.0;1;3;2;3;3;3;3;4;19;1
664;4;1;0;2;2;3;14;1;5;2;12;2;2;4;0;0;2;6;2;1.0;2.0;1;1;0;0;1;3;3;4;18;1
664;4;1;0;1;0;3;3;1;1;2;2;2;2;4;0;0;2;6;2;1.0;2.0;1;3;2;3;3;6;3;4;0;1
598;4;0;0;2;0;2;2;1;2;2;12;0;2;6;0;3;2;6;2;1.0;4.0;5;1;0;1;2;3;3;4;0;2
598;4;0;0;2;0;3;3;2;1;2;4;2;2;6;0;3;2;6;6;1.0;4.0;1;0;0;4;2;3;3;6;13;2
598;4;0;0;2;0;1;6;1;5;2;9;3;2;6;0;3;2;6;6;1.0;4.0;9;3;2;3;3;3;3;4;9;2
598;4;0;0;2;0;1;10;3;4;2;12;2;2;6;0;3;2;6;2;1.0;4.0;5;1;1;0;2;1;3;4;1;2
693;3;0;0;2;0;2;13;1;5;2;8;2;2;4;0;0;2;3;2;2.0;1.0;1;1;1;0;2;0;3;4;13;1
693;3;1;0;3;0;2;13;1;5;2;4;6;2;4;0;0;2;3;6;2.0;1.0;1;3;2;3;3;3;3;4;11;1
983;3;1;0;2;2;2;0;1;0;2;4;3;2;5;0;3;3;6;6;2.0;1.0;1;3;2;3;3;6;3;4;1;1
983;3;4;0;2;0;2;3;1;5;2;12;2;2;5;0;3;3;6;2;2.0;1.0;1;1;0;1;2;3;3;4;0;1
113;2;1;0;2;2;2;3;2;4;2;3;2;2;4;0;3;3;6;2;3.0;1.0;1;1;1;0;2;3;3;4;11;1
113;2;3;0;5;0;1;3;1;5;2;8;4;2;4;0;3;3;6;2;3.0;1.0;1;3;2;3;3;3;3;4;12;1
113;2;0;0;2;0;2;0;1;1;2;2;0;2;4;0;3;3;6;6;3.0;1.0;1;1;0;1;2;3;3;4;4;1
956;3;1;0;2;0;3;15;2;2;2;3;0;3;6;0;3;3;6;2;2.0;1.0;1;1;1;0;2;6;3;4;16;1
956;3;0;0;2;0;0;4;1;4;2;8;5;2;6;0;3;3;6;2;2.0;1.0;1;3;2;3;3;6;3;4;0;1
61;3;0;0;3;0;1;15;1;1;2;12;2;4;4;0;3;3;6;2;2.0;1.0;5;1;0;1;2;3;3;4;13;1
61;3;4;0;3;0;1;4;1;0;2;8;0;2;4;0;3;3;6;0;2.0;1.0;2;0;1;1;2;3;3;4;1;1
988;3;0;0;3;0;2;10;1;1;2;8;2;3;6;0;3;3;6;2;1.0;1.0;5;3;2;3;3;6;3;4;17;1
332;3;1;0;2;0;2;15;1;5;2;12;3;8;5;0;3;3;6;2;2.0;1.0;5;1;0;4;2;3;3;4;18;0
332;3;1;0;2;0;2;3;1;0;2;8;0;0;5;0;3;3;6;7;2.0;1.0;2;1;0;0;2;6;3;4;16;0
98;5;3;0;2;0;4;3;1;5;2;9;0;2;6;0;3;3;6;2;1.0;1.0;1;0;0;0;2;3;3;8;18;1
855;0;0;0;2;0;4;13;1;5;2;12;2;2;6;0;3;2;6;2;2.0;1.0;1;1;0;0;2;3;3;4;18;1
855;0;1;0;2;2;4;2;1;1;2;8;3;2;6;0;3;2;6;2;2.0;1.0;1;3;2;3;3;3;3;4;13;1
415;1;2;1;2;0;6;2;1;2;2;8;0;3;6;0;3;3;6;2;3.0;1.0;1;2;0;1;2;3;3;4;0;1
415;1;0;0;2;0;2;3;1;5;2;8;5;2;6;0;3;3;6;6;3.0;1.0;4;1;0;0;2;3;3;4;17;1
415;1;1;0;2;0;1;2;1;2;2;12;2;0;6;0;3;3;6;2;3.0;1.0;1;3;2;3;3;3;3;4;13;1
943;6;1;0;3;0;2;3;1;5;2;2;0;2;4;0;3;3;6;2;2.0;1.0;1;3;2;3;3;3;3;4;19;1
943;6;1;0;2;0;1;6;1;5;2;4;0;2;4;0;3;3;6;2;2.0;1.0;1;1;1;1;2;3;3;4;11;1
873;2;4;0;1;2;2;13;1;0;2;8;3;2;6;0;0;3;6;2;1.0;1.0;1;1;0;1;2;3;3;4;12;0
140;3;1;0;2;0;4;3;1;5;2;2;0;2;4;0;0;3;3;6;2.0;1.0;1;1;0;0;2;6;3;4;0;0
140;3;0;0;2;0;1;3;1;5;2;8;0;2;4;0;0;3;3;2;2.0;1.0;9;2;1;0;2;3;3;4;14;0
564;0;1;0;3;0;1;3;1;5;2;8;5;2;5;0;3;3;6;6;2.0;1.0;1;3;2;3;3;3;3;4;4;1
564;0;1;0;1;2;4;13;1;5;2;9;2;2;5;0;3;3;6;2;2.0;1.0;1;1;0;0;2;6;3;4;1;1
767;2;2;1;3;0;0;3;1;2;2;8;2;2;5;0;3;2;6;0;1.0;1.0;4;3;2;3;3;3;3;4;0;1
346;1;3;0;2;0;4;13;1;2;2;9;0;2;6;0;3;3;6;2;2.0;1.0;1;1;0;1;2;0;3;4;17;1
346;1;3;0;2;0;2;12;1;1;2;8;3;2;6;0;3;3;6;2;2.0;1.0;1;3;2;3;3;3;3;4;5;1
93;2;3;0;2;2;2;13;1;1;2;8;3;2;3;0;3;3;6;2;2.0;1.0;1;0;1;0;2;3;3;6;1;1
93;2;1;0;0;0;2;13;1;5;2;12;2;2;3;0;3;3;6;2;2.0;1.0;1;1;1;0;2;3;3;4;16;1
1067;0;0;0;2;0;2;2;1;5;2;12;2;2;5;0;3;3;6;2;2.0;1.0;1;1;1;1;2;3;3;4;0;1
1067;0;1;0;2;0;4;11;1;4;2;9;2;2;5;0;3;3;6;7;2.0;1.0;1;1;0;1;2;3;3;4;18;1
484;4;0;0;2;0;0;11;1;5;2;2;2;2;6;3;3;3;6;0;2.0;2.0;9;3;2;3;3;3;3;4;17;1
484;4;0;0;2;0;1;13;3;5;2;2;3;2;6;0;3;3;6;2;2.0;2.0;1;1;0;2;2;3;3;4;18;1
965;6;0;0;2;0;3;13;1;1;2;9;3;2;4;0;3;3;6;0;1.0;1.0;1;3;2;3;3;3;3;4;16;1
992;3;1;0;2;0;4;2;1;5;2;8;2;0;4;0;3;3;6;2;2.0;2.0;1;1;0;0;1;3;3;4;4;1
992;3;0;0;2;0;0;3;1;2;2;8;2;0;4;0;3;3;6;2;2.0;2.0;1;3;2;3;3;0;3;4;6;1
465;6;0;0;2;0;0;11;1;5;2;12;2;2;4;0;3;3;6;2;3.0;1.0;1;3;2;3;3;3;3;4;0;0
465;6;3;0;2;2;1;3;3;1;2;9;2;2;4;0;3;3;6;7;3.0;1.0;1;1;0;0;2;0;3;4;9;0
465;6;0;0;2;0;6;13;1;3;2;2;0;2;4;0;3;3;6;2;3.0;1.0;5;3;2;3;3;3;3;4;18;0
1004;1;1;0;2;0;4;2;1;5;2;12;0;2;4;0;3;3;6;2;2.0;2.0;1;1;0;0;1;3;3;4;0;0
1004;1;1;0;2;2;1;6;1;5;2;12;4;2;4;0;3;3;6;2;2.0;2.0;3;2;1;0;2;3;3;4;1;0
1004;1;1;0;2;0;2;2;1;5;2;9;2;2;4;0;3;3;6;0;2.0;2.0;1;1;1;4;2;6;3;4;19;0
16;4;2;1;2;0;1;2;1;5;2;8;4;2;5;0;3;2;6;6;2.0;3.0;1;3;2;3;3;3;3;4;4;1
16;4;0;0;2;0;0;7;1;5;2;4;2;2;5;0;3;2;6;2;2.0;3.0;1;1;0;0;2;6;3;4;4;1
16;4;0;0;2;0;2;13;3;5;2;9;3;2;5;0;3;2;6;2;2.0;3.0;1;3;2;3;3;6;3;4;18;1
16;4;0;0;2;0;1;13;1;5;2;8;6;2;5;0;3;2;6;6;2.0;3.0;1;1;0;0;2;3;3;4;16;1
81;2;3;0;3;0;2;4;1;1;2;12;2;2;4;0;3;3;6;2;1.0;1.0;1;3;2;3;3;3;3;4;11;1
980;3;1;0;0;2;2;15;1;5;2;2;5;2;5;0;0;3;3;2;2.0;1.0;9;3;2;3;3;3;3;4;17;1
980;3;1;0;2;0;1;3;1;4;2;4;2;2;5;0;0;3;3;2;2.0;1.0;1;1;0;1;2;1;3;4;18;1
88;2;0;0;2;0;1;3;1;5;2;1;4;2;0;0;0;3;3;0;4.0;1.0;5;1;0;1;2;6;3;4;0;1
88;2;1;0;2;0;1;15;1;5;2;0;0;2;0;0;0;3;3;0;4.0;1.0;1;3;2;3;3;6;3;4;6;1
88;2;2;1;2;0;2;9;1;5;2;12;2;2;0;0;0;3;3;7;4.0;1.0;1;1;0;1;2;3;3;4;0;1
88;2;2;1;2;0;0;13;1;5;2;12;2;2;0;0;0;3;3;2;4.0;1.0;1;3;2;3;3;0;3;4;11;1
547;6;0;0;2;2;1;11;1;5;2;4;2;2;5;0;3;3;6;2;2.0;2.0;1;3;2;3;3;3;3;4;4;1
547;6;0;0;1;2;1;3;3;1;2;12;2;2;5;0;3;3;6;2;2.0;2.0;1;1;0;1;2;3;3;4;7;1
547;6;0;0;2;0;2;2;3;5;2;8;5;2;5;0;3;3;6;7;2.0;2.0;9;1;0;5;1;3;3;4;9;1
996;3;0;0;2;2;0;2;1;5;2;12;5;2;6;0;0;3;6;7;1.0;1.0;1;3;2;3;3;3;3;4;15;0
267;2;3;0;2;0;3;12;1;5;2;8;2;2;6;0;3;3;6;2;2.0;1.0;1;0;0;1;2;6;3;4;0;0
267;2;3;0;1;0;0;3;1;5;2;8;0;2;6;0;3;3;6;2;2.0;1.0;1;1;1;1;2;3;3;4;18;0
268;1;0;0;0;0;0;14;2;5;2;12;5;2;4;0;3;3;6;2;2.0;1.0;1;3;2;3;3;1;3;4;4;0
268;1;1;0;2;0;4;14;3;1;2;12;5;2;4;0;3;3;6;6;2.0;1.0;1;1;0;1;2;3;3;4;16;0
164;1;0;0;1;0;0;13;1;5;2;12;0;2;4;0;3;3;6;2;2.0;1.0;1;3;2;3;3;3;3;4;1;1
164;1;1;0;2;0;1;13;1;4;2;12;5;2;4;0;3;3;6;6;2.0;1.0;1;3;2;3;3;3;3;4;17;1
222;5;3;0;0;1;1;15;1;5;2;9;0;2;5;0;3;3;6;2;1.0;1.0;1;1;1;2;2;3;3;4;11;1
250;0;0;0;1;0;4;3;1;1;2;2;0;2;4;0;0;3;3;2;1.0;1.0;1;3;2;3;3;3;3;4;6;1
885;0;1;0;3;0;2;12;1;1;2;8;3;2;7;0;3;3;6;6;2.0;1.0;1;1;1;1;2;3;3;4;16;1
885;0;3;0;1;0;0;2;1;1;2;2;5;2;7;0;3;3;6;2;2.0;1.0;1;0;1;0;2;3;3;4;17;1
332;6;0;0;1;0;2;3;1;1;2;12;2;2;6;0;3;3;6;2;1.0;1.0;5;0;1;0;2;3;3;4;0;1
362;0;0;0;1;0;1;3;1;5;2;12;5;2;0;0;3;3;6;6;2.0;2.0;1;1;0;1;2;3;3;4;6;0
362;0;4;0;2;0;0;3;1;0;2;11;5;8;0;0;3;3;6;6;2.0;2.0;1;3;2;3;3;6;3;4;0;0
956;3;0;0;0;0;4;3;1;2;2;8;2;0;4;0;3;3;6;2;2.0;1.0;1;1;0;0;2;3;3;4;0;1
956;3;1;0;0;0;1;0;1;3;2;12;5;8;4;0;3;3;6;2;2.0;1.0;1;3;2;3;3;3;3;4;1;1
451;3;1;0;3;0;2;15;1;5;2;8;0;2;5;0;3;3;6;2;2.0;1.0;1;1;0;1;2;3;3;4;3;1
451;3;1;0;3;0;0;13;1;5;2;12;0;2;5;0;3;3;6;2;2.0;1.0;1;3;2;3;3;3;3;4;6;1
980;3;1;0;2;0;2;13;1;1;2;12;2;2;6;0;3;3;6;2;2.0;1.0;9;1;1;0;2;3;3;4;18;1
980;3;1;0;2;0;2;11;1;5;2;8;0;2;6;0;3;3;6;2;2.0;1.0;1;1;1;0;2;3;3;4;6;1
479;2;1;0;3;0;2;2;1;5;2;12;3;2;4;0;3;3;6;2;1.0;1.0;1;3;2;3;3;3;3;4;1;1
586;1;1;0;2;0;1;3;1;5;2;2;5;2;4;0;3;3;6;2;2.0;1.0;1;1;0;0;2;3;3;4;16;1
586;1;1;0;2;0;2;4;1;5;2;8;2;2;4;0;3;3;6;2;2.0;1.0;1;3;2;3;3;3;3;4;0;1
717;0;0;0;1;0;1;9;1;4;2;8;2;2;4;0;3;2;6;2;1.0;1.0;1;1;0;0;2;3;3;4;18;1
201;6;3;0;2;0;0;3;1;1;2;12;0;3;5;0;3;3;6;2;2.0;3.0;1;3;2;3;3;3;3;4;13;1
201;6;3;0;2;0;0;4;1;1;2;9;0;2;5;0;3;3;6;2;2.0;3.0;1;3;2;3;3;1;3;4;13;1
201;6;0;0;2;0;2;9;1;5;2;9;0;2;5;0;3;3;6;2;2.0;3.0;1;1;0;1;2;6;3;4;18;1
946;0;0;0;5;0;6;11;1;2;1;12;2;2;5;0;3;3;6;2;2.0;1.0;1;1;0;0;2;3;3;4;18;1
946;0;1;0;2;0;2;13;1;5;1;12;5;2;5;0;3;3;6;2;2.0;1.0;1;3;2;3;3;3;3;4;18;1
729;4;0;0;2;0;0;12;1;5;2;8;2;8;6;0;3;2;6;2;3.0;1.0;1;3;2;3;3;6;3;4;17;1
729;4;1;0;2;0;1;3;3;5;2;11;3;2;6;0;3;2;6;2;3.0;1.0;1;1;1;0;2;3;3;4;6;1
729;4;1;0;2;0;4;14;1;5;2;12;2;8;6;0;3;2;6;2;3.0;1.0;5;2;1;1;1;3;3;4;0;1
625;0;1;0;2;2;2;3;1;2;2;12;2;1;4;0;3;3;6;6;3.0;3.0;1;1;0;1;2;3;3;4;1;1
625;0;1;0;1;0;0;5;3;5;2;2;2;2;4;0;3;3;6;2;3.0;3.0;1;3;2;3;3;3;3;4;6;1
625;0;1;0;2;0;4;15;1;5;2;8;2;0;4;0;3;3;6;7;3.0;3.0;1;1;0;0;2;4;3;4;6;1
625;0;1;0;2;0;0;4;1;5;2;12;2;0;4;0;3;3;6;2;3.0;3.0;1;3;2;3;3;3;3;4;18;1
181;5;0;0;2;0;1;13;3;5;2;9;3;2;4;0;3;3;6;6;1.0;1.0;1;3;2;3;3;3;3;4;4;0
802;4;2;1;2;0;4;2;1;5;2;8;2;2;6;0;3;2;6;2;1.0;1.0;1;1;0;0;2;3;3;4;0;0
630;5;1;0;2;0;1;3;1;5;2;8;0;2;5;0;3;3;6;2;2.0;1.0;1;0;0;1;2;3;3;8;0;0
630;5;1;0;3;0;2;14;1;3;2;8;2;2;5;0;3;3;6;2;2.0;1.0;5;2;0;4;2;3;3;4;18;0
514;5;0;0;2;0;2;15;2;0;2;2;2;2;4;0;3;3;6;2;2.0;1.0;1;0;1;0;1;3;3;4;18;1
514;5;0;0;3;0;0;14;1;5;2;8;2;2;4;0;3;3;6;2;2.0;1.0;1;3;2;3;3;6;3;4;3;1
938;1;3;0;3;0;2;3;1;0;2;8;2;0;6;0;3;3;6;0;2.0;1.0;1;1;0;0;1;3;3;4;9;1
938;1;1;0;3;0;2;12;1;5;2;8;2;0;6;0;3;3;6;6;2.0;1.0;1;0;1;0;2;3;3;4;16;1
617;1;1;0;2;0;0;12;1;2;2;8;2;2;5;0;3;3;6;2;1.0;1.0;1;3;2;3;3;5;3;4;17;0
217;3;0;0;2;0;2;14;1;5;2;4;0;0;4;0;3;3;6;6;2.0;2.0;1;1;0;1;2;3;3;4;16;1
217;3;0;0;2;2;2;6;1;5;2;12;2;2;4;0;3;3;6;2;2.0;2.0;1;3;2;3;3;3;3;4;6;1
217;3;0;0;2;2;2;3;1;5;2;12;5;2;4;0;3;3;6;6;2.0;2.0;1;3;2;3;3;3;3;4;18;1
421;0;0;0;2;0;2;3;1;2;2;2;5;2;6;0;3;3;6;2;1.0;1.0;9;1;0;1;1;3;3;4;4;1
917;3;1;0;1;0;1;4;1;2;2;2;0;2;6;0;3;3;6;2;2.0;1.0;1;3;2;3;3;3;3;4;0;0
917;3;1;0;0;0;2;3;1;5;2;12;2;2;6;0;3;3;6;2;2.0;1.0;5;1;0;0;2;3;3;4;18;0
553;0;0;0;2;0;4;11;1;5;2;12;4;2;5;0;3;3;6;2;2.0;1.0;5;1;0;5;2;1;3;4;6;0
553;0;0;0;2;0;3;3;3;1;2;1;2;2;5;0;3;3;6;2;2.0;1.0;1;0;0;5;2;3;3;6;18;0
367;2;0;0;3;0;2;3;1;1;2;12;0;2;5;0;3;3;6;2;2.0;1.0;1;1;0;0;2;3;3;4;16;1
367;2;3;0;3;0;1;3;1;2;2;8;0;2;5;0;3;3;6;2;2.0;1.0;1;3;2;3;3;3;3;4;0;1
474;4;0;0;2;0;1;14;1;2;2;2;2;2;6;0;3;3;6;2;3.0;2.0;1;1;0;1;2;3;3;4;17;1
474;4;3;0;2;0;0;6;1;1;2;8;2;2;6;0;3;3;6;2;3.0;2.0;5;3;2;3;3;0;3;4;16;1
474;4;1;0;2;0;1;6;1;5;2;8;0;3;6;0;3;3;6;2;3.0;2.0;1;2;1;4;2;3;3;4;1;1
980;1;1;0;2;0;1;15;1;1;2;12;0;2;1;0;3;3;6;2;1.0;1.0;3;1;0;0;2;2;3;4;2;1
90;5;1;0;2;0;4;15;3;5;2;9;2;2;4;0;3;3;6;0;1.0;1.0;1;2;1;0;2;3;3;4;7;1
455;3;3;0;1;0;3;4;1;1;2;8;2;0;6;0;3;3;6;6;2.0;2.0;1;1;0;0;2;6;3;4;6;1
455;3;0;0;2;0;1;3;1;1;2;9;5;2;6;0;3;3;6;2;2.0;2.0;1;2;1;0;2;6;3;4;7;1
455;3;0;0;1;0;4;3;1;5;2;9;2;2;6;0;3;3;6;2;2.0;2.0;1;3;2;3;3;3;3;4;6;1
617;2;3;0;2;0;4;3;1;5;2;12;3;2;4;0;3;3;6;6;1.0;1.0;1;1;0;1;2;3;3;4;17;1
77;3;0;0;1;0;2;14;1;5;2;3;4;2;4;0;3;3;6;2;2.0;1.0;1;1;0;0;1;3;3;4;6;1
77;3;4;0;2;0;4;14;3;5;2;12;0;2;4;0;3;3;6;2;2.0;1.0;9;3;2;3;3;3;3;4;0;1
889;3;0;0;2;0;0;3;1;5;2;12;0;2;6;0;3;3;6;2;1.0;1.0;1;3;2;3;3;6;3;4;13;0
741;3;1;0;2;0;1;11;1;5;2;1;4;0;5;0;0;2;3;0;2.0;3.0;5;1;0;0;2;3;3;4;6;1
741;3;1;0;3;0;1;3;1;5;2;12;0;2;5;0;0;2;3;0;2.0;3.0;1;3;2;3;3;3;3;4;0;1
741;3;0;0;3;1;2;2;1;5;2;12;0;2;5;0;0;2;3;7;2.0;3.0;1;1;0;1;2;3;3;4;6;1
386;5;1;0;2;0;2;10;1;5;2;12;0;2;4;0;3;3;6;2;1.0;2.0;1;1;0;0;2;3;3;4;6;0
386;5;1;0;1;2;2;13;1;3;2;8;2;2;4;0;3;3;6;2;1.0;2.0;1;3;2;3;3;3;3;4;6;0
297;2;1;0;2;0;4;4;1;1;2;12;2;0;4;0;3;3;6;2;2.0;1.0;1;1;0;4;2;3;3;4;0;0
297;2;0;0;2;0;3;15;1;5;2;9;2;2;4;0;3;3;6;7;2.0;1.0;9;1;0;1;2;6;4;4;0;0
273;4;3;0;2;1;3;13;1;2;2;12;0;2;4;0;3;3;6;7;2.0;1.0;1;2;1;1;2;3;3;4;6;0
273;4;0;0;2;0;4;9;1;5;2;12;0;2;4;0;3;3;6;2;2.0;1.0;1;3;2;3;3;3;3;4;11;0
341;0;1;0;1;2;2;3;1;5;2;2;0;2;6;0;3;3;6;2;1.0;1.0;1;1;0;1;2;1;3;4;0;1
469;4;3;0;3;2;2;3;1;0;0;8;0;2;6;2;3;3;6;2;2.0;1.0;1;1;0;1;2;3;3;4;18;1
469;4;0;0;2;0;1;3;1;4;2;11;5;2;6;0;3;3;6;6;2.0;1.0;1;1;0;0;2;3;3;4;4;1
104;1;3;0;2;0;1;11;1;1;2;12;0;2;6;0;3;3;6;2;2.0;1.0;1;3;2;3;3;1;3;4;0;1
104;1;0;0;0;0;2;3;1;0;2;8;0;2;6;0;3;3;6;6;2.0;1.0;1;0;1;5;2;3;3;4;0;1
630;1;2;1;2;2;1;0;1;0;2;9;5;8;5;0;0;3;6;2;1.0;1.0;1;1;0;5;2;3;3;4;11;0
936;6;0;0;2;0;2;0;1;0;2;4;4;2;6;0;3;3;5;2;2.0;1.0;1;3;2;3;3;3;3;4;4;1
936;6;1;0;2;0;1;11;1;1;2;12;0;2;6;0;3;3;5;6;2.0;1.0;1;1;0;1;2;3;3;4;7;1
585;2;1;0;2;0;2;3;1;0;2;9;0;2;6;0;0;3;6;2;2.0;1.0;1;3;2;3;3;3;3;4;11;1
585;2;0;0;2;0;1;8;1;0;2;1;2;2;6;0;0;3;6;2;2.0;1.0;5;2;1;4;2;3;3;4;16;1
406;2;1;0;3;0;0;3;1;5;1;8;5;2;6;0;3;3;6;6;1.0;1.0;1;3;2;3;3;3;3;4;13;1
1048;0;0;0;1;0;2;13;1;5;2;5;2;2;6;1;3;3;6;6;1.0;1.0;1;3;2;3;3;3;3;4;4;1
913;0;0;0;2;2;0;3;1;0;2;5;2;2;0;0;3;3;6;2;2.0;1.0;1;1;0;0;2;3;3;4;16;1
913;0;3;0;2;0;1;6;1;0;2;5;0;2;0;0;3;3;6;2;2.0;1.0;1;1;0;0;2;3;3;4;17;1
1030;1;1;0;2;0;0;10;3;3;2;5;0;2;6;0;3;3;6;2;2.0;1.0;1;1;1;1;2;3;3;4;0;1
1030;1;1;0;3;0;4;3;1;5;2;5;5;8;6;0;3;3;6;2;2.0;1.0;1;3;2;3;3;1;3;4;0;1
819;1;0;0;2;0;1;6;1;5;2;11;5;8;4;0;3;2;6;2;1.0;1.0;9;1;0;0;2;6;3;4;0;0
551;3;2;0;2;0;1;3;1;4;2;5;2;2;4;0;3;3;6;2;1.0;1.0;1;1;0;1;2;3;3;4;7;1
563;4;0;0;2;0;1;13;1;5;2;5;0;2;6;0;3;3;6;2;1.0;1.0;1;1;0;1;2;2;3;4;1;1
218;5;0;0;2;0;1;13;1;5;2;5;2;4;4;0;0;3;3;2;1.0;1.0;1;2;1;5;2;1;3;4;13;1
509;4;1;0;3;0;1;5;1;1;2;5;2;3;4;0;0;3;3;2;2.0;2.0;1;2;1;5;2;3;3;4;9;1
509;4;3;0;2;0;1;13;1;1;2;8;0;3;4;0;0;3;3;2;2.0;2.0;1;2;1;5;2;1;3;4;13;1
509;4;3;0;3;0;2;13;1;1;2;5;0;3;4;0;0;3;3;2;2.0;2.0;1;3;2;3;3;3;3;4;18;1
566;4;0;0;3;0;1;5;1;5;2;5;0;3;5;0;3;3;6;2;3.0;2.0;1;1;1;1;2;1;3;4;4;1
566;4;0;0;2;0;4;0;1;1;2;5;0;2;5;0;3;3;6;2;3.0;2.0;3;3;2;3;3;3;3;4;16;1
566;4;0;0;2;0;4;3;1;5;2;8;0;2;5;0;3;3;6;2;3.0;2.0;1;3;2;3;3;3;3;4;0;1
566;4;2;1;1;0;4;4;1;5;2;1;0;2;5;0;3;3;6;2;3.0;2.0;1;1;0;0;2;3;3;4;4;1
250;6;1;0;2;0;2;11;1;4;2;8;0;2;6;0;0;3;3;2;1.0;1.0;4;1;0;1;2;6;3;4;18;1
932;3;0;0;2;2;1;2;1;1;2;12;2;0;6;0;3;3;6;2;3.0;1.0;9;3;2;3;3;3;3;4;6;1
932;3;0;0;3;0;0;3;1;4;2;9;2;2;6;0;3;3;6;2;3.0;1.0;1;0;1;0;2;3;3;4;18;1
932;3;4;1;2;0;1;3;1;4;2;9;5;2;6;0;3;3;6;6;3.0;1.0;9;1;1;0;2;0;3;4;13;1
395;5;4;0;2;0;2;11;1;5;2;9;0;2;4;0;3;3;6;2;2.0;2.0;1;3;2;3;3;3;3;4;18;1
395;5;1;0;2;0;2;4;1;4;2;12;0;2;4;0;3;3;6;7;2.0;2.0;1;2;0;1;2;1;3;4;13;1
405;1;0;0;3;2;2;13;1;5;2;8;2;2;6;0;3;3;6;2;1.0;1.0;1;2;1;0;2;3;3;4;17;1
101;6;1;0;1;1;4;3;1;5;2;12;2;2;3;0;0;3;3;6;1.0;1.0;1;1;0;5;1;3;3;4;1;1
184;6;0;0;2;0;4;3;1;4;2;12;5;2;4;0;0;3;3;2;2.0;2.0;1;1;0;1;2;3;3;4;18;1
184;6;1;0;2;0;0;13;1;2;2;8;2;2;4;0;0;3;3;2;2.0;2.0;1;3;2;3;3;3;3;4;4;1
524;6;0;0;1;2;2;13;1;3;2;2;5;2;5;0;0;3;3;2;1.0;2.0;1;3;2;3;3;3;3;4;18;1
524;6;0;0;2;0;1;13;1;5;2;12;2;2;5;0;0;3;3;2;1.0;2.0;1;1;1;4;1;3;3;4;17;1
452;0;4;0;2;0;2;4;1;5;2;12;4;2;4;0;3;3;6;2;2.0;1.0;1;1;1;1;2;3;3;4;13;1
452;0;4;0;2;0;1;4;1;5;2;8;3;2;4;0;3;3;6;0;2.0;1.0;1;3;2;3;3;3;3;4;17;1
664;5;0;0;2;0;4;3;1;5;2;8;4;0;4;0;3;3;6;6;1.0;1.0;1;2;0;2;2;3;3;4;18;0
417;1;0;0;3;0;2;2;1;5;2;8;0;2;6;0;3;3;6;2;1.0;1.0;5;0;0;1;2;3;3;8;17;1
307;0;1;0;2;0;2;3;1;5;2;8;3;2;7;0;3;3;6;2;1.0;1.0;5;0;1;0;2;3;3;6;6;1
811;4;0;0;0;0;0;3;1;5;2;12;2;2;4;0;0;2;0;6;1.0;1.0;1;1;0;1;2;3;3;4;19;0
509;1;1;0;3;0;4;9;1;3;2;8;0;2;4;0;3;3;6;2;2.0;2.0;1;3;2;3;3;3;3;4;6;1
509;1;1;0;3;0;2;3;1;5;2;12;2;2;4;0;3;3;6;2;2.0;2.0;3;1;0;0;2;3;3;4;1;1
716;2;4;0;3;0;1;3;1;5;2;12;3;2;6;0;3;2;6;2;2.0;1.0;1;2;0;0;2;3;3;4;16;1
716;2;1;0;3;0;1;5;3;5;2;12;2;2;6;0;3;2;6;2;2.0;1.0;1;3;2;3;3;3;3;4;0;1
437;1;4;0;2;0;2;3;1;5;2;8;2;2;5;0;3;3;6;2;2.0;1.0;1;1;0;1;2;3;3;4;0;1
437;1;1;0;2;0;0;0;1;5;2;8;2;2;5;0;3;3;6;2;2.0;1.0;1;3;2;3;3;3;3;4;18;1
125;3;3;0;2;0;2;13;1;5;2;8;2;2;4;0;3;3;6;7;2.0;2.0;1;1;0;1;2;3;3;4;18;1
125;3;1;0;2;0;2;0;3;5;2;8;2;2;4;0;3;3;6;2;2.0;2.0;3;0;0;0;1;3;3;8;1;1
324;3;2;1;0;0;2;3;1;1;2;2;0;2;6;0;3;3;6;6;1.0;1.0;1;0;0;0;2;3;3;8;0;1
494;2;1;0;2;0;4;3;3;5;2;8;2;2;6;0;0;3;3;2;2.0;4.0;1;0;0;0;2;3;3;8;16;1
494;2;1;0;3;0;1;3;3;5;2;9;2;2;6;0;0;3;3;2;2.0;4.0;5;1;0;1;2;3;3;4;1;1
494;2;1;0;2;0;2;3;1;5;2;11;2;2;6;0;0;3;3;2;2.0;4.0;1;3;2;3;3;3;3;4;16;1
494;2;1;0;2;0;2;13;1;5;2;8;0;2;6;0;0;3;3;2;2.0;4.0;1;1;0;0;1;6;3;4;13;1
494;2;1;0;2;0;2;3;1;2;2;12;0;2;6;0;0;3;3;2;2.0;4.0;1;3;2;3;3;3;3;4;2;1
290;2;3;0;2;0;2;6;1;5;2;12;3;2;4;0;0;3;3;2;2.0;2.0;1;3;2;3;3;3;3;4;18;1
290;2;3;0;2;0;2;3;3;5;2;12;3;2;4;0;0;3;3;2;2.0;2.0;1;1;0;0;2;6;3;4;18;1
290;2;3;0;2;0;0;0;1;2;2;12;2;2;4;0;0;3;3;2;2.0;2.0;2;0;1;5;2;3;3;5;18;1
497;0;0;0;0;2;2;13;1;5;2;8;3;0;4;0;3;3;6;2;1.0;1.0;5;0;1;5;2;3;3;5;1;1
67;1;0;0;2;0;1;3;1;5;2;8;2;2;4;0;3;3;6;6;2.0;1.0;1;3;2;3;3;1;3;4;16;1
67;1;0;0;2;2;2;15;1;5;2;8;2;0;4;0;3;3;6;2;2.0;1.0;1;1;0;2;2;3;3;4;9;1
893;1;3;0;1;0;1;6;1;5;2;8;2;0;6;0;0;3;6;6;2.0;1.0;1;1;0;5;2;6;3;4;11;0
893;1;0;0;2;0;4;6;1;5;2;8;4;2;6;0;0;3;6;2;2.0;1.0;1;3;2;3;3;3;3;4;4;0
382;4;0;0;2;0;3;3;1;5;2;8;2;2;5;0;0;3;6;2;2.0;1.0;1;1;0;0;2;3;3;4;1;1
382;4;0;0;2;0;3;14;1;5;2;8;2;2;5;0;0;3;6;2;2.0;1.0;1;3;2;3;3;3;3;4;17;1
377;6;4;0;2;2;2;13;1;2;2;12;0;2;4;0;3;3;6;7;2.0;1.0;1;0;1;4;2;3;3;6;1;1
377;6;1;0;2;0;1;15;1;5;2;12;2;2;4;0;3;3;6;2;2.0;1.0;1;0;1;1;1;3;3;6;18;1
393;3;0;0;2;0;2;13;1;1;2;9;2;2;4;0;3;3;6;2;2.0;1.0;1;3;2;3;3;3;3;4;13;1
393;3;1;0;3;0;5;5;1;5;2;12;2;2;4;0;3;3;6;2;2.0;1.0;9;1;0;0;2;3;3;4;1;1
756;6;2;1;2;0;4;3;1;2;2;12;2;2;6;0;3;2;6;7;1.0;1.0;9;1;0;1;2;3;3;4;4;0
329;5;1;0;2;2;4;12;3;5;2;12;2;2;6;0;3;3;6;6;1.0;1.0;4;3;2;3;3;3;3;4;18;1
315;1;2;1;2;0;4;3;1;2;2;12;0;2;5;0;3;3;6;2;2.0;1.0;5;1;0;0;2;3;3;4;13;1
315;1;3;0;2;0;4;3;1;5;2;4;0;2;5;1;3;3;6;2;2.0;1.0;5;3;2;3;3;3;3;4;18;1
278;5;0;0;2;2;2;3;1;2;2;4;0;2;4;0;3;3;6;2;1.0;1.0;1;1;0;4;2;3;3;4;1;0
208;4;0;0;2;0;3;13;1;5;2;2;3;2;5;0;3;3;6;2;2.0;1.0;1;2;1;5;2;3;3;4;1;0
208;4;1;0;2;0;1;3;1;5;2;12;0;2;5;0;3;3;6;2;2.0;1.0;5;2;1;5;2;3;3;4;17;0
208;3;4;0;2;0;2;3;1;4;2;12;0;2;4;0;3;3;6;2;2.0;1.0;5;2;0;5;2;3;3;4;1;1
208;3;2;1;0;0;0;13;1;5;2;8;0;2;4;2;3;3;6;2;2.0;1.0;1;2;1;1;2;3;3;4;6;1
262;5;3;0;2;0;0;3;1;5;2;8;0;2;4;0;3;3;6;6;2.0;3.0;2;1;1;0;2;3;3;4;6;1
262;5;1;0;2;0;0;3;3;3;2;9;2;2;4;0;3;3;6;6;2.0;3.0;5;3;2;3;3;3;3;4;17;1
262;5;1;0;4;0;2;3;1;5;2;4;0;2;4;0;3;3;6;2;2.0;3.0;4;1;1;0;2;3;3;4;19;1
262;5;1;0;2;0;4;12;1;5;2;8;0;2;4;0;3;3;6;2;2.0;3.0;1;1;0;4;2;3;3;4;18;1
341;5;0;0;2;0;4;3;1;5;2;12;0;2;6;0;3;3;6;2;3.0;3.0;1;1;0;0;2;3;3;4;1;1
341;5;0;0;2;0;2;3;1;5;2;12;2;2;6;0;3;3;6;2;3.0;3.0;1;1;1;0;2;3;3;4;16;1
341;5;1;0;2;0;1;3;1;5;2;9;0;2;6;0;3;3;6;2;3.0;3.0;1;3;2;3;3;3;3;4;18;1
341;5;3;0;2;0;3;4;1;5;2;8;2;2;6;0;3;3;6;0;3.0;3.0;1;3;2;3;3;3;3;4;17;1
980;6;0;0;3;0;2;7;1;1;2;12;0;2;4;0;3;3;6;2;3.0;2.0;1;1;1;4;2;6;3;4;6;1
980;6;1;0;2;0;4;11;1;5;2;11;3;2;4;0;3;3;6;2;3.0;2.0;9;1;0;0;2;6;3;4;7;1
980;6;3;0;2;0;0;3;1;4;2;12;5;2;4;0;3;3;6;2;3.0;2.0;1;3;2;3;3;0;3;4;7;1
1037;5;3;0;1;0;3;3;1;2;2;4;0;2;4;0;3;3;6;2;2.0;1.0;9;3;2;3;3;6;3;4;17;0
1037;5;3;0;3;0;4;2;1;5;2;2;2;2;4;3;3;3;6;6;2.0;1.0;5;1;0;0;2;3;3;4;1;0
203;2;4;0;1;2;0;12;1;5;2;8;2;2;6;0;3;3;6;0;2.0;4.0;1;3;2;3;3;3;3;4;0;1
203;2;4;0;2;0;1;3;1;5;2;12;2;2;6;0;3;3;6;2;2.0;4.0;2;1;0;1;2;3;3;4;6;1
203;2;4;0;2;0;2;11;1;5;2;8;3;2;6;3;3;3;6;7;2.0;4.0;1;0;0;0;2;3;3;8;18;1
203;2;1;0;1;2;1;3;1;5;2;8;3;2;6;0;3;3;6;2;2.0;4.0;5;1;0;5;2;3;3;4;19;1
232;5;2;1;1;0;4;5;3;5;2;8;3;2;5;0;3;3;6;2;4.0;2.0;5;1;1;0;2;3;3;4;10;1
232;5;3;0;2;0;0;3;1;5;2;9;3;2;5;0;3;3;6;7;4.0;2.0;5;3;2;3;3;3;3;4;0;1
232;5;3;0;3;0;0;3;1;5;2;8;3;2;5;0;3;3;6;7;4.0;2.0;0;1;0;1;2;3;3;4;6;1
232;5;3;0;1;0;0;13;1;1;2;12;0;2;5;0;3;3;6;2;4.0;2.0;5;3;2;3;3;3;3;4;13;1
232;5;0;0;0;0;2;3;1;1;2;4;4;2;5;0;3;3;6;2;4.0;2.0;5;3;2;3;3;6;3;4;2;1
164;5;0;0;2;0;2;0;1;5;2;12;4;2;5;0;3;3;6;2;2.0;1.0;5;1;0;1;1;3;3;4;0;1
164;5;0;0;2;0;2;3;1;5;2;8;3;2;5;0;3;3;6;2;2.0;1.0;1;3;2;3;3;3;3;4;6;1
113;3;1;0;3;2;2;5;3;5;2;8;2;2;4;0;3;3;6;2;1.0;1.0;1;1;0;1;2;6;3;4;16;0
722;2;0;0;3;0;2;5;3;5;2;12;3;2;4;0;3;2;6;6;2.0;1.0;1;1;0;1;2;3;3;4;13;1
722;2;0;0;1;2;2;3;1;5;2;12;2;2;4;0;3;2;6;2;2.0;1.0;1;3;2;3;3;3;3;4;1;1
87;5;0;0;2;0;2;3;1;5;2;8;3;2;0;0;3;3;6;2;3.0;1.0;1;1;0;0;2;6;3;4;3;1
87;5;0;0;2;2;0;3;1;5;2;8;2;2;0;1;3;3;6;2;3.0;1.0;1;1;0;0;2;3;3;4;18;1
87;5;3;0;2;0;1;13;1;2;2;8;0;2;0;0;3;3;6;2;3.0;1.0;1;1;1;0;2;6;3;4;6;1
96;1;3;0;2;2;2;5;1;5;2;12;0;2;6;0;3;3;6;2;1.0;2.0;1;3;2;3;3;6;3;4;18;0
96;1;3;0;2;2;4;15;1;5;2;12;0;2;6;0;3;3;6;2;1.0;2.0;1;1;0;1;2;6;3;4;1;0
808;0;1;0;1;0;2;3;1;5;2;1;0;2;6;0;3;2;6;2;1.0;1.0;1;3;2;3;3;3;3;4;17;2
1052;3;1;0;1;2;1;3;1;5;2;2;0;2;5;0;3;3;6;2;2.0;2.0;1;0;0;1;2;3;3;4;18;1
1052;3;1;0;2;0;2;3;0;0;2;1;5;2;5;0;3;3;6;2;2.0;2.0;2;1;1;4;2;2;3;4;18;1
418;6;0;0;3;0;1;1;1;2;2;11;5;2;6;0;3;3;6;2;3.0;2.0;1;3;2;3;3;3;3;4;1;1
418;6;1;0;3;0;2;5;1;5;2;2;3;2;6;0;3;3;6;2;3.0;2.0;5;1;1;0;2;3;3;4;18;1
418;6;0;0;2;0;0;15;1;2;2;8;2;2;6;0;3;3;6;2;3.0;2.0;1;3;2;3;3;6;3;4;1;1
592;2;0;0;2;0;2;3;1;1;2;9;4;8;4;0;3;2;6;2;2.0;2.0;3;3;2;3;3;6;3;4;18;1
592;2;0;0;2;0;2;3;1;5;2;12;4;2;4;0;3;2;6;2;2.0;2.0;1;1;0;0;2;3;3;4;18;1
264;0;1;0;3;0;4;3;1;5;2;12;0;2;4;0;3;3;6;2;1.0;1.0;1;0;1;4;2;3;3;6;18;1
446;3;0;0;3;0;3;15;3;0;2;4;4;2;5;0;3;3;6;6;1.0;1.0;1;1;0;1;2;3;3;4;1;1
436;0;0;0;2;0;1;13;3;0;2;2;5;8;4;0;3;3;6;2;3.0;1.0;1;3;2;3;3;6;3;4;0;1
436;0;0;0;3;2;0;4;2;0;2;8;5;2;4;0;3;3;6;2;3.0;1.0;4;1;1;2;2;3;3;4;13;1
436;0;0;0;2;2;2;15;1;5;2;8;0;2;4;0;3;3;6;2;3.0;1.0;6;3;2;3;3;3;3;4;0;1
288;4;0;0;2;0;1;11;1;5;2;8;3;2;6;0;3;3;6;2;2.0;1.0;6;3;2;3;3;3;3;4;18;1
288;4;1;0;2;0;1;2;1;1;2;12;2;2;6;0;3;3;6;7;2.0;1.0;6;1;0;0;2;6;3;4;11;1
461;1;0;0;1;0;1;2;1;5;2;8;0;2;6;0;3;3;6;2;2.0;2.0;6;3;2;3;3;6;3;4;4;1
461;1;1;0;2;0;4;15;1;5;2;12;3;2;6;2;3;3;6;2;2.0;2.0;5;1;1;1;2;3;3;4;4;1
461;1;1;0;2;0;1;3;1;4;2;4;2;2;6;0;3;3;6;2;2.0;2.0;6;0;0;4;2;3;3;6;0;1
741;6;0;1;2;0;0;3;1;5;2;9;5;2;4;0;0;2;3;2;2.0;3.0;4;3;2;3;3;1;3;4;17;1
741;6;0;0;2;0;1;13;1;5;2;12;2;2;4;0;0;2;3;2;2.0;3.0;6;1;0;0;2;0;3;4;16;1
741;6;0;0;2;0;2;2;1;2;2;12;4;2;4;0;0;2;3;2;2.0;3.0;6;1;0;1;2;3;3;4;1;1
741;6;0;0;2;0;0;13;1;0;2;12;4;2;4;0;0;2;3;2;2.0;3.0;6;3;2;3;3;3;3;4;1;1
983;5;0;0;3;0;0;3;1;5;2;12;0;2;4;0;3;3;6;2;2.0;1.0;6;3;2;3;3;0;3;4;11;1
983;5;4;0;2;0;1;4;1;5;2;12;2;2;4;0;3;3;6;7;2.0;1.0;6;1;1;2;2;3;3;4;18;1
315;1;0;0;2;0;4;13;3;3;2;9;5;8;5;0;3;3;6;2;1.0;1.0;5;0;1;4;1;3;3;4;16;1
149;1;0;0;2;0;3;6;1;5;2;8;2;2;4;0;3;3;6;2;2.0;1.0;1;3;2;3;3;3;3;4;0;0
149;1;1;0;2;0;4;14;1;5;2;8;2;2;4;0;3;3;6;2;2.0;1.0;1;1;0;0;2;3;3;4;1;0
510;3;0;0;3;2;2;3;1;5;2;12;2;2;5;0;3;3;6;2;2.0;3.0;5;1;0;0;2;3;3;4;18;1
510;3;0;0;3;0;4;3;1;4;2;12;4;2;5;0;3;3;6;6;2.0;3.0;1;2;1;4;2;3;3;4;6;1
510;3;0;0;2;0;0;2;1;5;2;8;2;2;5;0;3;3;6;2;2.0;3.0;1;2;1;4;2;3;3;4;17;1
283;0;0;0;2;0;2;3;1;1;2;8;0;2;6;0;3;3;6;2;1.0;1.0;1;1;0;0;2;3;3;4;6;1
159;5;3;0;1;2;2;14;1;5;2;12;2;2;6;2;3;3;6;2;2.0;1.0;1;3;2;3;3;3;3;4;13;1
159;5;0;0;3;0;1;5;1;5;2;12;2;2;6;0;3;3;6;2;2.0;1.0;1;3;2;3;3;3;3;4;18;1
332;6;0;0;2;0;2;5;3;5;2;9;2;2;5;0;3;3;6;2;1.0;1.0;2;1;1;0;2;3;3;4;18;1
484;1;0;0;2;0;2;2;1;0;2;12;0;2;6;0;3;3;6;2;1.0;1.0;9;1;0;1;2;6;3;4;18;1
327;1;0;0;1;2;0;2;1;5;2;8;0;2;6;0;3;3;6;2;2.0;1.0;8;1;0;0;2;6;3;4;1;1
327;1;1;0;2;0;0;2;1;1;2;8;0;2;6;3;3;3;6;6;2.0;1.0;1;3;2;3;3;3;3;4;1;1
247;4;3;0;2;0;0;5;1;5;2;12;0;2;1;0;3;3;6;2;2.0;1.0;1;3;2;3;3;3;3;4;13;1
247;4;0;0;2;0;4;13;1;5;2;12;2;2;1;0;3;3;6;2;2.0;1.0;1;1;0;4;2;3;3;4;0;1
644;0;0;0;2;0;0;2;1;4;2;12;0;2;5;0;3;2;6;2;2.0;2.0;1;3;2;3;3;3;3;4;16;1
644;0;3;0;1;2;4;5;1;5;2;8;2;2;5;2;3;2;6;2;2.0;2.0;1;1;0;1;1;3;3;4;13;1
644;0;3;0;2;0;4;2;1;4;2;8;2;2;5;0;3;2;6;0;2.0;2.0;1;1;1;0;2;3;3;4;6;1
386;2;3;0;2;0;0;15;1;5;2;12;2;8;6;0;3;3;6;2;2.0;1.0;1;3;2;3;3;1;3;4;6;1
386;2;1;0;2;0;0;2;1;4;2;2;5;2;6;0;3;3;6;2;2.0;1.0;2;3;2;3;3;0;3;4;10;1
706;2;1;0;1;0;1;2;3;5;2;4;0;2;6;3;3;2;6;6;2.0;2.0;1;1;0;0;2;6;3;4;17;1
706;2;0;0;2;0;1;2;2;1;2;12;0;2;6;0;3;2;6;2;2.0;2.0;1;3;2;3;3;3;3;4;16;1
1032;3;0;0;2;0;0;4;1;2;2;12;2;2;4;0;3;3;6;2;2.0;1.0;5;1;0;0;2;3;3;4;6;1
1032;3;0;0;3;0;2;3;1;0;2;8;0;3;4;0;3;3;6;2;2.0;1.0;6;3;2;3;3;1;3;4;13;1
288;0;1;0;2;0;2;2;1;5;2;12;4;2;4;0;3;3;6;6;1.0;1.0;4;1;0;0;2;3;3;4;6;0
68;0;1;0;2;0;0;13;1;5;2;1;0;8;5;0;3;3;6;6;2.0;1.0;1;0;1;1;2;3;3;4;16;1
68;0;1;0;3;1;2;6;3;5;2;12;2;8;5;3;3;3;6;2;2.0;1.0;1;3;2;3;3;3;3;4;0;1
493;6;0;0;2;0;1;3;3;2;2;2;2;2;5;0;3;3;6;2;2.0;1.0;1;1;0;1;2;3;3;4;1;1
493;6;0;0;3;0;2;4;1;5;2;9;0;2;5;0;3;3;6;6;2.0;1.0;1;1;0;0;2;3;3;4;16;1
545;5;0;0;2;0;4;13;1;2;2;8;2;2;0;0;3;3;6;6;2.0;1.0;1;1;0;0;2;3;3;4;6;1
545;5;1;0;2;0;4;5;1;1;2;12;2;2;0;0;3;3;6;2;2.0;1.0;1;1;1;1;2;3;3;4;13;1
121;4;3;0;3;2;1;2;3;1;2;8;0;2;6;0;3;3;6;2;3.0;3.0;1;3;2;3;3;3;3;4;18;1
121;4;1;0;3;0;2;13;1;5;2;8;5;2;6;0;3;3;6;2;3.0;3.0;1;2;1;1;2;3;3;4;1;1
121;4;1;0;2;2;0;4;1;5;2;12;4;4;6;0;3;3;6;6;3.0;3.0;3;0;0;1;2;6;3;8;1;1
121;4;0;0;3;0;4;2;1;5;2;9;0;2;6;0;3;3;6;2;3.0;3.0;3;3;2;3;3;1;3;4;18;1
222;1;0;0;2;0;2;13;1;5;2;1;4;2;6;0;3;3;6;4;2.0;1.0;3;1;0;4;2;3;3;4;1;1
222;1;1;0;2;0;1;7;1;5;2;2;0;2;6;0;3;3;6;2;2.0;1.0;9;1;0;5;2;3;3;4;6;1
173;5;0;0;3;0;4;3;1;5;2;12;4;2;7;0;0;3;3;6;2.0;1.0;1;0;0;5;2;6;3;7;1;1
173;5;3;0;2;0;1;3;1;5;2;12;0;2;7;3;0;3;3;2;2.0;1.0;1;0;0;0;2;3;3;8;18;1
164;0;0;0;3;0;4;11;1;5;2;12;2;2;4;0;3;3;6;2;2.0;1.0;7;2;0;0;2;3;3;4;0;1
164;0;1;0;2;0;4;2;3;5;2;9;5;2;4;0;3;3;6;2;2.0;1.0;1;1;1;0;2;3;3;4;18;1
411;2;1;0;2;0;1;13;1;4;2;11;5;2;4;0;3;3;6;2;2.0;1.0;5;3;2;3;3;1;3;4;7;1
411;2;1;0;2;0;4;13;1;4;2;2;2;2;4;0;3;3;6;2;2.0;1.0;1;3;2;3;3;3;3;4;18;1
499;6;2;1;2;0;4;14;1;4;2;12;5;2;6;4;3;3;6;4;2.0;1.0;1;1;1;0;2;3;3;4;11;1
499;6;1;0;2;0;3;11;1;3;2;12;2;2;6;2;3;3;6;4;2.0;1.0;1;1;1;1;2;3;3;4;10;1
195;1;1;0;2;2;4;5;1;1;2;8;0;2;1;2;3;3;6;3;2.0;1.0;1;3;2;3;3;3;3;4;17;1
195;1;0;0;1;1;4;3;1;1;2;8;2;2;1;0;3;3;6;3;2.0;1.0;8;1;1;0;2;3;3;4;13;1
236;3;0;0;2;0;2;5;1;1;2;12;0;2;6;0;3;3;6;3;2.0;1.0;1;3;2;3;3;3;3;4;0;1
236;3;1;0;3;0;2;13;1;3;2;3;0;2;6;3;3;3;6;3;2.0;1.0;1;1;1;0;2;3;3;4;1;1
519;6;0;0;2;0;2;3;1;1;2;12;0;2;5;0;3;2;6;3;2.0;1.0;1;3;2;3;3;3;3;4;0;1
519;6;1;0;2;0;2;13;1;5;2;12;2;2;5;0;3;2;6;3;2.0;1.0;4;1;0;1;2;3;3;4;10;1
92;1;1;0;2;2;3;13;1;5;2;12;0;2;6;0;3;3;6;3;1.0;4.0;1;1;0;0;2;3;3;4;16;1
92;1;1;0;2;0;2;4;1;5;2;12;3;2;6;0;3;3;6;3;1.0;4.0;1;3;2;3;3;3;3;4;16;1
92;1;1;0;3;0;1;2;3;5;2;12;2;0;6;3;3;3;6;3;1.0;4.0;3;0;1;0;2;6;3;4;1;1
92;1;1;0;2;2;1;3;1;4;2;3;2;2;6;0;3;3;6;3;1.0;4.0;9;0;1;1;2;3;3;5;0;1
354;5;3;0;3;0;1;3;1;4;2;12;2;2;6;0;3;3;6;3;1.0;1.0;3;2;1;2;2;3;3;4;0;0
307;3;3;0;2;2;1;15;1;5;2;12;4;2;6;0;3;3;6;3;1.0;1.0;8;1;0;0;2;6;3;4;1;1
617;2;1;0;2;0;4;1;1;1;2;12;2;0;4;0;3;2;6;1;2.0;1.0;1;3;2;3;3;3;3;4;1;1
617;2;4;0;2;0;1;3;1;5;2;8;2;2;4;0;3;2;6;0;2.0;1.0;1;1;1;1;2;0;3;4;19;1
522;3;1;0;2;0;0;13;1;5;2;9;2;2;5;0;0;2;6;3;2.0;1.0;1;1;0;2;2;3;3;4;11;0
522;3;1;0;2;0;1;15;1;1;2;12;2;2;5;0;0;2;6;0;2.0;1.0;2;2;0;2;2;6;3;4;1;0
354;2;3;0;2;0;0;15;1;5;2;9;2;2;7;0;3;3;6;3;1.0;2.0;3;3;2;3;3;3;3;4;10;1
354;2;3;0;2;0;2;3;1;5;2;12;0;2;7;0;3;3;6;3;1.0;2.0;1;1;0;0;2;3;3;4;6;1
764;3;3;0;2;0;2;3;1;1;2;9;3;2;5;0;3;2;6;2;2.0;3.0;1;3;2;3;3;3;3;4;13;1
764;3;3;0;3;2;1;3;1;5;2;8;2;2;5;3;3;2;6;8;2.0;3.0;1;1;0;5;2;3;3;4;18;1
764;3;1;0;3;0;3;6;1;2;2;8;2;0;5;0;3;2;6;4;2.0;3.0;2;3;2;3;3;3;3;4;16;1
946;6;0;0;2;0;2;5;1;5;2;8;3;2;4;0;3;3;6;4;2.0;1.0;1;1;1;0;2;3;3;4;3;0
946;6;0;0;2;0;4;2;1;5;2;1;2;2;4;0;3;3;6;0;2.0;1.0;0;3;2;3;3;3;3;4;1;0
321;2;1;0;1;0;0;3;1;5;2;12;2;2;6;0;3;3;6;3;2.0;1.0;8;1;0;5;2;3;3;4;18;2
321;2;1;0;2;2;2;3;1;5;2;12;5;2;6;3;3;3;6;3;2.0;1.0;1;0;0;0;2;3;3;4;13;2
350;6;0;0;2;0;0;6;1;2;2;12;2;2;6;0;3;3;6;8;2.0;1.0;2;1;0;5;1;6;3;4;16;1
350;6;0;0;2;0;4;6;1;5;2;12;3;2;6;0;3;3;6;4;2.0;1.0;1;1;1;1;2;6;3;4;16;1
1058;2;3;0;2;0;3;3;1;1;2;12;0;3;5;0;3;3;6;3;2.0;1.0;1;3;2;3;3;3;3;4;18;1
1058;2;3;0;3;0;1;2;1;1;2;8;2;2;5;0;3;3;6;3;2.0;1.0;2;1;1;4;2;3;3;4;18;1
451;1;0;0;2;0;2;4;1;4;2;8;2;2;4;0;3;3;6;7;3.0;1.0;1;3;2;3;3;1;3;4;11;1
451;1;0;0;3;0;2;13;1;5;2;8;4;2;4;0;3;3;6;2;3.0;1.0;7;1;0;0;2;0;3;4;10;1
451;1;1;0;2;2;0;3;1;4;2;9;3;2;4;0;3;3;6;2;3.0;1.0;1;3;2;3;3;3;3;4;0;1
660;2;0;0;2;0;2;3;3;3;2;1;2;2;6;0;3;2;6;7;2.0;1.0;1;1;0;0;2;3;3;4;1;1
660;2;3;0;4;1;2;13;1;5;2;2;3;2;6;4;3;2;6;2;2.0;1.0;1;2;1;4;2;0;3;4;6;1
690;1;0;0;1;0;1;3;1;5;2;8;0;2;4;0;3;2;6;6;2.0;2.0;1;0;0;1;2;3;3;8;13;1
690;1;1;0;2;0;0;2;1;5;2;12;2;2;4;0;3;2;6;2;2.0;2.0;3;0;0;5;2;3;3;6;13;1
585;6;0;0;2;0;2;3;1;5;2;9;5;8;4;0;3;2;6;2;2.0;1.0;1;1;1;1;2;3;3;4;0;1
585;6;0;0;2;0;1;3;1;5;2;11;5;2;4;0;3;2;6;2;2.0;1.0;1;3;2;3;3;3;3;4;16;1
367;6;0;0;2;0;5;3;1;0;2;8;2;2;5;0;3;3;6;0;2.0;1.0;1;1;1;1;2;3;3;4;9;1
367;6;3;0;2;0;4;3;1;4;2;12;5;2;5;0;3;3;6;2;2.0;1.0;2;3;2;3;3;3;3;4;10;1
327;6;1;0;2;0;4;13;1;5;2;12;2;2;5;0;3;3;6;2;1.0;1.0;4;3;2;3;3;3;3;4;0;1
771;1;4;0;2;0;2;2;2;1;2;8;2;3;6;3;3;0;6;2;1.0;4.0;1;1;0;0;2;3;3;4;6;0
771;1;4;0;1;0;1;4;1;5;2;8;2;2;6;0;3;0;6;7;1.0;4.0;1;3;2;3;3;3;3;4;18;0
771;1;4;0;1;2;1;11;1;2;2;12;0;2;6;0;3;0;6;2;1.0;4.0;1;1;1;0;2;3;3;4;1;0
771;1;4;0;2;0;3;2;1;2;2;8;2;2;6;0;3;0;6;6;1.0;4.0;1;1;1;1;1;3;3;4;18;0
617;6;3;0;2;2;4;4;1;1;2;4;2;2;4;0;3;1;6;2;3.0;1.0;3;3;2;3;3;6;3;4;18;1
617;6;1;0;2;0;4;11;1;5;2;8;0;2;4;0;3;1;6;0;3.0;1.0;1;3;2;3;3;6;3;4;19;1
617;6;1;0;3;0;1;13;1;5;2;12;0;2;4;0;3;1;6;2;3.0;1.0;1;1;0;0;2;3;3;4;11;1
468;0;0;0;2;0;1;3;1;4;2;12;2;2;5;0;3;3;6;2;2.0;1.0;1;1;0;1;2;3;3;4;6;1
468;0;1;0;4;0;4;3;1;5;2;8;2;2;5;0;3;3;6;2;2.0;1.0;1;3;2;3;3;3;3;4;10;1
478;6;1;0;3;0;2;3;1;5;2;2;2;2;5;0;3;3;6;2;1.0;1.0;1;1;0;1;2;3;3;4;13;1
416;0;0;0;2;0;3;3;1;5;2;8;5;2;6;0;3;3;6;2;1.0;1.0;1;2;1;5;2;3;3;4;3;1
597;4;2;1;3;0;3;16;1;5;2;9;5;2;5;0;3;2;6;6;2.0;3.0;1;3;2;3;3;3;3;4;10;1
597;4;0;0;2;0;3;3;1;5;2;1;2;2;5;0;3;2;6;2;2.0;3.0;1;3;2;3;3;1;3;4;0;1
597;4;0;0;2;0;2;11;3;2;2;12;5;2;5;0;3;2;6;2;2.0;3.0;1;1;0;0;2;0;3;4;1;1
597;4;0;0;2;2;2;3;1;5;2;2;0;2;5;0;3;2;6;6;2.0;3.0;1;3;2;3;3;6;3;4;18;1
504;3;1;0;1;2;2;3;1;5;2;12;4;2;6;0;0;2;3;6;2.0;1.0;2;1;0;1;2;3;3;4;18;1
504;3;0;0;2;0;2;3;1;4;2;12;2;2;6;3;0;2;3;2;2.0;1.0;1;2;1;1;2;3;3;4;16;1
352;0;0;0;2;0;1;4;1;2;2;2;0;2;4;0;3;3;6;2;3.0;1.0;4;3;2;3;3;1;3;4;13;1
352;0;1;0;3;0;2;13;1;5;2;8;2;0;4;0;3;3;6;2;3.0;1.0;1;3;2;3;3;3;3;4;13;1
352;0;0;0;2;0;1;13;1;5;2;8;3;2;4;0;3;3;6;2;3.0;1.0;1;0;1;5;2;3;3;2;19;1
167;5;0;0;2;0;3;3;2;2;2;2;2;2;0;0;3;3;6;6;1.0;1.0;1;2;1;1;2;3;3;4;1;0
1021;6;4;0;3;0;1;13;2;1;2;12;0;3;5;0;3;3;6;2;2.0;1.0;1;2;1;4;2;3;3;4;1;1
1021;6;3;0;2;0;1;13;1;5;2;12;0;2;5;0;3;3;6;2;2.0;1.0;2;3;2;3;3;3;3;4;16;1
441;4;1;0;2;0;1;13;1;5;2;2;0;2;6;0;0;3;6;2;1.0;1.0;1;3;2;3;3;3;3;4;0;1
34;2;0;0;2;0;2;13;1;2;2;4;2;0;6;0;3;2;6;2;1.0;3.0;4;1;1;0;2;3;3;4;0;1
34;2;0;0;2;0;2;3;1;5;2;8;0;2;6;0;3;2;6;2;1.0;3.0;1;1;0;2;2;3;3;4;6;1
34;2;0;0;2;0;2;3;1;5;2;11;0;2;6;0;3;2;6;2;1.0;3.0;1;1;0;0;2;3;3;4;1;1
324;3;1;0;2;2;2;3;1;5;2;12;0;2;5;0;3;3;6;6;1.0;1.0;1;1;0;1;2;6;3;4;0;1
497;4;4;0;2;0;1;6;1;5;2;2;4;2;4;2;0;2;3;2;2.0;1.0;1;0;1;5;1;1;3;5;10;1
497;4;0;0;2;0;3;3;1;5;2;8;0;2;4;0;0;2;3;7;2.0;1.0;1;1;0;1;2;3;3;4;6;1
864;0;1;0;2;0;0;6;1;5;2;12;5;8;6;0;0;0;6;6;1.0;1.0;3;3;2;3;3;3;3;4;18;0
151;4;0;0;2;0;3;6;1;1;2;12;5;2;5;0;3;3;6;6;1.0;1.0;9;1;0;0;2;6;3;4;16;1
719;0;1;0;2;0;4;3;1;5;2;12;2;2;6;0;3;2;6;2;1.0;1.0;1;3;2;3;3;3;3;4;16;1
899;0;1;0;2;0;3;15;1;1;2;12;4;2;5;0;0;2;3;0;2.0;1.0;4;0;0;4;2;3;3;8;16;0
899;0;1;0;2;0;1;3;1;4;2;2;2;0;5;0;0;2;3;2;2.0;1.0;1;1;0;0;2;3;3;4;1;0
450;1;4;0;2;0;0;13;3;1;2;9;2;2;6;0;0;2;6;2;1.0;2.0;1;3;2;3;3;1;3;4;13;0
450;1;4;0;3;0;2;2;1;1;2;8;2;0;6;0;0;2;6;2;1.0;2.0;1;1;0;4;2;3;3;4;6;0
834;0;0;0;2;2;3;4;1;1;2;12;2;2;4;0;0;2;3;2;1.0;4.0;1;3;2;3;3;3;3;4;10;1
834;0;0;0;2;0;3;15;1;1;2;8;2;0;4;0;0;2;3;2;1.0;4.0;1;0;0;1;1;3;3;6;0;1
834;0;0;0;6;0;3;9;1;1;2;12;2;2;4;0;0;2;3;2;1.0;4.0;1;1;0;1;2;3;3;4;16;1
834;0;0;0;2;0;0;4;1;0;2;2;0;2;4;0;0;2;3;2;1.0;4.0;4;3;2;3;3;3;3;4;0;1
350;4;0;0;3;2;2;15;1;5;2;8;2;2;4;0;3;3;6;2;1.0;1.0;4;3;2;3;3;3;3;4;7;1
1012;0;4;0;2;0;1;15;1;5;2;12;2;2;5;0;0;3;3;6;1.0;1.0;1;1;0;1;2;3;3;4;13;1
16;2;0;0;2;2;3;3;1;5;2;12;2;2;4;0;3;2;6;2;2.0;2.0;3;1;0;0;2;3;3;4;16;1
16;2;1;0;6;0;2;3;1;4;2;11;2;2;4;0;3;2;6;2;2.0;2.0;3;1;0;0;2;3;3;4;18;1
16;2;1;0;6;0;2;2;1;5;2;2;3;0;4;0;3;2;6;2;2.0;2.0;1;3;2;3;3;3;3;4;6;1
7;2;0;0;2;0;2;2;1;5;2;11;0;2;6;4;0;2;7;2;2.0;1.0;8;1;0;0;2;3;3;4;1;1
7;2;0;0;2;0;1;3;1;1;2;9;3;2;6;0;0;2;7;7;2.0;1.0;2;1;0;1;2;6;3;4;16;1
324;4;2;1;2;0;4;12;1;5;2;8;2;2;4;0;3;3;1;2;2.0;2.0;1;3;2;3;3;3;3;4;16;1
324;4;1;0;2;0;2;2;1;5;2;8;0;2;4;0;3;3;1;2;2.0;2.0;3;1;0;4;2;3;3;4;18;1
324;4;1;0;2;0;4;12;3;2;2;2;2;2;4;0;3;3;1;2;2.0;2.0;3;3;2;3;3;5;3;4;7;1
386;4;4;0;2;0;1;15;1;1;2;9;0;2;4;0;0;2;3;2;2.0;1.0;2;0;0;4;2;3;3;8;6;1
386;4;4;0;2;0;3;3;1;5;2;8;5;2;4;0;0;2;3;2;2.0;1.0;4;1;0;1;2;3;3;4;6;1
591;0;4;0;2;0;3;2;1;1;2;9;4;2;4;0;3;2;6;2;2.0;2.0;9;1;0;0;2;3;3;4;0;1
591;0;1;0;2;2;2;3;1;1;2;12;2;2;4;4;3;2;6;6;2.0;2.0;1;2;0;0;2;1;3;4;6;1
572;6;3;0;2;0;1;3;3;1;2;12;2;2;5;0;0;0;6;2;2.0;3.0;1;2;1;0;2;1;3;4;1;1
572;6;1;0;3;0;3;3;1;5;2;9;2;2;5;0;0;0;6;2;2.0;3.0;1;3;2;3;3;6;3;4;6;1
572;6;1;0;2;0;1;3;1;2;2;4;0;2;5;0;0;0;6;2;2.0;3.0;1;2;1;4;2;3;3;4;6;1
541;5;0;0;2;0;2;13;1;1;2;12;0;8;5;0;0;2;6;2;2.0;1.0;2;3;2;3;3;3;3;4;10;1
541;5;0;0;1;0;4;2;1;0;2;8;0;2;5;0;0;2;6;2;2.0;1.0;1;0;1;1;1;3;3;4;6;1
464;4;3;0;1;0;4;4;2;1;2;12;2;3;6;0;0;2;3;2;2.0;1.0;1;1;0;1;2;3;3;4;18;1
464;4;0;0;2;0;2;4;3;0;2;12;0;2;6;0;0;2;3;2;2.0;1.0;1;3;2;3;3;3;3;4;6;1
689;2;1;0;3;0;0;3;1;5;2;12;2;2;4;0;3;2;6;2;2.0;1.0;1;1;0;1;2;3;3;4;7;1
689;2;1;0;3;0;2;14;1;1;2;12;3;2;4;0;3;2;6;0;2.0;1.0;3;1;0;5;2;1;3;4;11;1
296;6;3;0;2;0;2;3;1;5;1;8;0;2;4;4;3;3;6;2;2.0;2.0;1;3;2;3;3;3;3;4;18;1
296;6;3;0;2;0;0;6;3;0;2;12;2;2;4;0;3;3;6;2;2.0;2.0;1;3;2;3;3;3;3;4;6;1
296;6;0;0;2;2;2;13;1;5;2;12;5;2;4;0;3;3;6;2;2.0;2.0;1;1;0;0;1;3;3;4;16;1
456;2;1;0;1;2;4;6;2;5;2;12;2;2;5;0;0;2;6;6;2.0;1.0;1;2;0;0;2;3;3;4;16;1
456;2;3;0;2;2;3;2;1;4;2;12;5;8;5;0;0;2;6;2;2.0;1.0;2;3;2;3;3;0;3;4;16;1
709;4;0;0;6;2;2;13;1;5;2;8;0;2;5;1;0;2;3;2;2.0;1.0;9;1;1;1;2;3;3;4;16;1
709;4;0;0;0;0;4;13;1;5;2;8;4;2;5;0;0;2;3;2;2.0;1.0;1;1;0;1;2;2;3;4;18;1
942;5;0;0;1;0;3;14;1;4;2;2;5;2;4;0;0;3;6;6;2.0;1.0;1;2;1;5;2;3;3;4;13;1
942;5;1;0;2;0;0;4;1;5;2;8;3;2;4;0;0;3;6;2;2.0;1.0;1;2;1;5;2;6;3;4;18;1
73;3;1;0;2;0;4;4;1;4;2;8;5;2;6;0;0;3;5;2;1.0;1.0;1;2;0;1;2;6;3;4;1;1
209;3;1;0;2;2;4;13;1;5;2;8;2;2;6;0;0;3;3;2;2.0;3.0;1;1;1;1;2;3;3;4;1;1
209;3;1;0;2;0;4;13;1;5;2;8;4;2;6;3;0;3;3;2;2.0;3.0;1;1;1;0;2;3;3;4;17;1
209;3;1;0;2;0;5;3;1;1;2;9;0;2;6;0;0;3;3;6;2.0;3.0;4;1;0;5;2;3;3;4;13;1
113;1;0;0;2;0;0;2;1;4;2;9;5;2;4;0;3;3;6;2;2.0;1.0;1;3;2;3;3;3;3;4;1;1
113;1;0;0;5;2;0;3;1;2;2;9;0;2;4;0;3;3;6;2;2.0;1.0;5;3;2;3;3;6;3;4;18;1
564;3;0;0;2;2;3;2;1;2;2;8;3;2;5;0;0;0;3;2;2.0;1.0;1;1;1;0;2;3;3;4;16;1
564;3;0;0;2;2;0;3;1;5;2;9;2;8;5;0;0;0;3;2;2.0;1.0;1;3;2;3;3;3;3;4;0;1
1044;0;1;0;2;2;1;4;3;5;2;12;2;2;6;0;0;3;6;2;2.0;1.0;1;1;0;0;2;3;3;4;18;0
1044;0;0;0;4;2;2;3;3;3;2;12;2;2;6;0;0;3;6;7;2.0;1.0;1;1;0;1;1;3;3;4;18;0
259;3;0;0;4;2;4;5;1;5;2;12;2;2;6;0;3;3;6;2;2.0;1.0;1;3;2;3;3;3;3;4;19;1
259;3;3;0;2;2;1;3;1;5;2;11;3;2;6;0;3;3;6;2;2.0;1.0;9;1;0;4;2;3;3;4;17;1
250;0;1;0;3;2;4;2;1;5;2;11;3;2;4;0;0;3;6;6;2.0;1.0;9;3;2;3;3;6;4;4;1;1
250;0;1;0;6;2;2;5;1;1;2;11;0;2;4;0;0;3;6;2;2.0;1.0;9;1;0;0;2;3;3;4;18;1
713;5;2;1;2;2;2;11;1;5;2;9;4;2;5;2;0;2;6;2;2.0;1.0;5;3;2;3;3;3;3;4;6;1
713;5;3;0;2;2;2;13;1;5;2;12;0;2;5;0;0;2;6;7;2.0;1.0;1;1;1;1;2;1;3;4;18;1
915;1;0;0;2;2;3;13;1;5;2;8;2;2;4;0;0;2;0;2;2.0;1.0;12;3;2;3;3;3;3;4;0;1
915;1;1;0;2;2;1;13;1;2;2;12;2;2;4;0;0;2;0;2;2.0;1.0;4;3;2;3;3;3;3;4;11;1
943;1;0;0;3;0;1;3;1;4;2;11;0;2;4;0;0;2;3;7;2.0;1.0;3;1;0;5;2;1;3;4;6;1
943;1;1;0;2;0;1;13;1;2;2;12;3;2;4;0;0;2;3;7;2.0;1.0;1;2;1;2;2;3;3;4;13;1
1005;3;1;0;2;0;1;3;1;1;2;4;2;2;4;0;0;3;3;7;2.0;2.0;1;3;2;3;3;3;3;4;18;1
1005;3;1;0;2;0;2;5;1;1;2;12;2;2;4;0;0;3;3;6;2.0;2.0;1;1;1;0;2;3;3;4;11;1
362;5;3;0;2;0;2;3;1;5;2;8;2;2;4;0;0;3;6;2;1.0;1.0;4;3;2;3;3;3;3;4;6;0
713;0;0;0;2;0;4;11;1;5;2;12;2;2;4;0;0;2;3;2;2.0;3.0;2;3;2;3;3;3;3;4;6;0
713;0;0;0;3;0;2;3;1;5;2;12;2;2;4;0;0;2;3;2;2.0;3.0;9;1;0;1;2;3;3;4;13;0
713;0;0;0;2;0;2;13;2;4;2;5;0;2;4;0;0;2;3;2;2.0;3.0;5;0;1;0;1;3;3;5;6;0
713;0;0;0;2;0;4;2;1;5;2;12;5;2;4;0;0;2;3;2;2.0;3.0;1;3;2;3;3;3;3;4;7;0
829;4;0;0;3;2;2;4;1;4;2;9;2;2;4;0;0;2;0;2;1.0;1.0;1;1;0;0;2;3;3;4;1;1
963;1;4;0;2;0;4;5;1;5;2;8;5;2;4;0;0;3;3;5;2.0;2.0;1;1;0;1;2;1;3;4;13;1
963;1;0;0;1;0;4;9;1;5;2;9;2;2;4;0;0;3;3;2;2.0;2.0;5;3;2;3;3;3;3;4;18;1
630;5;0;0;2;0;4;5;1;5;2;9;2;2;1;4;0;0;3;2;2.0;1.0;9;1;0;1;2;1;3;4;0;1
630;5;0;0;2;0;4;13;1;5;2;11;2;2;1;0;0;0;3;2;2.0;1.0;1;3;2;3;3;3;3;4;13;1
426;5;0;0;2;0;4;3;3;5;2;12;2;2;4;0;0;2;6;2;2.0;2.0;9;1;0;0;2;1;3;4;18;1
426;5;1;0;2;0;4;13;3;5;2;0;0;2;4;0;0;2;6;2;2.0;2.0;1;2;1;0;1;3;3;4;7;1
426;5;1;0;2;0;2;11;1;5;2;8;5;2;4;0;0;2;6;2;2.0;2.0;9;3;2;3;3;3;3;4;7;1
332;4;2;1;2;0;1;4;1;5;2;2;2;2;4;0;0;3;6;2;2.0;2.0;1;1;0;1;2;3;3;4;13;1
332;4;0;0;2;0;3;3;3;5;2;2;2;2;4;0;0;3;6;2;2.0;2.0;1;3;2;3;3;6;3;4;13;1
1059;4;0;0;2;0;3;3;1;5;2;9;3;2;5;0;0;3;3;2;3.0;1.0;1;0;1;4;2;3;3;6;11;1
1059;4;3;0;2;0;1;3;1;4;2;9;2;2;5;0;0;3;3;7;3.0;1.0;1;0;1;1;2;3;3;6;6;1
1059;4;1;0;3;0;3;2;1;5;2;9;3;2;5;0;0;3;3;6;3.0;1.0;1;3;2;3;3;0;3;4;1;1
104;6;0;1;2;0;3;3;1;4;2;9;2;2;6;0;3;3;6;6;2.0;1.0;5;1;0;0;2;3;3;4;10;0
104;6;3;1;2;0;2;6;1;0;2;12;3;2;6;0;3;3;6;2;2.0;1.0;1;1;1;0;2;1;3;4;18;0
206;0;2;1;2;0;2;6;1;5;2;12;2;2;6;0;3;3;6;2;2.0;1.0;9;3;2;3;3;3;3;4;13;1
206;0;0;0;6;0;3;3;1;1;2;9;2;2;6;0;3;3;6;2;2.0;1.0;9;3;2;3;3;3;3;4;1;1
354;1;0;0;2;0;3;5;1;5;2;12;5;2;4;4;0;3;3;2;2.0;3.0;9;2;1;1;2;3;3;4;0;1
354;1;0;0;2;0;0;5;1;5;2;2;0;2;4;0;0;3;3;2;2.0;3.0;1;0;0;0;2;3;3;5;18;1
354;1;1;0;3;0;4;13;1;5;2;12;0;2;4;0;0;3;3;6;2.0;3.0;1;3;2;3;3;3;3;4;9;1
78;1;1;0;3;0;4;3;1;5;2;8;0;2;4;0;0;3;6;2;2.0;2.0;1;1;0;1;2;3;3;4;0;1
78;1;1;0;3;0;3;4;1;1;2;8;2;2;4;0;0;3;6;2;2.0;2.0;1;1;0;1;2;3;3;4;16;1
307;1;0;0;1;0;1;4;1;5;2;9;0;2;6;0;3;3;6;2;2.0;1.0;5;3;2;3;3;3;3;4;18;1
307;1;0;0;2;0;1;13;1;5;2;12;2;2;6;0;3;3;6;2;2.0;1.0;1;0;1;1;2;3;3;5;2;1
514;1;0;0;0;0;4;3;1;4;2;4;0;2;4;0;0;2;3;2;1.0;1.0;1;3;2;3;3;3;3;4;18;1
831;6;0;0;2;0;1;11;1;5;2;8;2;2;6;0;0;2;7;2;2.0;2.0;1;1;0;0;2;3;3;4;0;1
831;6;0;0;2;0;1;9;2;5;2;1;2;2;6;0;0;2;7;7;2.0;2.0;2;3;2;3;3;3;3;4;18;1
831;6;0;0;1;0;0;3;1;0;2;9;2;2;6;4;0;2;7;7;2.0;2.0;9;1;0;0;2;3;3;4;1;1
461;2;1;2;2;0;2;2;1;4;2;9;0;2;5;0;3;2;6;6;2.0;3.0;1;0;0;1;2;3;3;4;6;1
461;2;0;0;2;0;3;3;1;2;2;2;0;8;5;0;3;2;6;7;2.0;3.0;1;1;0;0;2;3;3;4;0;1
461;2;0;0;2;0;3;3;1;2;2;9;0;2;5;0;3;2;6;2;2.0;3.0;2;3;2;3;3;3;3;4;16;1
461;2;0;0;3;0;2;3;1;5;2;12;5;2;5;0;3;2;6;2;2.0;3.0;1;1;0;0;2;3;3;4;18;1
543;0;1;0;2;0;3;0;1;2;2;12;0;2;5;0;0;2;3;2;1.0;1.0;2;3;2;3;3;3;3;4;17;1
49;1;1;0;2;0;0;3;1;5;2;12;1;2;4;0;3;3;6;6;2.0;1.0;5;1;0;0;2;3;3;4;17;0
49;1;3;0;3;0;1;2;1;5;2;2;1;2;4;3;3;3;6;6;2.0;1.0;1;3;2;3;3;3;3;4;16;0
1060;0;4;0;1;0;0;3;3;5;2;12;1;2;5;0;3;3;6;2;2.0;1.0;1;0;1;0;2;3;3;0;1;1
1060;0;0;0;2;0;2;2;1;5;2;2;1;2;5;0;3;3;6;2;2.0;1.0;1;3;2;3;3;3;3;4;1;1
377;6;0;0;2;0;3;13;1;5;2;2;2;2;4;0;0;2;6;2;2.0;1.0;1;1;0;1;2;3;3;4;18;1
377;6;0;0;1;0;4;4;1;4;2;12;0;2;4;0;0;2;6;2;2.0;1.0;1;0;1;4;2;3;3;6;16;1
572;1;0;0;3;2;2;6;3;2;2;12;0;2;4;0;3;2;6;2;1.0;1.0;1;0;1;0;2;6;3;6;18;1
409;3;0;0;3;0;3;3;1;2;2;11;5;2;4;0;3;2;6;2;1.0;1.0;1;1;0;1;2;3;3;4;18;1
189;3;1;0;2;0;2;4;1;4;2;9;0;2;6;0;3;3;6;2;1.0;1.0;1;3;2;3;3;3;3;4;0;1
565;0;1;0;3;2;2;3;1;0;2;12;2;2;4;0;0;2;3;2;2.0;2.0;1;3;2;3;3;6;3;4;1;1
565;0;0;0;2;0;1;13;1;4;2;8;0;2;4;0;0;2;3;2;2.0;2.0;1;1;0;5;2;3;3;4;18;1
451;4;0;0;2;0;4;3;1;4;2;9;0;2;5;0;0;2;3;6;2.0;2.0;1;1;0;5;2;3;3;4;3;1
451;4;3;0;2;0;2;13;1;4;2;12;4;8;5;0;0;2;3;6;2.0;2.0;1;3;2;3;3;1;3;4;16;1
451;4;3;0;1;0;0;13;1;4;2;9;2;2;5;0;0;2;3;7;2.0;2.0;1;0;0;0;2;3;3;7;13;1
514;5;0;0;3;0;2;13;1;2;2;9;0;2;5;0;3;2;6;2;2.0;1.0;1;1;0;4;2;6;3;4;10;1
514;5;0;0;3;0;1;6;1;5;2;9;2;2;5;0;3;2;6;2;2.0;1.0;1;0;0;1;2;3;3;5;13;1
348;1;1;0;2;0;3;3;1;0;2;12;5;2;4;0;0;3;6;2;1.0;1.0;1;3;2;3;3;3;3;4;0;1
304;2;4;0;2;0;3;2;1;2;2;12;0;2;6;0;3;3;6;2;1.0;1.0;9;1;0;0;2;3;3;4;5;1
441;0;1;0;2;0;2;2;1;2;2;12;4;2;4;0;0;0;6;2;2.0;2.0;1;3;2;3;3;3;3;4;10;0
441;0;1;0;2;2;2;2;1;0;2;3;0;2;4;3;0;0;6;2;2.0;2.0;1;1;0;1;2;3;3;4;6;0
441;0;1;0;3;0;0;3;1;1;2;9;0;2;4;0;0;0;6;2;2.0;2.0;1;3;2;3;3;3;3;4;18;0
438;2;3;0;2;0;2;2;1;2;2;9;4;2;5;0;0;2;6;2;2.0;2.0;1;1;0;0;2;3;3;4;16;0
438;2;4;0;3;0;4;13;1;2;2;9;0;2;5;0;0;2;6;2;2.0;2.0;4;3;2;3;3;3;3;4;5;0
362;6;0;0;2;2;0;5;1;0;2;12;2;2;4;0;3;3;6;7;3.0;1.0;1;1;0;2;2;3;3;4;10;1
362;6;1;0;2;0;2;13;1;0;2;8;2;2;4;0;3;3;6;7;3.0;1.0;1;1;0;1;2;3;3;4;0;1
362;6;0;0;2;0;4;5;1;1;2;12;5;2;4;0;3;3;6;2;3.0;1.0;1;3;2;3;3;3;3;4;0;1
1022;1;0;0;3;2;1;13;1;5;2;8;3;2;5;0;0;3;5;2;2.0;1.0;1;3;2;3;3;3;3;4;0;1
1022;1;0;0;2;0;2;2;1;5;2;9;2;2;5;0;0;3;5;2;2.0;1.0;1;1;0;0;2;3;3;4;0;1
1017;4;0;0;2;0;3;13;1;5;2;8;3;6;4;0;3;3;6;2;1.0;1.0;1;1;0;0;2;3;3;4;13;1
76;0;1;0;2;0;2;3;1;5;2;8;3;2;6;0;3;3;6;2;1.0;1.0;1;3;2;3;3;3;3;4;18;1
375;3;0;0;1;0;4;0;2;5;2;12;3;2;7;3;0;2;6;2;1.0;1.0;1;1;0;0;2;3;3;4;5;1
437;1;0;0;2;0;2;13;1;5;2;8;2;2;6;0;0;2;6;2;4.0;2.0;1;1;0;0;2;3;3;4;18;1
437;1;1;0;3;0;0;2;1;5;2;8;2;2;6;0;0;2;6;2;4.0;2.0;4;2;1;2;2;3;3;4;6;1
437;1;1;0;2;0;2;2;3;5;2;8;4;2;6;0;0;2;6;2;4.0;2.0;1;2;1;2;2;3;3;4;18;1
437;1;1;0;3;0;0;3;1;5;2;12;0;2;6;0;0;2;6;2;4.0;2.0;2;2;0;2;2;3;3;4;18;1
341;6;0;0;2;2;0;13;1;5;2;9;2;2;4;0;3;3;6;2;4.0;1.0;5;2;0;2;2;3;3;4;18;1
341;6;0;0;0;2;0;4;1;1;2;9;2;6;4;0;3;3;6;2;4.0;1.0;1;2;0;2;2;3;3;4;0;1
341;6;0;0;2;2;2;3;1;2;2;2;2;2;4;0;3;3;6;2;4.0;1.0;1;2;1;2;2;3;3;4;18;1
341;6;1;1;2;0;2;3;1;2;2;12;2;2;4;0;3;3;6;2;4.0;1.0;4;2;0;0;2;3;3;4;16;1
402;1;0;0;3;0;2;2;1;5;2;9;2;2;4;2;0;2;1;2;3.0;2.0;5;2;1;0;2;2;3;4;1;1
402;1;3;0;1;2;3;3;1;1;2;12;0;2;4;0;0;2;1;2;3.0;2.0;1;2;0;5;2;3;3;4;13;1
402;1;1;0;2;0;4;11;1;1;2;9;0;2;4;0;0;2;1;2;3.0;2.0;1;1;0;1;2;3;3;4;6;1
461;2;0;0;2;0;2;2;1;1;2;9;2;2;0;0;0;2;3;2;2.0;2.0;5;1;0;0;2;3;3;4;1;1
461;2;1;0;2;0;3;3;1;2;2;12;2;2;0;0;0;2;3;2;2.0;2.0;1;1;0;0;1;3;3;4;17;1
128;4;2;1;2;0;4;7;1;5;2;12;2;2;4;0;1;3;2;2;3.0;2.0;4;0;0;0;1;3;3;4;18;1
128;4;3;0;2;0;2;3;1;5;2;12;0;2;4;0;1;3;2;2;3.0;2.0;1;3;2;3;3;3;3;4;18;1
128;4;1;0;2;2;4;2;1;5;2;12;3;2;4;0;1;3;2;6;3.0;2.0;4;1;0;2;1;3;3;4;3;1
128;4;1;0;2;0;2;13;1;5;2;9;2;2;4;0;1;3;2;6;3.0;2.0;1;1;0;0;2;3;3;4;18;1
140;4;3;0;2;0;0;13;1;1;2;1;0;2;5;0;1;3;2;2;3.0;2.0;9;3;2;3;3;3;3;4;8;1
140;4;3;0;2;0;0;13;1;5;2;12;5;2;5;0;1;3;2;2;3.0;2.0;1;3;2;3;3;3;3;4;13;1
140;4;0;0;2;0;0;11;1;5;2;8;0;2;5;0;1;3;2;2;3.0;2.0;1;1;1;0;2;3;3;4;17;1
140;4;0;0;1;0;1;13;1;5;2;12;0;2;5;0;1;3;2;2;3.0;2.0;1;1;0;4;2;3;3;4;1;1
956;0;1;0;1;2;4;3;1;5;2;8;0;2;6;0;0;3;2;6;2.0;1.0;2;3;2;3;3;1;3;4;1;1
956;0;1;0;3;0;1;3;1;5;2;8;4;2;6;0;0;3;2;2;2.0;1.0;2;0;0;1;2;3;3;4;19;1
585;2;0;0;2;0;4;4;1;5;2;8;0;2;6;0;3;0;2;6;2.0;2.0;2;3;2;3;3;3;3;4;18;1
585;2;1;0;1;0;1;12;1;5;2;12;0;2;6;0;3;0;2;6;2.0;2.0;1;1;1;0;2;3;3;4;0;1
247;3;3;0;2;0;0;3;1;5;2;12;5;2;5;0;1;3;6;2;4.0;2.0;9;1;1;0;1;0;3;4;0;1
247;3;0;0;2;0;1;2;1;5;2;12;5;2;5;0;1;3;6;2;4.0;2.0;1;3;2;3;3;3;3;4;0;1
247;3;2;1;1;0;0;13;1;2;2;12;4;2;5;0;1;3;6;2;4.0;2.0;5;1;0;1;2;6;3;4;18;1
247;3;2;1;2;0;0;3;1;5;2;12;2;2;5;0;1;3;6;6;4.0;2.0;1;3;2;3;3;3;3;4;0;1
236;2;4;0;3;0;4;4;1;1;2;12;5;2;6;0;0;3;2;2;2.0;1.0;5;3;2;3;3;3;3;4;6;1
236;2;0;0;2;0;4;13;1;5;2;11;0;2;6;0;0;3;2;6;2.0;1.0;1;1;1;1;2;3;3;4;6;1
950;0;0;0;3;0;4;13;1;5;2;8;2;2;4;2;3;2;6;2;2.0;1.0;2;0;0;4;2;3;3;8;0;1
950;0;0;0;2;0;4;14;1;5;2;8;2;2;4;0;3;2;6;2;2.0;1.0;1;1;0;0;2;3;3;4;3;1
337;1;1;0;2;0;0;0;1;2;2;8;2;2;6;0;3;3;6;2;1.0;1.0;1;3;2;3;3;3;3;4;0;1
617;0;3;0;2;0;2;0;1;5;2;11;2;2;4;0;0;2;1;6;2.0;2.0;1;1;0;5;2;3;3;4;13;1
617;0;1;0;1;2;1;3;3;5;2;11;0;2;4;4;0;2;1;6;2.0;2.0;1;0;1;5;2;3;3;7;18;1
617;0;1;0;2;0;1;3;1;5;2;8;2;2;4;0;0;2;1;2;2.0;2.0;1;1;0;1;2;3;3;4;3;1
462;1;3;0;2;0;2;3;1;5;2;8;2;2;4;0;1;2;5;2;2.0;3.0;1;3;2;3;3;3;3;4;6;1
462;1;3;0;2;0;2;2;3;4;2;11;2;2;4;0;1;2;5;2;2.0;3.0;1;3;2;3;3;3;3;4;0;1
462;1;1;0;2;0;1;5;1;0;2;12;2;2;4;0;1;2;5;2;2.0;3.0;5;1;0;0;2;3;3;4;9;1
268;0;0;0;1;0;4;3;1;4;2;12;2;2;4;0;3;3;6;2;1.0;1.0;1;3;2;3;3;3;3;4;1;1
151;2;1;0;3;0;2;11;1;3;2;12;0;2;4;0;3;3;6;2;2.0;1.0;1;1;0;5;2;0;3;4;6;1
151;2;0;0;2;0;4;3;1;4;2;12;2;2;4;0;3;3;6;2;2.0;1.0;1;0;0;0;2;3;3;2;18;1
946;5;0;0;6;0;1;3;1;5;2;9;0;2;4;0;0;2;6;6;1.0;1.0;1;3;2;3;3;3;3;4;13;1
367;3;1;0;2;0;1;3;3;0;2;12;0;2;4;0;0;2;3;6;1.0;1.0;2;1;1;1;2;3;3;4;17;1
997;3;1;0;1;0;1;3;1;0;2;12;0;2;4;0;0;3;0;6;2.0;1.0;1;2;1;1;2;6;3;4;13;1
997;3;0;0;2;0;0;3;1;5;2;4;0;2;4;0;0;3;0;2;2.0;1.0;1;2;1;4;2;3;3;4;0;1
1002;3;0;0;1;0;2;4;1;5;2;1;0;2;4;0;3;3;6;2;1.0;1.0;5;2;1;0;2;6;3;4;18;1
523;5;0;0;3;0;1;16;1;4;2;2;2;2;4;0;3;2;6;2;1.0;1.0;1;2;1;1;2;3;3;4;8;1
180;0;1;0;2;0;0;4;1;5;2;8;2;2;4;0;3;3;6;2;2.0;1.0;1;0;1;0;2;6;3;6;0;1
180;0;1;0;3;0;0;2;1;5;2;12;2;2;4;2;3;3;6;7;2.0;1.0;1;3;2;3;3;3;3;4;6;1
946;3;0;0;1;0;5;11;1;5;2;8;0;2;4;0;3;3;6;7;2.0;1.0;4;1;0;1;2;3;3;4;7;1
946;3;1;0;2;2;2;4;1;5;2;8;2;2;4;0;3;3;6;2;2.0;1.0;1;1;0;1;2;6;3;4;0;1
878;2;2;1;2;0;0;13;1;5;2;12;2;2;5;0;3;2;6;2;2.0;1.0;1;3;2;3;3;0;3;4;0;0
878;2;0;0;2;0;1;13;1;4;2;9;0;2;5;4;3;2;6;2;2.0;1.0;2;0;1;4;2;1;3;4;6;0
307;4;1;0;2;0;2;3;1;4;2;8;5;3;4;0;3;3;6;2;1.0;1.0;5;0;1;0;2;0;3;7;1;1
476;3;1;0;2;0;2;3;1;4;2;9;5;2;5;4;3;0;6;2;1.0;1.0;1;1;0;1;2;3;3;4;16;1
685;1;0;0;2;0;2;4;1;5;2;11;2;2;4;0;0;2;6;2;2.0;2.0;1;3;2;3;3;0;3;4;6;1
685;1;0;0;2;0;1;4;1;4;2;8;2;7;4;0;0;2;6;2;2.0;2.0;9;3;2;3;3;3;3;4;0;1
685;1;0;0;2;0;4;13;1;2;2;12;5;2;4;0;0;2;6;2;2.0;2.0;2;1;0;0;2;0;3;4;6;1
411;0;1;0;2;2;4;5;1;4;2;12;0;2;6;0;3;3;6;2;3.0;3.0;1;2;0;1;2;0;3;4;10;1
411;0;1;0;2;0;2;2;1;4;2;2;5;2;6;0;3;3;6;2;3.0;3.0;1;2;1;0;2;0;3;4;18;1
411;0;1;0;3;2;4;11;1;5;2;8;2;2;6;0;3;3;6;6;3.0;3.0;9;1;0;0;2;3;3;4;1;1
411;0;2;1;2;0;4;3;1;5;2;12;2;2;6;0;3;3;6;0;3.0;3.0;1;0;0;4;1;3;3;8;16;1
411;0;2;1;3;2;1;3;1;5;2;8;2;0;6;0;3;3;6;2;3.0;3.0;1;3;2;3;3;2;3;4;13;1
630;6;0;0;2;0;2;13;1;5;2;8;2;2;6;0;3;0;6;2;2.0;2.0;1;1;0;0;2;3;3;4;13;1
630;6;0;0;2;0;3;11;1;4;2;8;2;7;6;0;3;0;6;2;2.0;2.0;1;3;2;3;3;6;3;4;18;1
630;6;0;0;2;0;2;13;1;4;2;2;0;7;6;0;3;0;6;2;2.0;2.0;1;1;0;5;2;3;3;4;0;1
332;5;1;0;1;0;4;0;1;4;2;8;0;6;4;0;3;3;6;2;1.0;1.0;1;3;2;3;3;3;3;4;0;1
632;1;1;0;2;0;2;3;1;2;2;12;3;6;6;0;0;2;6;6;2.0;1.0;1;1;0;0;2;3;3;4;13;1
632;1;1;0;3;0;0;3;1;5;2;12;2;2;6;0;0;2;6;6;2.0;1.0;1;3;2;3;3;3;3;4;6;1
201;2;1;0;2;0;2;3;1;2;2;2;6;3;5;0;0;3;3;2;2.0;2.0;2;2;0;0;2;3;3;4;10;1
201;2;1;0;0;0;0;3;1;0;2;11;0;2;5;0;0;3;3;6;2.0;2.0;1;3;2;3;3;3;3;4;18;1
201;2;1;0;2;0;4;13;1;5;2;2;2;2;5;0;0;3;3;2;2.0;2.0;1;1;0;1;2;3;3;4;18;1
386;5;1;0;2;0;0;13;1;4;2;8;0;2;5;0;3;3;6;2;2.0;1.0;1;3;2;3;3;3;3;4;16;1
386;5;1;0;2;0;2;3;1;1;2;12;5;2;5;0;3;3;6;2;2.0;1.0;1;1;0;0;2;6;3;4;7;1
322;6;1;0;2;0;1;11;1;4;2;2;2;5;6;0;3;3;6;2;1.0;1.0;1;1;0;5;2;6;3;4;16;0
456;3;0;0;2;0;2;5;3;0;2;12;3;2;6;0;3;3;6;2;1.0;1.0;1;3;2;3;3;6;3;4;16;1
506;5;0;0;2;0;1;5;3;4;2;12;3;2;6;3;3;2;6;2;3.0;3.0;5;1;1;1;2;3;3;4;16;1
506;5;0;0;2;0;1;3;2;2;2;8;2;6;6;0;3;2;6;7;3.0;3.0;9;2;0;0;2;1;3;4;18;1
506;5;1;0;2;0;4;5;2;4;2;12;2;2;6;0;3;2;6;2;3.0;3.0;5;3;2;3;3;3;3;4;13;1
506;5;3;0;2;0;0;5;1;1;2;12;2;2;6;0;3;2;6;6;3.0;3.0;1;3;2;3;3;6;3;4;0;1
509;4;1;0;0;2;0;13;3;5;2;9;2;2;6;0;3;2;6;2;2.0;1.0;1;1;0;0;2;1;3;4;6;1
509;4;1;0;0;0;5;3;1;1;2;8;2;2;6;0;3;2;6;6;2.0;1.0;1;1;0;1;1;3;3;4;1;1
148;0;0;0;2;0;0;13;1;1;2;2;4;2;4;0;3;3;6;2;2.0;1.0;5;3;2;3;3;3;3;4;18;1
148;0;0;0;2;0;2;3;1;0;2;12;0;2;4;0;3;3;6;2;2.0;1.0;1;1;0;1;2;3;3;4;0;1
313;6;0;0;2;0;4;3;1;4;2;0;5;8;4;0;3;3;8;7;3.0;4.0;1;3;2;3;3;3;3;4;10;0
313;6;0;0;2;0;4;11;1;4;2;12;2;3;4;0;3;3;8;2;3.0;4.0;1;3;2;3;3;3;3;4;18;0
313;6;3;0;2;2;2;3;1;5;2;12;0;3;4;0;3;3;8;2;3.0;4.0;1;1;0;2;2;3;3;4;3;0
313;6;3;0;3;0;1;3;1;5;2;2;0;2;4;2;3;3;8;2;3.0;4.0;1;1;0;0;2;3;3;4;18;0
1016;1;0;0;2;0;1;3;3;0;2;9;0;2;5;0;3;3;6;2;1.0;1.0;1;3;2;3;3;3;3;4;0;1
407;3;1;0;2;0;3;11;1;5;2;12;0;2;6;3;3;3;6;7;1.0;1.0;9;1;0;0;2;6;3;4;16;0
535;4;0;0;2;0;1;3;1;5;2;12;2;2;5;0;0;2;6;2;2.0;1.0;9;3;2;3;3;6;3;4;0;1
535;4;0;0;2;0;1;2;1;5;2;12;3;2;5;0;0;2;6;2;2.0;1.0;1;2;1;4;2;3;3;4;1;1
975;6;0;0;3;0;2;2;1;5;2;1;2;2;4;0;0;3;4;2;2.0;1.0;1;0;1;4;2;3;3;8;18;1
975;6;1;0;2;0;4;3;1;5;2;1;4;2;4;3;0;3;4;2;2.0;1.0;4;1;0;5;2;3;3;4;17;1
464;4;0;0;2;0;2;13;1;5;2;12;2;2;4;0;3;3;6;6;2.0;1.0;1;1;1;1;2;3;3;4;6;1
464;4;1;0;2;0;1;13;2;0;2;8;2;2;4;0;3;3;6;2;2.0;1.0;1;2;1;4;2;3;3;4;18;1
661;5;0;0;2;0;2;13;1;1;2;9;2;2;4;0;0;2;0;2;1.0;1.0;1;3;2;3;3;3;3;4;6;0
250;4;1;0;0;0;1;3;1;1;2;12;2;2;4;0;3;3;6;2;2.0;1.0;1;1;0;0;2;3;3;4;6;1
250;4;0;0;2;0;2;3;1;0;2;9;0;8;4;0;3;3;6;2;2.0;1.0;1;3;2;3;3;3;3;4;13;1
291;0;3;0;2;0;0;6;1;5;2;2;3;2;0;0;3;3;6;6;1.0;1.0;1;3;2;3;3;3;3;4;11;1
383;5;3;0;2;0;1;6;1;1;2;12;4;2;4;0;3;3;6;2;2.0;1.0;1;1;0;1;2;3;3;4;16;0
383;5;3;0;2;0;4;13;1;2;2;8;2;3;4;0;3;3;6;2;2.0;1.0;1;3;2;3;3;6;3;4;16;0
244;4;1;0;2;0;3;13;1;1;2;12;0;2;4;0;3;3;6;2;2.0;2.0;1;1;0;1;2;3;3;4;1;1
244;4;1;0;2;0;1;5;1;5;2;1;2;8;4;0;3;3;6;2;2.0;2.0;5;3;2;3;3;3;3;4;16;1
244;4;0;0;2;0;3;2;1;5;2;12;0;2;4;0;3;3;6;2;2.0;2.0;3;1;0;5;2;3;3;4;18;1
333;6;1;0;1;0;2;13;1;0;2;8;2;2;4;0;3;3;1;2;2.0;1.0;1;1;0;0;2;3;3;4;13;1
333;6;3;0;0;0;0;3;3;5;2;9;0;2;4;0;3;3;1;2;2.0;1.0;1;3;2;3;3;3;3;4;0;1
164;1;0;0;2;0;3;2;1;5;2;8;4;2;6;0;0;3;6;2;1.0;1.0;1;1;0;1;2;3;3;4;18;1
519;3;0;0;2;0;2;9;1;5;2;8;2;2;6;0;0;2;3;2;2.0;1.0;5;3;2;3;3;6;3;4;11;1
519;3;1;0;1;0;3;3;1;5;2;2;3;2;6;0;0;2;3;2;2.0;1.0;1;1;0;0;2;3;3;4;18;1
545;5;1;0;1;0;3;3;1;5;2;2;0;2;6;0;3;2;6;2;1.0;1.0;9;3;2;3;3;3;3;4;1;0
441;0;1;0;2;0;2;13;1;5;2;9;0;2;6;0;3;3;6;6;2.0;1.0;5;1;0;1;2;3;3;4;10;1
441;0;1;0;1;0;1;3;1;5;2;12;0;2;6;0;3;3;6;6;2.0;1.0;1;3;2;3;3;3;3;4;18;1
182;0;1;0;2;0;4;0;1;5;2;12;5;2;4;0;0;3;6;6;1.0;1.0;1;2;1;1;2;3;3;4;18;1
923;0;0;0;2;0;4;13;1;5;2;12;0;2;4;3;3;3;6;7;2.0;1.0;1;1;0;0;2;3;3;4;0;1
923;0;0;0;2;0;2;0;1;1;2;9;0;2;4;0;3;3;6;2;2.0;1.0;1;3;2;3;3;3;3;4;1;1
426;0;0;0;2;0;0;13;1;5;2;8;0;2;6;0;0;3;6;2;3.0;1.0;1;1;0;0;1;6;3;4;13;1
426;0;1;0;4;0;3;13;1;5;2;9;0;2;6;4;0;3;6;7;3.0;1.0;1;3;2;3;3;6;3;4;18;1
426;0;0;0;2;0;3;13;1;5;2;12;2;2;6;0;0;3;6;2;3.0;1.0;1;3;2;3;3;3;3;4;18;1
1026;0;1;0;1;0;1;5;1;5;2;12;2;2;4;0;0;3;3;2;2.0;1.0;1;1;1;1;2;3;3;4;6;1
1026;0;0;0;2;2;0;5;1;5;2;1;2;2;4;0;0;3;3;2;2.0;1.0;1;3;2;3;3;3;3;4;13;1
372;3;1;0;2;0;2;11;1;2;2;2;4;2;6;0;3;3;6;2;1.0;1.0;1;1;0;5;2;3;3;4;18;1
474;2;2;1;3;0;1;13;1;5;2;11;2;2;5;0;3;2;6;2;1.0;1.0;1;3;2;3;3;3;3;4;0;1
245;2;3;0;3;2;2;3;1;1;2;8;0;2;4;0;3;3;6;2;3.0;3.0;1;1;0;0;2;3;3;4;6;1
245;2;0;0;2;0;4;4;1;0;2;12;2;2;4;0;3;3;6;6;3.0;3.0;1;0;1;0;2;6;3;6;7;1
245;2;0;0;2;0;2;3;1;2;2;9;0;2;4;0;3;3;6;7;3.0;3.0;1;1;0;1;2;6;3;4;0;1
245;2;0;0;1;0;2;6;1;4;2;12;0;2;4;0;3;3;6;2;3.0;3.0;1;3;2;3;3;6;3;4;6;1
553;2;2;1;2;0;2;0;1;0;2;12;5;8;6;0;3;2;6;2;2.0;2.0;1;3;2;3;3;3;3;4;0;1
553;2;1;0;2;0;4;11;1;1;2;8;4;8;6;0;3;2;6;6;2.0;2.0;1;1;0;0;2;6;3;4;16;1
553;2;1;0;2;0;0;3;1;5;2;9;2;2;6;0;3;2;6;2;2.0;2.0;1;3;2;3;3;6;3;4;0;1
138;4;1;0;2;0;1;13;1;5;2;12;2;2;6;0;3;3;6;2;1.0;1.0;1;1;1;4;2;3;1;4;2;1
187;2;1;0;2;0;0;11;2;1;2;9;0;2;5;0;3;3;6;2;3.0;2.0;1;3;2;3;3;3;3;4;16;1
187;2;0;0;2;0;2;13;1;5;2;2;2;2;5;0;3;3;6;2;3.0;2.0;4;1;0;1;2;6;3;4;9;1
187;2;0;0;3;0;2;5;3;5;2;9;2;2;5;0;3;3;6;2;3.0;2.0;9;0;1;2;2;6;3;6;18;1
653;0;0;0;2;0;2;13;1;5;2;8;4;2;4;0;3;2;6;2;2.0;1.0;1;1;0;0;2;3;3;4;18;1
653;0;1;0;2;0;4;2;3;3;2;9;2;2;4;0;3;2;6;2;2.0;1.0;1;3;2;3;3;3;3;4;6;1
178;5;4;0;2;0;1;11;1;5;2;12;4;2;5;0;0;3;5;2;2.0;1.0;9;3;2;3;3;3;3;4;6;1
178;5;0;0;2;2;4;3;1;5;2;4;2;2;5;0;0;3;5;6;2.0;1.0;1;1;1;0;2;3;3;4;13;1
1012;1;1;0;2;0;1;0;1;5;2;2;2;2;4;2;3;3;6;6;2.0;1.0;9;3;2;3;3;3;3;4;18;1
1012;1;0;0;3;1;2;2;1;1;2;9;0;8;4;0;3;3;6;6;2.0;1.0;1;1;0;0;2;2;3;4;0;1
973;5;0;0;3;0;2;13;1;5;2;12;2;2;4;0;3;3;6;2;1.0;1.0;1;3;2;3;3;0;3;4;11;0
335;5;1;0;2;0;2;3;1;5;2;12;2;2;4;0;3;3;6;7;2.0;1.0;1;1;0;1;2;3;3;4;18;1
335;5;1;0;2;0;2;0;1;0;2;8;0;2;4;0;3;3;6;2;2.0;1.0;5;1;0;1;2;1;3;4;11;1
494;2;0;0;3;0;4;3;1;4;2;5;2;3;5;0;3;3;6;7;2.0;1.0;5;3;2;3;3;3;3;4;13;1
494;2;3;0;2;0;3;3;1;4;2;2;2;8;5;0;3;3;6;2;2.0;1.0;1;3;2;3;3;3;3;4;18;1
1067;6;3;0;2;0;2;4;1;5;2;8;5;3;6;0;0;3;6;7;2.0;1.0;2;1;0;0;2;3;3;4;18;1
1067;6;3;0;3;0;0;5;1;4;2;2;2;8;6;0;0;3;6;2;2.0;1.0;1;1;0;0;2;0;3;4;16;1
631;3;1;0;2;0;2;13;1;5;2;8;5;3;5;0;3;2;6;2;1.0;1.0;1;3;2;3;3;3;3;4;16;1
1026;6;1;0;2;0;4;13;3;5;2;8;0;2;4;0;3;3;6;2;3.0;1.0;1;0;0;0;2;3;3;8;1;1
1026;6;1;0;1;2;1;13;1;0;2;11;2;2;4;0;3;3;6;2;3.0;1.0;1;3;2;3;3;3;3;4;18;1
1026;6;2;1;2;0;0;6;1;3;2;9;2;2;4;0;3;3;6;2;3.0;1.0;9;1;1;4;1;6;3;4;10;1
617;3;3;0;2;0;0;13;1;5;2;8;5;3;6;0;0;2;3;2;1.0;1.0;1;1;0;0;1;3;3;4;1;2
250;4;1;0;2;0;2;0;1;5;2;8;0;2;4;0;3;3;6;6;2.0;1.0;9;0;1;0;1;3;0;5;13;1
250;4;0;0;2;0;4;11;1;5;2;8;2;2;4;0;3;3;6;2;2.0;1.0;9;3;2;3;3;3;3;4;1;1
540;0;0;0;2;0;1;3;1;1;2;9;0;0;4;0;3;2;6;7;2.0;2.0;1;0;1;1;2;3;3;8;18;1
540;0;0;0;2;0;1;3;1;1;2;8;2;2;4;0;3;2;6;7;2.0;2.0;1;1;0;0;2;3;3;4;16;1
762;4;3;0;2;0;4;5;1;5;2;2;4;2;5;0;3;2;6;7;1.0;1.0;1;3;2;3;3;0;3;4;10;0
509;1;1;0;2;0;4;12;1;5;2;12;0;2;6;0;3;2;6;2;1.0;1.0;3;0;1;0;2;3;3;5;0;1
234;6;3;0;3;0;2;3;1;1;2;12;4;2;4;0;3;3;6;6;2.0;1.0;9;2;1;4;1;3;3;4;18;1
234;6;0;0;2;0;4;5;1;2;2;12;2;2;4;0;3;3;6;2;2.0;1.0;5;1;0;0;2;6;3;4;18;1
1002;2;1;0;3;2;1;11;1;5;2;12;2;2;6;0;0;3;6;2;2.0;1.0;1;3;2;3;3;6;3;4;1;1
1002;2;2;1;2;0;2;11;1;5;2;8;0;2;6;0;0;3;6;6;2.0;1.0;1;1;1;5;2;3;3;4;0;1
990;6;4;0;2;0;3;3;1;5;2;8;1;2;4;0;3;3;6;2;2.0;1.0;1;3;2;3;3;6;3;4;0;1
990;6;0;0;2;0;2;13;1;5;2;9;0;2;4;0;3;3;6;2;2.0;1.0;1;1;0;0;1;3;3;4;10;1
194;4;0;0;1;0;4;3;1;5;2;8;4;2;4;0;3;3;6;2;2.0;1.0;1;3;2;3;3;6;3;4;13;1
194;4;1;0;2;0;2;5;1;5;2;9;2;2;4;0;3;3;6;2;2.0;1.0;1;0;1;4;2;3;3;4;1;1
391;4;0;0;3;0;0;3;1;5;2;8;0;2;6;0;3;3;6;7;2.0;1.0;1;0;0;2;1;6;3;4;17;1
391;4;4;0;2;0;2;3;1;5;2;12;2;2;6;0;3;3;6;0;2.0;1.0;1;3;2;3;3;6;3;4;18;1
71;3;3;0;0;0;0;13;1;5;2;8;4;2;6;0;0;3;3;2;1.0;1.0;1;1;0;0;2;6;3;4;18;1
189;6;0;0;2;0;4;3;1;5;2;11;0;2;4;0;3;3;6;2;3.0;1.0;1;3;2;3;3;3;3;4;1;1
189;6;0;1;2;0;0;9;1;5;2;9;4;2;4;0;3;3;6;2;3.0;1.0;1;1;0;0;2;0;3;4;0;1
189;6;0;0;2;0;2;3;1;5;2;8;0;2;4;0;3;3;6;6;3.0;1.0;1;3;2;3;3;3;3;4;6;1
324;2;1;0;2;0;1;3;1;5;2;9;0;2;6;0;3;3;6;2;2.0;3.0;9;1;1;0;2;3;3;4;18;1
324;2;3;0;2;0;2;3;1;4;2;8;0;2;6;0;3;3;6;0;2.0;3.0;1;3;2;3;3;3;3;4;1;1
324;2;3;0;2;0;1;3;1;4;2;9;4;2;6;0;3;3;6;6;2.0;3.0;9;1;1;0;2;3;3;4;13;1
293;2;1;0;2;0;1;0;1;5;2;12;5;2;6;0;3;3;6;2;1.0;1.0;9;1;1;0;2;6;3;4;18;0
438;5;3;0;2;0;4;3;0;5;2;12;2;2;0;0;3;3;6;2;2.0;1.0;1;3;2;3;3;3;3;4;17;1
438;5;4;0;2;0;0;3;1;2;2;8;2;2;0;0;3;3;6;2;2.0;1.0;1;1;0;0;2;3;3;4;1;1
88;5;1;0;0;2;0;3;1;4;2;8;2;2;5;0;3;3;6;2;2.0;1.0;1;1;1;2;2;3;3;4;18;1
88;5;3;0;0;0;5;2;1;1;2;9;2;2;5;0;3;3;6;2;2.0;1.0;1;3;2;3;3;3;3;4;6;1
304;6;1;0;2;0;0;11;1;5;2;12;2;2;5;0;3;3;6;2;3.0;2.0;1;3;2;3;3;3;3;4;16;1
304;6;3;0;2;0;2;13;3;5;2;12;0;2;5;0;3;3;6;7;3.0;2.0;1;1;1;5;2;6;3;4;0;1
304;6;2;1;2;0;4;12;1;5;2;8;2;2;5;0;3;3;6;2;3.0;2.0;1;3;2;3;3;3;3;4;13;1
203;4;0;0;2;0;4;2;1;5;2;8;2;2;4;0;0;3;6;2;2.0;3.0;5;1;0;2;2;3;3;4;16;1
203;4;0;0;2;2;2;5;1;5;2;2;0;2;4;0;0;3;6;6;2.0;3.0;1;3;2;3;3;6;3;4;17;1
203;4;2;1;3;0;1;3;3;5;2;12;4;2;4;0;0;3;6;2;2.0;3.0;1;3;2;3;3;6;3;4;1;1
975;3;2;1;2;0;1;3;1;5;2;8;0;2;6;0;3;3;6;2;2.0;1.0;8;1;0;1;2;3;3;4;1;1
975;3;0;0;2;0;3;6;1;0;2;8;2;2;6;0;3;3;6;2;2.0;1.0;2;3;2;3;3;6;3;4;10;1
164;2;0;0;2;0;1;13;1;3;2;9;2;2;4;0;3;3;6;6;4.0;1.0;1;1;0;1;2;3;3;4;13;1
164;2;0;0;2;0;1;13;1;5;2;12;0;2;4;0;3;3;6;2;4.0;1.0;5;1;0;1;2;3;3;4;0;1
164;2;2;1;3;0;2;15;1;2;2;9;2;2;4;0;3;3;6;2;4.0;1.0;9;1;1;1;2;3;3;4;0;1
164;2;2;1;2;0;4;9;3;5;2;8;2;2;4;0;3;3;6;2;4.0;1.0;1;3;2;3;3;6;3;4;18;1
618;2;0;0;2;0;2;13;1;2;2;8;0;2;4;0;3;3;6;2;2.0;1.0;5;1;0;4;2;3;3;4;13;0
618;2;1;0;2;0;1;11;1;4;2;12;0;2;4;0;3;3;6;2;2.0;1.0;9;3;2;3;3;0;3;4;18;0
523;1;1;0;2;0;2;3;1;0;2;12;5;8;4;0;3;3;6;2;1.0;1.0;1;3;2;3;3;3;3;4;6;1
654;1;1;0;0;0;1;2;1;1;2;8;4;8;5;0;3;3;6;2;4.0;2.0;1;2;1;1;2;3;3;4;17;1
654;1;0;0;2;0;2;2;1;5;2;9;2;2;5;0;3;3;6;6;4.0;2.0;9;1;0;1;2;3;3;4;16;1
654;1;1;0;2;0;0;12;1;5;2;12;2;2;5;0;3;3;6;2;4.0;2.0;1;3;2;3;3;3;3;4;13;1
654;1;1;0;2;0;1;3;2;1;2;9;0;2;5;0;3;3;6;2;4.0;2.0;3;1;0;0;1;3;3;4;0;1
42;3;1;0;2;0;4;14;1;5;2;2;2;2;6;0;0;3;3;2;3.0;1.0;1;3;2;3;3;3;3;4;18;1
42;3;1;0;2;0;3;14;3;5;2;9;2;2;6;0;0;3;3;2;3.0;1.0;1;3;2;3;3;0;3;4;6;1
42;3;1;0;2;0;1;13;1;5;2;8;4;2;6;0;0;3;3;2;3.0;1.0;9;1;0;0;2;3;3;4;1;1
644;3;0;0;2;0;3;13;3;3;2;9;2;2;5;0;3;3;6;2;2.0;2.0;1;1;0;0;2;0;3;4;13;1
644;3;0;0;1;0;2;15;1;5;2;12;4;2;5;0;3;3;6;2;2.0;2.0;1;0;0;1;2;6;3;4;18;1
644;3;0;0;0;0;0;3;1;5;2;4;2;2;5;0;3;3;6;6;2.0;2.0;1;3;2;3;3;3;3;4;0;1
101;0;3;0;2;0;3;12;1;5;2;2;2;2;4;0;3;3;6;0;2.0;2.0;1;1;0;1;1;3;3;4;16;1
101;0;1;0;2;0;2;2;1;1;2;9;0;8;4;0;3;3;6;2;2.0;2.0;1;1;0;0;2;6;3;4;19;1
101;0;1;0;1;0;3;3;1;5;2;12;2;2;4;0;3;3;6;2;2.0;2.0;9;3;2;3;3;6;3;4;18;1
392;1;1;0;1;0;3;3;1;5;2;12;2;2;4;0;3;3;6;2;2.0;1.0;1;1;1;0;2;3;3;4;18;2
392;1;0;0;2;0;2;3;1;0;2;8;0;2;4;0;3;3;6;2;2.0;1.0;1;3;2;3;3;3;3;4;1;2
220;6;1;0;1;0;1;3;1;4;2;5;2;3;4;0;3;3;6;2;2.0;1.0;9;3;2;3;3;6;3;4;16;1
220;6;0;0;2;0;4;0;1;4;2;2;2;8;4;0;3;3;6;2;2.0;1.0;9;1;0;1;2;6;3;4;6;1
561;0;1;0;2;0;4;15;1;5;2;8;5;3;0;0;3;3;6;2;2.0;1.0;1;2;0;1;2;3;3;4;0;0
561;0;1;0;2;0;2;13;1;4;2;2;2;8;0;0;3;3;6;2;2.0;1.0;1;2;1;2;2;3;3;4;18;0
770;4;4;0;2;0;0;13;1;5;2;8;5;3;4;0;3;2;6;6;2.0;3.0;1;1;0;5;2;3;3;4;0;1
770;4;4;0;4;0;3;11;3;5;2;8;0;2;4;0;3;2;6;2;2.0;3.0;1;3;2;3;3;3;3;4;18;1
770;4;4;0;2;0;3;2;1;0;2;11;2;2;4;0;3;2;6;2;2.0;3.0;1;0;0;1;2;3;3;8;10;1
1023;3;0;0;1;0;1;3;1;3;2;9;2;2;6;0;0;3;3;2;1.0;1.0;1;0;1;0;2;3;3;7;1;0
347;1;1;0;2;2;0;4;1;5;2;8;5;3;4;0;3;3;6;2;2.0;1.0;1;3;2;3;3;3;3;4;19;0
347;1;1;0;2;0;2;9;1;5;2;7;5;2;4;0;3;3;6;7;2.0;1.0;1;1;0;0;2;3;3;4;12;0
625;4;4;0;3;0;1;3;1;5;2;12;2;2;6;0;3;3;6;7;1.0;1.0;1;3;2;3;3;3;3;4;6;0
704;3;1;0;3;2;2;4;1;5;2;9;0;2;5;0;3;2;6;2;2.0;2.0;1;1;0;0;2;3;3;4;11;1
704;3;0;0;2;0;4;9;1;5;2;8;0;2;5;0;3;2;6;2;2.0;2.0;5;0;1;0;2;3;3;4;18;1
683;4;4;0;2;0;2;11;1;5;2;8;0;2;4;0;3;3;6;2;1.0;2.0;1;1;0;0;2;3;3;4;3;0
683;4;4;0;1;0;2;13;1;5;2;9;0;2;4;0;3;3;6;0;1.0;2.0;2;3;2;3;3;3;3;4;6;0
871;5;4;0;2;0;2;12;1;5;2;8;0;2;6;0;0;3;3;2;2.0;2.0;1;1;0;0;2;3;3;4;17;0
871;5;4;0;2;0;4;3;1;5;2;8;0;2;6;0;0;3;3;2;2.0;2.0;2;3;2;3;3;3;3;4;18;0
871;5;0;0;2;0;0;14;1;5;2;8;2;2;6;0;0;3;3;7;2.0;2.0;1;3;2;3;3;3;3;4;16;0
1052;6;1;0;2;0;1;3;1;5;2;8;2;2;6;0;3;3;6;2;2.0;2.0;2;1;0;1;2;3;3;4;19;2
1052;6;1;0;2;0;0;5;1;5;2;12;0;2;6;0;3;3;6;2;2.0;2.0;1;3;2;3;3;3;3;4;17;2
513;3;2;1;2;0;2;15;1;5;2;12;2;2;4;0;3;3;6;2;2.0;1.0;1;1;0;4;2;3;3;4;0;1
513;3;4;0;3;0;2;4;1;1;2;12;2;2;4;0;3;3;6;7;2.0;1.0;2;1;0;0;2;3;3;4;13;1
358;3;3;0;2;0;2;13;1;1;2;9;4;2;4;0;3;3;6;2;2.0;2.0;5;3;2;3;3;3;3;4;1;1
358;3;0;0;2;0;4;2;1;1;2;11;0;0;4;0;3;3;6;7;2.0;2.0;1;1;0;1;2;3;3;4;18;1
202;5;1;0;2;0;1;3;1;1;2;9;0;0;4;0;3;3;6;2;2.0;1.0;1;3;2;3;3;3;3;4;6;0
202;5;3;0;2;2;4;14;1;1;2;8;2;2;4;0;3;3;6;2;2.0;1.0;1;1;0;1;2;3;3;4;10;0
644;0;2;1;2;0;1;15;1;5;2;2;4;2;4;0;3;3;6;2;2.0;1.0;9;3;2;3;3;3;3;4;6;1
644;0;4;0;3;1;2;14;1;5;2;12;0;2;4;0;3;3;6;2;2.0;1.0;1;1;0;1;2;3;3;4;6;1
533;0;3;0;3;0;2;3;1;1;2;12;4;2;6;0;3;3;6;2;1.0;1.0;1;1;1;4;2;3;3;4;0;1
174;4;2;1;2;0;2;12;1;2;2;12;2;2;6;0;3;3;6;6;1.0;1.0;1;1;0;0;2;3;3;4;18;0
486;3;1;0;2;0;2;12;1;5;2;12;2;2;6;0;3;3;6;2;2.0;3.0;1;2;1;5;2;3;3;4;6;1
486;3;1;0;3;0;4;14;1;5;2;8;0;2;6;0;3;3;6;2;2.0;3.0;5;1;0;0;2;3;3;4;17;1
486;3;1;0;2;0;3;15;1;5;2;8;1;2;6;0;3;3;6;6;2.0;3.0;1;3;2;3;3;3;3;4;18;1
486;3;0;0;2;0;2;15;1;5;2;9;0;2;6;0;3;3;6;2;2.0;3.0;1;1;1;0;2;3;3;4;13;1
956;3;0;0;3;0;0;14;1;5;2;8;4;2;6;0;3;3;6;2;2.0;1.0;4;3;2;3;3;3;3;4;13;1
956;3;0;0;2;0;4;16;1;5;2;9;2;2;6;0;3;3;6;2;2.0;1.0;1;3;2;3;3;3;3;4;16;1
51;1;4;0;3;2;1;14;1;5;2;8;0;2;0;0;3;3;6;2;2.0;1.0;9;1;0;2;2;3;3;4;18;1
51;1;3;0;2;0;2;14;1;5;2;12;2;2;0;0;3;3;6;7;2.0;1.0;9;1;0;1;2;3;3;4;13;1
753;4;3;0;2;0;3;6;1;5;2;8;4;2;6;0;3;0;6;7;1.0;1.0;1;3;2;3;3;3;3;4;0;0
30;2;0;0;2;0;2;3;1;5;2;11;0;2;6;0;3;2;6;2;1.0;2.0;5;1;0;0;2;3;3;4;13;0
30;2;0;0;1;0;4;3;1;5;2;9;4;2;6;0;3;2;6;2;1.0;2.0;1;3;2;3;3;3;3;4;0;0
63;6;0;0;2;0;2;4;1;5;2;8;0;2;4;0;3;3;6;6;1.0;2.0;1;0;1;5;1;3;3;5;6;1
63;6;0;0;3;0;0;3;1;5;2;9;0;2;4;0;3;3;6;2;1.0;2.0;1;3;2;3;3;3;3;4;0;1
195;4;0;0;2;0;2;11;1;5;2;8;0;2;6;0;0;3;3;2;2.0;3.0;1;1;0;1;2;3;3;4;18;1
195;4;3;0;0;0;0;3;1;1;2;8;2;2;6;0;0;3;3;2;2.0;3.0;1;3;2;3;3;6;3;4;13;1
195;4;3;0;2;0;4;3;1;5;2;9;0;2;6;0;0;3;3;2;2.0;3.0;1;1;0;1;1;6;3;4;6;1
457;6;0;0;2;0;0;3;1;5;2;12;2;2;4;0;3;3;6;6;4.0;1.0;1;0;1;2;2;3;3;4;18;1
457;6;1;0;2;0;2;14;1;4;2;4;0;2;4;0;3;3;6;2;4.0;1.0;1;3;2;3;3;3;3;4;16;1
457;6;1;0;2;0;1;6;1;5;2;8;2;2;4;0;3;3;6;2;4.0;1.0;5;1;0;0;2;3;3;4;0;1
457;6;1;0;2;0;2;6;2;5;2;1;2;2;4;0;3;3;6;6;4.0;1.0;1;3;2;3;3;3;3;4;13;1
441;0;1;0;2;0;1;15;1;0;2;9;2;2;6;0;3;3;6;2;3.0;4.0;8;1;0;0;2;3;3;4;10;1
441;0;4;0;2;0;1;15;1;4;2;9;0;2;6;0;3;3;6;6;3.0;4.0;1;3;2;3;3;3;3;4;0;1
441;0;1;0;2;0;4;4;1;2;2;2;0;8;6;0;3;3;6;2;3.0;4.0;1;1;1;2;2;3;3;4;16;1
441;0;1;0;2;0;0;3;1;2;2;9;0;2;6;0;3;3;6;2;3.0;4.0;1;1;0;4;1;3;3;4;1;1
441;0;1;0;0;2;0;3;1;5;2;12;5;2;6;0;3;3;6;2;3.0;4.0;11;1;0;0;2;3;3;4;6;1
98;2;0;0;0;0;5;3;1;2;2;12;0;2;6;0;0;3;3;2;3.0;2.0;1;3;2;3;3;6;3;4;17;1
98;2;0;0;2;0;0;14;1;5;2;12;1;2;6;0;0;3;3;2;3.0;2.0;1;0;1;0;1;3;3;4;17;1
98;2;1;0;2;0;2;14;1;5;2;2;1;2;6;0;0;3;3;2;3.0;2.0;1;0;0;4;2;3;3;4;0;1
820;4;0;0;2;0;4;3;3;5;2;12;1;2;6;0;3;2;6;2;1.0;2.0;1;1;0;1;2;3;3;4;8;0
820;4;0;0;2;0;4;11;1;5;2;2;1;2;6;0;3;2;6;2;1.0;2.0;4;3;2;3;3;3;3;4;1;0
416;5;1;0;2;2;2;3;1;5;2;2;2;2;5;0;3;3;6;7;2.0;1.0;1;1;1;0;2;3;3;4;1;1
416;5;4;0;3;0;1;2;1;4;2;12;0;2;5;0;3;3;6;6;2.0;1.0;1;3;2;3;3;3;3;4;7;1
426;0;1;0;2;0;1;10;3;2;2;12;0;2;6;0;3;3;6;2;2.0;1.0;9;3;2;3;3;3;3;4;1;1
426;0;4;0;2;0;3;13;1;2;2;11;5;2;6;0;3;3;6;2;2.0;1.0;1;1;0;0;2;3;3;4;10;1
439;5;1;0;2;0;1;4;1;4;2;9;0;2;7;0;3;3;6;6;2.0;1.0;9;3;2;3;3;3;3;4;17;1
439;5;1;0;2;0;1;15;1;0;2;12;2;2;7;0;3;3;6;2;2.0;1.0;1;1;1;1;2;3;3;4;1;1
474;2;1;0;3;0;2;13;1;4;2;8;0;2;4;0;3;3;6;2;1.0;1.0;1;0;1;1;2;3;3;5;13;1
770;3;1;0;2;0;4;9;1;4;2;9;0;2;5;0;3;2;6;7;2.0;1.0;1;3;2;3;3;6;3;4;18;0
770;3;1;0;2;0;2;3;1;4;2;12;4;8;5;0;3;2;6;2;2.0;1.0;1;1;0;0;2;6;3;4;0;0
306;3;4;0;2;0;1;3;1;4;2;9;2;2;0;2;3;3;6;7;2.0;2.0;11;3;2;3;3;3;3;4;16;1
306;3;4;0;2;0;2;3;1;2;2;9;0;2;0;0;3;3;6;2;2.0;2.0;1;1;0;0;2;3;3;4;13;1
306;3;3;0;0;0;1;11;1;5;2;9;2;2;0;0;3;3;6;2;2.0;2.0;1;1;0;0;2;6;3;4;11;1
288;4;2;1;2;0;2;3;1;0;2;12;5;2;4;0;3;3;6;6;3.0;1.0;1;3;2;3;3;6;3;4;1;1
288;4;0;0;2;0;0;0;1;2;2;12;0;2;4;0;3;3;6;2;3.0;1.0;1;1;1;1;2;3;3;4;0;1
288;4;0;0;2;0;1;0;1;2;2;12;4;2;4;0;3;3;6;2;3.0;1.0;1;1;1;4;2;0;3;4;11;1
182;2;1;0;2;0;4;11;1;0;2;3;0;2;4;0;0;3;3;2;2.0;4.0;1;3;2;3;3;3;3;4;12;1
182;2;0;0;2;0;3;3;1;1;2;9;0;2;4;0;0;3;3;7;2.0;4.0;0;1;0;0;2;3;3;4;4;1
182;2;0;0;2;0;1;8;1;2;2;9;4;2;4;0;0;3;3;6;2.0;4.0;4;1;0;1;2;3;3;4;16;1
182;2;0;0;2;0;3;3;1;2;2;9;0;2;4;0;0;3;3;7;2.0;4.0;3;2;0;4;2;3;3;4;0;1
182;2;0;0;1;0;2;13;1;0;2;12;2;2;4;1;0;3;3;2;2.0;4.0;9;2;1;1;2;3;3;4;13;1
514;0;0;0;0;0;0;3;1;0;2;8;2;2;6;0;3;3;6;2;2.0;1.0;9;2;1;1;2;3;3;4;1;1
514;0;0;0;2;0;3;6;1;1;2;12;5;2;6;0;3;3;6;2;2.0;1.0;1;1;0;0;2;3;3;4;17;1
99;3;0;0;2;0;2;10;1;5;2;8;3;2;4;0;3;3;6;2;2.0;1.0;4;1;0;1;2;3;3;4;18;1
99;3;0;0;1;0;3;3;1;5;2;9;2;2;4;0;3;3;6;2;2.0;1.0;1;3;2;3;3;6;3;4;16;1
956;5;3;0;1;0;3;6;1;5;2;8;3;6;4;0;3;3;6;6;2.0;2.0;1;1;0;0;2;6;3;4;18;1
956;5;0;0;2;0;2;3;1;5;2;8;3;2;4;0;3;3;6;6;2.0;2.0;11;3;2;3;3;6;3;4;18;1
956;5;0;0;1;0;1;13;2;5;2;12;3;2;4;0;3;3;6;2;2.0;2.0;1;3;2;3;3;6;3;4;13;1
386;5;0;0;2;0;4;13;1;5;2;8;2;2;6;0;0;3;3;2;2.0;1.0;1;1;0;4;2;3;3;4;0;1
386;5;1;0;2;0;4;5;1;5;2;8;2;2;6;0;0;3;3;2;2.0;1.0;11;3;2;3;3;6;3;4;17;1
529;6;4;0;2;0;2;13;3;5;2;8;4;2;4;0;0;3;3;2;2.0;1.0;0;1;1;0;2;6;3;4;13;1
529;6;2;1;2;0;0;13;1;5;2;12;0;2;4;0;0;3;3;2;2.0;1.0;1;3;2;3;3;6;3;4;19;1
487;5;0;0;4;0;3;5;1;5;2;9;2;2;6;0;3;3;6;2;3.0;1.0;9;1;1;0;2;3;3;4;11;0
487;5;1;0;2;0;3;0;1;1;2;9;2;6;6;0;3;3;6;2;3.0;1.0;3;2;1;5;2;3;3;4;12;0
487;5;1;0;1;0;1;3;1;2;2;2;2;2;6;0;3;3;6;2;3.0;1.0;1;1;0;1;2;3;3;4;0;0
319;2;0;0;2;2;0;4;1;2;2;12;2;2;4;0;3;3;6;2;3.0;2.0;1;3;2;3;3;3;3;4;14;1
319;2;1;0;2;0;2;11;1;5;2;9;2;2;4;0;3;3;6;2;3.0;2.0;4;3;2;3;3;6;3;4;4;1
319;2;1;0;3;0;1;2;1;1;2;12;0;2;4;0;3;3;6;1;3.0;2.0;9;3;2;3;3;3;3;4;1;1
48;5;0;0;3;2;2;3;1;1;2;9;0;2;5;0;3;3;6;2;1.0;1.0;1;1;0;1;2;3;3;4;0;1
558;6;1;0;2;0;4;3;1;1;2;9;2;2;5;0;3;3;6;6;1.0;1.0;9;3;2;3;3;3;3;4;17;1
304;0;0;0;2;0;2;11;1;2;2;12;2;2;6;0;0;3;6;2;2.0;3.0;1;1;0;1;2;3;3;4;5;1
304;0;1;0;1;0;2;4;1;5;2;12;2;2;6;0;0;3;6;2;2.0;3.0;1;1;0;0;2;3;3;4;1;1
304;0;1;0;2;0;2;13;1;5;2;12;0;2;6;0;0;3;6;2;2.0;3.0;1;3;2;3;3;3;3;4;16;1
992;2;4;0;2;0;4;3;1;5;2;12;3;2;6;0;0;3;6;2;1.0;1.0;1;1;0;0;2;3;3;4;0;0
713;6;2;1;2;0;0;3;1;5;2;9;2;2;4;0;3;0;1;2;2.0;1.0;1;0;1;5;2;3;3;4;18;1
713;6;0;0;2;0;1;13;1;1;2;1;0;2;4;0;3;0;1;2;2.0;1.0;1;0;1;5;2;6;3;4;17;1
332;0;0;0;2;0;0;13;1;5;2;12;5;2;6;0;0;3;3;6;2.0;2.0;1;3;2;3;3;3;3;4;18;1
332;0;3;0;2;0;2;13;1;5;2;8;0;2;6;0;0;3;3;6;2.0;2.0;1;1;0;0;2;6;3;4;16;1
332;0;3;0;3;0;2;4;1;5;2;12;0;2;6;0;0;3;3;2;2.0;2.0;1;1;0;1;2;3;3;4;4;1
678;2;1;0;2;0;2;4;1;5;2;8;0;2;6;0;3;2;6;6;2.0;4.0;1;3;2;3;3;3;3;4;6;2
678;2;1;0;2;0;4;3;1;5;2;8;4;2;6;0;3;2;6;6;2.0;4.0;1;3;2;3;3;3;3;4;1;2
678;2;0;0;2;0;1;2;1;5;2;8;0;2;6;0;3;2;6;2;2.0;4.0;5;1;1;0;2;3;3;4;6;2
678;2;0;0;2;2;4;3;1;5;2;12;0;2;6;0;3;2;6;2;2.0;4.0;5;1;1;1;2;3;3;4;1;2
388;6;0;0;2;0;1;3;3;5;2;12;3;2;6;0;3;3;6;6;3.0;1.0;1;3;2;3;3;3;3;4;16;1
388;6;1;0;3;1;2;9;1;5;2;8;1;2;6;0;3;3;6;2;3.0;1.0;1;3;2;3;3;6;3;4;18;1
388;6;3;0;3;0;2;3;1;5;2;9;5;2;6;0;3;3;6;2;3.0;1.0;3;1;0;0;2;3;3;4;0;1
332;0;1;0;2;0;2;3;3;1;2;1;0;2;6;0;0;3;6;2;2.0;1.0;1;3;2;3;3;6;3;4;0;1
332;0;1;0;2;0;2;5;1;0;2;12;5;2;6;0;0;3;6;2;2.0;1.0;1;1;0;0;2;3;3;4;9;1
293;4;3;0;3;0;4;14;1;4;2;9;5;2;6;0;3;3;6;2;1.0;1.0;1;1;0;1;2;3;3;4;18;2
563;3;1;0;2;0;3;3;1;5;2;12;5;2;4;0;3;3;6;2;2.0;2.0;1;3;2;3;3;3;3;4;0;1
563;3;3;0;2;0;2;3;1;5;2;12;5;2;4;0;3;3;6;7;2.0;2.0;1;1;0;1;2;3;3;4;1;1
412;0;3;0;3;0;0;0;1;2;2;12;4;2;4;0;0;3;6;2;1.0;1.0;3;3;2;3;3;6;3;4;19;1
464;6;0;0;2;0;2;4;1;5;2;12;2;2;4;0;3;3;6;6;2.0;1.0;1;0;1;0;2;3;3;6;4;1
464;6;0;0;2;0;4;13;1;1;2;12;5;2;4;0;3;3;6;2;2.0;1.0;1;2;1;0;2;3;3;4;4;1
1025;5;1;0;1;2;1;3;1;5;2;11;0;2;6;0;3;3;6;2;2.0;1.0;5;1;1;0;2;6;3;4;18;0
1025;5;3;0;2;0;0;6;1;5;2;8;2;2;6;0;3;3;6;2;2.0;1.0;1;3;2;3;3;3;3;4;16;0
72;1;3;0;2;0;0;3;1;5;2;8;2;2;6;0;3;3;6;2;2.0;1.0;1;3;2;3;3;3;3;4;11;1
72;1;3;0;0;2;1;0;1;2;2;8;2;2;6;0;3;3;6;2;2.0;1.0;1;1;0;1;2;3;3;4;17;1
678;1;0;0;2;0;2;5;1;5;2;11;2;2;5;0;3;2;6;2;2.0;1.0;1;0;0;4;2;3;3;6;18;2
678;1;0;0;3;2;1;3;3;5;2;11;0;2;5;0;3;2;6;2;2.0;1.0;1;3;2;3;3;6;3;4;0;2
358;0;4;0;2;0;0;13;1;5;2;8;2;2;4;0;3;3;6;2;3.0;1.0;2;1;0;5;2;6;3;4;6;0
358;0;0;0;2;2;2;3;1;5;2;8;2;2;4;0;3;3;6;2;3.0;1.0;5;1;0;0;2;3;3;4;0;0
358;0;1;0;2;0;3;4;3;4;2;11;2;2;4;0;3;3;6;6;3.0;1.0;1;3;2;3;3;6;3;4;11;0
563;4;0;0;2;0;1;5;1;0;2;12;2;2;6;0;3;3;6;2;3.0;1.0;1;3;2;3;3;3;3;4;4;1
563;4;0;0;2;0;2;3;1;4;2;12;2;2;6;0;3;3;6;6;3.0;1.0;1;1;0;0;2;3;3;4;7;1
563;4;0;0;2;0;4;3;1;3;2;12;0;2;6;0;3;3;6;2;3.0;1.0;1;0;0;2;1;3;3;6;9;1
1050;2;1;0;3;0;1;3;1;4;2;12;2;2;4;0;3;3;6;2;2.0;1.0;1;3;2;3;3;3;3;4;15;1
1050;2;0;0;3;2;4;11;1;5;2;9;0;2;4;0;3;3;6;2;2.0;1.0;1;1;0;0;2;3;3;4;0;1
104;3;3;0;2;0;0;2;3;0;2;12;0;2;4;0;3;3;6;7;1.0;2.0;1;1;0;5;2;3;3;4;18;1
104;3;3;0;2;0;2;2;1;0;2;12;0;2;4;0;3;3;6;2;1.0;2.0;1;3;2;3;3;6;3;4;4;1
970;0;1;0;2;0;1;2;1;5;2;4;0;2;4;0;3;3;6;2;1.0;1.0;1;3;2;3;3;3;3;4;16;1
894;0;0;0;2;0;1;6;1;5;2;1;0;2;6;0;0;3;6;2;1.0;2.0;9;1;0;1;2;3;3;4;1;1
894;0;0;0;2;0;1;13;1;4;2;2;2;2;6;0;0;3;6;7;1.0;2.0;9;3;2;3;3;3;3;4;17;1
1039;1;0;0;2;0;1;5;1;5;2;8;2;2;5;0;3;3;6;6;2.0;1.0;4;1;0;0;2;3;3;4;13;0
1039;1;0;0;2;0;4;3;1;5;2;12;2;2;5;0;3;3;6;2;2.0;1.0;5;2;0;0;2;3;3;4;11;0
1044;0;1;0;2;0;4;3;1;5;2;8;0;2;4;1;3;3;6;2;2.0;1.0;5;3;2;3;3;3;3;4;1;1
1044;0;1;0;3;0;2;11;1;5;2;8;2;2;4;0;3;3;6;2;2.0;1.0;1;1;0;0;2;3;3;4;0;1
464;6;3;0;2;0;2;13;1;5;2;12;2;2;6;0;3;3;6;2;2.0;1.0;1;3;2;3;3;6;3;4;11;1
464;6;1;0;2;0;1;13;1;4;2;9;0;2;6;0;3;3;6;2;2.0;1.0;5;3;2;3;3;6;3;4;12;1
360;2;1;0;3;0;2;13;1;4;2;8;5;3;6;0;3;3;6;2;2.0;1.0;5;1;1;2;2;3;3;4;4;1
360;2;4;0;2;0;2;0;1;4;2;9;5;2;6;2;3;3;6;2;2.0;1.0;1;1;0;1;2;6;3;4;16;1
338;5;1;0;2;0;4;5;1;5;2;11;2;2;5;0;3;3;6;6;2.0;1.0;2;3;2;3;3;3;3;4;0;0
338;5;4;0;2;0;2;2;1;4;2;8;2;7;5;0;3;3;6;6;2.0;1.0;5;1;1;0;2;6;3;4;13;0
658;4;0;0;2;0;4;5;1;2;2;12;5;2;4;0;3;2;6;2;2.0;2.0;4;1;0;0;2;0;3;4;1;1
658;4;0;0;3;0;3;2;1;4;2;12;0;2;4;0;3;2;6;2;2.0;2.0;1;3;2;3;3;3;3;4;17;1
937;3;1;0;3;0;2;5;1;4;2;2;5;2;4;0;3;3;6;2;2.0;1.0;1;3;2;3;3;3;3;4;18;1
937;3;4;0;3;0;0;11;1;5;2;8;2;2;4;0;3;3;6;2;2.0;1.0;1;1;0;0;2;3;3;4;16;1
588;2;3;0;3;0;2;3;1;5;2;12;2;2;1;0;3;2;6;2;1.0;1.0;1;0;0;1;2;3;3;4;18;1
907;3;1;0;3;0;2;13;1;5;2;8;2;0;4;0;0;0;3;0;2.0;1.0;1;0;0;4;2;3;3;7;18;1
907;3;4;0;3;0;1;10;1;5;2;8;2;2;4;0;0;0;3;2;2.0;1.0;1;0;0;1;2;3;3;1;13;1
146;0;0;0;3;0;2;13;1;4;2;8;2;7;4;0;3;3;6;6;3.0;2.0;1;3;2;3;3;6;3;4;0;1
146;0;0;0;2;0;2;13;1;4;2;2;0;7;4;0;3;3;6;7;3.0;2.0;1;0;0;5;2;6;3;5;17;1
146;0;3;0;2;0;4;0;1;4;2;8;0;6;4;0;3;3;6;2;3.0;2.0;1;1;0;1;2;6;3;4;13;1
514;5;1;0;2;0;4;3;1;2;2;12;3;6;4;0;3;3;6;2;2.0;1.0;5;1;1;0;2;3;3;4;19;0
514;5;3;0;3;0;3;3;1;5;2;12;2;2;4;0;3;3;6;2;2.0;1.0;1;3;2;3;3;3;3;4;11;0
126;2;4;0;3;0;2;3;1;2;2;2;6;3;4;0;3;3;6;2;2.0;1.0;1;1;0;0;2;3;3;4;12;1
126;2;3;0;3;2;2;0;1;0;2;11;0;2;4;0;3;3;6;2;2.0;1.0;9;0;0;0;1;6;3;4;0;1
140;4;0;0;3;0;1;15;1;5;2;2;2;2;4;0;3;3;6;2;2.0;1.0;1;2;1;1;2;3;3;4;14;1
140;4;0;0;3;0;4;4;1;4;2;8;0;2;4;0;3;3;6;2;2.0;1.0;9;1;0;2;2;0;3;4;4;1
1020;0;1;0;3;0;1;15;1;1;2;12;5;2;6;0;3;3;6;6;1.0;1.0;5;1;0;1;2;1;3;4;1;0
983;1;0;0;2;0;4;4;1;4;2;2;2;5;6;0;3;3;3;0;1.0;1.0;1;0;0;0;2;3;3;5;0;1
755;0;0;0;2;0;3;10;3;0;2;12;3;2;5;3;3;2;6;2;2.0;1.0;2;0;0;5;2;3;3;8;17;1
755;0;1;0;2;0;1;15;3;4;2;12;3;2;5;0;3;2;6;7;2.0;1.0;1;1;0;0;2;3;3;4;5;1
461;5;1;0;2;0;2;3;1;2;2;8;0;2;6;0;3;3;6;2;3.0;1.0;5;3;2;3;3;3;3;4;18;1
461;5;2;1;3;2;0;2;1;5;2;1;5;2;6;0;3;3;6;2;3.0;1.0;5;1;0;0;2;3;3;4;16;1
461;5;2;1;2;0;2;3;3;5;2;8;5;0;6;0;3;3;6;2;3.0;1.0;1;3;2;3;3;6;3;4;4;1
278;2;1;0;2;0;1;6;1;2;2;4;5;2;4;1;3;3;6;2;2.0;1.0;1;3;2;3;3;3;3;4;6;1
278;2;4;0;2;0;1;13;1;5;2;12;2;2;4;0;3;3;6;6;2.0;1.0;1;1;0;4;2;3;3;4;1;1
885;0;0;0;2;0;2;3;1;5;2;9;0;2;6;0;0;2;6;2;2.0;1.0;1;1;0;1;2;3;3;4;6;0
885;0;0;0;2;2;3;3;3;4;2;9;5;2;6;0;0;2;6;2;2.0;1.0;1;1;1;1;2;3;3;4;1;0
716;3;1;0;1;0;3;3;1;0;2;4;5;2;5;0;0;2;3;2;2.0;1.0;1;3;2;3;3;3;3;4;16;1
716;3;1;0;2;0;2;13;1;1;2;9;0;2;5;0;0;2;3;2;2.0;1.0;1;3;2;3;3;6;3;4;18;1
533;5;3;0;2;0;3;3;1;5;2;9;5;2;6;0;3;2;6;2;2.0;1.0;1;1;0;0;2;3;3;4;0;1
533;5;1;0;2;0;1;13;1;5;2;8;0;2;6;0;3;2;6;2;2.0;1.0;1;1;0;1;2;3;3;4;0;1
499;3;0;0;2;0;1;12;1;1;2;8;3;4;6;0;0;2;6;2;1.0;1.0;1;2;1;0;2;3;3;4;9;1
427;2;1;0;2;0;2;13;1;4;2;8;5;2;4;0;3;3;6;2;2.0;1.0;1;3;2;3;3;3;3;4;18;1
427;2;1;0;3;0;2;13;1;0;2;8;0;4;4;0;3;3;6;2;2.0;1.0;2;1;0;5;2;3;3;4;0;1
426;1;1;0;2;2;2;2;1;5;2;8;4;2;4;0;0;2;6;2;2.0;3.0;1;1;0;1;2;6;3;4;1;1
426;1;1;0;2;0;2;11;1;5;2;8;0;2;4;0;0;2;6;2;2.0;3.0;5;1;1;0;2;3;3;4;19;1
426;1;3;0;2;2;2;11;1;5;2;8;5;2;4;0;0;2;6;2;2.0;3.0;1;3;2;3;3;3;3;4;4;1
464;0;0;0;5;0;1;13;1;4;2;9;5;2;5;0;3;2;6;2;2.0;1.0;3;2;1;4;2;3;3;4;4;1
464;0;4;0;2;0;2;13;1;2;2;9;4;2;5;0;3;2;6;2;2.0;1.0;1;0;1;5;2;3;3;6;18;1
988;6;2;1;2;0;3;2;1;5;2;12;4;2;4;0;0;3;7;2;1.0;1.0;1;1;0;1;2;3;3;4;16;1
194;5;0;0;2;0;0;3;1;2;2;2;0;2;4;0;3;3;6;6;2.0;1.0;1;3;2;3;3;3;3;4;11;1
194;5;4;0;3;0;1;3;1;5;2;1;5;2;4;0;3;3;6;2;2.0;1.0;1;1;1;0;2;3;3;4;17;1
775;0;2;1;3;0;1;12;1;5;2;4;0;2;5;0;0;2;3;2;3.0;1.0;4;3;2;3;3;3;3;4;18;1
775;0;0;0;3;0;2;13;1;5;2;9;5;2;5;0;0;2;3;2;3.0;1.0;6;1;0;0;1;6;3;4;0;1
775;0;0;1;2;0;2;2;1;4;2;9;5;1;5;0;0;2;3;2;3.0;1.0;6;3;2;3;3;3;3;4;6;1
660;5;1;0;2;0;4;3;1;1;2;8;3;2;5;0;3;2;6;7;2.0;1.0;6;0;0;1;2;3;3;8;0;1
660;5;0;0;3;2;1;0;1;1;2;0;0;2;5;0;3;2;6;2;2.0;1.0;6;3;2;3;3;3;3;4;11;1
84;0;1;0;2;0;2;11;1;5;2;13;5;2;4;0;3;3;6;2;1.0;1.0;5;1;0;0;2;3;3;4;4;1
406;6;0;0;2;0;3;3;1;5;2;4;5;2;6;0;0;2;6;2;2.0;2.0;6;0;0;4;1;3;3;8;7;1
406;6;3;0;2;0;2;13;1;5;2;9;1;2;6;0;0;2;6;2;2.0;2.0;4;1;0;1;2;0;3;4;9;1
406;6;3;0;1;0;4;2;3;3;2;9;0;2;6;0;0;2;6;2;2.0;2.0;6;3;2;3;3;3;3;4;15;1
350;1;2;1;2;0;0;13;1;1;2;9;0;6;6;0;0;2;3;2;2.0;1.0;1;3;2;3;3;3;3;4;17;1
350;1;1;0;2;0;2;4;1;5;2;9;5;2;6;0;0;2;3;2;2.0;1.0;1;3;2;3;3;0;3;4;11;1
341;0;4;0;2;0;1;15;1;5;1;5;5;2;5;0;0;2;6;2;2.0;1.0;5;1;0;1;1;6;3;4;6;1
341;0;3;0;2;0;2;3;1;4;2;9;5;2;5;0;0;2;6;6;2.0;1.0;1;3;2;3;3;3;3;4;16;1
956;1;0;0;2;0;1;3;1;2;0;2;5;2;1;0;0;3;6;2;2.0;1.0;1;1;0;0;2;3;3;4;17;0
956;1;1;0;2;0;1;4;1;5;2;8;0;2;1;0;0;3;6;2;2.0;1.0;1;0;1;1;2;6;3;4;0;0
421;6;1;0;2;0;4;3;1;5;2;8;2;3;4;0;3;3;6;2;1.0;1.0;1;0;0;1;2;3;3;4;6;0
327;6;1;0;2;0;0;2;3;5;2;8;2;4;6;0;0;3;1;2;1.0;1.0;1;1;1;0;2;3;3;4;0;1
1058;6;3;0;0;2;0;13;1;1;2;12;0;3;7;0;3;3;6;2;2.0;2.0;2;3;2;3;3;3;3;4;0;1
1058;6;3;0;0;0;5;6;1;1;2;12;0;2;7;0;3;3;6;2;2.0;2.0;9;1;0;0;2;6;3;4;1;1
1058;6;2;1;2;0;0;4;1;5;2;9;2;2;7;0;3;3;6;2;2.0;2.0;8;0;0;5;2;0;3;4;3;1
51;0;0;0;2;0;2;11;1;5;2;12;2;2;6;0;0;3;3;6;1.0;1.0;1;1;0;1;2;3;3;4;6;1
1016;1;3;0;2;0;4;2;1;3;2;12;0;0;4;0;0;3;5;2;1.0;1.0;1;3;2;3;3;6;3;4;18;1
194;1;0;0;2;0;4;4;1;2;2;12;2;2;6;0;0;3;3;2;2.0;1.0;1;3;2;3;3;3;3;4;6;0
194;1;4;0;2;2;2;6;3;2;2;12;0;2;6;0;0;3;3;2;2.0;1.0;1;1;0;0;2;3;3;4;1;0
426;3;0;0;3;0;1;5;1;1;2;12;3;0;4;0;0;2;6;2;2.0;1.0;1;1;0;0;2;3;3;4;16;1
426;3;1;0;2;0;1;13;1;5;2;12;2;2;4;0;0;2;6;0;2.0;1.0;1;3;2;3;3;3;3;4;0;1
667;4;0;0;2;0;3;4;1;1;2;2;2;2;4;0;0;2;3;2;1.0;1.0;1;1;0;0;1;6;3;4;18;2
370;3;4;0;2;0;1;13;1;2;2;12;0;2;5;0;0;2;1;2;2.0;1.0;1;3;2;3;3;3;3;4;13;1
370;3;1;0;2;0;1;4;2;1;2;4;2;2;5;0;0;2;1;6;2.0;1.0;1;1;0;1;2;3;3;4;13;1
436;5;0;0;3;0;2;14;1;5;2;9;3;2;4;0;3;2;6;2;2.0;1.0;1;0;1;0;2;3;3;4;18;1
436;5;0;0;2;0;4;3;3;4;2;12;2;2;4;0;3;2;6;2;2.0;1.0;1;3;2;3;3;6;3;4;18;1
710;4;1;0;2;0;2;2;1;5;2;8;2;2;6;0;0;2;0;2;1.0;1.0;5;1;1;0;2;3;3;4;18;1
963;6;0;0;2;0;1;3;1;5;2;4;6;2;6;0;0;3;3;6;2.0;1.0;1;2;1;1;2;3;3;4;17;1
963;6;0;0;2;0;2;6;1;0;2;4;3;2;6;0;0;3;3;6;2.0;1.0;9;1;1;0;2;3;3;4;6;1
631;2;1;0;0;0;1;10;1;5;2;12;2;2;4;0;3;2;6;2;2.0;1.0;5;2;1;0;2;1;3;4;0;1
631;2;2;1;2;0;2;13;2;4;2;3;2;2;4;0;3;2;6;2;2.0;1.0;1;2;1;0;2;0;3;4;1;1
617;4;3;0;2;0;0;13;1;5;2;8;4;2;5;0;0;2;5;6;1.0;1.0;1;3;2;3;3;3;3;4;6;1
514;1;0;0;2;0;1;0;1;1;2;2;0;2;6;0;0;2;0;6;1.0;1.0;1;1;0;0;2;6;3;4;6;1
387;3;1;0;2;0;4;3;2;2;2;3;0;3;7;0;0;2;3;2;1.0;1.0;1;3;2;3;3;3;3;4;18;1
519;5;0;0;2;0;3;3;1;4;2;8;5;2;1;0;0;2;3;2;2.0;1.0;1;3;2;3;3;3;3;4;4;0
519;5;0;0;2;0;1;3;1;1;2;12;2;4;1;0;0;2;3;2;2.0;1.0;1;1;0;1;2;3;3;4;0;0
320;6;0;0;2;0;3;0;1;0;2;8;0;2;6;0;0;3;1;6;1.0;1.0;1;0;0;1;2;3;3;5;0;1
509;3;4;0;1;0;2;15;1;1;2;8;2;3;6;0;0;2;3;2;2.0;2.0;1;1;0;0;2;6;3;4;18;1
509;3;0;0;0;0;0;4;1;5;2;12;3;8;6;0;0;2;3;2;2.0;2.0;1;3;2;3;3;6;3;4;18;1
653;5;1;0;2;0;3;15;1;0;2;8;0;0;4;0;0;2;6;2;1.0;2.0;5;3;2;3;3;3;3;4;3;1
653;5;1;0;2;0;2;4;1;5;2;9;0;2;4;0;0;2;6;0;1.0;2.0;2;1;0;2;2;3;3;4;9;1
450;6;1;0;1;0;3;10;1;5;2;12;2;2;4;0;3;2;6;2;2.0;1.0;5;3;2;3;3;6;3;4;16;1
450;6;0;0;1;0;3;15;1;1;2;8;3;2;4;0;3;2;6;2;2.0;1.0;5;1;0;0;2;3;3;4;17;1
635;3;0;0;2;0;2;3;1;2;2;8;0;3;5;0;0;2;6;7;1.0;1.0;2;3;2;3;3;6;3;4;16;0
726;0;1;0;1;0;1;3;1;5;2;8;5;2;6;0;3;2;6;2;2.0;2.0;1;1;0;1;2;3;3;4;4;1
726;0;1;0;2;0;4;13;1;2;2;12;2;0;6;0;3;2;6;2;2.0;2.0;1;1;1;0;2;3;3;4;4;1
726;0;0;0;2;0;4;2;1;5;2;2;0;2;6;0;3;2;6;2;2.0;2.0;1;3;2;3;3;3;3;4;13;1
315;0;3;0;2;0;2;2;1;5;2;4;0;2;4;0;0;3;6;2;1.0;1.0;1;3;2;3;3;3;3;4;18;1
426;3;1;0;2;0;0;3;1;0;2;8;3;2;4;0;3;2;6;6;2.0;1.0;4;1;0;0;2;3;3;4;13;1
426;3;0;0;4;0;3;2;1;5;2;2;0;2;4;0;3;2;6;2;2.0;1.0;1;1;0;2;2;3;3;4;16;1
887;4;0;0;2;0;3;3;1;5;2;8;0;2;5;0;0;2;3;2;3.0;1.0;1;3;2;3;3;3;3;4;6;1
887;4;3;0;1;0;1;6;1;5;2;8;5;2;5;0;0;2;3;2;3.0;1.0;1;3;2;3;3;3;3;4;18;1
887;4;3;0;2;2;0;13;1;5;2;9;2;2;5;0;0;2;3;2;3.0;1.0;1;1;0;0;2;3;3;4;4;1
94;1;3;0;2;0;2;3;1;2;2;8;2;2;4;0;0;3;6;6;2.0;1.0;1;1;0;1;2;6;3;4;0;0
94;1;0;0;3;0;1;3;1;2;2;9;0;2;4;0;0;3;6;2;2.0;1.0;9;3;2;3;3;3;3;4;18;0
459;3;0;0;3;2;2;3;1;1;2;8;3;2;4;0;3;2;6;6;2.0;2.0;1;1;0;0;2;3;3;4;6;1
459;3;0;0;2;0;4;13;1;1;2;8;3;2;4;0;3;2;6;2;2.0;2.0;1;0;0;1;2;6;3;5;18;1
459;3;0;0;2;0;2;3;1;5;2;12;2;2;4;0;3;2;6;0;2.0;2.0;4;1;1;0;2;3;3;4;16;1
416;0;1;0;1;0;2;13;1;5;2;12;2;2;4;0;3;2;6;2;1.0;1.0;1;3;2;3;3;0;3;4;0;1
44;6;0;0;2;0;2;12;1;4;2;9;2;2;5;0;0;3;3;2;2.0;2.0;1;1;1;1;1;3;3;4;17;1
44;6;3;0;2;0;4;13;1;5;2;2;2;2;5;0;0;3;3;2;2.0;2.0;1;3;2;3;3;3;3;4;16;1
72;6;1;0;2;0;0;13;3;5;2;2;3;2;4;0;0;3;3;2;2.0;1.0;1;1;0;1;2;3;3;4;1;1
72;6;1;0;2;0;1;2;1;1;2;9;3;2;4;0;0;3;3;2;2.0;1.0;1;2;1;0;2;3;3;4;2;1
514;0;0;0;2;0;0;11;1;5;2;8;2;0;4;0;0;2;3;7;1.0;1.0;1;3;2;3;3;3;3;4;7;0
469;4;0;0;2;0;2;11;1;2;2;8;2;0;4;3;0;2;3;0;2.0;2.0;9;3;2;3;3;3;3;4;6;1
469;4;0;0;3;0;2;13;1;1;2;9;2;2;4;0;0;2;3;2;2.0;2.0;1;0;0;4;2;3;3;4;7;1
471;4;3;0;2;0;2;13;1;2;2;2;5;2;5;0;0;0;3;0;1.0;1.0;1;1;1;1;2;3;3;4;6;0
461;3;0;0;2;0;4;2;1;5;2;12;2;2;4;0;0;2;3;2;1.0;1.0;1;1;0;0;2;3;3;4;17;1
572;6;0;0;2;0;1;3;1;5;2;8;2;2;4;0;3;2;6;2;2.0;2.0;1;3;2;3;3;0;3;4;6;1
572;6;1;0;2;2;4;3;1;5;2;12;2;2;4;0;3;2;6;2;2.0;2.0;9;1;0;0;2;3;3;4;0;1
670;1;1;0;2;0;1;12;1;5;2;12;2;2;6;0;0;2;3;8;1.0;2.0;1;3;2;3;3;3;3;4;13;0
670;1;1;0;3;1;2;13;1;5;2;12;2;2;6;0;0;2;3;2;1.0;2.0;5;1;0;1;2;3;3;4;6;0
199;6;3;0;3;0;2;2;3;1;2;9;2;2;4;0;3;3;6;6;2.0;1.0;5;2;1;4;2;3;3;4;0;1
199;6;3;0;2;0;2;3;1;3;2;2;0;2;4;0;3;3;6;2;2.0;1.0;1;0;1;0;2;3;3;1;6;1
835;1;1;0;2;0;2;0;1;5;2;12;0;2;4;0;0;2;6;2;1.0;1.0;1;0;0;1;2;6;3;6;6;1
243;0;1;0;3;0;4;11;1;5;2;12;4;2;4;0;3;3;6;2;2.0;1.0;1;2;0;4;2;3;3;4;6;1
243;0;3;0;2;0;3;3;1;5;2;9;2;2;4;0;3;3;6;7;2.0;1.0;1;3;2;3;3;0;3;4;0;1
444;1;1;0;2;0;2;13;1;5;2;8;4;2;0;0;3;2;6;2;1.0;1.0;5;1;0;1;2;3;3;4;0;0
181;2;3;0;3;0;0;2;1;5;2;4;2;2;5;0;3;3;6;2;2.0;1.0;1;3;2;3;3;3;3;4;6;1
181;2;1;0;2;0;4;6;3;5;2;9;3;2;5;0;3;3;6;2;2.0;1.0;3;1;0;0;2;3;3;4;11;1
234;5;0;0;3;2;1;2;1;5;2;8;6;2;6;0;3;3;6;0;2.0;1.0;1;0;0;1;2;6;3;7;0;1
234;5;1;0;2;0;2;2;1;1;2;12;2;2;6;0;3;3;6;6;2.0;1.0;1;1;0;0;1;3;3;4;18;1
163;5;1;0;2;0;3;7;1;5;2;2;5;2;5;0;3;3;6;2;3.0;3.0;1;0;1;0;2;6;3;6;4;1
163;5;0;0;2;0;2;13;1;4;2;4;2;2;5;0;3;3;6;2;3.0;3.0;1;3;2;3;3;6;3;4;0;1
163;5;1;0;1;0;4;13;1;5;2;1;4;2;5;0;3;3;6;6;3.0;3.0;1;1;1;5;2;3;3;4;0;1
163;5;1;0;2;0;2;4;1;5;2;0;0;2;5;0;3;3;6;2;3.0;3.0;1;1;1;1;2;3;3;4;11;1
989;3;0;0;3;0;0;15;1;5;2;12;2;2;4;0;3;3;6;2;3.0;1.0;9;1;1;4;2;3;3;4;4;0
989;3;0;0;2;0;2;3;1;5;2;12;2;2;4;0;3;3;6;2;3.0;1.0;1;3;2;3;3;1;3;4;7;0
989;3;3;0;0;0;0;3;1;5;2;4;2;2;4;0;3;3;6;0;3.0;1.0;5;1;0;4;2;6;3;4;11;0
144;0;3;0;2;0;4;15;3;1;2;12;2;2;4;0;0;3;0;0;3.0;1.0;1;0;1;1;2;6;3;6;16;1
144;0;3;0;2;0;0;9;3;5;2;8;5;2;4;0;0;3;0;7;3.0;1.0;1;1;0;0;2;3;3;4;13;1
144;0;1;0;2;0;2;13;1;5;2;12;5;2;4;0;0;3;0;2;3.0;1.0;1;3;2;3;3;0;3;4;4;1
185;1;1;0;2;0;1;11;1;5;2;8;2;2;5;0;3;3;6;2;2.0;1.0;1;0;0;5;2;3;3;4;16;1
185;1;1;0;2;0;2;3;1;5;2;8;0;2;5;0;3;3;6;2;2.0;1.0;1;3;2;3;3;3;3;4;17;1
98;2;4;0;2;0;1;2;2;5;2;12;5;2;5;0;0;3;6;7;3.0;4.0;9;1;0;5;2;3;3;4;0;1
98;2;0;0;2;0;1;2;3;1;2;12;5;2;5;0;0;3;6;7;3.0;4.0;1;3;2;3;3;3;3;4;0;1
98;2;1;0;2;0;4;12;1;5;2;12;0;2;5;0;0;3;6;2;3.0;4.0;1;1;1;0;2;6;3;4;0;1
98;2;1;0;2;0;0;3;1;4;2;12;5;2;5;0;0;3;6;2;3.0;4.0;1;3;2;3;3;3;3;4;7;1
63;6;3;0;0;2;0;14;1;5;2;9;0;2;6;0;0;3;6;2;1.0;1.0;1;1;0;5;2;1;3;4;1;0
726;1;1;0;0;0;5;14;1;1;2;2;0;2;5;0;3;0;1;6;2.0;1.0;1;1;0;0;2;3;3;4;13;1
726;1;1;0;2;0;0;13;1;1;2;8;3;2;5;0;3;0;1;2;2.0;1.0;1;3;2;3;3;3;3;4;9;1
443;0;3;0;2;0;2;13;1;1;2;2;5;2;0;0;0;2;6;6;2.0;2.0;1;3;2;3;3;3;3;4;13;1
443;0;1;0;2;0;4;15;1;1;2;12;2;2;0;0;0;2;6;2;2.0;2.0;1;1;0;5;2;3;3;4;18;1
148;5;3;0;2;0;4;3;1;5;2;12;5;2;4;0;0;3;6;2;2.0;1.0;1;0;0;5;2;3;3;5;4;1
148;5;1;0;2;2;2;12;1;0;2;11;5;8;4;0;0;3;6;6;2.0;1.0;1;3;2;3;3;3;3;4;16;1
965;5;3;0;3;0;1;2;1;2;2;8;2;0;4;0;3;3;6;2;3.0;3.0;1;1;0;1;2;3;3;4;0;0
965;5;0;0;2;0;1;3;1;3;2;12;5;8;4;0;3;3;6;2;3.0;3.0;5;1;1;0;2;3;3;4;4;0
965;5;1;0;2;0;3;3;1;5;2;8;0;2;4;0;3;3;6;6;3.0;3.0;1;3;2;3;3;3;3;4;18;0
416;5;0;0;2;0;1;3;1;5;2;12;0;2;6;0;0;2;6;6;1.0;1.0;1;1;1;0;2;6;3;4;6;0
461;3;2;1;2;0;1;3;1;1;2;12;2;2;5;0;3;2;6;2;1.0;1.0;1;3;2;3;3;3;3;4;18;1
1069;1;1;0;3;0;2;0;1;5;2;8;0;2;4;0;3;3;6;2;2.0;1.0;1;0;0;5;1;3;3;8;13;1
1069;1;3;0;2;0;4;15;1;5;2;12;3;2;4;0;3;3;6;2;2.0;1.0;1;1;1;1;2;3;3;4;18;1
474;0;1;0;2;0;2;13;1;5;2;2;5;2;4;0;3;2;6;2;2.0;1.0;1;3;2;3;3;3;3;4;13;0
474;0;2;1;2;0;1;13;1;5;2;8;2;2;4;0;3;2;6;2;2.0;1.0;9;1;0;0;2;3;3;4;17;0
533;5;0;0;2;0;2;11;1;4;2;8;2;2;4;0;0;2;5;2;2.0;3.0;1;3;2;3;3;3;3;4;1;1
533;5;1;0;0;0;1;2;1;1;2;12;0;3;4;0;0;2;5;2;2.0;3.0;1;0;0;5;1;3;3;4;18;1
533;5;1;0;2;0;2;3;1;1;2;9;0;2;4;0;0;2;5;2;2.0;3.0;1;1;0;1;2;3;3;4;4;1
533;5;1;0;2;0;0;4;1;5;2;9;0;2;4;0;0;2;5;2;2.0;3.0;1;1;0;0;2;3;3;4;18;1
199;0;1;0;2;0;1;9;1;2;1;12;2;2;0;0;3;3;6;2;2.0;2.0;1;0;0;4;1;3;3;5;17;0
199;0;0;0;2;0;4;3;1;5;1;12;5;2;0;0;3;3;6;2;2.0;2.0;1;0;0;0;2;3;3;4;13;0
988;3;3;0;2;0;3;4;1;5;2;8;2;8;6;0;0;3;3;2;1.0;1.0;1;1;0;2;1;1;3;4;17;1
241;5;4;0;2;0;1;9;3;5;2;11;3;2;6;0;0;3;6;2;1.0;1.0;1;3;2;3;3;6;3;4;18;0
367;6;1;0;2;0;3;11;1;5;2;12;2;8;7;0;0;1;6;2;2.0;2.0;1;1;0;0;1;3;3;4;17;1
367;6;1;0;1;0;2;13;1;2;2;12;2;1;7;0;0;1;6;2;2.0;2.0;1;3;2;3;3;3;3;4;6;1
1017;1;0;0;0;0;0;12;3;5;2;2;2;2;4;0;0;3;5;2;2.0;2.0;1;1;0;1;2;6;3;4;19;1
1017;1;3;0;2;0;3;3;1;5;2;8;2;0;4;0;0;3;5;2;2.0;2.0;1;1;0;1;2;3;3;4;6;1
1017;1;3;0;2;0;2;14;1;5;2;12;2;0;4;0;0;3;5;2;2.0;2.0;5;3;2;3;3;3;3;4;1;1
787;1;1;0;1;0;3;3;3;5;2;9;3;2;6;0;0;2;5;6;1.0;1.0;1;1;0;0;2;3;3;4;16;1
942;3;3;0;1;0;3;5;1;5;2;8;2;2;5;0;0;2;0;2;2.0;1.0;1;3;2;3;3;3;3;4;0;1
942;3;1;0;2;0;2;15;1;5;2;8;0;2;5;0;0;2;0;7;2.0;1.0;1;1;0;0;2;4;3;4;0;1
127;3;3;0;1;0;1;4;1;3;2;8;2;2;4;0;3;3;6;2;1.0;1.0;1;3;2;3;3;3;3;4;18;2
489;1;3;0;2;0;4;13;2;0;2;2;2;2;7;0;0;2;3;6;2.0;1.0;1;3;2;3;3;3;3;4;18;0
489;1;4;0;2;0;4;2;1;5;2;8;2;2;7;0;0;2;3;2;2.0;1.0;1;1;1;1;2;3;3;4;1;0
277;4;1;0;2;0;2;3;1;0;2;8;2;0;4;0;3;3;8;2;2.0;1.0;1;1;0;0;2;3;3;4;0;1
277;4;0;0;2;0;0;14;1;5;2;8;2;0;4;0;3;3;8;2;2.0;1.0;5;3;2;3;3;3;3;4;16;1
791;4;2;1;4;0;3;15;1;2;2;8;2;2;6;0;3;2;6;2;1.0;1.0;1;1;0;0;1;3;3;4;1;1
431;3;3;0;2;0;3;14;1;5;2;12;2;2;4;0;0;2;8;2;1.0;1.0;1;3;2;3;3;6;3;4;16;0
112;4;0;0;1;0;1;3;1;5;2;9;3;2;4;0;3;3;6;0;2.0;3.0;1;2;0;0;2;3;3;4;13;1
112;4;3;0;2;2;0;12;1;5;2;2;0;2;4;0;3;3;6;6;2.0;3.0;1;1;0;5;1;3;3;4;2;1
112;4;3;0;2;0;2;12;1;5;2;12;2;2;4;0;3;3;6;2;2.0;3.0;1;3;2;3;3;5;3;4;18;1
112;4;3;0;3;0;1;14;1;5;2;1;2;2;4;0;3;3;6;6;2.0;3.0;1;1;0;1;2;3;3;4;18;1
55;2;3;0;3;2;2;15;1;5;2;12;2;2;4;0;3;3;6;2;2.0;2.0;1;1;1;0;2;3;3;4;18;1
55;2;1;0;2;0;4;15;1;5;2;4;0;0;4;0;3;3;6;2;2.0;2.0;1;3;2;3;3;3;3;4;1;1
55;2;1;0;2;0;2;14;1;5;2;12;2;2;4;0;3;3;6;2;2.0;2.0;1;1;0;0;2;1;3;4;16;1
479;5;1;0;1;0;2;16;1;5;2;12;5;2;4;0;0;2;3;2;2.0;1.0;9;3;2;3;3;1;3;4;9;1
479;5;0;0;2;0;2;14;1;2;2;2;5;2;4;0;0;2;3;2;2.0;1.0;1;0;1;5;2;6;3;4;11;1
224;3;3;0;2;0;4;14;1;2;2;2;0;2;1;0;3;3;6;6;2.0;2.0;1;1;0;0;1;3;3;4;4;1
224;3;3;0;2;0;0;6;1;5;2;12;2;2;1;0;3;3;6;2;2.0;2.0;1;3;2;3;3;3;3;4;1;1
224;3;1;0;2;0;1;3;1;5;2;12;4;2;1;0;3;3;6;6;2.0;2.0;1;0;1;0;2;3;3;0;17;1
324;5;0;0;2;0;0;3;3;1;2;1;2;2;6;0;3;3;6;2;1.0;1.0;9;1;1;1;2;3;3;4;1;1
1063;1;3;0;2;0;2;4;1;1;2;12;0;2;4;0;3;3;6;2;1.0;1.0;1;3;2;3;3;3;3;4;18;1
131;6;2;1;3;0;2;3;1;2;2;8;0;2;4;0;3;3;6;2;3.0;1.0;5;3;2;3;3;3;3;4;13;1
131;6;0;0;2;0;2;11;1;2;2;2;2;2;4;0;3;3;6;2;3.0;1.0;5;1;0;0;2;1;3;4;1;1
131;6;0;0;2;0;4;3;1;1;2;8;2;2;4;0;3;3;6;2;3.0;1.0;1;3;2;3;3;3;3;4;4;1
67;3;4;0;2;0;1;3;1;5;2;8;0;3;6;0;0;3;6;2;2.0;2.0;1;1;0;0;2;3;3;4;18;0
67;3;4;0;2;2;4;3;1;1;2;12;0;2;6;0;0;3;6;2;2.0;2.0;1;1;0;0;2;3;3;4;13;0
67;3;1;0;2;0;1;14;3;5;2;9;2;2;6;0;0;3;6;2;2.0;2.0;1;3;2;3;3;3;3;4;18;0
504;1;0;0;3;1;2;6;1;1;2;8;2;0;4;0;3;2;6;2;2.0;1.0;5;3;2;3;3;0;3;4;1;1
504;1;1;0;3;0;2;6;1;1;2;9;5;2;4;0;3;2;6;2;2.0;1.0;1;1;1;1;2;3;3;4;1;1
504;0;1;0;2;0;2;15;1;5;2;9;2;2;4;0;3;2;6;2;2.0;1.0;3;3;2;3;3;2;3;4;17;1
504;0;0;0;2;0;2;15;1;5;2;12;3;2;4;0;3;2;6;0;2.0;1.0;1;1;0;1;2;3;3;4;1;1
135;0;1;0;3;0;4;4;1;5;2;3;4;2;4;0;3;3;6;6;1.0;2.0;1;1;0;1;2;6;3;4;6;1
135;0;1;0;2;0;3;3;3;5;2;12;0;2;4;0;3;3;6;2;1.0;2.0;1;0;0;0;1;6;3;7;6;1
942;3;3;0;2;0;2;3;1;5;2;12;0;2;6;0;0;2;5;2;2.0;1.0;1;2;1;5;2;3;3;4;17;1
942;3;1;0;3;0;0;3;1;5;2;1;4;0;6;0;0;2;5;6;2.0;1.0;1;3;2;3;3;3;3;4;19;1
6;6;0;0;2;0;2;14;1;5;2;12;0;2;4;0;0;2;6;2;2.0;1.0;1;1;0;0;2;3;3;4;18;1
6;6;1;0;2;0;4;14;1;5;2;12;0;2;4;0;0;2;6;2;2.0;1.0;9;3;2;3;3;3;3;4;1;1
578;4;0;1;1;2;1;3;1;5;2;12;0;2;1;0;0;2;6;2;2.0;1.0;1;1;0;0;2;6;3;4;16;0
578;4;1;0;2;0;0;11;1;3;2;8;2;2;1;0;0;2;6;0;2.0;1.0;5;1;0;5;2;3;3;4;18;0
533;3;1;0;2;0;0;3;1;1;2;12;2;0;4;0;3;2;6;0;2.0;1.0;1;3;2;3;3;3;3;4;17;1
533;3;4;0;0;2;1;2;1;5;2;9;2;2;4;0;3;2;6;7;2.0;1.0;1;3;2;3;3;3;3;4;17;1
140;1;2;1;2;0;2;10;1;2;2;12;0;2;6;0;0;3;6;2;2.0;1.0;1;1;0;0;2;3;3;4;16;1
140;1;0;0;3;2;1;13;1;5;2;12;0;2;6;0;0;3;6;2;2.0;1.0;1;1;0;0;2;3;3;4;6;1
738;0;0;0;2;0;0;4;1;5;2;2;0;2;6;0;3;2;6;2;1.0;1.0;1;3;2;3;3;3;3;4;0;1
961;6;0;0;2;2;2;15;1;0;0;8;0;2;6;0;0;3;6;7;1.0;1.0;9;1;0;1;1;6;4;4;1;0
937;0;1;0;2;0;3;13;1;4;2;11;5;2;4;0;3;3;6;7;2.0;1.0;1;3;2;3;3;3;3;4;13;0
937;0;1;0;2;0;1;9;1;1;2;12;0;2;4;0;3;3;6;2;2.0;1.0;1;0;1;0;2;3;3;6;6;0
764;4;2;1;2;0;2;3;1;0;2;8;0;2;4;0;3;2;6;2;2.0;1.0;1;1;0;0;2;1;3;4;7;0
764;4;0;0;2;0;4;3;1;0;2;9;5;8;4;2;3;2;6;2;2.0;1.0;1;1;0;1;2;3;3;4;7;0
315;3;3;0;3;0;1;3;1;0;2;4;4;2;4;0;3;3;6;6;2.0;1.0;1;2;0;4;2;3;3;4;17;0
315;3;1;0;3;2;4;11;1;1;2;12;0;2;4;0;3;3;6;2;2.0;1.0;1;1;1;0;2;1;3;4;1;0
416;3;2;1;2;0;0;3;1;0;2;9;0;2;4;0;0;2;5;6;2.0;1.0;1;3;2;3;3;3;3;4;0;0
416;3;1;0;2;0;2;0;1;0;2;1;2;2;4;0;0;2;5;2;2.0;1.0;1;0;1;0;2;3;3;4;6;0
367;5;0;0;2;0;1;0;1;5;1;8;5;2;5;0;3;3;6;2;1.0;1.0;1;1;1;0;2;3;3;4;18;1
221;4;1;0;2;0;1;11;1;5;2;5;2;2;0;0;3;3;6;6;2.0;1.0;1;3;2;3;3;3;3;4;19;0
221;4;0;0;2;0;1;3;1;0;2;5;2;2;0;0;3;3;6;2;2.0;1.0;1;3;2;3;3;3;3;4;10;0
174;0;3;0;2;0;1;8;1;0;2;5;0;2;0;0;3;3;6;2;2.0;1.0;5;1;1;0;2;3;3;4;0;0
174;0;0;0;2;0;4;3;3;3;2;5;0;2;0;0;3;3;6;6;2.0;1.0;1;0;0;5;1;3;3;6;6;0
827;4;4;0;2;0;2;6;1;1;2;5;2;3;6;0;3;2;6;2;2.0;3.0;9;3;2;3;3;6;3;4;13;2
834;0;0;0;2;0;4;3;1;1;2;8;0;3;4;0;3;2;6;2;2.0;2.0;1;2;0;4;2;3;3;4;1;1
834;0;0;0;2;0;2;13;1;1;2;5;0;3;4;0;3;3;6;2;1.0;1.0;1;1;0;1;2;2;3;4;3;1
834;0;0;0;2;0;4;13;1;5;2;5;0;3;4;0;0;3;3;2;2.0;1.0;1;3;2;3;3;1;3;4;18;1
834;0;0;0;3;0;3;5;1;1;2;5;0;2;4;0;0;3;3;2;2.0;1.0;1;1;0;1;2;3;3;4;6;1
350;4;0;0;3;0;2;13;1;5;2;8;0;2;4;0;3;2;6;2;2.0;1.0;1;3;2;3;3;1;3;4;18;1
1012;0;4;0;3;0;0;13;1;5;2;1;0;2;4;0;3;2;6;2;2.0;1.0;1;1;0;0;2;3;3;4;1;1
16;2;0;0;3;0;2;5;1;4;2;8;0;2;4;0;3;3;6;2;2.0;1.0;1;3;2;3;3;1;3;4;17;1
16;2;1;0;3;0;2;0;1;1;2;12;2;0;4;0;3;3;6;2;2.0;1.0;3;3;2;3;3;3;3;4;18;1
16;2;1;0;3;0;1;3;1;4;2;9;2;2;4;0;3;3;6;2;3.0;3.0;1;1;0;0;2;3;3;4;18;0
7;2;0;0;3;0;2;4;1;4;2;9;5;2;4;0;3;3;6;2;3.0;3.0;1;1;1;0;2;3;3;4;1;0
7;2;0;0;2;0;2;11;1;5;2;9;0;2;4;0;3;3;6;2;3.0;3.0;4;3;2;3;3;6;3;4;18;0
324;4;2;0;2;0;4;2;1;4;2;12;0;2;4;0;3;3;6;2;3.0;3.0;9;3;2;3;3;3;3;4;1;0
324;4;1;0;2;0;4;3;1;5;2;8;2;2;4;0;3;3;6;2;1.0;1.0;1;1;0;1;2;3;3;4;18;1
324;4;1;0;3;0;3;3;1;5;2;12;2;2;4;0;3;3;6;6;3.0;2.0;9;2;1;1;2;0;3;4;18;1
386;4;4;0;3;0;2;11;1;4;2;12;5;2;4;0;3;3;6;2;3.0;2.0;1;3;2;3;3;3;3;4;18;1
386;4;4;0;3;2;2;4;1;2;2;8;2;2;4;0;3;3;6;7;3.0;2.0;1;1;1;1;2;1;3;4;1;1
591;0;4;0;3;0;1;13;1;3;2;2;5;2;4;0;3;3;6;2;2.0;1.0;1;2;1;4;2;3;3;4;0;1
591;0;1;0;3;0;4;3;1;5;2;12;2;2;4;0;3;3;6;6;2.0;1.0;1;0;1;0;2;3;3;4;13;1
572;6;3;0;3;0;1;3;1;5;2;12;4;2;4;0;3;2;6;2;3.0;3.0;1;3;2;3;3;3;3;4;0;1
572;6;1;0;2;0;4;13;1;5;2;8;3;2;4;0;3;2;6;2;3.0;3.0;1;1;0;5;2;3;3;4;18;1
572;6;1;1;2;0;3;13;1;5;2;8;4;0;4;0;3;2;6;2;3.0;3.0;1;1;0;0;2;3;3;4;11;1
541;5;0;0;2;0;1;13;1;5;2;8;0;2;4;0;3;2;6;2;3.0;3.0;1;3;2;3;3;3;3;4;4;1
541;5;0;0;3;0;2;4;1;5;2;8;3;2;4;0;3;2;6;2;3.0;3.0;1;3;2;3;3;3;3;4;4;1
464;4;3;0;3;0;2;4;1;5;2;12;2;2;4;0;3;3;6;0;2.0;3.0;1;1;0;0;2;3;3;4;0;1
464;4;0;0;3;0;0;3;1;3;2;8;0;2;4;0;3;3;6;6;2.0;3.0;1;2;0;5;2;3;3;4;17;1
689;2;1;0;3;0;2;2;1;5;2;12;2;2;4;0;3;3;6;2;2.0;3.0;5;2;0;2;2;3;3;4;16;1
689;2;1;0;2;0;0;3;1;5;2;12;3;2;4;0;3;3;6;2;2.0;3.0;5;1;0;4;2;3;3;4;1;1
296;6;3;0;2;0;2;3;3;5;2;12;2;2;4;0;3;3;6;6;2.0;1.0;1;1;0;0;2;3;3;4;1;1
296;6;3;0;3;2;0;3;1;5;2;8;2;2;4;0;3;3;6;2;2.0;1.0;1;2;1;1;2;3;3;4;11;1
296;6;0;0;2;0;2;0;1;5;2;8;2;2;4;0;3;3;1;2;2.0;1.0;3;1;0;1;1;3;3;4;18;1
456;2;1;1;2;0;1;13;1;5;2;8;2;2;4;0;3;3;1;2;2.0;1.0;1;3;2;3;3;3;3;4;16;1
456;2;3;0;2;0;1;0;3;5;2;8;2;2;4;0;3;3;6;2;2.0;2.0;1;1;0;0;2;3;3;4;0;1
709;4;0;0;2;0;2;3;1;1;2;2;0;2;4;0;3;3;6;2;2.0;2.0;1;3;2;3;3;3;3;4;1;1
709;4;0;0;2;2;3;3;3;5;2;8;2;2;4;0;3;3;6;2;2.0;1.0;1;1;0;0;2;3;3;4;18;1
942;5;0;0;1;0;3;3;3;5;2;9;2;2;4;0;3;3;6;7;2.0;1.0;1;0;0;1;2;3;3;6;6;1
942;5;1;0;2;0;2;3;1;5;2;11;2;2;4;0;3;2;6;2;2.0;1.0;3;0;1;0;2;3;3;4;17;1
73;3;1;0;2;0;3;13;1;5;2;8;0;2;4;0;3;2;6;6;2.0;1.0;1;0;1;5;2;3;3;4;6;1
209;3;1;0;2;0;1;3;1;2;2;12;0;2;4;0;3;3;6;2;2.0;2.0;1;3;2;3;3;3;3;4;13;1
209;3;1;0;2;0;1;6;1;5;2;12;3;2;4;0;3;3;6;2;2.0;2.0;5;1;0;1;2;3;3;4;18;1
209;3;1;1;2;0;2;3;3;5;2;12;3;2;4;0;3;3;6;2;2.0;2.0;1;1;0;1;2;3;3;4;18;1
113;1;0;0;3;0;2;0;1;2;2;12;2;2;4;0;3;3;6;2;3.0;1.0;1;1;1;1;2;6;3;4;18;1
113;1;0;0;2;2;2;13;1;5;2;8;3;0;4;0;3;3;6;2;3.0;1.0;1;2;1;1;2;3;3;4;1;1
564;3;0;0;2;0;2;3;1;5;2;8;2;2;4;0;3;3;6;2;3.0;1.0;1;1;0;0;2;3;3;4;1;1
564;3;0;0;2;2;2;15;1;5;2;8;2;0;4;0;3;3;6;2;2.0;1.0;1;0;0;1;2;6;3;7;13;1
1044;0;1;0;5;0;1;6;1;5;2;8;2;0;4;0;3;3;6;2;2.0;1.0;2;3;2;3;3;3;3;4;0;1
1044;0;0;0;2;0;2;6;1;5;2;8;4;2;4;0;0;3;3;2;1.0;1.0;5;1;0;0;2;3;3;4;16;1
259;3;0;0;2;0;3;3;1;5;2;8;2;2;4;0;3;3;6;6;2.0;1.0;1;1;1;0;2;1;3;4;13;1
259;3;3;0;2;0;0;14;1;5;2;8;2;2;4;0;3;3;6;2;2.0;1.0;1;3;2;3;3;3;3;4;6;1
250;0;1;0;3;0;1;13;1;2;2;12;0;2;4;0;3;3;6;6;2.0;1.0;1;1;0;5;2;6;3;4;6;1
250;0;1;0;3;0;1;15;1;5;2;12;2;2;4;0;3;3;6;2;2.0;1.0;1;2;1;0;2;3;3;4;10;1
713;5;2;0;3;0;2;13;1;1;2;9;2;2;4;0;0;3;3;2;1.0;1.0;1;3;2;3;3;3;3;4;17;0
713;5;3;0;2;0;2;5;1;5;2;12;2;2;4;0;3;3;6;2;2.0;1.0;1;0;1;1;2;3;3;6;16;1
915;1;0;0;2;0;2;3;1;2;2;12;2;2;4;0;3;3;6;7;2.0;1.0;1;1;0;0;2;3;3;4;6;1
915;1;1;0;2;0;4;12;3;5;2;12;2;2;4;0;3;3;6;2;3.0;2.0;1;0;1;0;2;3;3;4;13;1
943;1;0;0;2;0;4;3;1;2;2;12;0;2;4;0;3;3;6;2;3.0;2.0;1;1;0;4;2;3;3;4;6;1
943;1;1;2;2;2;4;3;1;5;2;4;0;2;4;0;3;3;6;2;3.0;2.0;9;3;2;3;3;3;3;4;16;1
1005;3;1;0;2;0;6;3;1;2;2;4;0;2;4;0;0;3;3;7;2.0;1.0;9;3;2;3;3;3;3;4;0;1
1005;3;1;1;2;0;2;13;1;5;2;2;3;2;4;0;0;3;3;6;2.0;1.0;4;1;0;0;2;3;3;4;1;1
362;5;3;0;2;0;1;3;1;5;2;12;0;2;4;0;3;3;6;2;2.0;1.0;5;2;0;4;2;2;3;4;16;0
713;0;0;0;3;0;2;3;1;4;2;12;0;2;4;1;3;3;6;2;2.0;1.0;5;2;1;1;1;3;3;4;6;0
713;0;0;0;2;0;1;13;1;5;2;8;0;2;4;0;0;3;6;2;2.0;1.0;1;1;0;0;2;3;3;4;13;1
713;0;0;0;1;2;2;3;1;5;2;8;0;2;4;0;0;3;6;2;2.0;1.0;1;3;2;3;3;3;3;4;18;1
713;0;0;0;2;0;4;3;3;3;2;9;2;2;4;0;3;3;6;2;2.0;1.0;5;0;1;1;2;3;3;0;1;1
829;4;0;1;2;0;1;3;1;5;2;4;0;2;4;0;3;3;6;2;2.0;1.0;5;0;0;0;2;3;3;7;1;1
1044;5;3;0;3;0;1;12;1;5;2;8;0;2;4;2;3;3;6;2;2.0;1.0;1;0;0;0;2;3;3;7;18;0
1044;5;2;0;1;2;4;3;1;5;2;12;0;2;4;0;3;3;6;6;2.0;1.0;2;3;2;3;3;3;3;4;1;0
1044;5;2;0;3;0;0;3;1;5;2;12;2;2;4;0;3;3;6;6;1.0;2.0;5;1;0;0;2;3;3;4;6;0
1044;5;2;0;2;0;4;3;1;5;2;9;0;2;4;0;3;3;6;2;1.0;2.0;4;3;2;3;3;3;3;4;1;0
1044;5;2;0;2;0;2;4;1;5;2;8;2;2;4;0;0;3;6;2;2.0;1.0;1;1;0;1;2;3;3;4;18;1
1044;5;2;0;2;2;2;3;2;5;2;9;5;2;4;0;0;3;6;2;2.0;1.0;1;3;2;3;3;3;3;4;0;1
963;1;4;0;0;0;2;3;1;5;2;8;2;2;4;0;3;3;6;2;2.0;2.0;1;1;0;5;2;3;3;4;18;0
963;1;0;0;2;0;2;5;1;5;2;2;2;2;4;0;3;3;6;2;2.0;2.0;1;1;0;1;2;1;3;4;7;0
630;5;0;1;2;0;4;6;2;2;2;9;2;2;4;0;3;3;6;0;2.0;2.0;1;3;2;3;3;3;3;4;18;0
630;5;0;0;2;0;0;15;1;4;2;11;5;2;4;0;3;3;6;2;1.0;1.0;1;1;1;0;2;3;3;4;11;0
426;5;0;0;2;0;1;11;1;2;2;3;5;8;4;3;0;3;6;6;3.0;4.0;1;3;2;3;3;3;3;4;10;1
426;5;1;0;2;0;3;7;1;1;2;12;0;2;4;0;0;3;6;7;3.0;4.0;1;1;0;1;2;3;3;4;17;1
426;5;1;0;2;0;4;11;1;5;2;11;3;2;4;0;0;3;6;2;3.0;4.0;1;3;2;3;3;4;3;4;13;1
332;4;2;0;2;0;0;3;1;4;2;12;5;2;4;0;0;3;6;2;3.0;4.0;5;0;0;4;2;3;3;4;0;1
332;4;0;0;0;0;2;3;1;2;2;4;0;2;4;0;0;3;6;2;2.0;1.0;1;3;2;3;3;3;3;4;1;1
1059;4;0;0;2;0;2;2;1;5;2;2;2;2;4;3;0;3;6;2;2.0;1.0;1;1;0;1;2;3;3;4;0;1
1059;4;3;1;3;2;3;12;1;5;2;8;2;2;4;0;3;3;5;2;2.0;1.0;9;3;2;3;3;3;3;4;10;1
1059;4;1;0;2;0;2;3;1;5;2;12;2;2;4;0;3;3;5;2;2.0;1.0;1;1;0;0;2;0;3;4;16;1
104;6;0;0;2;0;4;11;1;5;2;8;3;2;4;3;0;3;5;2;2.0;3.0;9;2;0;1;2;3;3;4;16;1
104;6;3;0;2;0;2;3;1;5;2;8;3;2;4;0;0;3;5;6;2.0;3.0;5;2;0;2;2;6;3;4;1;1
206;0;2;0;2;0;0;5;3;5;2;8;3;2;4;0;0;3;5;0;2.0;3.0;1;1;0;2;2;3;3;4;0;1
206;0;0;0;2;2;1;3;1;5;2;9;3;2;4;0;0;3;5;2;2.0;3.0;2;2;1;2;2;3;3;4;0;1
354;1;0;0;2;0;6;3;1;5;2;8;3;2;4;0;3;3;6;7;2.0;1.0;1;3;2;3;3;3;3;4;1;0
354;1;0;0;2;0;4;13;1;1;2;12;0;2;4;0;3;3;6;2;2.0;1.0;5;1;1;0;2;3;3;4;1;0
354;1;1;0;2;2;1;3;1;1;2;4;4;2;4;0;3;3;6;2;1.0;1.0;5;3;2;3;3;3;3;4;19;0
78;1;1;0;2;0;2;0;1;5;2;12;4;2;4;0;3;3;6;7;3.0;1.0;5;1;0;1;2;3;3;4;11;1
78;1;1;0;2;0;1;3;1;5;2;8;3;2;4;0;3;3;6;7;3.0;1.0;0;3;2;3;3;3;3;4;1;1
307;1;0;0;2;0;0;5;3;5;2;8;2;2;4;0;3;3;6;2;3.0;1.0;5;3;2;3;3;3;3;4;10;1
307;1;0;0;2;0;2;5;3;5;2;12;3;2;4;0;0;3;3;2;2.0;2.0;5;1;0;0;2;3;3;4;6;1
514;1;0;0;2;0;1;3;1;5;2;12;2;2;4;0;0;3;3;2;2.0;2.0;5;1;1;4;2;3;3;4;13;1
831;6;0;0;3;0;2;3;1;5;2;8;3;2;4;0;3;3;6;2;2.0;1.0;1;3;2;3;3;3;3;4;18;1
831;6;0;0;0;2;2;3;1;5;2;8;2;2;4;1;3;3;6;2;2.0;1.0;1;2;1;0;1;3;3;4;16;1
831;6;0;0;2;0;1;13;1;2;2;8;0;2;4;0;3;3;6;6;3.0;1.0;1;3;2;3;3;3;3;4;3;1
461;2;1;0;2;0;1;5;1;5;2;12;0;2;4;0;3;3;6;2;3.0;1.0;1;2;0;4;2;0;3;4;1;1
461;2;0;0;2;0;1;15;1;5;2;12;0;2;4;0;3;3;6;2;3.0;1.0;1;3;2;3;3;3;3;4;18;1
461;2;0;0;2;0;2;3;1;5;2;1;0;2;4;0;3;3;6;2;1.0;1.0;1;1;0;0;2;3;3;4;13;1
461;2;0;0;2;0;0;3;1;5;2;2;0;2;4;0;3;2;6;2;4.0;1.0;1;3;2;3;3;3;3;4;16;1
543;0;1;0;2;2;1;3;0;0;2;1;5;2;4;0;3;2;6;2;4.0;1.0;1;1;0;0;2;6;3;4;16;1
49;1;1;0;1;2;1;1;1;2;2;11;5;2;4;0;3;2;6;2;4.0;1.0;1;3;2;3;3;3;3;4;18;1
49;1;3;0;2;0;2;5;1;5;2;2;3;2;4;0;3;2;6;2;4.0;1.0;1;1;0;0;2;6;3;4;18;1
1060;0;4;0;2;2;0;15;1;2;2;8;2;2;4;0;3;3;6;2;3.0;3.0;1;1;0;1;2;3;3;4;11;1
1060;0;0;0;2;0;3;3;1;1;2;9;4;8;4;0;3;3;6;2;3.0;3.0;2;3;2;3;3;6;3;4;10;1
377;6;0;0;1;0;0;3;1;5;2;12;4;2;4;0;3;3;6;2;3.0;3.0;1;3;2;3;3;3;3;4;0;1
377;6;0;0;0;0;0;3;1;5;2;12;0;2;4;0;3;3;6;2;2.0;1.0;5;1;0;1;2;3;3;4;1;1
572;1;0;0;2;0;4;15;3;0;2;4;4;2;4;0;3;3;6;2;2.0;1.0;1;1;1;1;2;6;3;4;6;1
409;3;0;0;1;0;0;13;3;0;2;2;5;8;4;0;3;3;6;2;2.0;1.0;3;3;2;3;3;0;3;4;13;1
189;3;1;0;2;0;1;4;2;0;2;8;5;2;4;0;3;3;6;2;2.0;1.0;1;3;2;3;3;1;3;4;13;1
565;0;1;0;0;1;1;15;1;5;2;8;0;2;4;0;3;3;6;2;2.0;1.0;1;1;0;1;2;0;3;4;0;1
565;0;0;0;1;0;4;11;1;5;2;8;3;2;4;0;3;3;6;6;2.0;1.0;1;0;1;0;2;3;3;4;16;1
451;4;0;0;3;0;2;2;1;1;2;12;2;2;4;0;3;3;6;2;2.0;1.0;1;0;0;0;1;0;3;4;9;1
451;4;3;0;1;0;0;2;1;5;2;8;0;2;4;0;3;3;6;2;2.0;1.0;4;0;1;4;1;3;3;4;10;1
451;4;3;0;1;0;2;15;1;5;2;12;3;2;4;2;3;3;6;2;1.0;1.0;6;0;1;1;2;0;3;6;0;0
514;5;0;0;1;0;1;3;1;4;2;4;2;2;4;0;3;3;6;2;2.0;1.0;6;3;2;3;3;0;3;4;6;1
514;5;0;0;2;0;0;3;1;5;2;9;5;2;4;0;3;3;6;7;2.0;1.0;6;1;0;1;2;0;3;4;18;1
348;1;1;0;0;0;4;13;1;5;2;12;2;2;4;0;3;3;6;2;3.0;1.0;6;1;0;1;2;3;3;4;1;1
304;2;4;0;0;0;1;2;1;2;2;12;4;2;4;0;3;3;6;2;3.0;1.0;5;3;2;3;3;3;3;4;18;1
441;0;1;0;3;0;2;13;1;0;2;12;4;2;4;0;3;3;6;2;3.0;1.0;6;1;1;0;2;2;3;4;18;1
441;0;1;0;3;0;0;3;1;5;2;12;0;2;4;0;3;3;6;2;1.0;1.0;4;3;2;3;3;3;3;4;19;1
441;0;1;0;2;0;2;4;1;5;2;12;2;2;4;0;3;3;6;2;2.0;1.0;6;3;2;3;3;6;3;4;11;1
438;2;3;0;2;0;2;13;3;3;2;9;5;8;4;0;3;3;6;2;2.0;1.0;6;1;0;0;2;3;3;4;6;1
438;2;4;0;3;0;2;6;1;5;2;8;2;2;4;0;3;3;6;2;1.0;2.0;6;0;1;0;2;3;3;8;10;0
362;6;0;0;2;0;1;14;1;5;2;8;2;2;4;0;3;3;6;2;1.0;2.0;6;3;2;3;3;3;3;4;13;0
362;6;1;0;2;0;2;3;1;5;2;12;2;2;4;0;3;3;6;7;3.0;1.0;6;1;0;1;2;3;3;4;3;1
362;6;0;0;1;0;1;3;1;4;2;12;4;2;4;0;3;3;6;2;3.0;1.0;5;3;2;3;3;3;3;4;10;1
1022;1;0;0;2;0;0;2;1;5;2;8;2;2;4;0;3;3;6;2;3.0;1.0;1;0;0;1;2;3;3;4;0;1
1022;1;0;0;2;0;0;3;1;1;2;8;0;2;4;0;3;3;6;2;2.0;1.0;1;1;0;0;2;3;3;4;1;1
1017;4;0;0;2;0;2;14;1;5;2;12;2;2;4;2;3;3;6;2;2.0;1.0;5;3;2;3;3;3;3;4;18;1
76;0;1;0;5;0;6;5;1;5;2;12;2;2;4;0;3;3;6;6;2.0;1.0;1;1;0;0;2;6;3;4;18;1
375;3;0;0;2;0;2;5;3;5;2;9;2;2;4;0;3;3;6;2;2.0;1.0;1;3;2;3;3;6;3;4;16;1
437;1;0;0;2;0;0;2;1;0;2;12;0;2;4;0;3;3;6;2;3.0;1.0;1;1;0;2;2;6;3;4;13;1
437;1;1;0;2;0;1;2;1;5;2;8;0;2;4;0;3;3;6;2;3.0;1.0;1;1;0;0;2;3;3;4;13;1
437;1;1;0;2;0;4;2;1;1;2;8;0;2;4;3;3;3;6;2;3.0;1.0;1;3;2;3;3;1;3;4;19;1
437;1;1;2;2;2;2;5;1;5;2;12;0;2;4;0;3;3;6;2;2.0;1.0;2;0;1;0;1;3;3;4;1;1
341;6;0;0;1;0;0;13;1;5;2;12;2;2;4;0;3;3;6;2;2.0;1.0;9;3;2;3;3;6;3;4;1;1
341;6;0;0;2;0;4;2;1;4;2;12;0;2;4;0;3;2;6;2;1.0;2.0;8;1;0;0;2;1;3;4;16;0
341;6;0;0;2;0;0;5;1;5;2;8;2;2;4;2;3;2;6;6;1.0;2.0;1;0;1;0;2;3;3;6;0;0
341;6;1;0;2;0;1;2;1;4;2;8;2;2;4;0;3;3;6;2;3.0;1.0;1;0;1;0;2;3;3;4;0;1
402;1;0;0;2;0;4;15;1;5;2;12;2;8;4;0;3;3;6;2;3.0;1.0;1;3;2;3;3;3;3;4;6;1
402;1;3;0;2;0;1;2;1;4;2;2;5;2;4;0;3;3;6;2;3.0;1.0;2;1;0;0;2;3;3;4;1;1
402;1;1;0;3;0;2;2;3;5;2;4;0;2;4;3;3;2;6;2;2.0;2.0;1;1;0;0;2;3;3;4;0;1
461;2;0;0;2;0;2;2;2;1;2;12;0;2;4;0;3;2;6;0;2.0;2.0;1;3;2;3;3;3;3;4;10;1
461;2;1;0;3;0;0;4;1;2;2;12;2;2;4;0;3;3;6;2;1.0;2.0;5;1;0;1;2;3;3;4;6;0
128;4;2;0;3;0;2;3;1;0;2;8;0;3;4;0;3;3;6;2;1.0;2.0;6;3;2;3;3;3;3;4;18;0
128;4;3;0;3;0;2;2;1;5;2;12;4;2;4;0;3;3;6;6;2.0;1.0;4;3;2;3;3;6;3;4;16;1
128;4;1;0;2;0;0;13;1;5;2;1;0;8;4;0;3;3;6;2;2.0;1.0;1;1;0;0;2;6;3;4;16;1
128;4;1;0;2;0;2;6;3;5;2;12;2;8;4;3;3;2;6;2;1.0;1.0;1;1;0;1;2;3;3;4;16;2
140;4;3;0;2;0;2;3;3;2;2;2;2;2;4;0;3;3;6;2;1.0;1.0;1;1;1;0;2;3;3;4;1;1
140;4;3;0;2;0;1;4;1;5;2;9;0;2;4;0;3;3;6;6;2.0;2.0;1;1;0;5;2;3;3;4;13;1
140;4;0;0;2;0;0;13;1;2;2;8;2;2;4;0;3;3;6;6;2.0;2.0;1;1;1;0;2;3;3;4;6;1
140;4;0;0;2;0;2;5;1;1;2;12;2;2;4;0;3;3;6;2;2.0;1.0;1;3;2;3;3;3;3;4;10;1
956;0;1;0;2;0;3;2;3;1;2;8;0;2;4;0;3;3;6;2;2.0;1.0;1;3;2;3;3;3;3;4;0;1
956;0;1;0;2;0;2;13;1;5;2;8;5;2;4;0;0;3;3;6;2.0;4.0;1;1;0;5;2;3;3;4;16;2
585;2;0;0;2;2;2;4;1;5;2;12;4;4;4;0;0;3;3;6;2.0;4.0;3;1;0;0;2;3;3;4;0;2
585;2;1;0;2;2;2;2;1;5;2;9;0;2;4;0;0;3;3;2;2.0;4.0;3;3;2;3;3;3;3;4;7;2
644;2;3;0;2;0;2;13;1;5;2;1;4;2;4;0;0;3;3;7;2.0;4.0;3;1;0;4;2;3;3;4;13;2
644;2;3;0;1;0;1;7;1;5;2;2;0;2;4;0;3;3;6;2;1.0;1.0;9;3;2;3;3;6;3;4;16;1
644;2;3;0;0;0;2;3;1;5;2;12;4;2;4;0;3;3;6;2;1.0;1.0;1;1;1;4;2;3;3;4;18;1
644;2;3;1;2;0;4;3;1;5;2;12;0;2;4;3;3;3;6;2;2.0;1.0;1;3;2;3;3;3;3;4;6;1
644;2;3;0;2;0;3;11;1;5;2;12;2;2;4;0;0;3;3;2;2.0;1.0;7;1;0;0;2;3;3;4;1;1
644;2;1;0;3;0;2;2;3;5;2;9;5;2;4;0;0;2;5;2;2.0;1.0;1;3;2;3;3;3;3;4;16;1
247;3;3;0;3;0;1;13;1;4;2;11;5;2;4;0;0;2;5;6;2.0;1.0;5;3;2;3;3;3;3;4;16;1
247;3;0;0;2;0;1;13;1;4;2;2;2;2;4;0;3;3;6;6;2.0;1.0;1;3;2;3;3;3;3;4;18;1
247;3;2;0;2;0;0;14;1;4;2;12;5;2;4;4;3;3;6;2;2.0;1.0;1;1;0;0;2;6;3;4;7;1
247;3;2;0;2;0;1;11;1;3;2;12;2;2;4;2;0;3;3;2;2.0;2.0;1;1;0;1;2;3;3;4;6;1
236;2;4;0;2;0;1;5;1;1;2;8;0;2;4;2;0;3;3;2;2.0;2.0;1;3;2;3;3;3;3;4;6;1
236;2;0;0;2;0;4;3;1;1;2;8;2;2;4;0;3;3;6;2;3.0;1.0;8;1;0;0;2;3;3;4;0;1
950;0;0;0;1;0;3;5;1;1;2;12;0;2;4;0;3;3;6;2;3.0;1.0;1;3;2;3;3;3;3;4;6;1
950;0;0;0;2;0;1;13;1;3;2;3;0;2;4;3;3;3;6;2;3.0;1.0;1;1;0;0;2;3;3;4;1;1
337;1;1;0;1;0;4;3;1;1;2;12;0;2;4;0;3;3;6;2;2.0;1.0;1;3;2;3;3;3;3;4;6;1
617;0;3;0;2;0;4;13;1;5;2;12;2;2;4;0;3;3;6;2;2.0;1.0;4;1;0;2;2;3;3;4;6;1
617;0;1;0;1;0;2;13;1;5;2;12;0;2;4;0;3;3;6;2;1.0;1.0;1;3;2;3;3;6;3;4;10;1
617;0;1;0;2;0;4;4;1;5;2;12;3;2;4;0;3;3;6;2;1.0;1.0;1;3;2;3;3;6;3;4;6;0
462;1;3;0;2;0;0;2;3;5;2;12;2;0;4;3;3;3;6;1;1.0;1.0;3;1;0;0;2;3;3;4;18;1
462;1;3;0;2;0;1;3;1;4;2;3;2;2;4;0;3;3;6;2;2.0;1.0;9;3;2;3;3;3;3;4;6;1
462;1;1;0;3;0;1;3;1;4;2;12;2;2;4;0;3;3;6;6;2.0;1.0;3;1;0;1;2;3;3;4;7;1
268;0;0;0;3;1;2;15;1;5;2;12;4;2;4;0;3;3;6;2;1.0;1.0;8;3;2;3;3;3;3;4;11;1
151;2;1;0;2;0;2;1;1;1;2;12;2;0;4;0;3;3;6;2;2.0;1.0;1;1;0;2;2;3;3;4;18;1
151;2;0;0;1;2;2;3;1;5;2;8;2;2;4;0;3;3;6;2;2.0;1.0;1;3;2;3;3;3;3;4;6;1
946;5;0;0;2;0;4;13;1;5;2;9;2;2;4;0;3;3;6;2;1.0;1.0;1;1;0;0;1;6;3;4;16;1
367;3;1;0;2;0;3;15;1;1;2;12;2;2;4;0;0;3;3;2;2.0;4.0;2;2;0;2;1;6;3;4;16;1
997;3;1;0;2;1;3;15;1;5;2;9;2;2;4;0;0;3;3;2;2.0;4.0;3;3;2;3;3;6;3;4;16;1
997;3;0;0;2;0;4;3;1;5;2;12;0;2;4;0;0;3;3;6;2.0;4.0;1;1;0;0;2;3;3;4;16;1
1002;3;0;0;1;2;2;3;1;1;2;9;3;2;4;0;0;3;3;6;2.0;4.0;1;3;2;3;3;6;3;4;18;1
523;5;0;0;3;2;2;3;1;5;2;8;2;2;4;3;3;3;6;2;1.0;1.0;1;1;1;1;2;6;3;4;13;0
180;0;1;0;2;0;1;6;1;2;2;8;2;0;4;0;3;3;8;6;1.0;1.0;2;3;2;3;3;3;1;4;18;0
180;0;1;0;2;0;1;5;1;5;2;8;3;2;4;0;0;0;3;6;1.0;1.0;1;3;2;3;3;3;3;4;1;0
946;3;0;0;0;0;2;2;1;5;2;1;2;2;4;0;3;3;6;2;2.0;1.0;0;1;1;4;2;6;3;4;1;1
946;3;1;0;2;2;1;3;1;5;2;12;2;2;4;0;3;3;6;2;2.0;1.0;8;1;0;4;2;6;3;4;17;1
878;2;2;0;2;0;2;3;1;5;2;12;5;2;4;3;3;3;6;6;2.0;1.0;1;2;0;4;2;3;3;4;13;1
878;2;0;0;2;0;1;6;1;2;2;12;2;2;4;0;3;3;6;2;2.0;1.0;2;3;2;3;3;3;3;4;1;1
307;4;1;0;2;0;2;6;1;5;2;12;3;2;4;0;3;3;6;2;1.0;1.0;1;3;2;3;3;3;3;4;18;1
476;3;1;0;2;0;1;3;1;1;2;12;0;3;4;0;0;2;6;2;2.0;2.0;1;3;2;3;3;3;3;4;16;1
685;1;0;0;3;0;0;2;1;1;2;8;2;2;4;0;0;2;6;2;2.0;2.0;2;1;0;0;2;3;3;4;0;1
685;1;0;0;1;0;2;4;1;4;2;8;2;2;4;0;3;3;6;2;1.0;1.0;1;2;0;4;2;2;3;4;18;0
685;1;0;0;2;2;0;13;1;5;2;8;4;2;4;0;3;3;6;2;2.0;1.0;7;3;2;3;3;0;3;4;18;1
411;0;1;0;2;0;1;3;1;4;2;9;3;2;4;0;3;3;6;7;2.0;1.0;1;3;2;3;3;3;3;4;19;1
411;0;1;0;2;0;0;3;3;3;2;1;2;2;4;0;3;3;6;2;1.0;1.0;1;1;0;1;2;1;3;4;17;0
411;0;1;0;3;0;4;13;1;5;2;2;3;2;4;4;3;2;6;6;2.0;1.0;1;3;2;3;3;3;3;4;1;1
411;0;2;0;2;0;1;3;1;5;2;8;0;2;4;0;3;2;6;2;2.0;1.0;1;0;1;2;2;3;3;6;18;1
411;0;2;0;2;0;1;2;1;5;2;12;2;2;4;0;3;3;6;2;1.0;1.0;3;1;0;1;2;3;3;4;6;0
630;6;0;0;2;0;1;3;1;5;2;9;5;8;4;0;3;3;6;2;2.0;1.0;1;2;1;2;2;0;3;4;18;1
630;6;0;1;2;0;1;3;1;5;2;11;5;2;4;0;3;3;6;2;2.0;1.0;1;3;2;3;3;3;3;4;0;1
630;6;0;1;3;0;1;3;1;0;2;8;2;2;4;0;3;3;6;2;1.0;1.0;1;0;1;0;1;3;3;4;11;1
332;5;1;0;2;0;1;3;1;4;2;12;5;2;4;0;0;3;6;2;2.0;1.0;2;3;2;3;3;3;3;4;6;1
632;1;1;0;3;0;2;13;1;5;2;12;2;2;4;0;0;3;6;2;2.0;1.0;4;1;0;1;2;6;3;4;13;1
632;1;1;0;3;0;1;2;2;1;2;8;2;3;4;3;3;3;6;2;2.0;1.0;1;0;1;1;1;3;3;4;18;0
201;2;1;0;2;0;4;4;1;5;2;8;2;2;4;0;3;3;6;2;2.0;1.0;1;1;1;0;2;1;3;4;11;0
201;2;1;0;2;0;4;11;1;2;2;12;0;2;4;0;3;3;6;6;2.0;1.0;1;2;0;2;2;3;3;4;6;0
201;2;1;0;1;0;4;2;1;2;2;8;2;2;4;0;3;3;6;2;2.0;1.0;1;1;0;1;2;3;3;4;6;0
386;5;1;0;2;0;2;4;1;1;2;4;2;2;4;0;3;3;6;6;2.0;1.0;3;0;1;1;2;6;3;4;13;0
386;5;1;0;2;2;1;11;1;5;2;8;0;2;4;0;3;3;6;2;2.0;1.0;1;3;2;3;3;6;3;4;6;0
322;6;1;0;3;0;0;13;1;5;2;12;0;2;4;0;3;3;6;2;2.0;2.0;1;1;0;0;2;6;3;4;7;1
456;3;0;0;2;0;1;3;1;4;2;12;2;2;4;0;3;3;6;2;2.0;2.0;1;1;0;0;2;3;2;4;1;1
506;5;0;0;2;0;2;3;1;5;2;8;2;2;4;0;3;3;6;7;2.0;2.0;1;2;0;0;2;3;0;4;18;1
506;5;0;1;2;0;2;3;1;5;2;2;2;2;4;0;0;3;6;2;2.0;2.0;1;2;0;0;2;3;3;4;18;1
506;5;1;0;3;2;2;3;1;5;2;8;5;2;4;0;0;3;6;2;2.0;2.0;1;2;0;5;2;6;3;4;0;1
506;5;3;0;1;1;4;16;1;5;2;9;5;2;4;0;0;3;6;2;2.0;2.0;1;2;0;5;2;3;3;4;10;1
509;4;1;0;2;0;4;3;1;5;2;1;2;2;4;0;3;3;6;7;2.0;1.0;1;3;2;3;3;3;3;4;0;1
509;4;1;1;2;0;0;11;3;2;2;12;5;2;4;0;3;3;6;6;2.0;1.0;1;3;2;3;3;3;3;4;1;1
148;0;0;0;1;2;2;3;1;5;2;2;0;2;4;0;3;3;6;2;2.0;1.0;1;0;0;0;2;3;3;0;13;1
148;0;0;0;2;0;1;3;1;5;2;12;4;2;4;0;3;3;6;2;2.0;1.0;2;1;0;0;2;3;3;4;18;1
313;6;0;0;2;0;2;3;1;4;2;12;2;2;4;3;3;3;6;2;2.0;1.0;1;3;2;3;3;3;3;4;0;0
313;6;0;0;2;0;1;4;1;2;2;2;0;2;4;0;3;3;6;2;2.0;1.0;4;0;0;4;2;3;3;4;13;0
313;6;3;0;2;0;4;13;1;5;2;8;2;0;4;0;3;3;6;2;2.0;1.0;1;1;0;0;2;0;3;4;18;0
313;6;3;0;3;0;2;13;1;5;2;8;3;2;4;0;3;3;6;2;2.0;1.0;1;3;2;3;3;3;3;4;7;0
1016;1;0;1;2;0;2;3;2;2;2;2;2;2;4;0;0;3;3;2;3.0;2.0;1;1;1;4;2;3;3;4;7;0
407;3;1;1;0;0;0;13;2;1;2;12;0;3;4;0;0;3;3;6;3.0;2.0;1;3;2;3;3;6;3;4;13;0
535;4;0;0;3;0;4;13;1;5;2;12;0;2;4;0;0;3;3;6;3.0;2.0;2;2;1;0;2;6;3;4;13;0
535;4;0;1;3;0;2;13;1;5;2;2;0;2;4;0;3;3;6;2;1.0;1.0;1;1;1;0;2;3;3;4;11;0
975;6;0;1;3;0;1;13;1;2;2;4;2;0;4;0;3;3;6;2;2.0;1.0;4;3;2;3;3;6;3;4;6;1
975;6;1;0;3;0;1;3;1;5;2;8;0;2;4;0;3;3;6;2;2.0;1.0;1;0;1;4;2;3;3;8;1;1
464;4;0;0;2;0;2;3;1;5;2;11;0;2;4;0;0;3;6;2;2.0;1.0;1;3;2;3;3;6;3;4;10;1
464;4;1;0;2;0;0;3;1;5;2;12;0;2;4;0;0;3;6;2;2.0;1.0;1;1;1;1;2;3;3;4;18;1
661;5;0;0;2;0;2;6;1;5;2;2;4;2;4;2;3;1;6;0;2.0;1.0;1;3;2;3;3;6;3;4;13;1
250;4;1;0;2;0;2;3;1;5;2;8;0;2;4;0;3;1;6;2;2.0;1.0;1;1;0;0;2;6;3;4;1;1
250;4;0;0;0;0;2;6;1;5;2;12;5;8;4;0;0;2;6;6;2.0;1.0;3;0;1;5;2;6;3;6;0;1
291;0;3;0;2;0;4;6;1;1;2;12;5;2;4;0;0;2;6;7;2.0;1.0;9;0;1;1;2;3;3;6;18;1
383;5;3;0;3;0;1;3;1;5;2;12;2;2;4;0;3;2;6;2;1.0;2.0;1;1;1;0;2;0;3;4;9;1
383;5;3;0;2;0;2;15;1;1;2;12;4;2;4;0;3;2;6;2;1.0;2.0;4;3;2;3;3;3;3;4;0;1
244;4;1;0;2;0;2;3;1;4;2;2;2;0;4;0;3;3;6;2;2.0;1.0;1;0;1;0;2;3;3;6;16;0
244;4;1;0;2;0;2;13;3;1;2;9;2;2;4;0;3;3;6;2;2.0;1.0;1;1;1;0;2;3;3;4;18;0
244;4;0;0;2;0;2;2;1;1;2;8;2;0;4;0;0;2;6;2;1.0;1.0;1;3;2;3;3;3;3;4;2;0
333;6;1;0;2;0;2;4;1;1;2;12;2;2;4;0;3;3;6;2;2.0;2.0;1;1;0;0;2;6;3;4;18;1
333;6;3;0;2;0;0;15;1;1;2;8;2;0;4;0;3;3;6;2;2.0;2.0;1;0;1;5;2;3;3;6;0;1
164;1;0;0;0;2;2;9;1;1;2;12;2;2;4;0;3;3;6;6;2.0;2.0;1;0;0;4;1;3;3;4;18;1
519;3;0;0;2;0;1;4;1;0;2;2;0;2;4;0;3;2;6;0;2.0;3.0;4;0;0;5;2;3;3;4;1;0
519;3;1;0;2;2;2;15;1;5;2;8;2;2;4;0;3;2;6;2;2.0;3.0;4;3;2;3;3;3;3;4;6;0
545;5;1;0;1;0;1;15;1;5;2;12;2;2;4;0;3;2;6;7;2.0;3.0;1;1;0;0;2;3;3;4;0;0
441;0;1;1;2;0;4;3;1;5;2;12;2;2;4;0;3;2;6;2;2.0;3.0;3;3;2;3;3;6;3;4;16;0
441;0;1;0;2;0;3;3;1;4;2;11;2;2;4;0;3;3;6;2;1.0;1.0;3;1;0;1;2;3;3;4;18;1
182;0;1;0;2;0;3;2;1;5;2;2;3;0;4;0;3;2;6;7;1.0;1.0;1;3;2;3;3;3;3;4;17;1
923;0;0;0;2;2;2;2;1;5;2;11;0;2;4;4;3;3;6;7;2.0;1.0;8;1;0;5;2;6;3;4;17;1
923;0;0;0;2;0;1;3;1;1;2;9;3;2;4;0;3;3;6;2;2.0;1.0;2;1;0;0;2;6;3;4;16;1
426;0;0;0;2;0;2;12;1;5;2;8;2;2;4;0;3;2;6;2;2.0;1.0;1;3;2;3;3;3;3;4;1;1
426;0;1;0;3;0;5;2;1;5;2;8;0;2;4;0;3;2;6;2;2.0;1.0;3;3;2;3;3;6;3;4;1;1
426;0;0;0;2;0;4;12;3;2;2;2;2;2;4;0;3;2;6;2;2.0;1.0;3;1;0;0;2;3;3;4;18;1
1026;0;1;0;2;2;4;15;1;1;2;9;0;2;4;0;3;2;6;2;2.0;1.0;2;0;0;1;2;3;3;4;16;1
1026;0;0;0;2;0;4;3;1;5;2;8;5;2;4;0;3;2;6;6;1.0;1.0;4;1;0;5;2;3;3;4;18;1
372;3;1;0;2;0;4;2;1;1;2;9;4;2;4;0;0;2;3;2;2.0;1.0;9;3;2;3;3;6;3;4;18;1
474;2;2;0;2;2;2;3;1;1;2;12;2;2;4;0;0;2;3;2;2.0;1.0;1;3;2;3;3;3;3;4;0;1
245;2;3;0;2;0;3;3;3;1;2;12;2;2;4;0;3;3;6;2;2.0;1.0;1;1;1;0;2;0;3;4;1;1
245;2;0;0;2;0;1;3;1;5;2;9;2;2;4;0;3;3;6;2;2.0;1.0;1;3;2;3;3;3;3;4;18;1
245;2;0;0;2;0;2;3;1;2;2;4;0;2;4;3;3;3;6;2;2.0;1.0;1;1;0;0;1;3;3;4;3;1
245;2;0;1;0;0;0;13;1;1;2;12;0;8;4;0;3;3;6;2;2.0;1.0;2;1;0;1;2;3;3;4;16;1
553;2;2;0;2;0;0;2;1;0;2;8;0;2;4;0;0;3;6;2;1.0;1.0;1;3;2;3;3;3;3;4;13;1
553;2;1;0;2;0;0;4;2;1;2;12;2;3;4;0;3;3;6;2;2.0;1.0;1;3;2;3;3;3;3;4;10;1
553;2;1;0;4;0;2;4;3;0;2;12;0;2;4;0;3;3;6;2;2.0;1.0;1;1;0;1;2;3;3;4;13;1
138;4;1;0;2;0;4;3;1;5;2;12;2;2;4;3;0;2;6;2;2.0;2.0;1;3;2;3;3;0;3;4;0;1
187;2;1;0;2;0;4;14;1;1;2;12;3;2;4;0;0;2;6;2;2.0;2.0;3;1;0;0;2;3;3;4;5;1
187;2;0;0;2;0;2;3;1;5;1;8;0;2;4;0;3;3;6;2;3.0;1.0;1;0;1;0;2;0;3;6;10;1
187;2;0;2;2;0;1;6;3;0;2;12;2;2;4;3;3;3;6;2;3.0;1.0;1;1;0;1;2;6;3;4;6;1
653;0;0;0;2;0;3;13;1;5;2;12;5;2;4;0;3;3;6;2;3.0;1.0;1;2;1;1;2;3;3;4;18;1
653;0;1;0;2;0;0;6;2;5;2;12;2;2;4;0;3;3;6;2;2.0;1.0;1;1;1;0;2;3;3;4;16;1
178;5;4;1;2;0;2;2;1;4;2;12;5;8;4;0;3;3;6;6;2.0;1.0;2;2;1;1;2;6;3;4;5;1
178;5;0;0;2;0;3;13;1;5;2;8;0;2;4;0;3;3;6;2;2.0;3.0;9;0;0;4;2;6;3;6;10;1
1012;1;1;0;3;0;2;13;1;5;2;8;4;2;4;0;3;3;6;2;2.0;3.0;1;0;0;2;2;3;3;5;0;1
1012;1;0;0;2;0;1;14;1;4;2;2;5;2;4;0;3;3;6;2;2.0;3.0;1;1;0;5;2;3;3;4;0;1
973;5;0;0;2;0;2;4;1;5;2;8;3;2;4;0;3;2;6;2;1.0;1.0;1;2;0;5;2;6;3;4;0;1
335;5;1;0;3;0;2;4;1;4;2;8;5;2;4;0;3;3;6;7;2.0;1.0;1;2;1;1;2;6;3;4;0;1
335;5;1;0;2;0;4;13;1;5;2;8;2;2;4;0;3;3;6;2;2.0;1.0;1;3;2;3;3;3;3;4;13;1
494;2;0;0;2;0;0;13;1;5;2;8;4;2;4;0;0;3;3;2;2.0;1.0;1;3;2;3;3;3;3;4;18;1
494;2;3;0;1;0;3;3;1;1;2;9;0;2;4;0;0;3;3;2;2.0;1.0;4;1;0;0;2;3;3;4;5;1
1067;6;3;0;3;0;4;2;1;4;2;9;5;2;4;0;0;3;3;2;2.0;1.0;1;3;2;3;3;3;3;4;18;1
1067;6;3;0;1;2;0;3;1;2;2;9;0;2;4;1;0;3;3;2;2.0;1.0;5;1;0;5;2;3;3;4;6;1
631;3;1;0;2;0;1;2;1;2;2;8;3;2;4;0;3;3;6;2;2.0;2.0;1;2;1;4;1;3;3;4;18;1
1026;6;1;0;2;0;2;3;1;5;2;9;2;8;4;0;3;3;6;2;2.0;2.0;1;3;2;3;3;3;3;4;18;1
1026;6;1;0;1;2;1;4;3;5;2;12;2;2;4;0;0;2;6;2;2.0;1.0;1;0;0;4;2;3;3;4;18;1
1026;6;2;1;1;0;4;3;3;3;2;12;2;2;4;0;0;2;6;7;2.0;1.0;1;3;2;3;3;3;3;4;0;1
617;3;3;0;2;0;0;5;1;5;2;12;2;2;4;0;0;3;3;2;2.0;2.0;1;1;0;0;2;3;3;4;18;1
113;5;0;1;3;0;0;3;1;5;2;11;3;2;4;0;0;3;3;2;2.0;2.0;9;2;1;2;2;3;3;4;16;1
113;5;0;0;1;0;0;2;1;5;2;11;3;2;4;0;0;3;3;2;2.0;2.0;9;3;2;3;3;3;3;4;1;1
113;5;4;0;0;0;2;5;1;1;2;11;0;2;4;0;0;2;1;2;2.0;1.0;9;1;0;0;2;3;3;4;13;1
113;5;4;0;2;0;2;11;1;5;2;9;4;2;4;0;0;2;1;6;2.0;1.0;5;1;0;5;2;3;3;4;6;1
113;5;4;0;2;0;2;13;1;5;2;12;0;2;4;0;0;2;3;2;2.0;1.0;1;3;2;3;3;3;3;4;1;1
113;5;1;0;3;2;2;13;1;5;2;8;2;2;4;0;0;2;3;2;2.0;1.0;12;1;0;1;2;3;3;4;17;1
113;5;0;0;3;0;2;13;1;2;2;12;2;2;4;0;0;3;3;2;2.0;2.0;4;3;2;3;3;3;3;4;18;1
250;4;1;0;1;2;2;3;1;4;2;11;0;2;4;0;0;3;3;2;2.0;2.0;3;1;0;0;2;3;3;4;18;1
250;4;0;0;2;0;2;13;1;2;2;12;3;2;4;0;0;3;3;2;2.0;2.0;1;3;2;3;3;3;3;4;3;1
664;0;3;0;2;2;0;3;1;1;2;4;2;2;4;0;0;3;3;2;1.0;1.0;1;1;1;1;2;3;3;4;18;0
664;0;3;0;2;0;1;5;1;1;2;12;2;2;4;0;3;3;6;2;3.0;2.0;1;3;2;3;3;3;3;4;8;1
664;0;3;0;2;2;2;3;1;5;2;8;2;2;4;0;3;3;6;6;3.0;2.0;4;1;0;0;2;3;3;4;13;1
664;0;3;0;2;2;4;11;1;5;2;12;2;2;4;0;3;3;6;2;3.0;2.0;2;3;2;3;3;3;3;4;17;1
664;0;3;0;1;0;2;3;1;5;2;12;2;2;4;0;3;3;6;2;3.0;2.0;9;1;1;1;2;3;3;4;1;1
664;0;0;0;1;2;1;13;2;4;2;5;0;2;4;2;3;3;6;2;1.0;1.0;5;3;2;3;3;3;3;4;1;1
540;0;0;0;2;0;2;2;1;5;2;12;5;2;4;0;0;2;0;2;1.0;1.0;1;1;1;1;2;3;3;4;19;1
540;0;0;0;3;0;1;4;1;4;2;9;2;2;4;0;3;2;6;0;1.0;1.0;1;3;2;3;3;3;3;4;18;0
1002;2;2;0;3;0;3;13;1;5;2;8;0;2;4;0;0;2;3;2;2.0;1.0;1;3;2;3;3;3;3;4;0;1
990;6;4;0;2;0;1;5;1;5;2;8;5;2;4;0;0;2;3;6;2.0;1.0;1;1;0;0;2;3;3;4;18;1
990;6;0;0;3;2;0;9;1;5;2;9;2;2;4;0;0;3;3;6;2.0;1.0;5;2;0;0;2;3;3;4;0;1
194;4;0;0;2;2;2;5;1;5;2;9;2;2;4;0;0;3;3;2;2.0;1.0;9;3;2;3;3;3;3;4;0;1
194;4;1;0;2;0;1;13;1;5;2;11;2;2;4;0;0;2;8;2;2.0;1.0;1;1;0;0;2;3;3;4;18;1
391;4;0;0;2;0;1;3;3;5;2;12;2;2;4;0;0;2;8;6;2.0;1.0;9;3;2;3;3;3;3;4;0;1
391;4;4;0;1;0;1;13;3;5;2;0;0;2;4;0;0;1;3;6;2.0;1.0;1;0;1;5;2;3;3;5;6;1
71;3;3;0;2;0;4;11;1;5;2;8;5;2;4;2;0;1;3;2;2.0;1.0;9;3;2;3;3;3;3;4;6;1
189;6;0;0;2;0;1;4;1;5;2;2;2;2;4;0;3;3;6;2;2.0;1.0;1;1;1;0;2;3;3;4;0;1
189;6;0;0;2;0;0;3;3;5;2;2;2;2;4;0;3;3;6;2;2.0;1.0;1;3;2;3;3;3;3;4;3;1
189;6;0;0;2;0;1;3;1;5;2;9;3;2;4;0;3;3;6;6;2.0;1.0;1;0;1;1;2;6;3;4;0;1
324;2;1;0;2;0;2;3;1;4;2;9;2;2;4;0;3;3;6;2;2.0;1.0;1;1;0;1;2;6;3;4;13;1
324;2;3;0;2;0;0;2;1;5;2;9;3;2;4;3;3;3;6;2;1.0;1.0;1;3;2;3;3;3;3;4;18;1
324;2;3;0;3;0;0;3;1;4;2;9;2;2;4;0;3;2;6;2;3.0;1.0;5;1;0;5;2;3;3;4;3;1
293;2;1;0;2;0;1;6;1;0;2;12;3;2;4;0;3;2;6;0;3.0;1.0;1;3;2;3;3;3;3;4;6;1
438;5;3;0;2;0;4;6;1;5;2;12;2;2;4;0;3;2;6;2;3.0;1.0;9;3;2;3;3;3;3;4;0;1
438;5;4;0;2;0;3;3;1;1;2;9;2;2;4;2;0;3;6;2;1.0;1.0;9;0;1;0;1;3;3;5;9;1
88;5;1;0;2;0;4;5;1;5;2;12;5;2;4;0;0;2;6;7;3.0;1.0;9;0;1;1;2;3;3;7;1;1
88;5;3;0;3;2;2;5;1;5;2;2;0;2;4;0;0;2;6;2;3.0;1.0;1;0;0;5;2;3;3;4;6;1
304;6;1;0;3;0;4;13;1;5;2;12;0;2;4;0;0;2;6;2;3.0;1.0;1;1;0;0;2;3;3;4;18;1
304;6;3;0;2;0;0;3;1;5;2;8;0;2;4;3;3;1;6;2;2.0;1.0;1;3;2;3;3;3;3;4;13;1
304;6;2;0;2;0;2;4;1;1;2;8;2;2;4;0;3;1;6;2;2.0;1.0;1;0;0;1;1;6;3;6;17;1
203;4;0;0;1;2;2;4;1;5;2;9;0;2;4;0;0;2;0;6;1.0;1.0;5;1;1;4;1;3;3;4;13;1
203;4;0;0;3;0;1;13;1;5;2;12;2;2;4;0;0;2;6;2;1.0;1.0;1;2;1;4;2;3;3;4;0;1
203;4;2;2;2;0;2;3;1;4;2;4;0;2;4;0;0;2;6;2;2.0;1.0;1;0;0;5;2;3;3;8;18;1
975;3;2;0;2;0;2;11;1;5;2;8;2;2;4;0;0;2;6;2;2.0;1.0;1;0;1;0;2;3;3;5;8;1
975;3;0;0;1;2;0;9;2;5;2;1;2;2;4;3;0;2;6;2;1.0;1.0;2;3;2;3;3;3;3;4;0;1
164;2;0;0;2;0;0;3;1;0;2;9;2;2;4;0;3;2;6;6;2.0;1.0;9;1;0;0;2;3;3;4;6;0
164;2;0;0;2;0;0;2;1;4;2;9;0;2;4;0;3;2;6;2;2.0;1.0;1;3;2;3;3;3;3;4;7;0
164;2;2;0;2;0;4;3;1;2;2;2;0;8;4;0;0;3;6;6;1.0;1.0;1;1;0;0;2;3;3;4;0;1
164;2;2;0;2;0;0;3;1;2;2;9;0;2;4;0;3;3;6;2;1.0;1.0;2;1;0;0;2;3;3;4;0;0
618;2;0;0;1;2;4;3;1;5;2;12;5;2;4;0;0;2;3;0;2.0;1.0;1;3;2;3;3;3;3;4;6;1
618;2;1;0;2;0;4;0;1;2;2;12;0;2;4;0;0;2;3;2;2.0;1.0;2;0;1;1;2;3;3;6;1;1
523;1;1;0;2;0;0;3;1;5;2;12;1;2;4;0;0;2;1;2;2.0;1.0;5;3;2;3;3;6;3;4;16;1
654;1;1;0;2;0;0;2;1;5;2;2;1;2;4;0;0;2;1;2;2.0;1.0;1;1;1;0;2;6;3;4;6;1
654;1;0;0;1;0;1;3;3;5;2;12;1;2;4;0;0;3;6;2;1.0;1.0;1;2;1;0;2;3;3;4;0;1
654;1;1;0;2;0;1;2;1;5;2;2;1;2;4;0;0;3;3;2;2.0;2.0;1;1;0;0;2;3;3;4;6;1
654;1;1;0;2;0;0;13;1;5;2;2;2;2;4;0;0;3;3;7;2.0;2.0;1;1;0;4;2;6;3;4;10;1
42;3;1;0;3;0;2;4;1;4;2;12;0;2;4;3;3;3;6;0;2.0;2.0;1;3;2;3;3;6;3;4;18;1
42;3;1;0;2;0;2;6;3;2;2;12;0;2;4;0;3;3;6;2;2.0;2.0;1;3;2;3;3;3;3;4;1;1
42;3;1;0;2;0;0;3;1;2;2;11;5;2;4;0;3;2;0;0;1.0;1.0;1;1;0;0;2;0;3;4;16;1
644;3;0;0;3;1;2;4;1;4;2;9;0;2;4;0;0;2;3;2;2.0;1.0;1;1;0;1;1;3;3;4;13;1
644;3;0;0;2;0;1;3;1;0;2;12;2;2;4;0;0;2;3;2;2.0;1.0;1;3;2;3;3;3;3;4;13;1
644;3;0;0;3;0;2;13;1;4;2;8;0;2;4;4;3;2;6;2;1.0;1.0;1;1;0;0;2;3;3;4;18;2
101;0;3;0;2;0;4;3;1;4;2;9;0;2;4;2;0;3;3;8;2.0;1.0;1;1;0;0;2;3;3;4;0;1
101;0;1;0;2;0;4;13;1;4;2;12;4;8;4;2;0;3;3;2;2.0;1.0;1;3;2;3;3;3;3;4;0;1
101;0;1;0;3;2;1;13;1;4;2;9;2;2;4;0;1;2;5;6;2.0;1.0;1;1;0;0;2;3;3;4;13;1
392;1;1;0;3;0;2;13;1;2;2;9;0;2;4;0;1;2;5;2;2.0;1.0;1;3;2;3;3;3;3;4;6;1
392;1;0;0;2;2;0;6;1;5;2;9;2;2;4;3;3;3;6;2;3.0;1.0;1;1;0;1;2;3;3;4;10;1
220;6;1;0;3;0;4;3;1;0;2;12;5;2;4;0;3;3;6;2;3.0;1.0;1;3;2;3;3;6;3;4;18;1
220;6;0;0;2;0;2;2;1;2;2;12;0;2;4;0;3;3;6;7;3.0;1.0;9;1;0;1;2;6;3;4;18;1
561;0;1;0;2;0;1;2;1;2;2;12;4;2;4;0;3;2;6;2;2.0;1.0;1;2;1;5;2;6;3;4;16;1
561;0;1;0;3;0;4;2;1;0;2;3;0;2;4;0;3;2;6;2;2.0;1.0;1;2;1;1;2;6;3;4;7;1
770;4;4;0;2;0;1;3;1;1;2;9;0;2;4;3;3;3;6;2;2.0;1.0;1;3;2;3;3;3;3;4;16;1
770;4;4;0;3;0;4;2;1;2;2;9;4;2;4;0;3;3;6;0;2.0;1.0;1;1;0;1;2;6;3;4;16;1
770;4;4;0;2;0;4;13;1;2;2;9;0;2;4;0;3;3;6;6;1.0;1.0;4;3;2;3;3;6;3;4;16;0
1023;3;0;0;2;0;1;5;1;0;2;12;2;2;4;0;0;3;6;2;2.0;1.0;1;2;0;5;2;6;3;4;18;1
347;1;1;0;2;0;4;13;1;0;2;8;2;2;4;0;0;3;6;2;2.0;1.0;1;3;2;3;3;3;3;4;13;1
347;1;1;0;2;0;4;5;1;1;2;12;5;2;4;0;3;2;6;6;1.0;1.0;1;2;1;1;2;3;3;4;0;0
625;4;4;0;2;0;3;13;1;5;2;8;3;2;4;0;0;2;6;2;1.0;1.0;1;1;0;1;1;3;3;4;6;1
704;3;1;1;2;2;4;2;1;5;2;9;2;2;4;0;3;3;6;2;1.0;2.0;1;3;2;3;3;3;3;4;1;1
704;3;0;0;1;1;4;13;1;5;2;8;3;6;4;0;3;3;6;2;1.0;2.0;1;3;2;3;3;6;3;4;18;1
683;4;4;0;2;0;2;3;1;5;2;8;3;2;4;0;0;3;6;0;1.0;1.0;1;1;0;0;2;3;3;4;0;0
683;4;4;0;3;0;2;0;2;5;2;12;3;2;4;0;3;2;8;0;1.0;2.0;1;1;0;0;2;3;3;4;10;0
871;5;4;0;2;0;2;13;1;5;2;8;2;2;4;3;3;2;8;7;1.0;2.0;1;1;0;0;1;3;3;4;18;0
871;5;4;0;2;0;2;2;1;5;2;8;2;2;4;0;3;3;6;2;1.0;1.0;4;2;1;5;2;3;3;4;3;1
871;5;0;0;2;2;3;2;3;5;2;8;4;2;4;0;0;2;6;2;2.0;1.0;1;3;2;3;3;3;3;4;18;1
1052;6;1;0;2;0;2;3;1;5;2;12;0;2;4;0;0;2;6;2;2.0;1.0;2;3;2;3;3;3;3;4;0;1
1052;6;1;0;3;0;1;13;1;5;2;9;2;2;4;0;0;3;6;7;1.0;1.0;5;1;0;1;2;3;3;4;16;1
513;3;2;0;2;2;1;4;1;1;2;9;2;6;4;3;3;3;6;7;1.0;1.0;1;0;1;0;2;3;3;8;0;0
513;3;4;0;3;0;1;3;1;2;2;2;2;2;4;0;3;2;6;2;1.0;1.0;1;3;2;3;3;6;3;4;1;0
358;3;3;0;2;2;1;3;1;2;2;12;2;2;4;0;3;3;6;2;3.0;2.0;4;1;0;0;2;3;3;4;18;2
358;3;0;0;2;0;4;2;1;5;2;9;2;2;4;0;3;3;6;2;3.0;2.0;5;0;0;0;2;6;3;8;17;2
202;5;1;0;2;0;1;3;1;1;2;12;0;2;4;0;3;3;6;6;3.0;2.0;1;1;0;0;2;3;3;4;6;2
202;5;3;0;2;0;0;11;1;1;2;9;0;2;4;0;3;3;6;2;3.0;2.0;1;1;1;0;2;3;3;4;18;2
644;0;2;0;2;0;1;2;1;1;2;9;2;2;4;0;3;3;6;6;1.0;1.0;5;3;2;3;3;3;3;4;6;1
644;0;4;0;2;0;0;3;1;2;2;12;2;2;4;0;3;3;6;2;2.0;1.0;1;0;0;5;2;3;3;5;6;0
533;0;3;0;2;0;2;7;1;5;2;12;2;2;4;0;3;3;6;2;2.0;1.0;4;1;0;0;2;3;3;4;13;0
174;4;2;0;2;0;2;3;1;5;2;12;0;2;4;4;3;3;6;6;3.0;1.0;1;3;2;3;3;3;3;4;11;1
486;3;1;0;3;2;1;2;1;5;2;12;3;2;4;0;3;3;6;2;3.0;1.0;4;0;1;0;2;6;3;4;16;1
486;3;1;0;3;0;3;13;1;5;2;9;2;2;4;0;3;3;6;2;3.0;1.0;1;3;2;3;3;3;3;4;16;1
486;3;1;0;2;0;2;13;1;1;2;1;0;2;4;0;3;3;6;6;2.0;1.0;9;1;0;0;2;6;3;4;13;1
486;3;0;0;2;0;4;13;1;5;2;12;5;2;4;0;3;3;6;6;2.0;1.0;1;0;0;0;2;3;3;2;11;1
956;3;0;0;1;0;0;11;1;5;2;8;0;2;4;0;3;3;6;2;4.0;1.0;1;2;1;0;2;3;3;4;1;1
956;3;0;0;2;2;2;13;1;5;2;12;0;2;4;0;3;3;6;2;4.0;1.0;1;3;2;3;3;3;3;4;0;1
51;1;4;0;2;0;0;3;1;5;2;8;0;2;4;0;3;3;6;2;4.0;1.0;2;2;0;4;2;3;3;4;11;1
51;1;3;0;2;0;4;3;1;5;2;8;4;2;4;3;3;3;6;2;4.0;1.0;2;1;0;0;2;6;3;4;12;1
753;4;3;1;2;0;3;4;1;5;2;8;0;2;4;0;3;3;6;2;2.0;1.0;2;0;1;1;2;3;3;6;4;1
30;2;0;0;3;0;1;12;1;5;2;12;0;2;4;0;3;3;6;2;2.0;1.0;1;3;2;3;3;3;3;4;16;1
30;2;0;0;2;0;2;3;3;5;2;12;3;2;4;0;0;3;6;2;1.0;1.0;1;1;0;0;2;6;3;4;0;1
63;6;0;0;3;0;2;3;1;5;2;8;1;2;4;0;3;0;6;2;3.0;2.0;1;1;0;0;2;3;3;4;13;1
63;6;0;0;2;2;0;3;1;5;2;9;5;2;4;0;3;0;6;2;3.0;2.0;1;1;0;0;2;3;3;4;1;1
195;4;0;0;2;0;2;14;3;1;2;1;0;2;4;0;3;0;6;2;3.0;2.0;9;3;2;3;3;3;3;4;17;1
195;4;3;0;4;1;2;5;1;0;2;12;5;2;4;0;3;0;6;2;3.0;2.0;1;1;0;0;2;3;3;4;18;1
195;4;3;0;1;0;1;4;1;4;2;9;5;2;4;0;3;3;6;2;2.0;1.0;9;3;2;3;3;6;3;4;16;1
457;6;0;0;2;0;0;3;1;5;2;12;5;2;4;0;3;3;6;2;2.0;1.0;9;1;0;1;2;6;3;4;18;1
457;6;1;0;2;0;2;2;1;5;2;12;5;2;4;0;3;3;5;2;2.0;1.0;1;3;2;3;3;3;3;4;18;1
457;6;1;0;2;0;1;13;1;2;2;12;4;2;4;0;3;3;5;2;2.0;1.0;5;3;2;3;3;6;3;4;13;1
457;6;1;0;2;0;5;3;1;5;2;12;2;2;4;0;0;2;6;2;1.0;2.0;1;1;0;0;1;3;3;4;0;1
441;0;1;0;2;0;4;4;1;1;2;12;5;2;4;0;0;2;6;2;1.0;2.0;5;3;2;3;3;3;3;4;17;1
441;0;4;0;2;0;4;13;1;5;2;11;0;2;4;0;3;2;6;2;1.0;4.0;1;1;0;1;2;3;3;4;13;2
441;0;1;0;2;0;2;13;1;5;2;8;2;2;4;0;3;2;6;6;1.0;4.0;2;0;0;4;2;3;3;6;19;2
441;0;1;0;1;0;1;14;1;5;2;8;2;2;4;3;3;2;6;2;1.0;4.0;1;3;2;3;3;3;3;4;11;2
441;0;1;0;1;2;1;0;1;2;2;8;2;2;4;0;3;2;6;7;1.0;4.0;1;1;1;0;2;3;3;4;12;2
98;2;0;0;2;0;3;0;1;5;2;11;2;2;4;0;0;2;3;2;2.0;1.0;1;1;1;0;2;6;3;4;0;1
98;2;0;0;2;2;4;3;3;5;2;11;0;2;4;0;0;2;3;6;2.0;1.0;1;3;2;3;3;3;3;4;14;1
98;2;1;0;2;0;4;3;1;5;2;8;2;2;4;0;3;3;6;2;2.0;1.0;1;3;2;3;3;3;3;4;4;1
820;4;0;0;3;0;1;3;1;5;2;8;2;2;4;0;3;3;6;2;2.0;1.0;1;1;0;1;2;3;3;4;1;1
820;4;0;0;2;0;1;2;3;4;2;11;2;2;4;0;3;3;6;2;3.0;1.0;1;1;1;0;2;3;3;4;0;1
416;5;1;0;4;0;4;5;1;0;2;12;2;2;4;0;3;3;6;2;3.0;1.0;5;3;2;3;3;3;3;4;17;1
416;5;4;0;3;0;2;3;1;4;2;12;2;2;4;0;3;3;6;2;3.0;1.0;1;1;0;1;2;3;3;4;5;1
426;0;1;0;2;0;3;11;1;3;2;12;0;2;4;0;3;3;6;0;2.0;1.0;1;1;1;0;2;3;3;4;1;1
426;0;4;0;3;0;3;3;1;4;2;12;2;2;4;0;3;3;6;6;2.0;1.0;1;3;2;3;3;6;3;4;16;1
439;5;1;0;2;0;3;3;1;5;2;9;0;2;4;0;3;3;6;2;2.0;1.0;1;1;0;1;2;6;3;4;0;1
439;5;1;0;2;0;2;3;3;0;2;12;0;2;4;2;3;3;6;6;2.0;1.0;2;0;1;1;2;3;3;4;18;1
474;2;1;0;2;2;2;3;1;0;2;12;0;2;4;0;3;3;6;2;1.0;1.0;1;3;2;3;3;6;3;4;17;1
770;3;1;0;1;2;2;3;1;5;2;4;0;2;4;0;3;3;6;2;2.0;1.0;1;1;0;4;2;3;3;4;18;0
770;3;1;0;2;0;2;4;1;5;2;1;0;2;4;0;3;3;6;2;2.0;1.0;5;1;0;0;2;6;3;4;16;0
306;3;4;0;2;0;1;16;1;4;2;2;2;2;4;0;3;3;6;2;1.0;1.0;1;0;0;0;2;0;3;8;4;1
306;3;4;0;3;0;2;4;1;5;2;8;2;2;4;0;3;2;6;2;2.0;1.0;1;1;0;0;2;3;3;4;6;1
306;3;3;0;2;0;1;2;1;5;2;12;2;2;4;0;3;2;6;6;2.0;1.0;1;3;2;3;3;3;3;4;1;1
288;4;2;0;2;0;3;11;1;5;2;8;0;2;4;0;3;3;6;2;3.0;1.0;4;2;0;1;2;3;3;4;6;1
288;4;0;0;3;0;1;4;1;5;2;8;2;2;4;0;3;3;6;6;3.0;1.0;1;1;0;0;2;3;3;4;1;1
288;4;0;0;2;0;1;13;1;5;2;12;2;2;4;0;3;3;6;2;3.0;1.0;1;3;2;3;3;3;3;4;16;1
182;2;1;0;2;0;1;13;1;4;2;9;0;2;4;0;3;3;6;2;2.0;1.0;2;3;2;3;3;3;3;4;18;1
182;2;0;0;2;0;2;3;1;4;2;8;5;3;4;0;3;3;6;2;2.0;1.0;5;1;1;1;2;6;3;4;0;1
182;2;0;0;2;0;2;3;1;4;2;9;5;2;4;0;0;3;6;2;1.0;1.0;1;1;0;1;2;6;3;4;0;0
182;2;0;0;2;0;2;4;1;5;2;11;2;2;4;0;0;3;3;2;2.0;1.0;1;1;0;0;2;6;3;4;9;0
182;2;0;0;2;2;2;4;1;4;2;8;2;7;4;0;0;3;3;2;2.0;1.0;9;2;1;0;2;3;3;4;18;0
514;0;0;0;2;0;1;13;1;2;2;12;5;2;4;0;3;3;6;2;2.0;1.0;2;3;2;3;3;3;3;4;0;1
514;0;0;0;2;0;3;5;1;4;2;12;0;2;4;0;3;3;6;2;2.0;1.0;1;1;0;0;2;3;3;4;1;1
99;3;0;0;2;0;0;2;1;4;2;2;5;2;4;0;3;2;6;2;1.0;1.0;1;3;2;3;3;6;3;4;19;1
99;3;0;0;2;0;3;11;1;5;2;8;2;2;4;4;3;3;6;2;2.0;1.0;9;1;0;1;2;3;3;4;4;1
956;5;3;0;2;0;4;3;1;5;2;12;2;2;4;0;3;3;6;2;2.0;1.0;1;3;2;3;3;0;3;4;4;1
956;5;0;0;2;0;3;3;1;5;2;8;2;0;4;0;3;3;6;0;2.0;1.0;1;0;1;0;2;1;3;6;18;1
956;5;0;0;2;0;1;13;1;5;2;8;2;2;4;0;3;3;6;6;2.0;1.0;1;1;1;0;2;3;3;4;16;1
386;5;0;0;2;0;0;11;1;4;2;8;2;7;4;0;3;3;6;2;2.0;1.0;1;1;1;1;2;3;3;4;11;1
386;5;1;0;3;0;2;13;1;4;2;2;0;7;4;0;3;3;6;2;2.0;1.0;1;1;0;1;2;3;3;4;17;1
529;6;4;0;2;2;3;0;1;4;2;8;0;6;4;0;3;3;6;6;2.0;2.0;1;3;2;3;3;3;3;4;18;1
529;6;2;0;2;0;3;3;1;2;2;12;3;6;4;0;3;3;6;2;2.0;2.0;1;1;0;2;2;0;3;4;0;1
487;5;0;0;6;0;3;3;1;5;2;12;2;2;4;4;3;3;6;2;1.0;1.0;1;3;2;3;3;3;3;4;6;1
487;5;1;0;2;0;0;3;1;2;2;2;6;3;4;0;3;3;6;2;2.0;2.0;2;1;0;0;1;3;3;4;0;1
487;5;1;0;3;2;2;3;1;0;2;11;0;2;4;0;3;3;6;0;2.0;2.0;1;3;2;3;3;3;3;4;11;1
304;0;1;0;2;0;4;3;2;2;2;8;2;6;4;0;3;3;6;7;3.0;1.0;9;3;2;3;3;3;3;4;4;0
304;0;1;0;2;0;2;5;2;4;2;12;2;2;4;4;3;3;6;2;3.0;1.0;5;1;0;0;2;3;3;4;16;0
992;2;4;0;2;0;4;5;1;1;2;12;2;2;4;0;3;3;6;2;3.0;1.0;1;3;2;3;3;6;3;4;1;0
713;6;2;0;2;0;1;13;3;5;2;9;2;2;4;0;3;3;6;2;2.0;2.0;1;1;0;0;1;3;3;4;17;0
713;6;0;0;2;0;3;3;1;1;2;8;2;2;4;0;3;3;6;6;2.0;2.0;1;2;1;0;2;3;3;4;11;0
332;0;0;0;2;0;3;13;1;1;2;2;4;2;4;0;3;3;6;2;2.0;2.0;5;1;1;4;2;3;3;4;6;0
332;0;3;0;2;2;2;3;1;0;2;12;0;2;4;1;3;2;6;6;2.0;3.0;1;3;2;3;3;3;3;4;16;1
332;0;3;1;2;0;1;3;1;4;2;0;5;8;4;0;3;2;6;2;2.0;3.0;1;1;0;0;2;3;3;4;17;1
678;2;1;0;3;0;3;11;1;4;2;12;2;3;4;0;3;2;6;2;2.0;3.0;1;3;2;3;3;6;3;4;0;1
678;2;1;0;2;0;1;3;1;5;2;12;0;3;4;0;3;2;6;6;2.0;3.0;1;1;0;0;2;3;3;4;6;1
678;2;0;0;2;0;2;3;1;5;2;2;0;2;4;0;3;3;6;2;1.0;1.0;1;3;2;3;3;3;3;4;0;1
678;2;0;0;1;0;4;3;3;0;2;9;0;2;4;0;0;3;3;2;2.0;1.0;1;3;2;3;3;3;3;4;0;1
388;6;0;0;1;0;4;11;1;5;2;12;0;2;4;3;0;3;3;6;2.0;1.0;9;1;0;1;2;3;3;4;1;1
388;6;1;0;2;0;2;3;1;5;2;12;2;2;4;0;0;3;3;6;4.0;1.0;9;1;0;1;2;3;3;4;3;1
388;6;3;0;3;0;0;2;1;5;2;12;3;2;4;0;0;3;3;2;4.0;1.0;1;3;2;3;3;3;3;4;6;1
332;0;1;0;3;0;2;2;1;5;2;1;2;2;4;0;0;3;3;2;4.0;1.0;1;1;0;1;2;3;3;4;18;1
332;0;1;0;2;0;2;3;1;5;2;1;4;2;4;0;0;3;3;2;4.0;1.0;4;3;2;3;3;3;3;4;6;1
293;4;3;0;2;0;0;13;1;5;2;12;2;2;4;0;3;3;6;2;2.0;2.0;1;3;2;3;3;6;3;4;1;1
563;3;1;0;2;2;2;13;2;0;2;8;2;2;4;0;3;3;6;2;2.0;2.0;1;1;0;1;2;3;3;4;16;1
563;3;3;1;1;2;4;13;1;1;2;9;2;2;4;0;3;3;6;2;2.0;2.0;1;1;0;5;1;3;3;4;0;1
412;0;3;0;2;2;3;3;1;1;2;12;2;2;4;0;0;3;6;2;1.0;1.0;1;3;2;3;3;3;3;4;18;0
464;6;0;0;6;2;2;3;1;0;2;9;0;8;4;0;3;3;6;2;2.0;1.0;1;0;0;1;2;3;3;4;13;0
464;6;0;0;0;0;4;6;1;5;2;2;3;2;4;0;3;3;6;2;2.0;1.0;1;1;1;1;2;3;3;4;13;0
1025;5;1;0;1;0;3;6;1;1;2;12;4;2;4;0;3;3;6;2;2.0;1.0;1;3;2;3;3;0;3;4;18;0
1025;5;3;0;2;0;0;13;1;2;2;8;2;3;4;2;3;3;6;2;2.0;1.0;1;1;0;1;2;3;3;4;18;0
72;1;3;0;2;0;4;13;1;1;2;12;0;2;4;0;3;3;6;2;2.0;1.0;1;3;2;3;3;3;3;4;18;1
72;1;3;1;2;2;4;5;1;5;2;1;2;8;4;0;3;3;6;2;2.0;1.0;5;3;2;3;3;6;3;4;17;1
678;1;0;0;2;0;4;2;1;5;2;12;0;2;4;0;3;3;6;2;1.0;1.0;3;1;1;2;2;6;3;4;6;1
678;1;0;0;2;0;5;13;1;0;2;8;2;2;4;0;0;3;3;2;1.0;1.0;1;3;2;3;3;0;3;4;0;1
358;0;4;0;2;0;0;3;3;5;2;9;0;2;4;0;3;3;6;2;2.0;1.0;1;1;1;1;2;3;3;4;1;1
358;0;0;0;5;2;0;2;1;5;2;8;4;2;4;0;3;3;6;2;2.0;1.0;1;0;1;0;2;3;3;4;6;1
358;0;1;0;2;2;3;9;1;5;2;8;2;2;4;0;3;3;6;2;1.0;1.0;5;0;1;0;2;0;3;4;6;1
563;4;0;0;2;2;0;3;1;5;2;2;3;2;4;0;3;3;6;6;2.0;2.0;1;1;0;1;2;6;3;4;18;0
563;4;0;0;2;2;1;3;1;5;2;2;0;2;4;0;3;3;6;2;2.0;2.0;9;3;2;3;3;3;3;4;4;0
563;4;0;0;4;2;2;13;1;5;2;9;0;2;4;0;3;3;6;7;2.0;1.0;5;1;0;0;2;3;3;4;0;1
1050;2;1;0;4;2;4;3;1;5;2;12;0;2;4;0;3;3;6;2;2.0;1.0;1;3;2;3;3;6;3;4;0;1
1050;2;0;0;2;2;1;0;1;5;2;12;5;2;4;0;3;3;6;6;2.0;1.0;1;1;0;1;2;3;3;4;18;1
104;3;3;0;3;2;4;13;1;5;2;12;0;2;4;0;3;3;6;2;2.0;1.0;1;3;2;3;3;3;3;4;18;1
104;3;3;1;6;2;2;0;1;1;2;9;0;2;4;0;3;3;6;2;2.0;1.0;1;1;1;0;2;3;3;4;3;1
970;0;1;0;2;2;2;13;1;5;2;8;0;2;4;0;3;3;6;2;2.0;1.0;1;1;1;0;2;6;3;4;9;1
894;0;0;0;2;2;2;13;1;5;2;9;0;2;4;0;3;3;6;2;1.0;1.0;1;3;2;3;3;0;3;4;16;1
894;0;0;0;2;2;3;13;1;5;2;12;2;2;4;0;3;3;6;2;2.0;1.0;1;1;0;0;2;3;3;4;17;1
1039;1;0;0;2;2;1;5;1;5;2;12;2;2;4;0;3;3;6;0;2.0;1.0;1;3;2;3;3;6;3;4;16;1
1039;1;0;0;3;0;1;5;1;5;2;1;2;2;4;0;3;2;6;6;1.0;1.0;1;1;0;0;2;3;3;4;4;1
1044;0;1;0;2;0;1;11;1;2;2;2;4;2;4;0;3;3;6;2;2.0;3.0;1;3;2;3;3;3;3;4;4;1
1044;0;1;0;2;0;1;13;1;5;2;11;2;2;4;0;3;3;6;2;2.0;3.0;1;3;2;3;3;3;3;4;13;1
464;6;3;0;2;0;2;3;1;1;2;8;0;2;4;0;3;3;6;6;2.0;3.0;1;1;0;1;2;3;3;4;18;1
464;6;1;0;2;0;2;4;1;0;2;12;2;2;4;0;3;3;6;2;2.0;1.0;1;1;0;0;2;6;3;4;13;1
360;2;1;0;2;0;4;3;1;2;2;9;0;2;4;0;3;3;6;2;2.0;1.0;1;3;2;3;3;3;3;4;16;1
360;2;4;0;3;0;2;6;1;4;2;12;0;2;4;3;3;2;6;2;3.0;1.0;1;3;2;3;3;3;3;4;6;1
338;5;1;0;2;0;2;0;1;0;2;12;5;8;4;0;3;2;6;2;3.0;1.0;1;1;1;0;2;3;3;4;18;1
338;5;4;0;2;0;4;11;1;1;2;8;4;8;4;0;3;2;6;2;3.0;1.0;1;2;1;1;1;6;3;4;4;1
658;4;0;0;3;2;2;3;1;5;2;9;2;2;4;0;3;3;6;2;3.0;3.0;1;1;0;1;2;3;3;4;0;1
658;4;0;0;2;2;2;13;1;5;2;12;2;2;4;0;3;3;6;7;3.0;3.0;1;3;2;3;3;3;3;4;18;1
937;3;1;0;2;0;2;11;2;1;2;9;0;2;4;3;3;3;6;2;3.0;3.0;1;1;0;0;2;3;3;4;6;1
937;3;4;0;2;0;3;13;1;5;2;2;2;2;4;0;3;3;6;6;3.0;3.0;4;3;2;3;3;1;3;4;18;1
588;2;3;0;2;0;2;5;3;5;2;9;2;2;4;0;3;3;6;2;1.0;1.0;9;3;2;3;3;0;3;4;16;0
907;3;1;0;2;0;2;13;1;5;2;8;4;2;4;3;3;2;6;2;1.0;1.0;1;1;0;0;2;3;3;4;0;0
907;3;4;0;2;0;2;2;3;3;2;9;2;2;4;0;3;3;6;2;2.0;1.0;1;0;0;1;2;6;3;8;17;0
146;0;0;0;2;0;4;11;1;5;2;12;4;2;4;0;3;3;6;2;2.0;1.0;9;2;0;4;2;3;3;4;16;0
146;0;0;1;1;0;4;3;1;5;2;4;2;2;4;0;3;3;6;2;2.0;1.0;1;0;1;0;1;3;3;4;1;1
146;0;3;0;2;0;4;0;1;5;2;2;2;2;4;0;3;3;6;2;2.0;1.0;9;3;2;3;3;3;3;4;2;1
514;5;1;0;2;0;4;2;1;1;2;9;0;8;4;0;3;3;6;2;2.0;1.0;1;1;0;0;1;3;3;4;7;1
514;5;3;0;2;0;4;13;1;5;2;12;2;2;4;0;3;3;6;2;2.0;1.0;1;0;1;0;2;6;3;4;6;1
126;2;4;1;2;0;4;3;1;5;2;12;2;2;4;0;3;3;6;2;1.0;1.0;1;3;2;3;3;6;3;4;7;0
755;0;1;0;2;0;3;13;3;5;2;8;0;2;4;0;3;3;6;7;2.0;2.0;1;1;0;1;2;3;3;4;0;1
729;2;0;0;2;0;2;13;1;0;2;11;2;2;4;0;3;3;6;2;2.0;2.0;1;3;2;3;3;3;3;4;6;1
729;2;0;0;2;0;2;6;1;3;2;9;2;2;4;0;3;3;6;2;2.0;2.0;9;3;2;3;3;3;3;4;6;1
729;2;0;0;6;0;3;13;1;5;2;8;5;3;4;0;3;3;6;2;1.0;1.0;1;1;0;1;1;3;3;4;6;1
729;2;3;0;2;0;3;13;1;5;2;7;5;2;4;0;3;3;6;7;2.0;1.0;1;3;2;3;3;3;3;4;0;0
729;2;3;0;2;0;0;9;1;5;2;12;2;2;4;0;3;3;6;6;2.0;1.0;1;1;0;0;2;3;3;4;0;0
461;5;1;1;3;0;4;13;1;5;2;9;0;2;4;0;3;3;6;2;2.0;1.0;1;1;0;5;2;3;3;4;6;0
461;5;2;0;3;0;4;7;1;5;2;8;0;2;4;0;3;3;6;2;2.0;1.0;1;0;0;5;2;3;3;6;11;0
461;5;2;0;3;0;3;3;1;5;2;8;0;2;4;0;3;3;6;2;2.0;1.0;9;1;0;0;2;6;3;4;0;1
278;2;1;0;1;0;1;13;1;5;2;9;0;2;4;0;3;3;6;2;2.0;1.0;1;3;2;3;3;3;3;4;18;1
278;2;4;0;2;0;1;4;1;5;2;8;0;2;4;0;3;3;6;2;3.0;2.0;1;1;0;1;2;3;3;4;4;1
885;0;0;0;0;0;4;0;1;5;2;8;0;2;4;0;3;3;6;2;3.0;2.0;9;3;2;3;3;6;3;4;0;1
885;0;0;0;2;0;1;11;1;5;2;8;2;2;4;0;3;3;6;2;3.0;2.0;9;2;1;4;2;3;3;4;0;1
716;3;1;0;2;0;1;3;1;5;2;8;2;2;4;0;3;3;6;6;1.0;1.0;1;1;0;0;2;0;3;4;11;1
716;3;1;0;1;0;0;5;1;5;2;12;0;2;4;0;3;3;6;6;1.0;1.0;4;2;1;0;2;3;3;4;4;1
533;5;3;0;2;0;2;3;1;5;2;12;2;2;4;0;3;3;6;2;2.0;2.0;4;1;0;0;2;3;3;4;7;1
533;5;1;0;2;0;3;3;1;1;2;12;2;2;4;0;3;3;6;2;2.0;2.0;1;2;1;0;2;3;3;4;11;1
499;3;0;0;2;0;3;3;1;1;2;9;4;2;4;0;3;3;6;2;2.0;2.0;1;3;2;3;3;3;3;4;16;1
427;2;1;0;3;0;2;13;1;1;2;11;0;0;4;0;3;3;6;2;1.0;1.0;1;1;0;1;2;3;3;4;13;1
427;2;1;0;2;0;3;3;1;1;2;9;0;0;4;2;3;3;6;2;2.0;1.0;1;1;0;0;1;3;3;4;4;1
426;1;1;0;2;0;0;3;1;1;2;8;2;2;4;0;3;3;6;0;2.0;1.0;1;3;2;3;3;3;3;4;16;1
426;1;1;0;3;0;1;5;1;5;2;2;4;2;4;0;3;3;6;2;1.0;1.0;1;3;2;3;3;3;3;4;17;0
426;1;3;0;1;0;0;12;1;5;2;12;0;2;4;0;0;2;3;6;2.0;3.0;3;1;0;0;2;3;3;4;0;1
464;0;0;0;2;0;2;3;1;1;2;12;4;2;4;0;0;2;3;7;2.0;3.0;9;3;2;3;3;0;3;4;0;1
464;0;4;0;2;0;3;5;1;2;2;12;2;2;4;0;0;2;3;2;2.0;3.0;5;1;0;1;2;3;3;4;0;1
988;6;2;0;1;0;4;11;1;5;2;12;2;2;4;0;3;3;6;2;1.0;2.0;1;1;0;0;2;3;3;4;7;0
194;5;0;0;3;2;2;11;1;5;2;8;0;2;4;0;3;3;6;2;1.0;2.0;1;3;2;3;3;3;3;4;1;0
194;5;4;0;3;0;3;3;1;5;2;8;1;2;4;0;3;3;6;2;2.0;1.0;1;1;0;4;2;3;3;4;13;0
775;0;2;0;2;0;2;13;1;5;2;9;0;2;4;0;3;3;6;2;2.0;1.0;1;1;0;1;2;3;3;4;9;0
775;0;0;0;3;2;2;3;1;5;2;8;4;2;4;0;3;3;6;2;2.0;1.0;1;2;1;1;2;6;3;4;13;0
775;0;0;0;2;0;1;5;1;5;2;9;2;2;4;0;3;3;6;2;2.0;1.0;1;3;2;3;3;3;3;4;18;0
660;5;1;0;2;0;4;3;1;5;2;8;0;2;4;0;3;3;6;6;1.0;1.0;1;1;0;1;2;0;3;4;4;1
660;5;0;0;2;0;2;3;1;5;2;12;2;2;4;0;3;3;6;0;2.0;1.0;1;1;0;1;2;3;3;4;16;1
84;0;1;0;1;0;0;13;1;5;2;8;4;2;4;0;3;3;6;2;2.0;1.0;1;1;0;0;2;3;3;4;0;1
406;6;0;0;3;0;2;3;1;5;2;11;0;2;4;2;3;3;6;7;2.0;1.0;1;3;2;3;3;3;3;4;4;1
406;6;3;0;3;0;1;9;1;5;2;9;4;2;4;0;3;3;6;2;2.0;1.0;1;0;1;5;2;6;3;4;18;1
406;6;3;0;2;0;3;3;1;5;2;8;0;2;4;0;0;3;6;2;1.0;1.0;1;1;0;5;2;3;3;4;6;0
504;2;3;0;2;0;3;3;1;5;2;9;0;2;4;0;3;3;5;7;2.0;1.0;9;3;2;3;3;6;3;4;18;1
504;2;3;0;2;0;2;3;1;4;2;8;0;2;4;0;3;3;5;7;2.0;1.0;1;1;0;1;2;6;3;4;13;1
504;2;1;1;2;2;2;3;1;4;2;9;4;2;4;3;0;3;6;2;2.0;1.0;9;3;2;3;3;3;3;4;18;1
504;2;1;1;3;0;0;0;1;5;2;12;5;2;4;0;0;3;6;2;2.0;1.0;9;2;1;4;2;3;3;4;13;1
504;2;1;0;2;0;2;3;0;5;2;12;2;2;4;0;3;3;6;2;1.0;1.0;1;3;2;3;3;3;3;4;17;1
350;1;2;0;3;0;4;3;1;2;2;8;2;2;4;0;3;3;6;2;1.0;1.0;1;3;2;3;3;1;3;4;1;1
350;1;1;0;2;2;0;3;1;4;2;8;2;2;4;2;3;3;6;2;2.0;1.0;1;1;0;0;2;6;3;4;18;1
341;0;4;0;2;0;2;2;1;1;2;9;2;2;4;0;3;3;6;6;2.0;1.0;1;1;0;0;2;6;3;4;4;1
341;0;3;0;2;0;4;11;1;5;2;12;2;2;4;0;3;3;6;2;2.0;1.0;1;1;1;1;2;3;3;4;18;1
956;1;0;1;3;2;1;13;3;5;2;12;0;2;4;0;3;3;6;2;2.0;1.0;1;3;2;3;3;0;3;4;17;1
956;1;1;0;2;0;2;12;1;5;2;8;2;2;4;3;3;2;6;2;1.0;1.0;1;1;0;0;2;3;3;4;13;0
421;6;1;0;2;0;3;2;1;5;2;8;2;2;4;0;3;3;6;2;1.0;1.0;5;1;0;1;2;3;3;4;17;1
327;6;1;0;2;0;2;5;1;5;2;2;0;2;4;0;3;3;6;2;1.0;1.0;1;1;0;1;2;3;3;4;18;1
1058;6;3;0;1;0;4;3;3;5;2;12;4;2;4;0;0;3;3;2;1.0;1.0;1;2;1;5;2;3;3;4;17;1
1058;6;3;0;2;0;2;3;1;5;2;8;0;2;4;0;0;3;3;2;2.0;2.0;8;2;1;5;2;6;3;4;6;1
1058;6;2;0;3;0;0;6;1;0;2;8;2;2;4;0;0;3;3;2;2.0;2.0;2;2;1;5;2;3;3;4;19;1
51;0;0;0;2;0;2;13;1;3;2;9;2;2;4;3;0;3;3;2;2.0;2.0;1;3;2;3;3;1;3;4;6;1
1016;1;3;0;3;0;0;13;1;5;2;12;0;2;4;0;3;3;6;2;3.0;2.0;5;1;1;1;2;3;3;4;1;1
194;1;0;0;2;2;0;15;1;2;2;9;2;2;4;0;3;3;6;2;3.0;2.0;9;3;2;3;3;3;3;4;16;1
194;1;4;0;0;2;0;9;3;5;2;8;2;2;4;0;3;3;6;2;3.0;2.0;1;3;2;3;3;3;3;4;0;1
426;3;0;0;2;2;2;13;1;2;2;8;0;2;4;0;3;3;6;2;3.0;2.0;5;1;0;0;2;3;3;4;0;1
426;3;1;0;2;0;2;11;1;4;2;12;0;2;4;0;0;3;3;2;1.0;1.0;9;1;0;1;2;3;3;4;18;1
667;4;0;0;3;0;2;3;1;0;2;12;5;8;4;0;3;3;6;2;3.0;1.0;1;3;2;3;3;3;3;4;18;1
370;3;4;0;1;2;3;2;1;1;2;8;4;8;4;0;3;3;6;6;3.0;1.0;1;0;1;0;2;3;3;4;1;1
370;3;1;0;2;0;4;2;1;5;2;9;2;2;4;0;3;3;6;2;3.0;1.0;9;1;1;0;2;3;3;4;0;1
436;5;0;0;2;0;2;12;1;5;2;12;2;2;4;0;3;3;6;2;2.0;2.0;1;3;2;3;3;3;3;4;16;1
436;5;0;0;2;0;3;3;2;1;2;9;0;2;4;0;3;3;6;2;2.0;2.0;3;2;0;1;2;6;3;4;1;1
710;4;1;0;2;0;4;14;1;5;2;2;2;2;4;0;3;3;6;2;1.0;1.0;1;2;1;0;2;3;3;4;16;1
963;6;0;0;2;0;2;14;3;5;2;9;2;2;4;3;0;3;3;7;1.0;1.0;1;1;0;5;1;3;3;4;13;1
963;6;0;0;2;2;4;13;1;5;2;8;4;2;4;0;0;3;3;2;2.0;2.0;9;1;0;1;2;3;3;4;2;1
631;2;1;0;2;0;2;13;3;3;2;9;2;2;4;0;0;3;3;2;2.0;2.0;1;3;2;3;3;3;3;4;18;1
631;2;2;0;2;0;0;15;1;5;2;12;4;2;4;0;0;3;3;2;1.0;2.0;1;3;2;3;3;3;3;4;18;1
617;4;3;0;2;0;0;3;1;5;2;4;2;2;4;0;0;3;3;2;1.0;2.0;1;1;1;4;1;3;3;4;18;1
514;1;0;0;2;0;0;12;1;5;2;2;2;2;4;4;3;3;6;2;2.0;1.0;1;1;1;1;2;3;3;4;1;1
387;3;1;0;1;0;1;2;1;1;2;9;0;8;4;2;3;3;6;2;2.0;1.0;1;3;2;3;3;3;3;4;16;1
519;5;0;0;1;2;4;3;1;5;2;12;2;2;4;2;3;3;6;2;1.0;1.0;9;2;0;2;2;3;3;4;9;0
519;5;0;2;3;0;1;3;1;5;2;12;2;2;4;0;3;3;6;2;1.0;1.0;1;0;0;1;2;3;3;8;11;1
320;6;0;0;2;0;4;3;1;0;2;8;0;2;4;0;3;3;6;7;1.0;1.0;1;0;1;0;2;3;3;6;4;1
509;3;4;1;1;0;1;3;1;4;2;5;2;3;4;3;0;2;0;2;1.0;1.0;9;1;0;1;2;1;3;4;1;0
509;3;0;0;2;1;5;0;1;4;2;2;2;8;4;0;3;3;6;2;2.0;2.0;9;3;2;3;3;6;3;4;17;1
653;5;1;0;2;0;0;15;1;5;2;8;5;3;4;0;3;3;6;2;2.0;2.0;1;1;0;0;2;3;3;4;1;1
653;5;1;0;2;2;2;13;1;4;2;2;2;8;4;0;3;2;6;2;2.0;1.0;1;2;0;0;2;3;3;4;18;1
450;6;1;0;2;0;0;13;1;5;2;8;5;3;4;0;3;2;6;6;2.0;1.0;1;3;2;3;3;6;3;4;13;1
450;6;0;0;2;0;4;11;3;5;2;8;0;2;4;3;3;3;6;2;2.0;1.0;1;1;0;1;2;3;3;4;1;1
635;3;0;0;2;0;0;2;1;0;2;11;2;2;4;0;3;3;6;2;2.0;1.0;1;3;2;3;3;3;3;4;4;1
726;0;1;0;2;0;0;3;1;3;2;9;2;2;4;0;3;3;6;2;2.0;2.0;1;1;0;1;2;3;3;4;18;1
726;0;1;0;2;0;1;4;1;5;2;8;5;3;4;0;3;3;6;2;2.0;2.0;1;0;0;0;1;3;3;8;13;1
726;0;0;0;1;0;0;9;1;5;2;7;5;2;4;0;3;3;6;2;1.0;1.0;1;0;0;0;2;4;3;8;18;1
315;0;3;1;2;0;0;3;1;5;2;12;2;2;4;0;0;3;3;2;2.0;4.0;1;0;0;0;2;3;3;8;1;1
426;3;1;0;3;0;4;4;1;5;2;9;0;2;4;0;0;3;3;2;2.0;4.0;1;1;0;1;2;3;3;4;1;1
426;3;0;0;2;0;4;9;1;5;2;8;0;2;4;0;0;3;3;6;2.0;4.0;5;3;2;3;3;3;3;4;17;1
887;4;0;0;3;0;4;11;1;5;2;8;0;2;4;0;0;3;3;2;2.0;4.0;1;1;0;0;1;3;3;4;1;1
887;4;3;0;2;0;4;13;1;5;2;9;0;2;4;0;0;3;3;2;2.0;4.0;2;3;2;3;3;3;3;4;6;1
887;4;3;0;2;0;0;12;1;5;2;8;0;2;4;0;0;3;3;2;2.0;2.0;1;3;2;3;3;3;3;4;6;1
94;1;3;0;2;0;2;3;1;5;2;8;0;2;4;3;0;3;3;2;2.0;2.0;2;1;0;0;2;6;3;4;17;1
94;1;0;0;1;2;1;14;1;5;2;8;2;2;4;0;0;3;3;0;2.0;2.0;1;0;1;5;2;3;3;5;19;1
459;3;0;0;2;0;1;3;1;5;2;8;2;2;4;0;3;3;6;2;1.0;1.0;2;0;1;5;2;3;3;5;18;1
459;3;0;0;2;0;2;5;1;5;2;12;0;2;4;0;3;3;6;2;2.0;1.0;1;3;2;3;3;5;3;4;1;1
459;3;0;0;2;0;2;15;1;5;2;12;2;2;4;0;3;3;6;6;2.0;1.0;1;1;0;2;2;3;3;4;16;1
416;0;1;0;2;0;1;4;1;1;2;12;2;2;4;3;0;3;6;2;2.0;1.0;2;1;0;5;2;3;3;4;18;0
44;6;0;0;1;0;4;13;1;1;2;9;4;2;4;0;0;3;6;2;2.0;1.0;5;3;2;3;3;3;3;4;17;0
44;6;3;0;3;0;2;2;1;1;2;11;0;0;4;0;0;3;6;2;2.0;1.0;1;1;0;0;2;1;3;4;17;1
72;6;1;0;2;0;4;3;1;1;2;9;0;0;4;0;0;3;6;6;2.0;1.0;1;3;2;3;3;1;3;4;16;1
72;6;1;0;6;0;1;14;1;1;2;8;2;2;4;0;3;3;6;6;2.0;1.0;1;0;1;4;2;6;3;6;6;1
514;0;0;0;2;0;1;15;1;5;2;2;4;2;4;0;3;3;6;2;2.0;1.0;9;0;1;1;1;3;3;6;0;1
469;4;0;0;1;0;1;14;1;5;2;12;0;2;4;0;3;3;6;2;2.0;1.0;1;3;2;3;3;3;3;4;1;1
469;4;0;0;2;0;0;3;1;1;2;12;4;2;4;0;3;3;6;6;2.0;1.0;1;1;0;0;2;3;3;4;13;1
471;4;3;0;1;0;2;12;1;2;2;12;2;2;4;0;3;2;6;6;1.0;1.0;1;1;0;1;2;3;3;4;6;0
461;3;0;0;3;0;1;12;1;5;2;12;2;2;4;4;3;3;6;2;1.0;1.0;1;3;2;3;3;3;3;4;7;1
572;6;0;0;2;0;0;14;1;5;2;8;0;2;4;0;3;3;6;2;2.0;1.0;5;1;0;0;2;3;3;4;7;1
572;6;1;0;3;0;0;15;1;5;2;8;1;2;4;0;3;3;6;2;2.0;1.0;1;3;2;3;3;1;3;4;17;1
670;1;1;0;1;0;5;15;1;5;2;9;0;2;4;0;3;3;6;6;1.0;1.0;1;1;0;4;2;3;3;4;1;0
670;1;1;0;2;2;2;14;1;5;2;8;4;2;4;0;3;3;6;2;2.0;1.0;4;2;1;5;2;3;3;4;0;0
199;6;3;1;2;0;0;16;1;5;2;9;2;2;4;0;3;3;6;4;2.0;1.0;1;2;1;5;2;3;3;4;6;0
199;6;3;1;2;0;1;14;1;5;2;8;0;2;4;0;3;3;6;2;2.0;1.0;9;2;0;5;2;3;3;4;18;1
835;1;1;1;2;0;2;14;1;5;2;12;2;2;4;0;3;3;6;6;2.0;1.0;9;2;1;1;2;0;3;4;19;1
243;0;1;0;2;0;2;6;1;5;2;8;4;2;4;3;3;3;6;2;2.0;3.0;1;1;1;0;2;3;3;4;10;1
243;0;3;0;2;0;2;3;1;5;2;11;0;2;4;0;3;3;6;2;2.0;3.0;5;3;2;3;3;2;3;4;0;1
444;1;1;0;2;0;1;3;1;5;2;9;4;2;4;0;3;3;6;2;2.0;3.0;1;1;1;0;2;3;3;4;6;1
181;2;3;0;2;0;4;4;1;5;2;8;0;2;4;0;3;3;6;2;2.0;3.0;1;1;0;4;2;6;3;4;13;1
181;2;1;0;2;2;4;3;1;5;2;9;0;2;4;0;3;3;6;2;3.0;3.0;1;1;0;0;2;6;3;4;2;1
234;5;0;0;2;0;2;11;1;5;2;8;0;2;4;0;3;3;6;4;3.0;3.0;1;1;1;0;2;3;3;4;0;1
234;5;1;0;3;2;4;3;1;1;2;8;2;2;4;0;3;3;6;4;3.0;3.0;1;3;2;3;3;3;3;4;6;1
163;5;1;0;2;0;2;3;1;5;2;9;0;2;4;0;3;3;6;3;3.0;3.0;1;3;2;3;3;3;3;4;16;1
144;0;3;0;2;2;3;4;1;2;2;2;0;8;4;0;3;3;6;3;3.0;2.0;1;1;1;4;2;3;3;4;1;1
144;0;3;0;2;2;1;3;1;2;2;9;0;2;4;0;3;3;6;3;3.0;2.0;1;1;0;0;2;3;3;4;17;1
144;0;1;0;2;2;1;3;1;5;2;12;5;2;4;3;3;3;6;3;3.0;2.0;11;3;2;3;3;6;4;4;18;1
185;1;1;0;1;2;2;3;1;2;2;12;0;2;4;0;3;3;6;3;2.0;1.0;1;3;2;3;3;3;3;4;18;0
185;1;1;0;2;2;2;14;1;5;2;12;1;2;4;0;3;3;6;3;2.0;1.0;1;1;0;0;2;3;3;4;1;0
98;2;4;0;2;2;3;14;1;5;2;2;1;2;4;0;3;3;6;1;2.0;4.0;1;3;2;3;3;1;3;4;18;1
98;2;0;0;3;2;4;3;3;5;2;12;1;2;4;0;3;3;6;0;2.0;4.0;1;1;0;1;2;3;3;4;1;1
98;2;1;0;3;2;3;11;1;5;2;2;1;2;4;0;3;3;6;3;2.0;4.0;4;0;0;0;2;3;3;8;18;1
98;2;1;0;2;2;2;3;1;5;2;2;2;2;4;0;3;3;6;0;2.0;4.0;1;1;0;5;2;1;3;4;18;1
63;6;3;0;2;2;2;2;1;4;2;12;0;2;4;0;3;3;6;3;4.0;2.0;1;1;1;0;2;3;3;4;18;1
726;1;1;0;2;2;2;10;3;2;2;12;0;2;4;0;3;3;6;3;4.0;2.0;9;3;2;3;3;3;3;4;1;1
726;1;1;0;2;0;0;13;1;2;2;11;5;2;4;0;3;3;6;2;4.0;2.0;1;1;0;1;2;3;3;4;0;1
443;0;3;0;1;2;2;4;1;4;2;9;0;2;4;0;3;3;6;8;4.0;2.0;9;3;2;3;3;3;3;4;13;1
443;0;1;0;2;0;2;15;1;0;2;12;2;2;4;0;3;3;6;4;4.0;2.0;1;3;2;3;3;3;3;4;0;1
148;5;3;1;2;0;2;13;1;4;2;8;0;2;4;2;3;3;6;4;2.0;1.0;1;1;0;1;1;3;3;4;18;1
148;5;1;0;2;0;2;9;1;4;2;9;0;2;4;0;3;3;6;0;2.0;1.0;1;3;2;3;3;3;3;4;11;1
965;5;3;0;2;0;4;3;1;4;2;12;4;8;4;0;3;3;6;3;1.0;1.0;1;1;0;1;2;3;3;4;4;0
965;5;0;0;2;0;2;3;1;4;2;9;2;2;4;0;3;2;6;3;2.0;1.0;11;1;0;1;2;3;3;4;4;1
965;5;1;0;2;0;5;3;1;2;2;9;0;2;4;0;3;2;6;8;2.0;1.0;1;3;2;3;3;3;3;4;0;1
416;5;0;0;0;0;3;11;1;5;2;9;2;2;4;0;3;3;6;4;3.0;1.0;1;1;0;0;2;3;3;4;17;1
461;3;2;1;3;0;2;3;1;0;2;12;5;2;4;0;3;3;6;3;3.0;1.0;1;1;0;0;2;1;3;4;16;1
1069;1;1;0;3;0;2;0;1;2;2;12;0;2;4;0;3;3;6;3;3.0;1.0;1;1;1;0;2;6;3;4;1;1
1069;1;3;0;2;0;2;0;1;2;2;12;4;2;4;0;3;3;6;7;1.0;2.0;1;3;2;3;3;3;3;4;1;0
474;0;1;0;1;0;2;11;1;0;2;3;0;2;4;0;3;3;6;2;1.0;2.0;1;1;0;1;2;2;3;4;11;0
474;0;2;0;2;0;2;3;1;1;2;9;0;2;4;0;3;2;6;2;1.0;1.0;0;3;2;3;3;1;3;4;18;2
533;5;0;0;2;0;1;8;1;2;2;9;4;2;4;0;3;3;6;7;2.0;2.0;4;0;0;1;2;3;3;4;16;1
533;5;1;0;6;0;2;3;1;2;2;9;0;2;4;0;3;3;6;2;2.0;2.0;3;1;1;4;2;1;3;4;0;1
533;5;1;0;2;0;4;13;1;0;2;12;2;2;4;0;3;3;6;6;3.0;2.0;9;3;2;3;3;3;3;4;1;1
533;5;1;0;2;0;0;3;1;0;2;8;2;2;4;0;3;3;6;2;3.0;2.0;9;1;1;0;2;1;3;4;18;1
199;0;1;0;6;0;3;6;1;1;2;12;5;2;4;0;3;3;6;2;3.0;2.0;1;3;2;3;3;3;3;4;6;1
199;0;0;0;3;0;0;10;1;5;2;8;3;2;4;0;3;2;6;2;2.0;2.0;4;3;2;3;3;3;3;4;17;1
988;3;3;0;2;0;2;3;1;5;2;9;2;2;4;0;3;2;6;0;2.0;2.0;1;1;0;0;2;3;3;4;6;1
241;5;4;0;3;0;4;6;1;5;2;8;3;6;4;4;3;3;6;2;1.0;1.0;1;0;1;4;2;6;3;6;13;1
367;6;1;0;2;0;2;3;1;5;2;8;3;2;4;0;3;3;6;2;1.0;1.0;11;1;0;1;2;3;3;4;18;1
367;6;1;0;3;0;1;13;2;5;2;12;3;2;4;0;3;3;6;2;3.0;1.0;1;3;2;3;3;3;3;4;18;1
1017;1;0;0;2;0;1;13;1;5;2;8;2;2;4;0;3;3;6;7;3.0;1.0;1;1;1;2;2;0;3;4;18;1
1017;1;3;0;2;0;4;5;1;5;2;8;2;2;4;0;3;3;6;2;3.0;1.0;11;3;2;3;3;3;3;4;1;1
1017;1;3;0;2;0;1;13;3;5;2;8;4;2;4;0;3;3;6;6;2.0;1.0;0;3;2;3;3;1;3;4;1;1
787;1;1;0;2;2;3;13;1;5;2;12;0;2;4;0;3;3;6;2;2.0;1.0;1;1;0;0;2;3;3;4;13;1
942;3;3;0;2;0;1;5;1;5;2;9;2;2;4;0;3;3;6;0;2.0;2.0;9;3;2;3;3;3;3;4;0;1
942;3;1;0;2;0;4;0;1;1;2;9;2;6;4;4;3;3;6;2;2.0;2.0;3;1;1;1;2;3;3;4;16;1
127;3;3;0;2;0;1;3;1;2;2;2;2;2;4;0;3;3;6;2;2.0;2.0;1;0;0;4;2;3;3;6;13;1
489;1;3;0;3;0;4;4;1;2;2;12;2;2;4;0;0;2;3;2;2.0;3.0;1;3;2;3;3;3;3;4;6;1
489;1;4;0;3;0;4;11;1;5;2;9;2;2;4;0;0;2;3;2;2.0;3.0;4;1;0;0;2;3;3;4;6;1
277;4;1;0;3;1;4;2;1;1;2;12;0;2;4;0;0;2;3;2;2.0;3.0;9;1;0;1;2;3;3;4;10;1
277;4;0;0;2;0;4;3;1;1;2;9;0;2;4;0;0;2;3;6;2.0;3.0;1;3;2;3;3;3;3;4;17;1
791;4;2;0;2;0;3;3;1;1;2;9;2;2;4;0;3;3;6;2;2.0;1.0;9;3;2;3;3;3;3;4;16;1
431;3;3;0;3;0;2;11;1;2;2;12;2;2;4;0;3;3;6;2;2.0;1.0;1;1;1;2;2;3;3;4;6;1
112;4;0;0;2;0;1;4;1;5;2;12;2;2;4;0;3;3;6;6;1.0;1.0;1;0;1;4;1;3;3;4;13;1
112;4;3;0;2;0;4;13;1;5;2;12;0;2;4;0;3;3;6;6;2.0;1.0;1;3;2;3;3;3;3;4;6;0
112;4;3;0;2;0;3;3;1;5;2;12;3;2;4;4;3;3;6;2;2.0;1.0;1;1;0;0;2;3;3;4;16;0
112;4;3;0;2;2;1;3;1;5;2;9;2;2;4;0;3;3;6;2;2.0;3.0;1;1;0;0;2;3;3;4;0;1
55;2;3;0;2;0;4;13;1;1;2;1;0;2;4;0;3;3;6;2;2.0;3.0;1;2;1;4;2;3;3;4;1;1
55;2;1;0;6;0;1;13;1;5;2;12;5;2;4;0;3;3;6;2;2.0;3.0;1;2;1;4;2;3;3;4;16;1
55;2;1;0;2;0;1;13;1;5;2;8;0;2;4;0;3;3;6;6;1.0;1.0;1;1;0;0;2;3;3;4;6;1
479;5;1;0;1;0;1;4;1;5;2;12;0;2;4;1;3;3;6;2;2.0;1.0;1;3;2;3;3;3;3;4;13;1
479;5;0;0;2;0;0;4;1;5;2;8;0;2;4;0;3;3;6;2;2.0;1.0;1;3;2;3;3;3;3;4;18;1
224;3;3;0;1;0;2;3;1;5;2;8;4;2;4;0;3;3;6;2;1.0;1.0;1;1;1;0;2;3;3;4;1;1
224;3;3;0;3;0;1;2;1;5;2;8;0;2;4;0;3;3;6;2;1.0;1.0;5;1;0;1;2;3;3;4;1;1
224;3;1;0;2;0;0;3;1;5;2;12;0;2;4;0;3;3;6;2;2.0;1.0;5;1;0;0;2;3;3;4;18;1
324;5;0;0;3;0;0;3;3;5;2;12;3;2;4;0;3;3;6;2;2.0;1.0;1;3;2;3;3;3;3;4;1;1
1063;1;3;0;1;0;5;9;1;5;2;8;1;2;4;3;3;3;6;6;2.0;1.0;1;3;2;3;3;3;3;4;6;1
131;6;2;0;2;2;2;3;1;5;2;9;5;2;4;0;3;3;6;2;2.0;1.0;3;1;0;4;2;6;3;4;1;1
131;6;0;0;2;0;0;3;3;1;2;1;0;2;4;0;3;2;6;7;2.0;2.0;1;3;2;3;3;3;3;4;18;1
131;6;0;0;2;0;1;5;1;0;2;12;5;2;4;0;3;2;6;6;2.0;2.0;1;1;0;1;1;3;3;4;0;1
67;3;4;0;2;0;2;14;1;4;2;9;5;2;4;0;3;2;6;6;2.0;2.0;1;1;1;0;2;6;3;4;18;1
67;3;4;0;2;0;2;3;1;5;2;12;5;2;4;0;3;3;6;2;2.0;1.0;1;3;2;3;3;3;3;4;7;1
67;3;1;0;2;0;2;3;1;5;2;12;5;2;4;0;3;3;6;0;2.0;1.0;1;3;2;3;3;3;3;4;18;1
504;1;0;0;2;0;1;0;1;2;2;12;4;2;4;0;3;2;6;2;2.0;2.0;3;1;0;0;2;1;3;4;11;1
504;1;1;0;2;0;4;4;1;5;2;12;2;2;4;0;3;2;6;2;2.0;2.0;1;3;2;3;3;3;3;4;10;1
504;0;1;0;2;2;4;13;1;1;2;12;5;2;4;0;3;3;6;2;2.0;1.0;1;1;0;0;2;6;3;4;17;1
504;0;0;0;2;0;2;3;1;5;2;11;0;2;4;0;3;3;6;2;2.0;1.0;5;3;2;3;3;3;3;4;13;1
135;0;1;0;3;2;4;6;1;5;2;8;2;2;4;0;3;3;6;2;1.0;1.0;1;1;0;0;2;3;3;4;0;0
135;0;1;0;2;0;2;3;1;5;2;8;2;2;4;2;3;3;6;2;2.0;1.0;1;0;1;1;2;3;3;4;1;1
942;3;3;0;2;2;2;0;1;2;2;8;2;2;4;0;3;3;6;2;2.0;1.0;1;3;2;3;3;3;3;4;0;1
942;3;1;0;2;2;4;5;1;5;2;11;2;2;4;0;3;3;6;2;2.0;1.0;1;1;0;1;2;3;3;4;10;1
6;6;0;0;1;2;4;3;3;5;2;11;0;2;4;0;3;3;6;6;2.0;1.0;1;1;0;0;2;3;3;4;16;1
6;6;1;0;2;0;2;13;1;5;2;8;2;2;4;0;3;3;6;2;2.0;1.0;2;1;0;0;2;3;3;4;16;1
578;4;0;1;3;0;2;3;1;5;2;8;2;2;4;0;3;3;6;2;2.0;1.0;5;1;1;1;2;3;3;4;1;1
578;4;1;0;3;2;4;4;3;4;2;11;2;2;4;0;3;3;6;2;3.0;3.0;1;3;2;3;3;3;3;4;0;1
533;3;1;0;2;2;3;5;1;0;2;12;2;2;4;0;3;3;6;2;3.0;3.0;1;2;1;1;2;3;3;4;0;1
533;3;4;0;2;2;1;3;1;4;2;12;2;2;4;0;3;3;6;7;3.0;3.0;1;0;0;1;2;3;3;8;1;1
140;1;2;0;2;2;1;3;1;3;2;12;0;2;4;0;3;3;6;2;3.0;3.0;1;3;2;3;3;3;3;4;1;1
140;1;0;1;1;2;2;3;1;4;2;12;2;2;4;0;3;3;6;2;2.0;1.0;1;1;0;4;2;3;3;4;19;1
738;0;0;0;2;2;2;11;1;5;2;9;0;2;4;0;3;3;6;2;2.0;1.0;1;1;0;5;2;3;3;4;11;1
961;6;0;0;2;2;3;2;3;0;2;12;0;2;4;0;0;3;3;2;2.0;1.0;1;0;0;5;2;3;3;7;1;1
937;0;1;0;3;2;4;2;1;0;2;12;0;2;4;0;0;3;3;2;2.0;1.0;1;0;0;0;2;3;3;8;10;1
937;0;1;0;3;2;3;2;1;5;2;4;0;2;4;0;3;3;6;2;2.0;1.0;1;2;0;0;2;3;3;4;6;1
764;4;2;0;2;2;2;6;1;5;2;1;0;2;4;0;3;3;6;6;2.0;1.0;9;1;1;0;2;3;3;4;13;1
764;4;0;0;2;2;2;13;1;4;2;2;2;2;4;0;3;3;6;2;2.0;1.0;9;3;2;3;3;3;3;4;18;1
315;3;3;0;2;2;2;5;1;5;2;8;2;2;4;0;3;3;6;2;2.0;1.0;4;3;2;3;3;3;3;4;16;1
315;3;1;0;2;0;0;3;1;5;2;12;2;2;4;0;3;3;6;2;2.0;1.0;5;1;1;0;2;3;3;4;3;1
416;3;2;0;1;2;2;3;1;5;2;8;0;2;4;0;3;3;6;2;2.0;1.0;5;1;1;1;2;3;3;4;1;1
416;3;1;0;2;0;2;11;1;5;2;8;2;2;4;0;3;3;6;2;2.0;1.0;1;3;2;3;3;3;3;4;18;1
367;5;0;0;2;0;2;13;1;5;2;12;2;2;4;0;3;3;6;2;2.0;1.0;1;1;1;0;2;3;3;4;13;1
221;4;1;0;2;0;2;13;1;4;2;9;0;2;4;4;3;3;6;2;2.0;1.0;5;3;2;3;3;3;3;4;16;1
221;4;0;0;2;0;4;13;1;4;2;8;5;3;4;0;3;3;6;2;2.0;1.0;5;1;1;0;2;3;3;4;16;1
174;0;3;1;2;0;2;0;1;4;2;9;5;2;4;0;3;2;6;0;2.0;1.0;1;3;2;3;3;6;3;4;18;1
174;0;0;0;2;0;5;5;1;5;2;11;2;2;4;0;3;2;6;2;2.0;1.0;2;1;0;1;2;0;3;4;18;1
332;0;3;0;0;0;3;2;1;4;2;8;2;7;4;0;3;3;6;2;1.0;4.0;5;1;0;0;2;3;3;4;11;1
332;0;1;0;3;0;2;5;1;2;2;12;5;2;4;0;3;3;6;2;1.0;4.0;4;3;2;3;3;1;3;4;10;1
332;0;1;1;3;0;2;2;1;4;2;12;0;2;4;0;3;3;6;6;1.0;4.0;1;0;1;0;2;6;3;4;0;1
332;0;1;0;2;0;2;5;1;4;2;2;5;2;4;0;3;3;6;2;1.0;4.0;1;0;1;1;2;6;3;5;1;1
332;0;1;0;1;0;2;11;1;5;2;8;2;2;4;0;3;3;6;2;1.0;1.0;1;2;1;2;2;0;3;4;6;0
827;4;4;0;2;0;2;3;1;5;2;12;2;2;4;0;3;3;6;2;1.0;1.0;1;1;0;0;2;6;3;4;13;1
764;3;0;0;2;0;1;13;1;5;2;8;2;0;4;0;3;2;6;6;2.0;1.0;1;3;2;3;3;3;3;4;13;1
315;6;0;0;6;0;2;10;1;5;2;8;2;2;4;0;3;2;6;2;2.0;1.0;1;1;1;1;2;3;3;4;0;1
834;0;0;0;2;0;4;13;1;4;2;8;2;7;4;0;0;2;6;2;2.0;1.0;1;1;0;2;2;3;3;4;16;0
834;0;0;0;2;0;0;13;1;4;2;2;0;7;4;0;0;2;6;2;2.0;1.0;1;2;0;2;2;3;3;4;9;0
834;0;0;0;6;0;3;0;1;4;2;8;0;6;4;4;3;3;6;2;1.0;2.0;1;3;2;3;3;3;3;4;10;1
834;0;0;0;3;0;0;3;1;2;2;12;3;6;4;0;3;3;6;6;1.0;2.0;5;1;0;0;2;3;3;4;0;1
350;4;0;0;2;0;2;3;1;5;2;12;2;2;4;0;3;2;6;2;2.0;3.0;1;3;2;3;3;3;3;4;6;1
1012;0;4;0;2;0;0;3;1;2;2;2;6;3;4;0;3;2;6;2;2.0;3.0;1;1;0;5;2;3;3;4;18;1
16;2;0;0;3;2;2;0;1;0;2;11;0;2;4;0;3;2;6;2;2.0;3.0;9;3;2;3;3;3;3;4;1;1
16;2;1;0;2;0;1;15;1;5;2;2;2;2;4;0;3;3;6;2;2.0;1.0;1;1;1;0;2;6;3;4;18;0
16;2;1;0;2;2;3;4;1;4;2;8;0;2;4;0;3;3;6;2;2.0;1.0;9;3;2;3;3;3;3;4;18;0
7;2;0;1;6;0;2;15;1;1;2;12;5;2;4;0;3;3;6;7;2.0;1.0;5;1;0;5;2;3;3;4;19;2
7;2;0;0;6;0;2;4;1;4;2;2;2;5;4;0;3;3;6;2;2.0;1.0;1;0;0;0;2;6;3;4;11;2
324;4;2;0;2;0;2;10;3;0;2;12;3;2;4;0;3;3;6;2;2.0;1.0;2;1;0;5;1;3;3;4;6;1
324;4;1;0;2;0;1;15;3;4;2;12;3;2;4;4;3;3;6;6;2.0;1.0;1;1;1;1;2;3;3;4;10;1
324;4;1;0;2;0;4;3;2;2;2;8;2;6;4;0;3;3;6;2;2.0;1.0;5;3;2;3;3;6;3;4;13;1
386;4;4;0;2;0;2;3;2;4;2;12;2;2;4;0;3;3;6;2;2.0;1.0;5;1;1;4;2;3;3;4;3;1
386;4;4;0;2;0;4;13;1;1;2;12;2;2;4;0;3;3;6;7;3.0;1.0;5;3;2;3;3;6;3;4;10;1
591;0;4;0;2;0;1;2;3;5;2;9;2;2;4;0;3;3;6;2;3.0;1.0;0;1;0;0;2;6;3;4;0;1
591;0;1;1;2;0;3;2;1;1;2;8;2;2;4;0;3;3;6;2;3.0;1.0;5;3;2;3;3;6;3;4;1;1
572;6;3;0;2;0;3;3;1;1;2;2;4;2;4;0;3;2;6;7;2.0;1.0;5;1;0;0;2;3;3;4;18;1
572;6;1;0;2;2;2;2;1;0;2;12;0;2;4;3;3;2;6;7;2.0;1.0;5;2;1;4;2;3;3;4;18;1
572;6;1;0;2;0;1;3;1;4;2;0;5;8;4;0;3;2;6;7;2.0;2.0;1;0;0;1;2;2;3;8;16;1
541;5;0;0;3;0;3;6;1;4;2;9;2;2;4;0;3;2;6;6;2.0;2.0;1;0;0;5;2;3;3;6;13;1
541;5;0;0;2;0;1;13;1;2;2;8;0;2;4;0;3;2;6;2;2.0;1.0;1;1;1;1;2;3;3;4;13;1
464;4;3;0;2;0;2;3;1;5;2;1;5;2;4;0;3;2;6;2;2.0;1.0;1;3;2;3;3;6;3;4;19;1
464;4;0;0;1;0;4;3;3;5;2;8;5;0;4;0;3;3;6;2;2.0;1.0;1;1;1;1;2;6;3;4;1;1
689;2;1;0;1;0;4;3;1;2;2;4;5;2;4;0;3;3;6;2;2.0;1.0;1;3;2;3;3;3;3;4;1;1
689;2;1;0;2;0;2;13;1;5;2;12;2;2;4;0;3;3;6;2;1.0;1.0;1;3;2;3;3;3;3;4;16;1
296;6;3;0;3;0;0;3;1;5;2;9;0;2;4;0;3;0;6;2;1.0;4.0;1;1;0;0;2;3;3;4;0;0
296;6;3;1;3;0;2;13;3;4;2;9;5;2;4;0;3;0;6;7;1.0;4.0;1;3;2;3;3;6;3;4;0;0
296;6;0;1;2;0;2;12;1;0;2;4;5;2;4;0;3;0;6;6;1.0;4.0;1;1;1;0;2;3;3;4;6;0
456;2;1;0;2;0;0;13;1;1;2;9;0;2;4;0;3;0;6;2;1.0;4.0;1;1;1;1;1;3;3;4;1;0
456;2;3;0;2;2;2;13;1;5;2;9;5;2;4;0;3;1;6;2;3.0;1.0;2;3;2;3;3;3;3;4;0;1
709;4;0;1;1;2;4;2;1;5;2;8;0;2;4;0;3;1;6;2;3.0;1.0;1;3;2;3;3;6;3;4;10;1
709;4;0;1;2;2;3;11;1;1;2;8;3;4;4;0;3;1;6;2;3.0;1.0;5;1;0;0;2;6;3;4;6;1
942;5;0;0;6;2;2;11;1;4;2;8;5;2;4;0;3;3;6;5;2.0;1.0;1;1;0;1;2;3;3;4;18;1
942;5;1;0;0;0;4;13;1;0;2;8;0;4;4;0;3;3;6;2;2.0;1.0;3;3;2;3;3;3;3;4;16;1
73;3;1;0;1;0;3;13;1;5;2;8;4;2;4;0;3;3;6;2;1.0;1.0;1;1;0;1;2;1;3;4;16;1
209;3;1;0;2;0;0;2;1;5;2;8;0;2;4;3;3;3;6;2;1.0;1.0;1;2;1;5;2;0;3;4;16;1
209;3;1;0;2;0;4;3;1;5;2;8;5;2;4;0;3;2;6;2;2.0;3.0;1;3;2;3;3;3;3;4;1;1
209;3;1;0;2;2;4;3;1;4;2;9;5;2;4;0;3;2;6;2;2.0;3.0;1;3;2;3;3;3;3;4;13;1
113;1;0;0;2;0;4;12;1;2;2;9;4;2;4;0;3;2;6;2;2.0;3.0;4;1;0;0;2;0;3;4;6;1
113;1;0;0;2;0;5;13;1;5;2;12;4;2;4;0;3;2;6;2;2.0;3.0;6;3;2;3;3;3;3;4;10;1
564;3;0;0;2;0;0;2;1;2;2;2;0;2;4;0;0;2;3;2;2.0;1.0;6;1;0;1;2;3;3;4;0;1
564;3;0;0;5;2;0;3;1;5;2;1;5;2;4;0;0;2;3;2;2.0;1.0;6;2;1;1;2;3;3;4;16;1
1044;0;1;0;2;2;3;0;1;5;2;4;0;2;4;0;3;3;6;7;3.0;1.0;6;3;2;3;3;3;3;4;0;1
1044;0;0;0;2;2;0;11;1;5;2;9;5;2;4;0;3;3;6;6;3.0;1.0;5;3;2;3;3;3;3;4;7;1
259;3;0;0;2;2;1;3;1;4;2;9;5;1;4;0;3;3;6;6;3.0;1.0;6;0;1;5;2;3;3;2;13;1
259;3;3;0;4;2;2;13;1;1;2;8;3;2;4;0;3;3;6;2;1.0;1.0;4;2;1;1;2;3;3;4;16;0
250;0;1;0;4;2;4;2;1;1;2;0;0;2;4;3;3;3;6;2;2.0;1.0;6;2;1;4;2;3;3;4;18;1
250;0;1;0;2;2;1;6;1;5;2;13;5;2;4;0;3;3;6;2;2.0;1.0;6;3;2;3;3;3;3;4;6;1
713;5;2;0;3;2;4;2;1;5;2;4;5;2;4;0;0;3;6;2;1.0;1.0;6;3;2;3;3;3;3;4;1;1
713;5;3;1;6;2;2;2;1;5;2;9;1;2;4;0;3;2;6;2;1.0;3.0;6;1;1;0;2;3;3;4;16;1
915;1;0;0;2;2;2;7;3;3;2;9;0;2;4;0;3;2;6;6;1.0;3.0;6;1;0;2;2;6;3;4;16;1
915;1;1;0;2;2;2;13;1;2;2;12;0;2;4;0;3;2;6;2;1.0;3.0;5;1;0;0;2;6;3;4;18;1
943;1;0;0;2;2;3;13;3;5;2;9;5;2;4;0;3;3;6;2;1.0;1.0;1;1;0;1;2;3;3;4;7;1
943;1;1;0;2;2;1;4;1;0;2;6;0;6;4;0;0;2;3;2;2.0;1.0;1;0;1;5;1;3;3;5;6;1
1005;3;1;0;3;0;1;15;1;1;2;6;0;6;4;0;0;2;3;2;2.0;1.0;5;1;0;1;2;3;3;4;6;1
1005;3;1;0;2;0;1;3;1;5;2;8;3;2;4;2;0;0;6;2;1.0;1.0;1;3;2;3;3;3;3;4;0;0
362;5;3;0;2;0;1;3;1;1;2;9;0;6;4;0;3;3;6;2;1.0;1.0;1;1;0;0;2;3;3;4;6;1
713;0;0;0;2;0;2;4;1;5;2;9;5;2;4;0;3;2;6;7;1.0;1.0;1;3;2;3;3;3;3;4;1;1
713;0;0;0;2;0;2;3;1;5;1;5;5;2;4;0;0;2;3;7;2.0;1.0;1;0;0;4;2;1;3;8;6;0
713;0;0;0;2;0;4;2;1;4;2;9;5;2;4;0;0;2;3;6;2.0;1.0;1;1;0;0;2;0;3;4;6;0
713;0;0;0;3;0;2;13;1;2;0;2;5;2;4;0;0;2;6;7;1.0;2.0;2;3;2;3;3;6;3;4;10;0
829;4;0;0;2;0;2;6;1;5;2;8;0;2;4;0;0;2;6;2;1.0;2.0;9;1;0;4;2;3;3;4;6;0
1044;5;3;0;2;0;4;4;1;5;2;8;2;3;4;0;0;2;3;2;1.0;4.0;8;3;2;3;3;3;3;4;18;1
1044;5;2;0;3;2;2;11;3;5;2;8;2;4;4;0;0;2;3;2;1.0;4.0;1;0;0;1;1;1;3;6;6;1
1044;5;2;0;2;2;2;2;1;1;2;12;0;3;4;0;0;2;3;6;1.0;4.0;1;1;0;1;2;3;3;4;7;1
1044;5;2;0;2;0;2;4;1;1;2;12;0;2;4;0;0;2;3;6;1.0;4.0;1;3;2;3;3;3;3;4;11;1
1044;5;2;0;2;0;3;6;1;5;2;9;2;2;4;0;3;3;6;2;1.0;1.0;1;3;2;3;3;3;3;4;18;1
1044;5;2;0;2;0;2;5;1;5;2;12;2;2;4;0;0;3;3;2;1.0;1.0;1;1;0;1;2;3;3;4;6;1
963;1;4;0;2;0;2;13;1;3;2;12;0;0;4;0;3;2;6;2;2.0;2.0;1;1;0;0;2;3;3;4;13;1
963;1;0;0;2;0;2;4;1;2;2;12;2;2;4;0;3;2;6;2;2.0;2.0;1;1;0;0;2;3;3;4;11;1
630;5;0;0;2;0;4;13;3;2;2;12;0;2;4;0;3;2;6;2;2.0;2.0;1;3;2;3;3;3;3;4;1;1
630;5;0;0;1;0;4;4;1;1;2;12;3;0;4;0;0;2;7;2;2.0;1.0;1;1;0;0;2;3;3;4;0;1
426;5;0;0;2;0;4;14;1;5;2;12;2;2;4;0;0;2;7;2;2.0;1.0;1;1;0;1;2;3;3;4;11;1
426;5;1;0;2;0;4;3;1;1;2;2;2;2;4;0;3;3;1;2;2.0;2.0;1;3;2;3;3;6;3;4;12;1
426;5;1;0;2;0;4;2;1;2;2;12;0;2;4;0;3;3;1;2;2.0;2.0;5;1;0;4;2;1;3;4;4;1
332;4;2;0;2;0;4;3;2;1;2;4;2;2;4;0;3;3;1;6;2.0;2.0;1;3;2;3;3;3;3;4;16;1
332;4;0;0;2;0;2;6;1;5;2;9;3;2;4;3;0;2;3;6;2.0;1.0;9;0;0;4;2;3;3;8;0;1
1059;4;0;0;2;0;1;10;3;4;2;12;2;2;4;0;0;2;3;7;2.0;1.0;5;1;0;1;2;6;3;4;13;1
1059;4;3;0;2;0;3;13;1;5;2;8;2;2;4;0;3;2;6;2;2.0;2.0;1;1;0;0;2;3;3;4;1;1
1059;4;1;0;2;0;3;13;1;5;2;4;6;2;4;0;3;2;6;2;2.0;2.0;1;2;0;0;2;3;3;4;17;1
104;6;0;0;2;0;1;0;1;0;2;4;3;2;4;0;0;0;6;2;2.0;3.0;1;2;1;0;2;3;3;4;18;1
104;6;3;0;3;0;3;3;1;5;2;12;2;2;4;0;0;0;6;2;2.0;3.0;1;3;2;3;3;1;3;4;16;1
206;0;2;0;2;0;3;3;2;4;2;3;2;2;4;0;0;0;6;2;2.0;3.0;1;2;1;4;2;3;3;4;18;1
206;0;0;0;2;0;2;3;1;5;2;8;4;2;4;0;0;2;6;2;2.0;1.0;1;3;2;3;3;3;3;4;18;1
354;1;0;0;2;0;2;0;1;1;2;2;0;2;4;2;0;2;6;2;2.0;1.0;1;0;1;1;1;3;3;4;13;1
354;1;0;0;6;0;3;15;2;2;2;3;0;3;4;0;0;2;3;2;2.0;1.0;1;1;0;1;2;3;3;4;0;1
354;1;1;0;2;0;3;4;1;4;2;8;5;2;4;0;0;2;3;2;2.0;1.0;1;3;2;3;3;3;3;4;17;1
78;1;1;0;2;0;0;15;1;1;2;12;2;4;4;0;3;2;6;7;2.0;1.0;5;1;0;1;2;3;3;4;13;1
78;1;1;0;3;0;4;4;1;0;2;8;0;2;4;4;3;2;6;7;2.0;1.0;2;1;0;5;2;3;3;4;19;1
307;1;0;0;3;0;4;10;1;1;2;8;2;3;4;0;3;3;6;2;2.0;2.0;5;3;2;3;3;3;3;4;11;1
307;1;0;0;3;0;3;15;1;5;2;12;3;8;4;0;3;3;6;2;2.0;2.0;5;3;2;3;3;3;3;4;12;1
514;1;0;0;1;0;1;3;1;0;2;8;0;0;4;0;3;3;6;2;2.0;2.0;2;1;0;0;1;3;3;4;0;1
831;6;0;0;2;0;1;3;1;5;2;9;0;2;4;0;0;2;6;2;2.0;1.0;1;2;0;0;2;3;3;4;14;1
831;6;0;0;0;0;4;13;1;5;2;12;2;2;4;0;0;2;6;2;2.0;1.0;1;3;2;3;3;6;3;4;4;1
831;6;0;0;2;0;1;2;1;1;2;8;3;2;4;0;0;2;3;2;2.0;1.0;1;1;1;1;2;3;3;4;1;1
461;2;1;0;2;0;1;2;1;2;2;8;0;3;4;0;0;2;3;2;2.0;1.0;1;1;0;1;2;3;3;4;0;1
461;2;0;0;1;0;0;3;1;5;2;8;5;2;4;0;0;3;6;2;2.0;1.0;4;2;1;5;2;6;3;4;17;1
461;2;0;0;2;0;2;2;1;2;2;12;2;0;4;0;0;3;6;2;2.0;1.0;1;2;1;5;2;3;3;4;5;1
461;2;0;0;2;0;3;3;1;5;2;2;0;2;4;0;0;3;5;2;1.0;1.0;1;2;0;1;2;0;3;4;1;1
543;0;1;0;2;0;3;6;1;5;2;4;0;2;4;0;0;3;3;2;2.0;3.0;1;1;1;1;2;3;3;4;16;1
49;1;1;0;3;0;2;13;1;0;2;8;3;2;4;0;0;3;3;2;2.0;3.0;1;1;1;0;2;6;3;4;0;1
49;1;3;0;2;0;3;3;1;5;2;2;0;2;4;0;0;3;3;2;2.0;3.0;1;1;0;5;2;3;3;4;18;1
1060;0;4;0;2;0;0;3;1;5;2;8;0;2;4;0;3;3;6;2;2.0;1.0;9;3;2;3;3;3;3;4;17;1
1060;0;0;0;3;0;1;3;1;5;2;8;5;2;4;2;3;3;6;2;2.0;1.0;1;3;2;3;3;3;3;4;18;1
377;6;0;0;1;0;0;13;1;5;2;9;2;2;4;0;0;0;3;2;2.0;1.0;1;1;1;0;2;3;3;4;16;1
377;6;0;0;2;0;2;3;1;2;2;8;2;2;4;0;0;0;3;2;2.0;1.0;4;3;2;3;3;3;3;4;4;1
572;1;0;0;2;0;3;13;1;2;2;9;0;2;4;0;0;3;6;2;2.0;1.0;1;1;0;0;2;3;3;4;6;0
409;3;0;0;1;0;4;12;1;1;2;8;3;2;4;4;0;3;6;2;2.0;1.0;1;1;0;1;1;3;3;4;1;0
189;3;1;1;3;2;2;13;1;1;2;8;3;2;4;0;3;3;6;2;2.0;1.0;1;3;2;3;3;3;3;4;6;1
565;0;1;0;3;0;3;13;1;5;2;12;2;2;4;4;3;3;6;2;2.0;1.0;1;1;0;4;2;3;3;4;1;1
565;0;0;0;2;0;2;2;1;5;2;12;2;2;4;0;0;3;6;6;2.0;1.0;1;3;2;3;3;6;3;4;16;1
451;4;0;1;3;2;2;11;1;4;2;9;2;2;4;0;0;3;6;6;2.0;1.0;1;1;0;0;2;6;3;4;18;1
451;4;3;0;2;0;1;11;1;5;2;2;2;2;4;0;0;2;6;2;2.0;1.0;9;3;2;3;3;3;3;4;0;1
451;4;3;0;2;0;4;13;3;5;2;2;3;2;4;0;0;2;6;2;2.0;1.0;1;1;1;1;2;3;3;4;0;1
514;5;0;0;2;0;2;13;1;1;2;9;3;2;4;0;0;2;0;2;2.0;1.0;1;3;2;3;3;1;3;4;9;1
514;5;0;0;1;0;0;2;1;5;2;8;2;0;4;0;0;2;0;2;2.0;1.0;1;3;2;3;3;0;3;4;18;1
348;1;1;0;1;0;2;3;1;5;2;1;0;2;6;0;0;2;3;6;2.0;1.0;1;1;0;5;2;3;3;4;0;1
304;2;4;1;1;2;1;3;1;5;2;2;0;2;5;0;0;2;3;2;2.0;1.0;9;2;1;2;2;3;3;4;1;1
441;0;1;0;2;0;2;12;0;0;2;1;5;2;5;0;0;3;3;6;2.0;2.0;1;3;2;3;3;0;3;4;19;1
441;0;1;0;3;0;1;13;1;2;2;11;5;2;6;0;0;3;3;6;2.0;2.0;5;1;1;0;2;3;3;4;4;1
441;0;1;0;3;0;2;2;1;5;2;2;3;2;6;0;0;3;6;7;1.0;1.0;5;3;2;3;3;3;3;4;4;0
438;2;3;0;2;0;0;3;1;2;2;8;2;2;6;0;0;2;3;2;2.0;3.0;1;3;2;3;3;3;3;4;18;0
438;2;4;0;2;0;2;0;1;1;2;9;4;8;4;0;0;2;3;6;2.0;3.0;1;1;0;1;2;3;3;4;16;0
362;6;0;0;2;0;2;11;1;5;2;12;4;2;4;0;0;2;3;2;2.0;3.0;1;0;1;0;1;3;3;5;11;0
362;6;1;0;3;0;4;3;1;5;2;12;0;2;4;0;0;2;3;2;2.0;3.0;1;3;2;3;3;3;3;4;17;0
362;6;0;0;3;0;3;13;3;0;2;4;4;2;5;0;0;2;0;2;1.0;1.0;5;1;0;0;2;3;3;4;18;1
437;1;1;0;2;0;4;13;1;5;2;12;3;2;6;2;0;3;3;2;2.0;2.0;1;1;0;1;2;3;3;4;9;1
437;1;1;0;2;0;1;4;1;4;2;4;2;2;6;0;0;3;3;2;2.0;2.0;1;3;2;3;3;3;3;4;15;1
437;1;1;0;2;0;0;15;1;5;2;9;5;2;4;0;0;0;3;2;2.0;1.0;9;1;0;1;2;3;3;4;0;1
341;6;0;0;2;0;1;3;1;5;2;12;2;2;4;0;0;0;3;6;2.0;1.0;1;3;2;3;3;3;3;4;18;1
341;6;0;0;2;0;2;3;1;2;2;12;4;2;4;0;0;2;6;6;2.0;2.0;5;1;0;0;2;3;3;4;4;1
341;6;0;0;2;0;0;15;1;0;2;12;4;2;4;0;0;2;6;2;2.0;2.0;1;2;1;0;1;3;3;4;16;1
341;6;1;0;3;0;0;9;1;5;2;12;0;2;4;0;0;2;6;2;2.0;2.0;1;3;2;3;3;1;3;4;1;1
402;1;0;0;2;0;1;13;1;5;2;12;2;2;4;0;0;3;6;2;2.0;2.0;1;1;0;1;2;0;3;4;17;1
402;1;3;0;2;0;4;11;3;3;2;9;5;8;5;0;0;3;6;2;2.0;2.0;1;3;2;3;3;6;3;4;11;1
402;1;1;0;2;0;3;3;1;5;2;8;2;2;4;0;0;3;3;2;3.0;1.0;1;0;1;4;2;3;3;6;6;1
461;2;0;0;2;0;4;2;1;5;2;8;2;2;4;0;0;3;3;2;3.0;1.0;9;0;1;1;2;3;3;6;16;1
461;2;1;0;3;2;2;2;1;5;2;12;2;2;5;0;0;3;3;2;3.0;1.0;1;3;2;3;3;1;3;4;17;1
128;4;2;0;3;0;4;12;1;4;2;12;4;2;5;0;3;3;6;6;2.0;1.0;1;1;0;0;2;3;3;4;0;0
128;4;3;0;2;0;0;3;1;5;2;8;2;2;5;0;3;3;6;6;2.0;1.0;1;1;1;0;2;3;3;4;6;0
128;4;1;0;2;0;2;14;1;1;2;8;0;2;6;0;3;3;6;6;2.0;1.0;1;3;2;3;3;3;3;4;0;1
128;4;1;0;1;2;2;14;1;5;2;12;2;2;6;2;3;3;6;2;2.0;1.0;1;3;2;3;3;3;3;4;0;1
140;4;3;0;3;0;1;13;1;5;2;12;2;2;6;0;0;3;3;2;2.0;3.0;1;2;1;1;2;3;3;4;1;1
140;4;3;0;2;0;2;13;3;5;2;9;2;2;5;0;0;3;3;2;2.0;3.0;1;0;0;0;2;3;3;5;3;1
140;4;0;0;2;0;2;15;1;0;2;12;0;2;6;0;0;3;3;2;2.0;3.0;1;3;2;3;3;3;3;4;6;1
140;4;0;0;1;2;0;3;1;5;2;8;0;2;6;0;0;3;6;7;2.0;2.0;1;1;0;1;2;3;3;4;18;1
956;0;1;0;2;0;0;12;1;1;2;8;0;2;6;3;0;3;6;7;2.0;2.0;1;1;0;1;2;3;3;4;6;1
956;0;1;1;2;0;0;2;1;5;2;12;0;2;1;0;3;3;6;2;2.0;1.0;1;3;2;3;3;6;3;4;1;1
585;2;0;0;2;0;4;3;1;5;2;12;2;2;1;0;3;3;6;2;2.0;1.0;5;0;1;1;2;1;3;5;16;1
585;2;1;0;2;0;0;3;1;4;2;12;0;2;5;0;0;2;3;2;1.0;1.0;1;3;2;3;3;3;3;4;0;1
644;2;3;0;1;2;4;3;1;5;2;8;2;2;5;2;0;2;7;2;2.0;2.0;1;1;0;0;2;3;3;4;18;1
644;2;3;0;2;0;4;3;1;4;2;8;2;2;5;0;0;2;7;2;2.0;2.0;1;3;2;3;3;6;3;4;13;1
644;2;3;0;2;0;0;0;1;5;2;12;2;8;6;0;0;2;7;2;2.0;2.0;1;1;0;0;2;3;3;4;13;1
644;2;3;0;2;0;0;15;1;4;2;2;5;2;6;0;3;2;6;2;2.0;3.0;1;0;0;1;2;3;3;4;18;1
644;2;3;0;1;0;1;13;3;5;2;4;0;2;6;3;3;2;6;2;2.0;3.0;1;1;0;0;2;3;3;4;18;1
644;2;1;0;2;0;1;13;2;1;2;12;0;2;6;0;3;2;6;2;2.0;3.0;9;3;2;3;3;1;3;4;18;1
247;3;3;0;2;0;0;11;1;2;2;12;2;2;4;0;3;2;6;2;2.0;3.0;1;1;0;0;2;3;3;4;17;1
247;3;0;0;3;0;2;2;1;0;2;8;0;3;4;0;0;2;3;6;1.0;1.0;1;3;2;3;3;3;3;4;6;1
247;3;2;0;2;0;2;3;1;5;2;12;4;2;4;0;3;3;6;0;2.0;1.0;1;1;0;0;2;3;3;4;0;0
247;3;2;0;2;0;0;4;1;5;2;1;0;8;5;0;3;3;6;2;2.0;1.0;1;3;2;3;3;3;3;4;1;0
236;2;4;0;3;1;2;9;3;5;2;12;2;8;5;3;3;3;6;2;2.0;1.0;1;0;1;0;2;3;3;0;6;1
236;2;0;0;2;0;1;3;3;2;2;2;2;2;5;0;3;3;6;2;2.0;1.0;1;3;2;3;3;3;3;4;6;1
950;0;0;0;3;0;2;4;1;5;2;9;0;2;5;0;0;2;6;2;2.0;1.0;1;1;0;1;2;3;3;4;18;1
950;0;0;0;2;0;4;9;1;2;2;8;2;2;0;0;0;2;6;2;2.0;1.0;1;0;1;4;2;3;3;6;4;1
337;1;1;0;2;0;4;11;1;1;2;12;2;2;0;0;3;2;6;6;1.0;1.0;1;0;1;0;2;3;3;6;0;1
617;0;3;0;3;2;1;13;3;1;2;8;0;2;6;0;3;2;6;6;1.0;1.0;1;1;0;1;2;3;3;4;0;1
617;0;1;0;3;0;2;12;1;5;2;8;5;2;6;0;3;3;6;2;1.0;1.0;1;3;2;3;3;3;3;4;18;1
617;0;1;0;2;2;0;3;1;5;2;12;4;4;6;0;0;2;3;6;2.0;2.0;1;3;2;3;3;6;3;4;18;1
462;1;3;0;3;0;4;14;1;5;2;9;0;2;6;0;0;2;3;2;2.0;2.0;5;1;0;5;2;3;3;4;3;1
462;1;3;0;2;0;2;3;1;5;2;1;4;2;6;0;0;2;3;2;2.0;2.0;1;1;0;5;2;3;3;4;9;1
462;1;1;0;2;0;1;5;1;5;2;2;0;2;6;0;0;2;3;2;2.0;2.0;1;3;2;3;3;5;3;4;16;1
268;0;0;0;3;0;4;15;1;5;2;12;4;2;7;0;0;2;3;2;2.0;2.0;1;0;0;0;2;3;3;7;17;1
151;2;1;0;2;0;1;4;1;5;2;12;0;2;7;3;3;2;6;2;2.0;1.0;1;1;0;4;2;3;3;4;16;1
151;2;0;0;3;0;4;13;1;5;2;12;2;2;4;0;3;2;6;2;2.0;1.0;1;0;0;1;2;3;3;5;4;1
946;5;0;0;2;0;4;2;3;5;2;9;5;2;4;0;0;3;6;7;1.0;1.0;1;3;2;3;3;1;3;4;4;1
367;3;1;0;2;0;1;3;1;4;2;11;5;2;4;0;3;3;6;2;1.0;1.0;1;1;0;0;2;1;3;4;13;1
997;3;1;0;2;0;4;14;1;4;2;2;2;2;4;0;0;0;6;6;2.0;2.0;5;3;2;3;3;6;3;4;18;0
997;3;0;0;2;0;4;15;1;4;2;12;5;2;6;4;0;0;6;2;2.0;2.0;1;1;0;1;2;3;3;4;13;0
1002;3;0;0;2;0;3;14;1;3;2;12;2;2;6;2;0;0;6;6;2.0;2.0;1;3;2;3;3;3;3;4;16;0
523;5;0;0;2;2;4;3;1;1;2;8;0;2;1;2;0;2;6;2;2.0;2.0;1;1;0;0;2;3;3;4;6;0
180;0;1;0;1;1;4;12;1;1;2;8;2;2;1;0;0;2;6;2;2.0;2.0;1;3;2;3;3;3;3;4;18;0
180;0;1;0;2;0;2;12;1;1;2;12;0;2;6;0;3;3;6;7;3.0;1.0;1;1;0;2;2;3;3;4;4;1
946;3;0;0;3;0;2;14;1;3;2;3;0;2;6;3;3;3;6;2;3.0;1.0;1;1;0;1;2;3;3;4;0;1
946;3;1;0;2;0;2;15;1;1;2;12;0;2;5;0;3;3;6;2;3.0;1.0;1;3;2;3;3;1;3;4;18;1
878;2;2;0;2;0;2;15;1;5;2;12;2;2;5;0;0;3;5;2;2.0;1.0;1;3;2;3;3;3;3;4;6;1
878;2;0;0;2;2;3;14;1;5;2;12;0;2;6;0;0;3;5;2;2.0;1.0;1;1;0;0;2;3;3;4;18;1
307;4;1;0;2;0;2;16;1;5;2;12;3;2;6;0;3;3;6;7;1.0;1.0;9;1;0;0;2;3;3;4;16;1
476;3;1;0;3;0;1;14;3;5;2;12;2;0;6;3;3;3;6;2;1.0;1.0;1;3;2;3;3;3;3;4;0;1
685;1;0;0;2;2;1;14;1;4;2;3;2;2;6;0;0;2;6;2;1.0;1.0;1;1;0;0;2;0;3;4;17;1
685;1;0;0;3;0;1;6;1;4;2;12;2;2;6;0;0;2;6;2;4.0;2.0;1;1;0;0;2;3;3;4;16;1
685;1;0;0;2;2;1;3;1;5;2;12;4;2;6;0;0;2;6;2;4.0;2.0;1;2;1;2;2;2;3;4;1;1
411;0;1;0;2;0;4;3;1;1;2;12;2;0;4;0;0;2;6;6;4.0;2.0;9;2;1;2;2;3;3;4;2;1
411;0;1;0;2;0;1;4;1;5;2;8;2;2;4;0;0;2;6;2;4.0;2.0;1;2;0;2;2;6;3;4;7;1
411;0;1;0;2;0;0;3;1;5;2;9;2;2;5;0;3;3;6;2;4.0;1.0;5;2;0;2;2;6;3;4;6;1
411;0;2;0;2;0;1;11;1;1;2;12;2;2;5;0;3;3;6;2;4.0;1.0;5;2;0;2;2;3;3;4;7;1
411;0;2;0;2;0;0;3;1;5;2;9;2;2;7;0;3;3;6;2;4.0;1.0;1;2;1;2;2;3;3;4;6;1
630;6;0;0;2;0;2;3;1;5;2;12;0;2;7;0;3;3;6;6;4.0;1.0;1;2;0;0;2;3;3;4;17;1
630;6;0;0;2;0;2;3;1;1;2;9;3;2;5;0;0;2;1;2;3.0;2.0;1;2;1;0;2;3;3;4;6;1
630;6;0;0;3;2;1;14;1;5;2;8;2;2;5;3;0;2;1;2;3.0;2.0;1;2;0;5;2;6;3;4;0;1
332;5;1;0;3;0;3;6;1;2;2;8;2;0;5;0;0;2;1;2;3.0;2.0;5;1;0;1;2;3;3;4;13;1
632;1;1;0;2;0;2;6;1;5;2;8;3;2;4;0;0;2;3;2;2.0;2.0;1;1;0;0;2;3;3;4;6;1
632;1;1;0;2;0;4;15;1;5;2;1;2;2;4;0;0;2;3;2;2.0;2.0;3;1;0;0;1;3;3;4;0;1
201;2;1;0;1;0;0;15;1;5;2;12;2;2;6;0;1;3;2;2;3.0;2.0;1;0;0;0;1;3;3;4;6;1
201;2;1;0;2;2;2;4;1;5;2;12;5;2;6;3;1;3;2;2;3.0;2.0;1;3;2;3;3;3;3;4;6;1
201;2;1;0;2;0;0;3;1;2;2;12;2;2;6;0;1;3;2;2;3.0;2.0;1;1;0;2;1;3;3;4;6;1
386;5;1;0;2;0;4;3;1;5;2;12;3;2;6;0;1;3;2;2;3.0;2.0;1;1;0;0;2;6;4;4;0;1
386;5;1;0;2;0;3;3;1;1;2;12;0;3;5;0;1;3;2;2;3.0;2.0;1;3;2;3;3;3;3;4;0;1
322;6;1;0;3;0;1;14;1;1;2;8;2;2;5;0;1;3;2;2;3.0;2.0;1;3;2;3;3;3;3;4;6;1
456;3;0;0;2;0;2;14;1;4;2;8;2;2;4;0;1;3;2;6;3.0;2.0;9;1;1;0;2;1;3;4;11;1
506;5;0;0;3;0;2;3;1;5;2;8;4;2;4;0;1;3;2;6;3.0;2.0;1;1;0;4;2;3;3;4;0;1
506;5;0;0;2;2;0;11;1;4;2;9;3;2;4;0;0;3;2;6;2.0;1.0;5;3;2;3;3;3;3;4;18;1
506;5;1;0;2;0;2;3;3;3;2;1;2;2;6;0;0;3;2;7;2.0;1.0;1;0;0;1;2;1;3;4;4;1
506;5;3;0;4;1;2;2;1;5;2;2;3;2;6;4;3;0;2;2;2.0;2.0;1;3;2;3;3;3;3;4;0;1
509;4;1;0;1;0;1;10;1;5;2;8;0;2;4;0;3;0;2;2;2.0;2.0;1;1;1;0;2;3;3;4;0;1
313;6;3;0;2;0;2;3;2;1;2;8;2;3;6;3;1;3;6;2;4.0;2.0;1;1;1;0;1;3;3;4;4;1
1016;1;0;0;1;0;1;3;1;5;2;8;2;2;6;0;1;3;6;6;4.0;2.0;1;3;2;3;3;3;3;4;16;1
407;3;1;0;1;2;1;11;1;2;2;12;0;2;6;0;1;3;6;7;4.0;2.0;1;1;0;1;2;3;3;4;17;1
535;4;0;0;2;0;3;3;1;2;2;8;2;2;6;0;1;3;6;2;4.0;2.0;1;3;2;3;3;1;3;4;0;1
535;4;0;0;2;2;4;0;1;1;2;4;2;2;4;0;0;3;2;2;2.0;1.0;1;3;2;3;3;6;3;4;0;1
975;6;0;0;2;0;4;0;1;5;2;8;0;2;4;0;0;3;2;6;2.0;1.0;1;1;1;1;2;3;3;4;0;1
975;6;1;0;3;0;1;11;1;5;2;12;0;2;4;0;3;2;6;2;2.0;1.0;1;0;0;4;2;2;3;8;7;1
464;4;0;0;2;0;1;3;1;4;2;12;2;2;5;0;3;2;6;2;2.0;1.0;1;1;0;0;2;1;3;4;1;1
464;4;1;0;4;0;4;8;1;5;2;8;2;2;5;0;3;3;6;2;1.0;1.0;5;3;2;3;3;3;3;4;13;1
661;5;0;0;3;0;2;3;1;5;2;2;2;2;5;0;0;2;1;2;2.0;2.0;1;1;0;5;2;1;3;4;9;1
250;4;1;0;2;0;3;13;1;5;2;8;5;2;6;0;0;2;1;2;2.0;2.0;1;0;1;5;2;3;3;7;13;1
250;4;0;1;3;0;3;3;1;5;2;9;5;2;5;0;0;2;1;2;2.0;2.0;1;1;0;1;2;1;3;4;18;1
291;0;3;0;2;0;3;6;1;5;2;1;2;2;5;0;1;2;5;2;2.0;3.0;1;3;2;3;3;3;3;4;4;1
383;5;3;0;2;0;2;10;3;2;2;12;5;2;5;0;1;2;5;2;2.0;3.0;1;3;2;3;3;3;3;4;16;1
383;5;3;0;2;2;2;3;1;5;2;2;0;2;5;0;1;2;5;6;2.0;3.0;1;1;0;0;2;3;3;4;0;1
244;4;1;0;1;2;2;6;1;5;2;12;4;2;6;0;3;3;6;6;1.0;1.0;9;3;2;3;3;6;3;4;4;1
244;4;1;0;2;0;2;3;1;4;2;12;2;2;6;3;3;3;6;6;2.0;1.0;1;1;0;5;2;3;3;4;18;1
244;4;0;0;2;0;1;13;1;2;2;2;0;2;4;0;3;3;6;2;2.0;1.0;1;0;0;0;2;3;3;2;6;1
333;6;1;0;3;0;2;13;1;5;2;8;2;0;4;0;0;2;6;7;1.0;1.0;1;3;2;3;3;0;3;4;18;1
333;6;3;0;2;0;1;5;1;5;2;8;3;2;4;0;0;2;3;2;1.0;1.0;1;1;1;1;2;3;3;4;13;1
164;1;0;0;2;0;3;13;2;2;2;2;2;2;0;0;0;3;0;7;2.0;1.0;1;2;1;1;2;1;3;4;18;1
519;3;0;0;3;0;1;13;2;1;2;12;0;3;5;0;0;3;0;2;2.0;1.0;1;2;1;4;2;3;3;4;13;1
519;3;1;0;2;0;1;5;1;5;2;12;0;2;5;0;3;3;6;7;1.0;1.0;1;2;1;0;2;3;3;4;17;1
545;5;1;0;2;0;1;0;1;5;2;2;0;2;6;0;3;2;6;2;1.0;1.0;3;2;1;1;2;3;3;4;1;1
441;0;1;0;2;0;2;3;1;2;2;4;2;0;6;0;3;3;6;2;2.0;1.0;1;0;1;0;2;3;3;6;18;1
441;0;1;0;2;0;2;4;1;5;2;8;0;2;6;0;3;3;6;2;2.0;1.0;1;3;2;3;3;3;3;4;4;1
182;0;1;0;2;0;2;11;1;5;2;11;0;2;6;0;3;3;6;2;2.0;1.0;4;1;0;1;2;3;3;4;18;1
923;0;0;0;2;2;2;2;1;5;2;12;0;2;5;0;3;3;6;2;2.0;1.0;9;1;0;1;2;3;3;4;17;1
923;0;0;0;2;0;1;3;1;5;2;2;4;2;4;2;3;2;6;2;2.0;1.0;1;3;2;3;3;3;3;4;13;0
426;0;0;0;2;0;3;3;1;5;2;8;0;2;4;0;3;2;6;2;2.0;1.0;9;0;1;4;2;3;3;4;17;0
426;0;1;0;2;0;0;11;1;5;2;12;5;8;6;0;3;3;6;2;1.0;1.0;1;0;1;0;2;3;3;7;18;1
426;0;0;0;2;0;3;4;1;1;2;12;5;2;5;0;3;0;6;2;1.0;1.0;1;1;0;1;2;3;3;4;17;1
1026;0;1;1;2;0;4;13;1;5;2;12;2;2;6;0;0;2;6;2;2.0;2.0;1;3;2;3;3;3;3;4;6;1
1026;0;0;1;2;0;3;3;1;1;2;12;4;2;5;0;0;2;6;2;2.0;2.0;1;3;2;3;3;3;3;4;19;1
372;3;1;0;2;0;1;3;1;4;2;2;2;0;5;0;0;2;6;2;2.0;2.0;1;1;0;0;2;3;3;4;6;1
474;2;2;1;2;0;0;13;3;1;2;9;2;2;6;0;3;3;6;0;3.0;3.0;1;2;0;1;2;3;3;4;1;1
245;2;3;0;3;0;2;13;1;1;2;8;2;0;6;0;3;3;6;6;3.0;3.0;1;2;1;0;2;3;3;4;16;1
245;2;0;0;2;2;3;13;1;1;2;12;2;2;4;0;3;3;6;2;3.0;3.0;1;1;0;0;2;3;3;4;0;1
245;2;0;0;2;0;3;4;1;1;2;8;2;0;4;0;3;3;6;2;3.0;3.0;1;0;0;4;1;3;3;8;0;1
245;2;0;0;6;0;3;4;1;1;2;12;2;2;4;0;3;3;6;2;3.0;3.0;1;3;2;3;3;3;3;4;18;1
553;2;2;0;2;0;0;3;1;0;2;2;0;2;4;0;3;0;6;7;2.0;2.0;1;1;0;0;2;3;3;4;18;1
553;2;1;0;3;2;2;2;1;5;2;8;2;2;4;0;3;0;6;7;2.0;2.0;5;3;2;3;3;3;3;4;1;1
553;2;1;0;2;0;1;3;1;5;2;12;2;2;5;0;3;0;6;2;2.0;2.0;5;1;0;5;2;3;3;4;0;1
138;4;1;0;2;2;3;3;1;5;2;12;2;2;4;0;3;3;6;2;1.0;1.0;1;3;2;3;3;3;3;4;16;1
187;2;1;0;6;0;2;9;1;4;2;11;2;2;4;0;0;2;6;7;2.0;1.0;1;1;0;0;2;3;3;4;1;1
187;2;0;0;6;0;2;3;1;5;2;2;3;0;4;0;0;2;6;7;2.0;1.0;3;3;2;3;3;6;3;4;16;1
187;2;0;0;2;0;2;3;1;5;2;11;0;2;6;4;0;3;3;7;2.0;2.0;1;2;0;0;2;3;3;4;13;1
653;0;0;0;2;0;1;5;1;1;2;9;3;2;6;0;0;3;3;2;2.0;2.0;1;3;2;3;3;3;3;4;2;1
653;0;1;0;2;0;4;3;1;5;2;8;2;2;4;0;0;3;3;6;2.0;2.0;1;1;0;1;2;6;3;4;18;1
178;5;4;0;2;0;2;0;1;5;2;8;0;2;4;0;3;3;6;2;2.0;1.0;1;3;2;3;3;3;3;4;18;1
178;5;0;0;2;0;4;13;3;2;2;2;2;2;4;0;3;3;6;2;2.0;1.0;1;1;0;0;2;3;3;4;18;1
1012;1;1;0;2;0;1;0;1;1;2;9;0;2;4;0;3;3;6;6;1.0;1.0;3;1;0;5;2;1;3;4;1;0
1012;1;0;0;2;0;3;3;1;5;2;8;5;2;4;0;3;3;6;2;1.0;1.0;1;3;2;3;3;3;3;4;16;1
973;5;0;0;2;0;3;3;1;1;2;9;4;2;4;0;3;2;6;2;3.0;3.0;1;1;1;1;2;6;3;4;9;1
335;5;1;0;2;2;2;3;1;1;2;12;2;2;4;4;3;2;6;2;3.0;3.0;5;2;0;0;2;3;3;4;11;1
335;5;1;0;2;0;1;3;3;1;2;12;2;2;5;0;3;2;6;2;3.0;3.0;1;3;2;3;3;3;3;4;4;1
494;2;0;0;3;0;3;13;1;5;2;9;2;2;5;0;3;2;6;7;3.0;3.0;1;3;2;3;3;3;3;4;1;1
494;2;3;0;2;0;1;3;1;2;2;4;0;2;5;0;3;2;6;0;2.0;1.0;1;1;0;0;2;3;3;4;17;1
1067;6;3;0;2;0;2;6;1;1;2;12;0;8;5;0;3;2;6;2;2.0;1.0;1;1;0;1;1;3;3;4;1;1
1067;6;3;0;1;0;4;3;1;0;2;8;0;2;5;0;3;3;6;2;2.0;1.0;1;3;2;3;3;3;3;4;18;1
631;3;1;0;1;0;4;0;2;1;2;12;2;3;6;0;3;3;6;2;2.0;1.0;2;1;0;1;2;3;3;4;13;1
1026;6;1;0;2;0;2;13;3;0;2;12;0;2;6;0;3;3;8;6;3.0;4.0;5;3;2;3;3;3;3;4;1;0
1026;6;1;0;3;0;0;3;1;5;2;12;2;2;4;0;3;3;8;2;3.0;4.0;1;3;2;3;3;3;3;4;4;0
1026;6;2;0;3;0;2;15;1;1;2;12;3;2;4;0;3;3;8;0;3.0;4.0;1;1;0;2;2;3;3;4;18;0
617;3;3;0;2;0;2;6;1;5;1;8;0;2;4;4;3;3;8;6;3.0;4.0;1;1;0;0;2;3;3;4;13;0
113;5;0;0;2;0;0;6;3;0;2;12;2;2;4;0;3;3;6;2;1.0;1.0;1;3;2;3;3;3;3;4;18;1
113;5;0;0;2;2;2;3;1;5;2;12;5;2;4;0;3;3;6;2;1.0;1.0;1;1;0;0;2;3;3;4;1;0
113;5;4;0;1;2;4;14;2;5;2;12;2;2;5;0;0;2;6;2;2.0;1.0;1;3;2;3;3;3;3;4;1;1
113;5;4;0;2;2;3;13;1;4;2;12;5;8;5;0;0;2;6;2;2.0;1.0;1;2;1;4;2;3;3;4;17;1
113;5;4;0;6;2;2;15;1;5;2;8;0;2;5;1;0;3;4;2;2.0;1.0;1;0;1;4;2;3;3;8;1;1
113;5;1;0;0;0;4;13;1;5;2;8;4;2;5;0;0;3;4;2;2.0;1.0;1;1;0;5;2;3;3;4;6;1
113;5;0;0;1;0;3;5;1;4;2;2;5;2;4;0;3;3;6;7;2.0;1.0;9;1;1;1;2;3;3;4;6;1
250;4;1;0;2;0;0;3;1;5;2;8;3;2;4;0;3;3;6;2;2.0;1.0;9;2;1;4;2;3;3;4;17;1
250;4;0;0;2;0;4;12;1;4;2;8;5;2;6;0;0;2;0;2;1.0;1.0;4;3;2;3;3;3;3;4;19;0
664;0;3;0;2;2;4;3;1;5;2;8;2;2;6;0;3;3;6;6;2.0;1.0;5;1;0;0;2;3;3;4;18;1
664;0;3;0;2;0;4;3;1;5;2;8;4;2;6;3;3;3;6;2;2.0;1.0;5;3;2;3;3;3;3;4;1;1
664;0;3;0;2;0;5;3;1;1;2;9;0;2;6;0;3;3;6;2;1.0;1.0;1;3;2;3;3;3;3;4;16;1
664;0;3;0;2;0;0;13;1;4;2;9;5;2;4;0;3;3;6;2;2.0;1.0;1;1;0;1;2;3;3;4;18;0
664;0;3;0;5;2;0;3;1;2;2;9;0;2;4;0;3;3;6;6;2.0;1.0;5;3;2;3;3;2;3;4;17;0
664;0;0;0;2;2;3;3;1;2;2;8;3;2;5;0;3;3;6;2;2.0;2.0;5;1;0;1;2;3;3;4;17;1
540;0;0;1;2;2;0;13;1;5;2;9;2;8;5;0;3;3;6;2;2.0;2.0;1;3;2;3;3;3;3;4;16;1
540;0;0;0;2;2;1;3;3;5;2;12;2;2;6;0;3;3;6;2;2.0;2.0;2;1;0;5;2;3;3;4;6;1
762;4;3;0;4;2;2;3;3;3;2;12;2;2;6;0;3;3;1;2;2.0;1.0;5;1;0;0;2;3;3;4;0;1
509;1;1;0;4;2;4;3;1;5;2;12;2;2;6;0;3;3;1;2;2.0;1.0;4;3;2;3;3;3;3;4;1;1
234;6;3;0;2;2;1;12;1;5;2;11;3;2;6;0;0;3;6;2;1.0;1.0;1;1;0;1;2;3;3;4;13;1
234;6;0;0;3;2;4;3;1;5;2;11;3;2;4;0;0;2;3;2;2.0;1.0;1;3;2;3;3;3;3;4;6;1
1002;2;1;0;6;2;2;3;1;1;2;11;0;2;4;0;0;2;3;6;2.0;1.0;1;1;0;0;2;3;3;4;7;1
1002;2;2;0;2;2;2;3;1;5;2;9;4;2;5;2;3;2;6;2;1.0;1.0;1;3;2;3;3;3;3;4;7;0
990;6;4;0;2;2;2;4;1;5;2;12;0;2;5;0;3;3;6;2;2.0;1.0;1;1;0;1;2;3;3;4;17;1
990;6;0;0;2;2;3;3;1;5;2;8;2;2;4;0;3;3;6;2;2.0;1.0;1;3;2;3;3;3;3;4;1;1
194;4;0;0;2;2;1;3;1;2;2;12;2;2;4;0;0;3;6;2;1.0;1.0;1;2;1;1;2;3;3;4;0;1
194;4;1;0;3;0;1;5;1;4;2;11;0;2;4;0;3;3;6;2;2.0;1.0;1;1;0;0;2;1;3;4;6;1
391;4;0;0;2;0;1;6;1;2;2;12;3;2;4;0;3;3;6;2;2.0;1.0;1;3;2;3;3;3;3;4;18;1
391;4;4;0;2;0;1;15;1;1;2;4;2;2;4;0;0;3;6;2;3.0;1.0;5;1;0;0;1;3;3;4;19;1
71;3;3;0;2;0;2;11;1;1;2;12;2;2;4;0;0;3;6;6;3.0;1.0;1;3;2;3;3;3;3;4;10;1
189;6;0;1;2;0;2;7;1;5;2;8;2;2;4;0;0;3;6;0;3.0;1.0;1;3;2;3;3;3;3;4;0;1
189;6;0;0;2;0;4;11;1;5;2;12;2;2;4;0;0;3;3;2;2.0;1.0;9;1;1;1;2;4;3;4;6;1
189;6;0;0;3;0;2;3;1;5;2;12;2;2;4;0;0;3;3;2;2.0;1.0;1;3;2;3;3;3;3;4;13;1
324;2;1;0;2;0;2;3;2;4;2;5;0;2;4;0;3;3;6;2;1.0;1.0;9;1;0;5;2;3;3;4;2;1
324;2;3;0;2;0;4;2;1;5;2;12;5;2;4;0;3;2;6;2;1.0;1.0;5;3;2;3;3;3;3;4;0;1
324;2;3;1;3;2;2;12;1;4;2;9;2;2;4;0;3;3;6;2;3.0;3.0;1;1;0;0;2;3;3;4;6;1
293;2;1;0;2;2;2;3;1;4;2;8;2;2;5;0;3;3;6;2;3.0;3.0;2;0;1;0;2;0;3;6;16;1
438;5;3;0;2;0;2;11;1;5;2;8;3;2;5;0;3;3;6;2;3.0;3.0;1;1;0;1;2;3;3;4;13;1
438;5;4;0;2;0;3;3;1;1;2;3;4;2;5;0;3;3;6;2;3.0;3.0;5;3;2;3;3;6;3;4;1;1
88;5;1;1;2;0;2;5;1;5;2;4;2;2;5;0;3;2;6;6;2.0;2.0;5;3;2;3;3;3;3;4;3;1
88;5;3;1;2;0;2;3;1;1;2;12;0;2;5;0;3;2;6;2;2.0;2.0;5;1;0;0;2;3;3;4;18;1
304;6;1;0;2;0;2;3;1;5;2;8;0;2;5;0;3;2;6;2;2.0;2.0;0;3;2;3;3;3;3;4;6;1
304;6;3;0;2;0;4;13;1;5;2;8;5;2;4;0;3;3;6;2;1.0;1.0;5;1;1;4;2;3;3;4;18;1
304;6;2;0;1;0;4;3;1;5;2;9;2;2;4;0;3;3;6;2;3.0;2.0;5;3;2;3;3;3;3;4;1;1
203;4;0;0;2;0;4;0;1;5;2;9;2;2;1;4;3;3;6;7;3.0;2.0;5;1;0;1;2;3;3;4;17;1
203;4;0;1;2;0;4;3;1;5;2;11;2;2;1;0;3;3;6;7;3.0;2.0;1;0;1;2;2;3;3;6;18;1
203;4;2;1;2;0;4;5;3;5;2;12;2;2;4;0;3;2;6;2;2.0;1.0;1;1;0;0;2;3;3;4;18;1
975;3;2;0;2;0;4;5;3;5;2;0;0;2;4;0;3;2;6;2;2.0;1.0;1;3;2;3;3;3;3;4;1;1
975;3;0;0;2;0;2;3;1;5;2;8;5;2;4;0;0;3;5;2;2.0;1.0;1;3;2;3;3;3;3;4;18;1
164;2;0;0;2;0;1;3;1;5;2;2;2;2;4;0;0;3;5;0;2.0;1.0;1;1;1;0;2;3;3;4;1;1
164;2;0;0;2;0;3;3;3;5;2;2;2;2;4;0;3;3;6;2;2.0;1.0;1;3;2;3;3;3;3;4;18;1
164;2;2;0;2;0;3;13;1;5;2;9;3;2;5;0;3;3;6;2;2.0;1.0;1;1;0;0;2;3;3;4;18;1
164;2;2;0;2;0;1;5;1;4;2;9;2;2;5;0;3;3;6;7;1.0;1.0;1;3;2;3;3;0;3;4;18;0
618;2;0;0;3;0;3;15;1;5;2;9;3;2;5;0;3;3;6;2;2.0;1.0;1;1;0;1;2;3;3;4;1;1
618;2;1;0;2;0;3;3;1;4;2;9;2;2;6;0;3;3;6;2;2.0;1.0;1;1;0;1;2;3;3;4;0;1
523;1;1;0;2;0;2;3;1;0;2;12;3;2;6;0;3;3;6;2;2.0;1.0;1;3;2;3;3;3;3;4;13;1
654;1;1;0;2;0;2;3;1;5;2;12;2;2;6;0;3;3;6;7;2.0;1.0;2;3;2;3;3;6;3;4;0;1
654;1;0;0;6;0;3;1;1;1;2;9;2;2;6;0;0;3;6;2;2.0;1.0;1;1;0;0;2;3;3;4;18;1
654;1;1;0;2;0;3;5;1;5;2;12;5;2;4;4;0;3;6;7;2.0;1.0;5;1;0;0;2;6;3;4;11;1
654;1;1;0;2;0;0;15;1;5;2;2;0;2;4;0;3;2;6;2;1.0;1.0;1;3;2;3;3;3;3;4;4;1
42;3;1;0;3;0;4;3;1;5;2;12;0;2;4;0;3;3;6;2;3.0;1.0;3;0;0;0;2;6;3;8;4;1
42;3;1;0;3;0;4;3;1;5;2;8;0;2;4;0;3;3;6;2;3.0;1.0;1;3;2;3;3;3;3;4;0;1
42;3;1;0;3;0;3;3;1;1;2;8;2;2;4;0;3;3;6;2;3.0;1.0;1;1;1;4;1;3;3;4;17;1
644;3;0;0;1;0;1;15;1;5;2;9;0;2;6;0;0;2;3;2;1.0;1.0;1;1;0;0;1;6;3;4;16;2
220;6;1;0;2;0;3;3;1;2;2;9;0;2;5;0;3;3;6;2;2.0;1.0;6;0;1;0;1;0;3;5;18;1
220;6;0;0;3;0;2;3;1;5;2;12;5;2;5;0;3;3;6;7;2.0;1.0;4;3;2;3;3;0;3;4;6;1
347;1;1;0;1;0;4;6;1;4;2;12;0;2;4;0;3;2;6;2;2.0;2.0;1;0;1;1;2;3;3;5;1;1
347;1;1;0;3;2;2;14;3;2;2;12;0;2;4;0;3;2;6;2;2.0;2.0;1;1;0;0;2;3;3;4;1;1
625;4;4;0;3;0;3;3;1;2;2;11;5;2;4;0;3;2;6;6;1.0;1.0;5;3;2;3;3;3;3;4;13;0
704;3;1;0;2;0;2;3;1;4;2;9;0;2;6;0;3;2;6;2;1.0;1.0;1;0;1;0;2;3;3;5;0;1
704;3;0;0;3;2;2;2;1;0;2;12;2;2;4;0;3;3;6;2;2.0;1.0;1;2;1;4;1;3;3;4;16;1
683;4;4;1;2;0;1;3;1;4;2;8;0;2;4;0;3;3;6;6;2.0;1.0;1;1;0;0;2;3;3;4;13;1
683;4;4;0;2;0;4;14;1;4;2;9;0;2;5;0;0;3;6;2;2.0;1.0;1;3;2;3;3;3;3;4;6;1
871;5;4;0;2;0;2;5;1;4;2;12;4;8;5;0;0;3;6;6;2.0;1.0;1;1;1;5;2;6;3;4;6;1
871;5;4;0;1;0;0;5;1;4;2;9;2;2;5;0;3;3;6;2;2.0;1.0;2;3;2;3;3;6;3;4;10;1
871;5;0;0;3;0;2;2;1;2;2;9;0;2;5;0;3;3;6;2;2.0;1.0;9;1;0;0;1;6;3;4;17;1
1052;6;1;0;3;0;1;2;1;5;2;9;2;2;5;0;3;3;6;2;2.0;1.0;8;3;2;3;3;3;3;4;16;1
1052;6;1;0;2;0;3;2;1;0;2;12;5;2;4;0;3;3;6;2;2.0;1.0;1;0;1;4;2;1;3;4;6;1
513;3;2;0;2;0;3;5;1;2;2;12;0;2;6;0;3;3;6;2;2.0;1.0;1;0;0;2;1;3;3;4;13;1
513;3;4;0;2;0;2;13;1;2;2;12;4;2;4;0;3;3;6;2;2.0;1.0;1;3;2;3;3;6;3;4;6;1
358;3;3;0;2;2;2;2;1;0;2;3;0;2;4;3;0;3;3;2;1.0;1.0;1;1;0;0;2;1;3;4;16;1
358;3;0;0;3;0;0;5;1;1;2;9;0;2;4;0;3;3;6;2;3.0;1.0;1;3;2;3;3;3;3;4;0;1
202;5;1;0;2;0;2;2;1;2;2;9;4;2;5;0;3;3;6;7;3.0;1.0;1;1;0;0;2;3;3;4;1;1
202;5;3;0;3;0;4;15;1;2;2;9;0;2;5;0;3;3;6;6;3.0;1.0;1;3;2;3;3;3;3;4;16;1
644;0;2;0;2;2;0;2;1;0;2;12;2;2;4;0;3;3;6;2;2.0;3.0;2;1;1;0;2;3;3;4;6;1
644;0;4;0;2;0;2;2;1;0;2;8;2;2;4;0;3;3;6;2;2.0;3.0;1;3;2;3;3;3;3;4;13;1
533;0;3;0;2;0;4;2;1;1;2;12;5;2;4;0;3;3;6;6;2.0;3.0;1;1;1;0;2;3;3;4;18;1
174;4;2;0;3;2;1;4;1;5;2;8;3;2;5;0;3;3;6;2;1.0;1.0;5;1;1;0;2;3;3;4;1;0
486;3;1;0;2;0;2;3;1;5;2;9;2;2;5;0;3;3;6;2;2.0;1.0;6;3;2;3;3;3;3;4;1;1
486;3;1;0;2;0;3;2;1;5;2;8;3;6;4;0;3;3;6;7;2.0;1.0;4;1;0;0;2;6;3;4;18;1
486;3;1;0;2;0;2;13;1;5;2;8;3;2;6;0;3;3;6;2;2.0;1.0;1;1;1;2;2;6;3;4;1;1
486;3;0;0;1;0;4;6;2;5;2;12;3;2;7;3;3;3;6;7;2.0;1.0;1;3;2;3;3;3;3;4;6;1
956;3;0;0;2;0;2;3;1;5;2;8;2;2;6;0;3;3;6;2;3.0;2.0;1;3;2;3;3;3;3;4;1;1
956;3;0;0;3;0;0;4;1;5;2;8;2;2;6;0;3;3;6;2;3.0;2.0;1;1;1;5;2;3;3;4;18;1
51;1;4;0;2;0;2;13;3;5;2;8;4;2;6;0;3;3;6;6;3.0;2.0;1;3;2;3;3;3;3;4;0;1
51;1;3;1;3;0;0;5;1;5;2;12;0;2;6;0;0;3;6;2;2.0;3.0;1;1;0;2;2;3;3;4;18;1
753;4;3;0;2;2;0;2;1;5;2;9;2;2;4;0;0;3;6;2;2.0;3.0;1;3;2;3;3;3;3;4;7;1
30;2;0;0;0;2;0;13;1;1;2;9;2;6;4;0;0;3;6;2;2.0;3.0;1;3;2;3;3;3;3;4;18;1
30;2;0;0;2;2;2;4;1;2;2;2;2;2;4;0;3;3;6;7;2.0;1.0;3;1;0;1;2;3;3;4;11;1
63;6;0;0;2;0;2;2;1;2;2;12;2;2;4;0;3;3;6;6;2.0;1.0;3;3;2;3;3;3;3;4;10;1
63;6;0;0;3;0;2;13;1;5;2;9;2;2;4;2;3;3;6;7;4.0;1.0;3;1;0;1;2;3;3;4;17;1
195;4;0;0;1;2;3;7;1;1;2;12;0;2;4;0;3;3;6;2;4.0;1.0;9;1;0;1;2;6;3;4;13;1
195;4;3;0;2;0;4;3;1;1;2;9;0;2;4;0;3;3;6;2;4.0;1.0;1;1;1;1;2;3;3;4;0;1
195;4;3;0;2;0;2;3;1;1;2;9;2;2;0;0;3;3;6;2;4.0;1.0;1;3;2;3;3;3;3;4;1;1
457;6;0;1;2;0;3;11;1;2;2;12;2;2;0;0;3;3;6;2;2.0;1.0;7;1;0;4;2;3;3;4;0;0
457;6;1;1;2;0;4;2;1;5;2;12;2;2;4;0;3;3;6;2;2.0;1.0;1;3;2;3;3;3;3;4;10;0
457;6;1;0;2;0;2;13;1;5;2;12;0;2;4;0;3;3;6;6;1.0;1.0;5;3;2;3;3;3;3;4;16;1
457;6;1;0;2;2;4;13;1;5;2;12;3;2;4;0;3;3;6;6;4.0;2.0;1;2;1;1;2;3;3;4;16;1
441;0;1;0;2;0;2;14;1;5;2;9;2;2;4;0;3;3;6;2;4.0;2.0;1;1;0;1;2;6;3;4;1;1
441;0;4;0;2;0;0;11;1;1;2;1;0;2;5;0;3;3;6;2;4.0;2.0;1;3;2;3;3;3;3;4;0;1
441;0;1;0;2;0;0;5;1;5;2;12;5;2;5;0;3;3;6;2;4.0;2.0;1;1;0;0;1;3;3;4;0;1
441;0;1;0;2;0;0;3;1;5;2;8;0;2;5;0;0;3;3;2;3.0;1.0;8;3;2;3;3;3;3;4;1;1
441;0;1;0;1;0;1;5;1;5;2;12;0;2;5;0;0;3;3;2;3.0;1.0;1;3;2;3;3;3;3;4;1;1
98;2;0;0;1;2;4;13;1;5;2;8;0;2;6;0;0;3;3;2;3.0;1.0;1;1;0;0;2;3;3;4;19;1
98;2;0;0;3;0;1;3;1;5;2;8;4;2;6;0;3;3;6;2;2.0;2.0;1;1;0;0;2;3;3;4;11;1
98;2;1;0;2;0;4;13;1;5;2;8;0;2;6;0;3;3;6;2;2.0;2.0;4;0;0;1;2;3;3;4;1;1
820;4;0;0;1;0;1;13;1;5;2;12;0;2;6;0;3;3;6;2;2.0;2.0;1;3;2;3;3;6;3;4;10;1
820;4;0;0;2;1;5;4;3;5;2;12;3;2;6;0;3;3;6;2;2.0;2.0;1;1;0;1;1;6;3;4;6;1
416;5;1;0;2;0;0;2;1;5;2;8;1;2;6;0;3;3;6;1;2.0;2.0;3;1;0;0;2;3;3;4;13;1
416;5;4;0;2;2;2;3;1;5;2;9;5;2;6;0;3;3;6;2;2.0;2.0;9;3;2;3;3;3;3;4;18;1
426;0;1;0;2;0;0;3;3;1;2;1;0;2;6;0;3;3;6;6;2.0;1.0;3;1;1;0;2;3;3;4;16;2
426;0;4;0;2;0;4;15;1;0;2;12;5;2;6;3;3;3;6;2;2.0;1.0;8;3;2;3;3;3;3;4;3;2
439;5;1;0;2;0;0;1;1;4;2;9;5;2;6;0;3;3;6;2;2.0;1.0;1;3;2;3;3;3;3;4;1;1
439;5;1;0;2;0;0;3;1;5;2;12;5;2;5;0;3;3;6;2;2.0;1.0;1;1;0;1;2;3;3;4;18;1
474;2;1;0;2;0;1;13;1;5;2;12;5;2;5;0;3;3;6;2;2.0;1.0;1;2;0;1;2;6;3;4;13;0
770;3;1;0;1;0;0;15;1;2;2;12;4;2;5;0;3;3;6;2;2.0;1.0;2;2;1;2;2;6;3;4;16;0
770;3;1;0;2;0;0;15;1;5;2;12;2;2;5;0;3;2;6;2;2.0;3.0;3;1;0;5;2;6;3;4;16;1
306;3;4;0;3;0;4;3;1;1;2;12;5;2;6;0;3;2;6;6;2.0;3.0;1;3;2;3;3;3;3;4;18;1
306;3;4;0;2;0;4;3;1;5;2;11;0;2;6;0;3;2;6;6;2.0;3.0;1;0;0;1;2;6;3;8;18;1
306;3;3;0;3;0;4;3;1;5;2;8;2;2;4;2;0;3;3;2;1.0;1.0;1;0;1;0;2;6;3;7;11;0
288;4;2;0;2;0;4;6;1;5;2;8;2;2;4;0;3;3;6;6;2.0;1.0;2;3;2;3;3;3;1;4;10;0
288;4;0;0;2;0;0;5;1;2;2;8;2;2;6;0;3;3;6;6;2.0;1.0;1;1;0;0;2;3;3;4;0;0
288;4;0;0;2;0;2;2;1;5;2;11;2;2;4;0;3;3;6;2;1.0;1.0;0;3;2;3;3;6;3;4;1;0
182;2;1;0;1;2;1;3;3;5;2;11;0;2;4;4;3;2;6;2;2.0;2.0;8;1;0;0;2;6;3;4;6;1
182;2;0;0;2;0;1;3;1;5;2;8;2;2;4;0;3;2;6;6;2.0;2.0;1;0;1;0;2;3;3;4;13;1
182;2;0;0;2;0;2;6;1;5;2;8;2;2;4;0;3;3;6;2;1.0;2.0;2;1;0;0;2;3;3;4;13;0
182;2;0;0;2;0;2;6;3;4;2;11;2;2;4;0;3;3;6;2;1.0;2.0;1;3;2;3;3;3;3;4;0;0
182;2;0;0;2;0;1;3;1;0;2;12;2;2;4;0;0;3;3;2;2.0;2.0;1;1;0;0;2;3;3;4;16;0
514;0;0;0;1;0;4;2;1;4;2;12;2;2;4;0;0;3;3;2;2.0;2.0;2;3;2;3;3;3;3;4;9;0
514;0;0;0;3;0;2;4;1;3;2;12;0;2;4;0;0;3;3;2;2.0;2.0;1;3;2;3;3;2;3;4;10;0
99;3;0;0;2;0;4;13;1;4;2;12;2;2;4;0;3;3;6;2;2.0;2.0;7;1;0;1;2;0;3;4;0;2
99;3;0;0;6;0;1;3;1;5;2;9;0;2;4;0;3;3;6;7;2.0;2.0;1;3;2;3;3;3;3;4;6;2
956;5;3;0;2;0;1;3;3;0;2;12;0;2;4;0;3;3;6;2;2.0;1.0;1;1;0;4;2;1;3;4;18;1
956;5;0;0;1;0;1;13;1;0;2;12;0;2;4;0;3;3;6;6;2.0;1.0;1;1;0;0;2;3;3;4;1;1
956;5;0;0;2;0;0;3;1;5;2;4;0;2;4;0;3;3;6;2;2.0;2.0;1;3;2;3;3;3;3;4;18;1
386;5;0;0;1;0;2;2;1;5;2;1;0;2;4;0;3;3;6;2;2.0;2.0;3;1;0;1;2;3;3;4;18;1
386;5;1;1;3;0;1;3;1;4;2;2;2;2;4;0;3;3;6;2;2.0;1.0;1;3;2;3;3;0;3;4;19;0
529;6;4;0;2;0;0;3;1;5;2;8;2;2;4;0;3;3;6;2;2.0;1.0;1;1;0;1;2;3;3;4;11;0
529;6;2;0;3;0;0;3;1;5;2;12;2;2;4;2;3;3;6;2;2.0;1.0;1;3;2;3;3;3;3;4;6;1
487;5;0;0;1;0;5;3;1;5;2;8;0;2;4;0;3;3;6;2;2.0;1.0;2;1;0;1;2;3;3;4;10;1
487;5;1;0;2;2;2;13;1;5;2;8;2;2;4;0;3;3;6;2;1.0;1.0;4;1;1;4;2;6;3;4;13;1
487;5;1;0;2;0;0;2;1;5;2;12;2;2;5;0;3;3;6;2;1.0;1.0;1;1;0;0;2;3;3;4;3;0
319;2;0;0;2;0;1;4;1;4;2;9;0;2;5;4;3;3;6;2;2.0;3.0;1;2;1;5;2;1;3;4;10;1
319;2;1;0;2;0;2;11;1;4;2;8;5;3;4;0;3;3;6;6;2.0;3.0;1;1;0;0;2;3;3;4;0;1
319;2;1;0;2;0;2;2;1;4;2;9;5;2;5;4;3;3;6;2;2.0;3.0;1;3;2;3;3;3;3;4;1;1
48;5;0;0;2;0;2;4;1;5;2;11;2;2;4;0;3;3;6;6;2.0;3.0;3;1;1;0;2;6;3;4;18;1
558;6;1;0;2;0;1;11;1;4;2;8;2;7;4;0;3;3;6;2;2.0;1.0;1;3;2;3;3;6;3;4;18;1
304;0;0;0;2;0;4;13;1;2;2;12;5;2;4;0;3;3;6;2;2.0;1.0;1;3;2;3;3;6;3;4;16;1
304;0;1;0;2;2;4;3;1;4;2;12;0;2;6;0;3;3;6;2;2.0;1.0;1;1;0;2;2;3;2;4;13;1
304;0;1;0;2;0;2;3;1;4;2;2;5;2;6;0;3;3;6;7;2.0;1.0;1;1;0;1;2;3;0;4;13;1
992;2;4;0;3;2;4;3;1;5;2;8;2;2;6;0;3;0;6;2;1.0;1.0;1;3;2;3;3;3;3;4;19;0
713;6;2;0;2;0;4;3;1;5;2;12;2;2;6;0;3;2;6;2;1.0;2.0;1;1;0;0;2;6;3;4;1;0
713;6;0;0;3;2;1;16;1;5;2;8;2;0;6;0;3;2;6;2;1.0;2.0;1;3;2;3;3;3;3;4;1;0
332;0;0;0;2;0;2;3;1;5;2;8;2;2;6;0;3;3;6;7;1.0;2.0;1;0;1;5;1;3;3;5;16;1
332;0;3;0;2;0;3;11;1;4;2;8;2;7;6;0;3;3;6;6;1.0;2.0;1;3;2;3;3;3;3;4;0;1
332;0;3;0;2;0;2;3;1;4;2;2;0;7;6;0;0;3;3;2;2.0;3.0;1;1;0;1;2;3;3;4;0;1
678;2;1;0;1;0;4;3;1;4;2;8;0;6;4;0;0;3;3;2;2.0;3.0;2;3;2;3;3;3;3;4;6;1
678;2;1;0;2;0;2;3;1;2;2;12;3;6;6;0;0;3;3;2;2.0;3.0;1;1;0;1;1;3;3;4;1;1
678;2;0;0;3;0;0;4;1;5;2;12;2;2;6;0;3;3;6;2;4.0;1.0;4;0;1;2;2;3;3;4;0;1
678;2;0;0;2;0;2;13;1;2;2;2;6;3;5;0;3;3;6;2;4.0;1.0;1;3;2;3;3;0;3;4;10;1
388;6;0;0;0;0;0;13;1;0;2;11;0;2;5;0;3;3;6;2;4.0;1.0;1;1;0;0;2;3;3;4;6;1
388;6;1;0;2;0;4;3;1;5;2;2;2;2;5;0;3;3;6;2;4.0;1.0;1;3;2;3;3;3;3;4;18;1
388;6;3;0;2;0;0;13;1;4;2;8;0;2;5;0;3;3;6;6;3.0;4.0;1;1;0;0;2;6;3;4;16;1
332;0;1;0;2;0;2;13;1;1;2;12;5;2;5;0;3;3;6;6;3.0;4.0;2;3;2;3;3;6;3;4;16;1
332;0;1;0;2;0;1;13;1;4;2;2;2;5;6;0;3;3;6;2;3.0;4.0;1;1;1;2;2;3;3;4;16;1
293;4;3;0;2;0;2;13;3;0;2;12;3;2;6;0;3;3;6;2;3.0;4.0;4;1;0;4;1;6;3;4;1;1
563;3;1;0;2;0;1;3;3;4;2;12;3;2;6;3;3;3;6;2;3.0;4.0;1;1;0;0;2;3;3;4;13;1
563;3;3;0;2;0;1;3;2;2;2;8;2;6;6;0;0;3;3;2;3.0;2.0;1;3;2;3;3;6;3;4;6;1
412;0;3;0;2;0;4;3;2;4;2;12;2;2;6;0;0;3;3;2;3.0;2.0;1;0;1;0;1;3;3;4;10;1
464;6;0;0;2;0;0;6;1;1;2;12;2;2;6;0;0;3;3;0;3.0;2.0;1;0;0;4;2;6;3;4;0;1
464;6;0;0;0;2;0;3;3;5;2;9;2;2;6;0;3;2;6;2;1.0;2.0;1;1;0;1;2;6;3;4;16;0
1025;5;1;0;0;0;5;6;1;1;2;8;2;2;6;0;3;2;6;6;1.0;2.0;3;3;2;3;3;6;3;4;0;0
1025;5;3;0;2;0;0;6;1;1;2;2;4;2;4;0;3;3;6;7;2.0;1.0;9;1;1;0;2;3;3;4;7;1
72;1;3;0;2;0;2;3;1;0;2;12;0;2;4;0;3;3;6;2;2.0;1.0;1;3;2;3;3;0;3;4;13;1
72;1;3;0;2;0;4;15;1;4;2;0;5;8;4;0;3;3;6;2;2.0;1.0;4;3;2;3;3;3;3;4;16;1
678;1;0;0;2;0;4;3;1;4;2;12;2;3;4;0;3;3;6;2;2.0;1.0;1;1;0;0;2;3;3;4;18;1
678;1;0;0;2;2;2;13;1;5;2;12;0;3;4;0;3;3;6;2;2.0;1.0;1;3;2;3;3;3;3;4;6;1
358;0;4;0;3;0;1;2;1;5;2;2;0;2;4;2;3;3;6;2;2.0;1.0;1;1;1;1;2;3;3;4;1;1
358;0;0;0;2;0;1;4;3;0;2;9;0;2;5;0;3;3;6;2;1.0;1.0;1;0;1;1;2;6;3;5;16;1
358;0;1;0;2;0;3;15;1;5;2;12;0;2;6;3;3;2;6;2;2.0;1.0;1;3;2;3;3;3;3;4;16;0
563;4;0;0;2;0;1;9;1;5;2;12;2;2;5;0;3;2;6;6;2.0;1.0;1;1;0;0;2;3;3;4;18;0
563;4;0;0;2;0;1;4;1;5;2;12;3;2;5;0;3;3;6;0;2.0;2.0;4;3;2;3;3;3;3;4;7;1
563;4;0;0;3;0;2;15;1;5;2;1;2;2;4;0;3;3;6;2;2.0;2.0;4;1;0;0;2;3;3;4;6;1
1050;2;1;0;2;0;4;15;1;5;2;1;4;2;4;3;3;3;6;7;2.0;2.0;1;1;0;0;2;3;3;4;6;1
1050;2;0;0;2;0;2;3;1;5;2;12;2;2;4;0;3;3;6;2;3.0;1.0;3;3;2;3;3;6;3;4;0;1
104;3;3;0;2;0;1;3;2;0;2;8;2;2;4;0;3;3;6;2;3.0;1.0;3;1;1;1;2;3;3;4;6;1
104;3;3;1;2;0;2;2;1;1;2;9;2;2;4;0;3;3;6;7;3.0;1.0;1;1;1;4;2;3;3;4;1;1
970;0;1;0;0;0;1;2;1;1;2;12;2;2;4;0;0;3;3;7;2.0;4.0;8;3;2;3;3;6;3;4;6;1
894;0;0;0;2;0;2;3;1;0;2;9;0;8;4;0;0;3;3;2;2.0;4.0;2;1;0;0;2;6;3;4;6;1
894;0;0;0;2;0;0;12;1;5;2;2;3;2;0;0;0;3;3;2;2.0;4.0;1;1;0;1;2;3;3;4;10;1
1039;1;0;0;2;0;1;2;1;1;2;12;4;2;4;0;0;3;3;2;2.0;4.0;3;2;0;4;2;6;3;4;6;1
1039;1;0;0;2;0;4;12;1;2;2;8;2;3;4;0;0;3;3;2;2.0;4.0;3;2;1;1;2;3;3;4;18;1
1044;0;1;0;2;0;3;15;1;1;2;12;0;2;4;0;3;3;6;2;2.0;1.0;2;2;1;1;2;3;3;4;6;1
1044;0;1;0;2;0;1;3;1;5;2;1;2;8;4;0;3;3;6;6;2.0;1.0;4;1;0;0;2;3;3;4;7;1
464;6;3;0;2;0;3;2;1;5;2;12;0;2;4;0;3;3;6;2;2.0;1.0;9;1;0;1;2;6;3;4;11;1
464;6;1;0;1;0;2;3;1;0;2;8;2;2;4;0;3;3;6;2;2.0;1.0;1;3;2;3;3;3;3;4;18;1
360;2;1;0;0;0;0;3;3;5;2;9;0;2;4;0;3;3;6;2;2.0;2.0;1;1;0;0;2;0;3;4;6;1
360;2;4;0;2;0;3;3;1;5;2;8;4;2;6;0;3;3;6;2;2.0;2.0;1;3;2;3;3;3;3;4;16;1
338;5;1;0;2;0;2;3;1;5;2;8;2;2;6;0;3;3;6;2;2.0;2.0;1;3;2;3;3;3;3;4;16;1
338;5;4;0;1;0;3;13;1;5;2;2;3;2;6;0;0;3;3;2;2.0;1.0;2;1;0;4;2;3;3;4;16;1
658;4;0;0;1;0;3;2;1;5;2;2;0;2;6;0;0;3;3;2;2.0;1.0;1;3;2;3;3;3;3;4;16;1
658;4;0;0;2;0;2;4;1;5;2;9;0;2;6;0;0;3;3;2;2.0;1.0;1;1;1;0;2;3;3;4;18;1
937;3;1;0;1;0;1;4;1;5;2;12;0;2;6;0;0;3;3;2;2.0;1.0;1;3;2;3;3;3;3;4;13;1
937;3;4;0;2;0;4;3;1;5;2;12;5;2;4;0;3;3;6;2;3.0;1.0;1;1;1;0;2;0;3;4;18;0
588;2;3;0;2;0;4;14;1;5;2;12;0;2;4;3;3;3;6;2;3.0;1.0;3;2;1;5;2;3;3;4;1;0
907;3;1;0;2;0;2;3;1;1;2;9;0;2;4;0;3;3;6;2;3.0;1.0;1;1;0;1;2;0;3;4;1;0
907;3;4;0;2;0;0;6;1;5;2;8;0;2;6;0;3;3;6;2;3.0;2.0;1;3;2;3;3;6;3;4;17;1
146;0;0;1;4;0;3;13;1;5;2;9;0;2;6;4;3;3;6;2;3.0;2.0;1;3;2;3;3;3;3;4;13;1
146;0;0;0;2;0;3;6;1;5;2;12;2;2;6;0;3;3;6;2;3.0;2.0;1;3;2;3;3;3;3;4;1;1
146;0;3;0;1;0;1;2;1;5;2;12;2;2;4;0;3;3;6;6;1.0;1.0;2;1;0;1;2;6;3;4;18;1
514;5;1;0;2;2;0;13;1;5;2;1;2;2;4;0;3;3;6;2;1.0;1.0;9;3;2;3;3;6;3;4;16;1
514;5;3;1;2;0;2;13;1;2;2;2;4;2;6;0;0;3;6;2;2.0;3.0;1;1;0;1;2;3;3;4;0;1
126;2;4;0;3;0;1;14;1;5;2;11;2;2;5;0;0;3;6;2;2.0;3.0;1;1;0;0;2;3;3;4;18;1
126;2;3;0;3;2;2;4;1;1;2;8;0;2;4;0;0;3;6;2;2.0;3.0;1;3;2;3;3;6;3;4;18;1
140;4;0;0;2;0;4;4;1;0;2;12;2;2;4;0;0;3;6;7;1.0;1.0;1;1;0;0;2;6;3;4;19;0
140;4;0;0;2;0;2;13;1;2;2;9;0;2;4;0;3;0;1;2;2.0;1.0;1;0;1;5;2;3;3;4;17;1
1020;0;1;0;1;0;2;13;1;4;2;12;0;2;4;0;3;0;1;2;2.0;1.0;1;0;1;5;2;3;3;4;1;1
983;1;0;0;2;0;2;3;1;0;2;12;5;8;6;0;0;3;3;2;2.0;2.0;4;3;2;3;3;3;3;4;18;1
755;0;0;0;2;0;4;2;1;1;2;8;4;8;6;0;0;3;3;2;2.0;2.0;1;1;0;0;2;3;3;4;6;1
755;0;1;0;2;0;0;3;1;5;2;9;2;2;6;0;0;3;3;2;2.0;2.0;5;1;0;1;2;3;3;4;18;1
729;2;0;0;2;0;1;2;1;5;2;12;2;2;6;0;3;2;6;2;2.0;4.0;1;3;2;3;3;3;3;4;0;2
729;2;0;0;2;0;0;3;2;1;2;9;0;2;5;0;3;2;6;2;2.0;4.0;1;3;2;3;3;3;3;4;11;2
729;2;0;0;2;0;2;4;1;5;2;2;2;2;5;0;3;2;6;2;2.0;4.0;1;1;1;0;2;3;3;4;6;2
729;2;3;0;3;0;2;3;3;5;2;9;2;2;5;0;3;2;6;7;2.0;4.0;1;1;1;1;2;3;3;4;13;2
729;2;3;0;2;0;2;5;1;5;2;8;4;2;4;0;3;3;6;2;3.0;1.0;1;3;2;3;3;3;3;4;18;1
461;5;1;0;2;0;4;3;3;3;2;9;2;2;4;0;3;3;6;2;3.0;1.0;9;3;2;3;3;3;3;4;11;1
461;5;2;0;2;0;1;2;1;5;2;12;4;2;5;0;3;3;6;2;3.0;1.0;9;1;0;0;2;3;3;4;6;1
461;5;2;0;2;2;4;5;1;5;2;4;2;2;5;0;0;3;6;2;2.0;1.0;9;3;2;3;3;3;3;4;6;1
278;2;1;0;2;0;1;11;1;5;2;2;2;2;4;2;0;3;6;6;2.0;1.0;5;1;0;0;2;3;3;4;13;1
278;2;4;0;3;1;2;13;1;1;2;9;0;8;4;0;3;3;6;2;1.0;1.0;1;1;0;1;2;3;3;4;6;2
885;0;0;0;3;0;2;13;1;5;2;12;2;2;4;0;3;3;6;2;2.0;2.0;12;3;2;3;3;3;3;4;7;1
885;0;0;0;2;0;2;13;1;5;2;12;2;2;4;0;3;3;6;2;2.0;2.0;4;1;0;1;2;3;3;4;1;1
716;3;1;0;2;0;2;3;1;0;2;8;0;2;4;0;0;3;6;2;1.0;1.0;3;3;2;3;3;3;3;4;18;1
716;3;1;0;3;0;4;13;1;4;2;5;2;3;5;0;3;3;6;2;2.0;1.0;1;0;1;0;2;3;3;6;18;1
533;5;3;1;2;0;3;3;1;4;2;2;2;8;5;0;3;3;6;2;2.0;1.0;1;2;1;0;2;3;3;4;0;1
533;5;1;0;2;0;2;5;1;5;2;8;5;3;6;0;3;3;6;2;2.0;1.0;1;1;1;0;2;3;3;4;13;0
499;3;0;0;3;0;0;3;1;4;2;2;2;8;6;0;3;3;6;6;2.0;1.0;4;3;2;3;3;3;3;4;11;0
427;2;1;0;2;0;2;11;1;5;2;8;5;3;5;0;3;3;6;2;2.0;1.0;2;3;2;3;3;3;3;4;1;1
427;2;1;0;2;0;4;3;3;5;2;8;0;2;4;0;3;3;6;2;2.0;1.0;9;1;0;1;2;3;3;4;0;1
426;1;1;0;1;2;1;13;1;0;2;11;2;2;4;0;3;2;6;2;2.0;1.0;5;0;0;4;2;3;3;6;11;2
426;1;1;0;2;0;0;2;1;3;2;9;2;2;4;0;3;2;6;2;2.0;1.0;1;3;2;3;3;3;3;4;12;2
426;1;3;0;2;0;0;4;1;5;2;8;5;3;6;0;3;3;6;0;3.0;1.0;1;1;0;5;2;3;3;4;4;0
464;0;0;0;0;2;1;3;1;5;2;7;5;2;5;0;3;3;6;2;3.0;1.0;1;1;0;0;2;3;3;4;16;0
464;0;4;0;2;0;2;13;1;5;2;12;2;2;5;0;3;3;6;2;3.0;1.0;1;3;2;3;3;3;3;4;0;0
988;6;2;0;3;2;1;3;1;5;2;9;0;2;5;0;3;3;6;6;3.0;1.0;1;3;2;3;3;3;3;4;13;1
194;5;0;0;2;0;0;6;1;5;2;8;0;2;5;0;3;3;6;2;3.0;1.0;1;1;0;0;2;3;3;4;1;1
194;5;4;0;2;2;2;3;1;5;2;8;0;2;5;2;3;3;6;2;3.0;1.0;1;0;0;2;1;3;3;6;17;1
775;0;2;0;2;0;3;13;1;5;2;9;0;2;5;0;3;3;6;2;2.0;1.0;1;3;2;3;3;3;3;4;18;1
775;0;0;0;2;0;1;5;1;5;2;8;0;2;5;2;3;3;6;6;2.0;1.0;1;1;0;0;2;3;3;4;16;1
775;0;0;0;2;0;2;9;1;5;2;8;0;2;4;0;3;3;6;6;1.0;2.0;5;1;0;5;2;3;3;4;18;1
660;5;1;0;2;0;4;5;1;5;2;8;2;2;4;0;3;3;6;2;1.0;2.0;9;3;2;3;3;3;3;4;18;1
660;5;0;0;3;0;1;13;1;5;2;8;2;2;5;0;3;3;6;2;1.0;1.0;1;3;2;3;3;3;3;4;13;1
84;0;1;0;3;2;4;3;1;5;2;12;0;2;5;0;0;3;6;6;1.0;2.0;9;1;0;1;2;3;3;4;0;1
406;6;0;0;2;0;0;13;1;5;2;12;2;2;5;0;0;3;6;6;1.0;2.0;1;3;2;3;3;3;3;4;17;1
406;6;3;1;2;0;2;11;1;1;2;12;2;2;5;0;3;3;6;2;2.0;1.0;9;1;0;0;2;3;3;4;13;0
406;6;3;0;2;0;1;4;1;1;2;9;4;2;5;0;3;3;6;2;2.0;1.0;1;2;0;0;2;3;3;4;19;0
504;2;3;1;2;0;1;3;1;1;2;11;0;0;5;0;3;3;6;2;2.0;1.0;1;3;2;3;3;3;3;4;11;1
504;2;3;0;2;0;1;3;1;1;2;9;0;0;4;0;3;3;6;6;2.0;1.0;1;1;0;0;2;6;3;4;12;1
504;2;1;0;2;0;1;3;1;1;2;8;2;2;4;0;3;3;6;2;2.0;1.0;1;3;2;3;3;6;3;4;0;1
504;2;1;0;2;0;4;2;1;5;2;2;4;2;5;0;3;3;6;2;2.0;1.0;1;3;2;3;3;3;3;4;14;1
504;2;1;0;2;0;4;3;1;5;2;12;0;2;6;0;3;3;6;2;2.0;1.0;5;1;1;2;2;3;3;4;4;1
350;1;2;0;3;0;2;6;1;1;2;12;4;2;4;0;3;3;6;0;2.0;1.0;1;1;0;1;2;3;3;4;1;1
350;1;1;1;2;0;4;6;1;2;2;12;2;2;4;0;3;3;6;2;2.0;1.0;9;3;2;3;3;3;3;4;0;0
341;0;4;0;3;2;1;3;1;5;2;12;2;2;6;0;3;3;6;2;2.0;1.0;9;1;1;0;2;3;3;4;17;0
341;0;3;0;2;0;2;5;1;5;2;8;0;2;6;0;3;2;6;7;2.0;2.0;9;1;0;0;2;3;3;4;5;1
956;1;0;0;2;0;3;5;1;5;2;8;1;2;4;0;3;2;6;2;2.0;2.0;1;3;2;3;3;3;3;4;1;1
956;1;1;0;2;0;2;13;1;5;2;9;0;2;4;0;3;3;6;2;2.0;1.0;1;3;2;3;3;3;3;4;16;1
421;6;1;0;1;0;4;3;1;5;2;8;4;2;4;0;3;3;6;2;2.0;1.0;1;1;0;0;2;3;3;4;0;1
327;6;1;0;2;0;2;4;1;5;2;9;2;2;4;0;3;2;6;2;1.0;1.0;1;0;0;1;2;6;3;4;18;1
1058;6;3;0;3;0;0;4;1;5;2;8;0;2;6;0;0;0;3;6;2.0;1.0;5;0;0;4;2;3;3;7;17;1
1058;6;3;0;2;0;2;13;1;5;2;12;2;2;6;0;0;0;3;2;2.0;1.0;1;0;0;1;2;3;3;1;18;1
1058;6;2;0;0;0;0;3;1;5;2;8;4;2;6;0;3;3;6;2;3.0;2.0;1;3;2;3;3;3;3;4;16;1
51;0;0;0;2;0;4;11;1;5;2;11;0;2;4;0;3;3;6;2;3.0;2.0;1;0;0;5;2;3;3;5;4;1
1016;1;3;0;2;0;0;9;1;5;2;9;4;2;4;0;3;3;6;2;3.0;2.0;2;1;0;1;2;3;3;4;6;1
194;1;0;0;2;0;2;3;1;5;2;8;0;2;4;0;3;3;6;6;2.0;1.0;9;1;1;0;2;3;3;4;1;0
194;1;4;0;2;0;1;2;1;5;2;9;0;2;6;0;3;3;6;2;2.0;1.0;1;3;2;3;3;3;3;4;6;0
426;3;0;0;2;0;2;3;1;4;2;8;0;2;6;0;3;3;6;6;2.0;1.0;1;1;0;0;2;3;3;4;1;1
426;3;1;0;2;0;1;3;1;4;2;9;4;2;6;0;3;3;6;2;2.0;1.0;2;0;0;0;1;3;3;4;16;1
667;4;0;0;2;0;1;3;1;5;2;12;5;2;6;0;3;3;6;0;2.0;1.0;1;2;1;1;2;3;3;4;18;1
370;3;4;0;2;0;4;0;0;5;2;12;2;2;0;0;3;3;6;2;2.0;1.0;2;1;0;2;2;3;3;4;0;1
370;3;1;0;2;0;0;3;1;2;2;8;2;2;0;0;3;3;6;2;1.0;1.0;5;1;0;1;2;6;3;4;0;0
436;5;0;0;0;2;0;2;1;4;2;8;2;2;5;0;3;3;3;2;1.0;1.0;1;0;0;0;2;6;3;5;9;1
436;5;0;0;0;0;5;3;1;1;2;9;2;2;5;0;3;2;6;2;2.0;1.0;1;0;0;5;2;3;3;8;18;1
710;4;1;0;2;0;0;2;1;5;2;12;2;2;5;0;3;2;6;2;2.0;1.0;1;1;0;0;2;3;3;4;0;1
514;1;0;0;2;0;1;3;1;5;2;8;0;2;6;0;3;3;6;2;3.0;1.0;1;3;2;3;3;3;3;4;16;1
387;3;1;0;2;0;3;13;1;0;2;8;2;2;6;0;3;3;6;2;3.0;1.0;1;1;0;0;2;3;3;4;11;1
519;5;0;0;2;0;1;3;1;3;2;9;2;2;4;0;3;3;6;8;3.0;1.0;1;3;2;3;3;3;3;4;17;1
519;5;0;0;2;0;1;13;1;5;2;12;0;2;4;0;3;3;6;2;2.0;1.0;1;3;2;3;3;3;3;4;18;1
320;6;0;0;3;0;2;13;1;2;2;9;2;2;4;0;3;3;6;6;2.0;1.0;1;1;0;4;2;3;3;4;0;1
509;3;4;0;2;0;4;13;3;5;2;8;2;2;4;0;0;2;6;2;2.0;1.0;1;1;0;1;2;3;3;4;6;0
509;3;0;0;2;0;2;6;1;2;2;8;0;2;4;0;0;2;6;2;2.0;1.0;1;1;1;1;2;3;3;4;0;0
653;5;1;0;2;0;1;3;1;4;2;12;0;2;4;0;0;2;3;2;2.0;1.0;1;3;2;3;3;6;3;4;11;1
653;5;1;0;2;0;2;2;1;0;2;12;5;8;4;0;0;2;3;7;2.0;1.0;9;3;2;3;3;6;3;4;4;1
450;6;1;0;0;0;1;2;1;1;2;8;4;8;5;0;3;2;6;2;2.0;1.0;1;1;0;0;2;6;3;4;7;1
450;6;0;0;2;0;2;2;1;5;2;9;2;2;5;0;3;2;6;2;2.0;1.0;1;1;0;1;2;6;3;4;9;1
635;3;0;0;2;0;0;3;1;5;2;12;2;2;5;0;0;2;6;2;1.0;1.0;1;2;1;0;2;3;3;4;15;1
726;0;1;0;2;0;1;2;2;1;2;9;0;2;5;0;3;3;6;0;2.0;1.0;1;3;2;3;3;6;3;4;0;1
726;0;1;0;2;0;4;13;1;5;2;2;2;2;6;0;3;3;6;6;2.0;1.0;4;1;0;5;2;6;3;4;18;1
726;0;0;0;2;0;3;5;3;5;2;9;2;2;6;0;0;2;6;2;2.0;3.0;1;1;0;1;2;6;3;4;4;1
315;0;3;0;2;0;1;13;1;5;2;8;4;2;6;0;0;2;6;2;2.0;3.0;1;1;1;0;2;3;3;4;16;1
426;3;1;0;2;0;3;5;3;3;2;9;2;2;5;0;0;2;6;6;2.0;3.0;1;3;2;3;3;3;3;4;1;1
426;3;0;0;1;0;2;13;1;5;2;12;4;2;5;0;3;2;6;2;2.0;1.0;1;2;1;4;2;3;3;4;17;1
887;4;0;0;0;0;0;2;1;5;2;4;2;2;5;0;3;2;6;2;2.0;1.0;1;0;1;5;2;3;3;6;11;1
887;4;3;0;2;0;3;13;1;5;2;2;2;2;4;0;0;3;7;2;1.0;1.0;1;1;0;1;2;6;3;4;6;1
887;4;3;0;2;0;2;3;1;1;2;9;0;8;4;0;3;3;6;0;2.0;1.0;1;3;2;3;3;3;3;4;16;1
94;1;3;0;1;0;3;0;1;5;2;12;2;2;4;0;3;3;6;0;2.0;1.0;1;1;1;0;2;3;3;4;17;1
94;1;0;0;1;0;3;13;1;5;2;12;2;2;4;0;0;2;3;7;3.0;1.0;1;3;2;3;3;3;3;4;0;1
459;3;0;0;2;0;2;2;1;0;2;8;0;2;4;0;0;2;3;2;3.0;1.0;4;1;0;0;1;3;3;4;6;1
459;3;0;0;1;0;1;2;1;4;2;5;2;3;4;0;0;2;3;2;3.0;1.0;1;3;2;3;3;3;3;4;0;1
459;3;0;0;2;0;4;3;1;4;2;2;2;8;4;0;3;2;6;2;2.0;1.0;2;0;0;1;2;3;3;8;0;1
416;0;1;0;2;0;4;13;1;5;2;8;5;3;0;0;3;2;6;7;2.0;1.0;5;3;2;3;3;3;3;4;1;1
44;6;0;0;2;0;2;4;1;4;2;2;2;8;0;0;3;3;6;7;1.0;1.0;1;1;0;0;2;3;3;4;3;1
44;6;3;0;2;0;0;3;1;5;2;8;5;3;4;0;0;2;6;2;2.0;2.0;1;0;0;4;1;6;3;8;6;1
72;6;1;0;4;0;3;3;3;5;2;8;0;2;4;0;0;2;6;2;2.0;2.0;4;1;0;1;2;3;3;4;18;1
72;6;1;1;2;0;3;2;1;0;2;11;2;2;4;0;0;2;6;2;2.0;2.0;5;3;2;3;3;6;3;4;6;1
572;6;0;0;2;0;4;3;1;5;2;8;0;2;5;0;0;2;3;6;2.0;1.0;1;3;2;3;3;3;3;4;13;1
572;6;1;0;2;0;2;2;1;5;2;8;0;2;4;0;0;2;3;2;2.0;1.0;4;3;2;3;3;6;3;4;18;1
670;1;1;0;1;0;2;13;1;5;2;9;0;2;4;0;0;2;6;2;2.0;1.0;1;1;0;1;1;3;3;4;18;1
670;1;1;0;2;0;2;13;1;5;2;8;0;2;6;0;0;2;6;6;2.0;1.0;9;3;2;3;3;6;3;4;18;1
199;6;3;0;2;0;4;13;1;5;2;8;0;2;6;0;0;3;6;6;2.0;1.0;1;1;0;0;2;3;3;4;17;0
199;6;3;0;2;0;0;11;1;5;2;8;2;2;6;0;0;3;6;2;2.0;1.0;1;0;1;1;2;3;3;4;6;0
835;1;1;0;2;0;1;13;1;5;2;8;2;2;6;0;3;3;6;2;1.0;1.0;1;0;0;1;2;3;3;4;0;0
243;0;1;0;2;0;0;3;1;5;2;12;0;2;6;0;0;3;1;2;1.0;1.0;2;1;1;0;2;3;3;4;1;1
243;0;3;0;2;0;2;3;1;5;2;12;2;2;4;0;3;3;6;2;2.0;2.0;2;3;2;3;3;6;3;4;6;1
444;1;1;0;3;0;2;4;1;1;2;12;2;2;4;0;3;3;6;2;2.0;2.0;2;1;0;0;2;3;3;4;6;1
181;2;3;0;2;0;2;12;1;1;2;9;4;2;4;0;3;3;6;2;2.0;2.0;1;0;0;5;2;3;3;4;18;1
181;2;1;0;2;0;4;3;1;1;2;11;0;0;4;0;0;3;3;2;1.0;1.0;1;1;0;1;2;6;3;4;4;1
234;5;0;0;2;0;1;3;1;1;2;9;0;0;4;0;0;3;5;2;1.0;1.0;1;3;2;3;3;3;3;4;0;1
234;5;1;0;2;2;4;3;1;1;2;8;2;2;4;0;0;3;3;2;2.0;1.0;1;3;2;3;3;3;3;4;0;0
163;5;1;0;2;0;1;14;1;5;2;2;4;2;4;0;0;3;3;2;2.0;1.0;9;1;0;0;2;3;3;4;18;0
163;5;0;0;3;1;2;5;1;5;2;12;0;2;4;0;0;2;6;2;2.0;1.0;1;1;0;0;2;3;3;4;18;1
163;5;1;0;3;0;2;4;1;1;2;12;4;2;6;0;0;2;6;2;2.0;1.0;9;3;2;3;3;6;3;4;3;1
163;5;1;0;2;0;2;3;1;2;2;12;2;2;6;0;0;2;3;2;1.0;1.0;9;1;0;0;1;6;3;4;9;2
989;3;0;0;2;0;2;2;1;5;2;12;2;2;6;0;0;2;1;2;2.0;1.0;1;3;2;3;3;3;3;4;16;1
989;3;0;0;3;0;4;13;1;5;2;8;0;2;6;0;0;2;1;2;2.0;1.0;5;1;0;1;2;6;3;4;17;1
989;3;3;0;2;0;3;3;1;5;2;8;1;2;6;0;3;2;6;2;2.0;1.0;1;0;1;0;2;3;3;4;16;1
144;0;3;0;2;0;2;4;1;5;2;9;0;2;6;0;3;2;6;2;2.0;1.0;5;3;2;3;3;3;3;4;4;1
144;0;3;0;3;0;0;13;1;5;2;8;4;2;6;0;0;2;0;2;1.0;1.0;1;1;1;0;2;3;3;4;4;1
144;0;1;0;2;0;4;13;1;5;2;9;2;2;6;0;0;3;3;6;2.0;1.0;2;2;1;1;2;3;3;4;13;1
185;1;1;0;3;2;1;14;1;5;2;8;0;2;0;0;0;3;3;2;2.0;1.0;1;1;1;0;2;3;3;4;18;1
185;1;1;0;2;0;2;0;1;5;2;12;2;2;0;0;3;2;6;7;2.0;1.0;1;2;1;0;2;3;3;4;13;1
98;2;4;0;2;0;3;0;1;5;2;8;4;2;6;0;3;2;6;2;2.0;1.0;1;2;1;0;2;6;3;4;16;1
98;2;0;0;2;0;2;3;1;5;2;11;0;2;6;0;0;2;5;6;1.0;1.0;1;3;2;3;3;3;3;4;6;1
98;2;1;0;1;0;4;3;1;5;2;9;4;2;6;0;0;2;0;2;1.0;1.0;1;1;0;0;2;3;3;4;18;1
98;2;1;0;2;0;2;3;1;5;2;8;0;2;4;0;0;2;3;2;1.0;1.0;1;3;2;3;3;3;3;4;4;1
63;6;3;0;3;0;0;2;1;5;2;9;0;2;4;0;0;2;3;2;2.0;1.0;1;3;2;3;3;3;3;4;0;0
726;1;1;0;2;0;2;5;1;5;2;8;0;2;6;0;0;2;3;2;2.0;1.0;5;1;0;1;2;3;3;4;18;0
726;1;1;0;0;0;0;3;1;1;2;8;2;2;6;0;0;3;1;2;1.0;1.0;1;0;0;1;2;3;3;5;6;1
443;0;3;0;2;0;4;11;1;5;2;9;0;2;6;0;0;2;3;0;2.0;2.0;1;1;0;0;2;3;3;4;18;1
443;0;1;0;2;0;0;3;1;5;2;12;2;2;4;0;0;2;3;6;2.0;2.0;1;3;2;3;3;6;3;4;16;1
148;5;3;0;2;0;2;3;1;4;2;4;0;2;4;0;0;2;6;2;1.0;2.0;1;3;2;3;3;6;3;4;0;1
148;5;1;0;2;0;1;3;1;5;2;8;2;2;4;0;0;2;6;6;1.0;2.0;2;1;0;2;2;3;3;4;17;1
965;5;3;0;2;0;2;3;2;5;2;1;2;2;4;0;3;2;6;2;2.0;1.0;1;3;2;3;3;6;3;4;16;1
965;5;0;0;2;0;1;3;1;0;2;9;2;2;6;0;3;2;6;2;2.0;1.0;1;1;0;0;2;3;3;4;1;1
965;5;1;0;2;0;1;4;1;4;2;9;0;2;6;0;0;2;6;2;1.0;1.0;5;3;2;3;3;6;3;4;2;0
416;5;0;0;2;0;4;16;1;2;2;2;0;8;6;0;3;2;6;2;2.0;2.0;1;1;0;1;2;0;3;4;7;1
461;3;2;0;2;0;0;4;1;2;2;9;0;2;6;0;3;2;6;2;2.0;2.0;1;1;1;0;2;3;3;4;6;1
1069;1;1;0;0;2;0;2;1;5;2;12;5;2;6;0;3;2;6;6;2.0;2.0;1;3;2;3;3;3;3;4;7;1
1069;1;3;1;0;0;5;11;1;2;2;12;0;2;6;0;0;3;6;2;1.0;1.0;4;3;2;3;3;3;3;4;6;1
474;0;1;0;2;0;0;4;1;5;2;12;1;2;6;0;3;2;6;6;2.0;1.0;1;1;0;0;2;3;3;4;17;1
474;0;2;0;2;0;2;13;1;5;2;2;1;2;6;0;3;2;6;2;2.0;1.0;1;1;0;2;2;3;3;4;6;1
533;5;0;0;2;0;4;13;3;5;2;12;1;2;6;0;0;2;3;2;3.0;1.0;2;3;2;3;3;3;3;4;0;1
533;5;1;0;2;0;4;3;1;5;2;2;1;2;6;0;0;2;3;2;3.0;1.0;5;3;2;3;3;6;3;4;13;1
533;5;1;0;2;2;2;3;1;5;2;2;2;2;5;0;0;2;3;2;3.0;1.0;1;1;0;0;2;6;3;4;6;1
533;5;1;0;3;0;1;4;1;4;2;12;0;2;5;0;0;3;6;2;2.0;1.0;1;1;0;1;2;6;3;4;0;0
199;0;1;0;2;0;1;4;3;2;2;12;0;2;6;0;0;3;6;2;2.0;1.0;9;3;2;3;3;3;3;4;6;0
199;0;0;0;2;0;3;13;1;2;2;11;5;2;6;0;3;2;6;2;2.0;2.0;2;1;0;0;2;3;3;4;6;1
988;3;3;0;2;0;1;5;1;4;2;9;0;2;7;0;3;2;6;2;2.0;2.0;1;0;0;1;2;3;3;5;6;1
241;5;4;0;2;0;1;2;1;0;2;12;2;2;7;0;3;2;6;2;2.0;2.0;1;1;1;0;2;6;3;4;0;1
367;6;1;0;3;0;2;11;1;4;2;8;0;2;4;0;3;2;6;2;1.0;1.0;9;3;2;3;3;3;3;4;0;1
367;6;1;0;2;0;4;3;1;4;2;9;0;2;5;0;0;3;3;2;2.0;2.0;1;1;1;1;1;0;3;4;6;1
1017;1;0;0;2;0;2;3;1;4;2;12;4;8;5;0;0;3;3;0;2.0;2.0;1;3;2;3;3;1;3;4;11;1
1017;1;3;0;2;0;1;13;1;4;2;9;2;2;0;2;0;3;3;6;2.0;1.0;1;1;0;1;2;3;3;4;0;1
1017;1;3;0;2;0;2;11;1;2;2;9;0;2;0;0;0;3;3;2;2.0;1.0;1;2;1;0;2;3;3;4;18;1
787;1;1;0;0;0;1;13;1;5;2;9;2;2;0;0;0;2;3;2;1.0;1.0;1;3;2;3;3;3;3;4;4;0
942;3;3;0;2;0;2;0;1;0;2;12;5;2;4;0;0;2;3;6;2.0;2.0;1;3;2;3;3;3;3;4;0;1
942;3;1;0;2;0;0;3;1;2;2;12;0;2;4;0;0;2;3;2;2.0;2.0;1;0;0;4;2;0;3;4;0;1
127;3;3;0;2;0;1;3;1;2;2;12;4;2;4;0;0;0;3;2;1.0;1.0;1;1;1;1;2;3;3;4;11;0
489;1;3;0;2;0;4;3;1;0;2;3;0;2;4;0;0;2;3;2;1.0;1.0;2;1;0;0;2;3;3;4;4;1
489;1;4;0;2;0;3;3;1;1;2;9;0;2;4;0;3;2;6;0;2.0;2.0;1;3;2;3;3;3;3;4;7;1
277;4;1;0;2;0;1;13;1;2;2;9;4;2;4;0;3;2;6;0;2.0;2.0;1;1;0;0;2;3;3;4;11;1
277;4;0;0;2;0;3;13;1;2;2;9;0;2;4;0;0;2;3;7;1.0;2.0;1;3;2;3;3;3;3;4;16;0
791;4;2;0;1;0;2;3;1;0;2;12;2;2;4;1;0;2;3;2;1.0;2.0;1;1;0;1;2;6;3;4;13;0
431;3;3;0;0;0;0;11;1;0;2;8;2;2;6;0;3;3;6;2;2.0;1.0;1;2;1;4;2;3;3;4;4;1
112;4;0;0;2;0;3;5;1;1;2;12;5;2;6;0;3;3;6;2;2.0;1.0;1;0;1;0;2;3;3;1;16;1
112;4;3;0;2;0;2;5;1;5;2;8;3;2;4;0;0;2;6;7;1.0;1.0;5;0;0;1;2;3;3;6;17;1
112;4;3;0;1;0;3;3;1;5;2;9;2;2;4;0;3;3;6;7;2.0;1.0;9;2;0;4;2;3;3;4;0;1
112;4;3;0;1;0;3;5;1;5;2;8;3;6;4;0;3;3;6;2;2.0;1.0;5;3;2;3;3;3;3;4;0;1
55;2;3;0;2;0;2;5;1;5;2;8;3;2;4;0;3;2;6;2;1.0;1.0;1;1;0;1;2;6;3;4;0;0
55;2;1;0;1;0;1;13;2;5;2;12;3;2;4;0;3;3;6;2;2.0;1.0;1;3;2;3;3;3;3;4;7;1
55;2;1;0;2;0;4;3;1;5;2;8;2;2;6;0;3;3;6;6;2.0;1.0;1;1;0;0;2;3;3;4;1;1
479;5;1;0;2;0;4;13;1;5;2;8;2;2;6;0;3;3;6;2;2.0;1.0;5;0;0;1;2;3;3;7;13;1
479;5;0;0;2;0;2;3;3;5;2;8;4;2;4;0;3;3;6;6;2.0;1.0;1;1;0;0;1;3;3;4;9;1
224;3;3;0;2;0;0;3;1;5;2;12;0;2;4;0;3;3;6;2;3.0;3.0;1;0;1;0;2;3;3;6;13;1
224;3;3;0;4;0;3;11;1;5;2;9;2;2;6;0;3;3;6;2;3.0;3.0;1;3;2;3;3;6;3;4;18;1
224;3;1;0;2;0;3;3;1;1;2;9;2;6;6;0;3;3;6;6;3.0;3.0;1;1;1;5;2;3;3;4;4;1
324;5;0;0;1;0;1;3;1;2;2;2;2;2;6;0;3;3;6;2;3.0;3.0;1;1;1;1;2;3;3;4;16;1
1063;1;3;0;2;2;0;3;1;2;2;12;2;2;4;0;3;3;6;2;3.0;1.0;1;1;1;4;2;3;3;4;0;0
131;6;2;0;2;0;2;11;1;5;2;9;2;2;4;0;3;3;6;6;3.0;1.0;9;3;2;3;3;3;3;4;4;0
131;6;0;0;3;0;1;3;1;1;2;12;0;2;4;0;3;3;6;6;3.0;1.0;9;1;0;4;2;3;3;4;18;0
131;6;0;0;3;2;2;2;1;1;2;9;0;2;5;0;0;3;0;2;3.0;1.0;1;0;1;1;2;3;3;6;6;1
67;3;4;0;2;0;4;2;1;1;2;9;2;2;5;0;0;3;0;2;3.0;1.0;1;1;0;0;2;3;3;4;18;1
67;3;4;0;2;0;2;3;1;2;2;12;2;2;6;0;0;3;0;2;3.0;1.0;4;3;2;3;3;3;3;4;13;1
67;3;1;0;1;0;2;13;1;5;2;12;2;2;6;0;3;3;6;2;2.0;1.0;1;0;0;5;2;6;3;4;18;1
504;1;0;0;2;0;2;13;1;5;2;12;0;2;6;0;3;3;6;2;2.0;1.0;1;3;2;3;3;3;3;4;13;1
504;1;1;0;2;0;4;13;1;5;2;12;3;2;6;0;0;3;6;2;3.0;4.0;1;1;0;5;2;3;3;4;17;1
504;0;1;0;2;0;0;3;1;5;2;9;2;2;4;0;0;3;6;2;3.0;4.0;1;3;2;3;3;3;3;4;1;1
504;0;0;0;2;0;1;3;1;1;2;1;0;2;4;0;0;3;6;2;3.0;4.0;1;1;1;0;2;3;3;4;18;1
135;0;1;0;2;0;0;6;1;5;2;12;5;2;6;0;0;3;6;2;3.0;4.0;1;3;2;3;3;3;3;4;4;1
135;0;1;0;2;0;2;6;1;5;2;8;0;2;6;0;0;3;6;2;1.0;1.0;1;1;0;5;2;0;3;4;18;0
942;3;3;0;3;0;2;13;1;5;2;12;0;2;6;0;3;0;1;2;2.0;1.0;1;1;0;0;2;3;3;4;17;1
942;3;1;0;2;0;2;13;1;5;2;8;0;2;6;0;3;0;1;2;2.0;1.0;1;3;2;3;3;3;3;4;13;1
6;6;0;1;2;0;4;5;1;5;2;8;4;2;6;0;0;2;6;2;2.0;2.0;5;3;2;3;3;6;3;4;17;1
6;6;1;0;2;0;1;2;1;5;2;8;0;2;6;0;0;2;6;2;2.0;2.0;3;1;0;5;2;6;3;4;18;1
578;4;0;0;2;2;4;13;1;5;2;12;0;2;6;0;0;3;6;2;2.0;1.0;1;0;0;5;2;0;3;5;17;1
578;4;1;0;2;0;1;3;3;5;2;12;3;2;6;0;0;3;6;2;2.0;1.0;1;3;2;3;3;3;3;4;6;1
533;3;1;0;3;1;2;2;1;5;2;8;1;2;6;0;3;3;6;2;3.0;3.0;1;1;0;1;2;3;3;4;19;0
533;3;4;0;3;0;2;9;1;5;2;9;5;2;6;0;3;3;6;2;3.0;3.0;5;1;1;0;2;0;3;4;6;0
140;1;2;0;2;0;2;3;3;1;2;1;0;2;6;0;3;3;6;6;3.0;3.0;1;3;2;3;3;6;3;4;1;0
140;1;0;0;2;0;2;3;1;0;2;12;5;2;6;0;0;2;6;2;1.0;1.0;9;1;1;0;2;3;3;4;16;0
738;0;0;0;3;0;4;13;1;4;2;9;5;2;6;0;3;2;6;7;1.0;1.0;5;3;2;3;3;3;3;4;0;1
961;6;0;0;2;0;3;3;1;5;2;12;5;2;4;0;3;3;6;2;2.0;1.0;1;0;0;5;1;6;3;8;0;1
937;0;1;0;2;0;2;0;1;5;2;12;5;2;4;0;3;3;6;6;2.0;1.0;1;1;1;1;2;3;3;4;18;1
937;0;1;0;3;0;0;13;1;2;2;12;4;2;4;0;3;2;6;2;2.0;1.0;1;3;2;3;3;3;3;4;18;0
764;4;2;0;2;0;2;0;1;5;2;12;2;2;4;0;3;2;6;2;2.0;1.0;1;1;0;0;2;3;3;4;1;0
764;4;0;0;2;0;4;13;1;1;2;12;5;2;4;0;0;2;5;2;2.0;3.0;1;3;2;3;3;6;3;4;0;1
315;3;3;0;1;2;1;13;1;5;2;11;0;2;6;0;0;2;5;2;2.0;3.0;1;0;0;5;1;0;3;4;16;1
315;3;1;0;2;0;0;13;1;5;2;8;2;2;6;0;0;2;5;2;2.0;3.0;1;1;0;1;2;3;3;4;1;1
416;3;2;0;2;0;0;5;1;5;2;8;2;2;6;0;0;2;5;0;2.0;3.0;1;1;0;0;2;6;3;4;16;1
416;3;1;0;0;2;1;5;1;2;2;8;2;2;6;0;3;3;6;6;2.0;2.0;1;0;0;4;1;3;3;5;13;0
367;5;0;0;2;0;2;11;1;5;2;11;2;2;5;0;3;3;6;2;2.0;2.0;1;0;0;0;2;3;3;4;2;0
221;4;1;0;3;2;1;13;3;5;2;11;0;2;5;0;0;3;3;2;1.0;1.0;1;1;0;2;1;3;3;4;18;1
221;4;0;0;2;0;0;3;1;5;2;8;2;2;4;0;0;3;6;6;1.0;1.0;1;3;2;3;3;3;3;4;18;0
174;0;3;0;2;2;2;4;1;5;2;8;2;2;4;0;0;1;6;2;2.0;2.0;1;1;0;0;1;6;3;4;18;1
174;0;0;0;2;0;3;3;3;4;2;11;2;2;4;0;0;1;6;2;2.0;2.0;1;3;2;3;3;3;3;4;1;1
332;0;3;0;2;0;1;6;1;0;2;12;2;2;6;0;0;3;5;2;2.0;2.0;1;1;0;1;2;3;3;4;16;1
332;0;1;0;2;0;2;0;1;4;2;12;2;2;6;0;0;3;5;2;2.0;2.0;1;1;0;1;2;3;3;4;9;1
332;0;1;0;2;0;4;11;1;3;2;12;0;2;6;0;0;3;5;2;2.0;2.0;1;3;2;3;3;6;3;4;11;1
332;0;1;0;3;0;1;3;1;4;2;12;2;2;4;0;0;2;5;2;1.0;1.0;1;1;0;0;2;3;3;4;4;1
332;0;1;0;3;2;4;13;1;5;2;9;0;2;4;0;0;2;0;7;2.0;1.0;1;3;2;3;3;3;3;4;1;1
827;4;4;0;2;0;0;11;3;0;2;12;0;2;4;0;0;2;0;2;2.0;1.0;1;1;0;0;2;3;3;4;17;1
834;0;0;0;2;0;2;13;1;0;2;12;0;2;4;0;3;3;6;6;1.0;1.0;4;3;2;3;3;1;3;4;1;2
834;0;0;0;2;0;1;5;1;5;2;4;0;2;4;0;0;2;3;2;2.0;1.0;9;3;2;3;3;0;3;4;18;0
834;0;0;0;2;0;1;13;1;5;2;1;0;2;6;0;0;2;3;2;2.0;1.0;1;1;1;1;2;3;3;4;13;0
834;0;0;0;2;0;1;2;1;4;2;2;2;2;6;0;3;3;8;2;2.0;1.0;1;1;0;0;2;6;3;4;1;1
350;4;0;0;2;0;1;11;1;5;2;8;2;2;5;0;3;3;8;2;2.0;1.0;9;3;2;3;3;3;3;4;4;1
1012;0;4;0;2;0;4;3;1;5;2;12;2;2;5;0;3;2;6;2;1.0;1.0;1;1;0;0;1;3;3;4;18;1
16;2;0;0;2;0;4;0;1;5;2;8;0;2;4;1;0;2;8;2;1.0;1.0;9;3;2;3;3;3;3;4;13;0
16;2;1;0;3;0;2;2;1;5;2;8;2;2;4;0;3;3;6;2;2.0;3.0;1;2;0;0;2;3;3;4;18;1
16;2;1;1;2;0;2;13;1;5;2;12;2;2;6;0;3;3;6;2;2.0;3.0;1;1;0;5;1;6;3;4;1;1
7;2;0;0;2;0;1;3;1;4;2;9;0;2;6;0;3;3;6;2;2.0;3.0;1;3;2;3;3;6;3;4;1;1
7;2;0;0;3;0;2;0;1;4;2;8;5;3;6;0;3;3;6;6;2.0;3.0;5;1;0;1;2;3;3;4;17;1
324;4;2;0;2;0;2;3;1;4;2;9;5;2;6;2;3;3;6;2;2.0;2.0;5;1;1;0;2;3;3;4;1;1
324;4;1;0;2;0;4;3;1;5;2;11;2;2;5;0;3;3;6;6;2.0;2.0;1;3;2;3;3;6;3;4;6;1
324;4;1;0;2;0;2;4;1;4;2;8;2;7;5;0;3;3;6;2;2.0;2.0;2;1;0;0;2;3;3;4;6;1
386;4;4;0;2;0;4;5;1;2;2;12;5;2;4;0;0;2;3;2;2.0;1.0;1;3;2;3;3;6;3;4;17;1
386;4;4;0;3;0;3;13;1;4;2;12;0;2;4;0;0;2;3;2;2.0;1.0;1;0;1;5;2;3;3;4;19;1
591;0;4;0;3;0;2;13;1;4;2;2;5;2;4;0;3;3;6;7;2.0;2.0;1;1;0;0;1;3;3;4;18;1
591;0;1;0;3;0;0;13;1;5;2;8;2;2;4;0;3;3;6;2;2.0;2.0;1;3;2;3;3;3;3;4;1;1
572;6;3;0;3;0;2;6;1;5;2;12;2;2;1;0;3;3;6;2;2.0;2.0;9;0;1;0;2;3;3;0;16;1
572;6;1;0;3;0;2;13;1;5;2;8;2;0;4;0;3;3;6;2;1.0;1.0;1;1;1;1;2;3;3;4;18;1
572;6;1;0;3;0;1;13;1;5;2;8;2;2;4;0;3;3;6;7;1.0;1.0;1;3;2;3;3;3;3;4;17;1
541;5;0;0;3;0;2;9;1;4;2;8;2;7;4;0;3;3;6;6;3.0;1.0;1;3;2;3;3;3;3;4;17;1
541;5;0;0;2;0;2;13;1;4;2;2;0;7;4;0;3;3;6;2;3.0;1.0;1;1;0;0;2;3;3;4;16;1
464;4;3;0;2;0;4;7;1;4;2;8;0;6;4;0;3;3;6;2;3.0;1.0;1;3;2;3;3;3;3;4;6;1
464;4;0;0;2;0;4;3;1;2;2;12;3;6;4;0;0;3;6;2;2.0;2.0;9;1;0;0;2;6;3;4;0;0
689;2;1;0;3;0;3;13;1;5;2;12;2;2;4;0;0;3;6;2;2.0;2.0;1;1;0;0;2;3;3;4;1;0
689;2;1;0;3;0;2;4;1;2;2;2;6;3;4;0;0;3;6;2;2.0;2.0;1;3;2;3;3;3;3;4;13;0
296;6;3;0;3;2;2;0;1;0;2;11;0;2;4;0;3;2;6;2;2.0;1.0;9;3;2;3;3;6;3;4;6;1
296;6;3;0;3;0;1;11;1;5;2;2;2;2;4;0;3;2;6;2;2.0;1.0;9;1;1;1;2;3;3;4;7;1
296;6;0;0;3;0;4;3;1;4;2;8;0;2;4;0;3;2;6;6;2.0;1.0;1;3;2;3;3;0;3;4;7;1
456;2;1;0;3;0;1;5;1;1;2;12;5;2;6;0;3;2;6;6;2.0;1.0;4;1;0;1;2;3;3;4;17;1
456;2;3;0;2;0;4;3;1;4;2;2;2;5;6;0;3;3;6;2;1.0;2.0;4;1;0;1;2;3;3;4;1;1
709;4;0;0;2;0;3;3;3;0;2;12;3;2;5;3;3;3;6;2;1.0;2.0;1;0;0;0;1;3;3;7;0;1
709;4;0;0;2;0;1;3;3;4;2;12;3;2;5;0;0;2;5;2;2.0;1.0;1;2;1;5;2;3;3;4;6;1
942;5;0;0;3;0;2;13;2;2;2;8;2;6;5;0;0;2;5;2;2.0;1.0;1;3;2;3;3;3;3;4;18;1
942;5;1;0;3;0;2;3;2;4;2;12;2;2;5;0;0;2;6;2;2.0;1.0;1;1;0;0;2;3;3;4;19;1
73;3;1;0;3;0;0;3;1;1;2;12;2;2;5;0;0;2;6;0;2.0;1.0;1;3;2;3;3;3;3;4;10;1
209;3;1;0;3;0;2;5;3;5;2;9;2;2;5;0;0;2;6;2;2.0;1.0;1;1;0;0;2;3;3;4;0;0
209;3;1;0;2;0;0;12;1;4;2;9;2;2;5;0;0;2;6;6;2.0;1.0;3;1;0;5;2;3;3;4;6;0
209;3;1;0;2;0;2;3;1;2;2;8;0;2;6;0;3;2;6;7;2.0;1.0;9;3;2;3;3;0;3;4;13;1
113;1;0;0;3;2;0;5;1;5;2;1;5;2;6;0;3;2;6;2;2.0;1.0;5;3;2;3;3;3;3;4;2;1
113;1;0;0;2;0;2;11;3;5;2;8;5;0;6;0;0;3;6;2;2.0;1.0;1;1;0;0;2;3;3;4;0;1
564;3;0;0;2;0;1;11;1;2;2;4;5;2;4;1;0;3;6;2;2.0;1.0;1;1;0;0;2;3;3;4;6;1
564;3;0;0;2;0;1;3;1;5;2;12;2;2;4;0;3;2;6;2;1.0;1.0;1;3;2;3;3;3;3;4;16;1
1044;0;1;0;2;0;2;13;1;5;2;9;0;2;6;0;0;3;6;2;1.0;1.0;1;1;0;1;1;3;3;4;13;0
1044;0;0;0;2;2;3;3;3;4;2;9;5;2;6;0;3;3;6;2;2.0;1.0;1;3;2;3;3;6;3;4;1;0
259;3;0;0;1;0;3;5;1;0;2;4;5;2;5;0;3;3;6;2;2.0;1.0;1;0;1;0;2;3;3;6;3;0
259;3;3;1;2;0;2;3;1;1;2;9;0;2;5;0;3;2;6;6;2.0;1.0;1;1;0;0;2;0;3;4;18;0
250;0;1;0;2;0;3;3;1;5;2;9;5;2;6;0;3;2;6;0;2.0;1.0;1;1;0;1;2;3;3;4;6;0
250;0;1;0;2;0;1;13;1;5;2;8;0;2;6;0;3;3;6;2;2.0;1.0;1;2;0;4;2;3;3;4;18;0
713;5;2;0;2;0;1;3;1;1;2;8;3;4;6;0;3;3;6;7;2.0;1.0;1;1;1;0;2;3;3;4;1;0
713;5;3;0;2;0;2;9;1;4;2;8;5;2;4;0;0;2;5;2;2.0;1.0;1;3;2;3;3;6;3;4;17;0
915;1;0;0;3;0;2;3;1;0;2;8;0;4;4;0;0;2;5;2;2.0;1.0;1;0;1;0;2;3;3;4;18;0
915;1;1;0;2;2;2;3;1;5;2;8;4;2;4;0;3;3;6;7;1.0;1.0;9;1;1;0;2;0;3;4;18;1
943;1;0;0;2;0;2;3;1;5;2;8;0;2;4;0;3;3;6;7;2.0;1.0;1;3;2;3;3;3;3;4;1;0
943;1;1;0;2;2;2;3;1;5;2;8;5;2;4;0;3;3;6;2;2.0;1.0;9;3;2;3;3;0;3;4;18;0
1005;3;1;0;5;0;1;0;1;4;2;9;5;2;5;0;3;3;6;2;2.0;1.0;9;1;1;0;2;6;3;4;1;0
1005;3;1;0;2;0;2;3;1;2;2;9;4;2;5;0;3;3;6;2;2.0;1.0;1;0;0;5;1;3;3;6;18;0
829;4;0;1;2;0;2;12;1;4;2;9;5;1;5;0;3;2;6;2;2.0;3.0;1;3;2;3;3;6;3;4;0;2
1044;5;3;1;2;0;4;2;1;1;2;8;3;2;5;0;3;2;6;2;2.0;2.0;5;2;0;4;2;6;3;4;18;1
1044;5;2;1;3;2;1;5;1;1;2;0;0;2;5;0;3;3;6;2;1.0;1.0;1;1;0;1;2;3;3;4;11;1
1044;5;2;1;2;0;2;3;1;5;2;13;5;2;4;0;0;3;3;2;2.0;1.0;1;3;2;3;3;3;3;4;4;1
1044;5;2;0;2;0;3;3;1;5;2;4;5;2;6;0;0;3;3;2;2.0;1.0;8;1;0;1;2;3;3;4;4;1
1044;5;2;0;2;0;2;6;1;5;2;9;1;2;6;0;3;2;6;2;2.0;1.0;2;3;2;3;3;3;3;4;0;1
1044;5;2;0;1;0;4;13;3;3;2;9;0;2;6;0;3;2;6;2;2.0;1.0;1;1;0;0;2;3;3;4;17;1
963;1;4;0;2;0;2;13;1;2;2;12;0;2;6;0;3;3;6;2;2.0;1.0;5;3;2;3;3;3;3;4;16;1
963;1;0;0;3;0;0;15;3;5;2;9;5;2;6;0;3;3;6;2;2.0;1.0;9;3;2;3;3;3;3;4;1;1
630;5;0;0;2;0;2;9;1;0;2;6;0;6;6;0;3;3;6;2;3.0;3.0;1;1;0;0;2;3;3;4;1;0
630;5;0;0;0;0;0;13;1;1;2;6;0;6;6;0;3;3;6;2;3.0;3.0;5;1;1;0;2;4;3;4;11;0
426;5;0;1;2;0;4;11;1;5;2;8;3;2;6;0;3;3;6;2;3.0;3.0;9;3;2;3;3;3;3;4;18;0
426;5;1;0;2;0;0;3;1;1;2;9;0;6;6;0;3;3;6;2;3.0;3.0;1;3;2;3;3;3;3;4;16;0
426;5;1;0;2;0;2;2;1;5;2;9;5;2;6;0;3;3;6;6;1.0;1.0;1;1;0;1;2;3;3;4;0;1
332;4;2;0;2;0;1;2;1;5;1;5;5;2;5;0;3;3;6;2;3.0;2.0;9;2;1;1;2;3;3;4;1;1
332;4;0;0;2;0;2;12;1;4;2;9;5;2;5;0;3;3;6;2;3.0;2.0;1;3;2;3;3;0;3;4;18;1
1059;4;0;1;2;0;1;3;1;2;0;2;5;2;1;0;3;3;6;2;3.0;2.0;3;1;1;1;2;3;3;4;6;1
1059;4;3;1;2;0;1;14;1;5;2;8;0;2;1;0;3;3;6;2;2.0;1.0;1;2;1;4;2;6;3;4;17;1
1059;4;1;1;2;0;4;14;1;5;2;8;2;3;4;0;3;3;6;7;2.0;1.0;1;0;1;0;2;3;3;4;6;1
104;6;0;0;2;0;0;13;3;5;2;8;2;4;6;0;3;2;6;2;3.0;3.0;9;3;2;3;3;3;3;4;13;1
104;6;3;0;0;2;0;13;1;1;2;12;0;3;7;0;3;2;6;2;3.0;3.0;1;1;0;5;2;3;3;4;18;1
206;0;2;0;0;0;5;15;1;1;2;12;0;2;7;0;3;2;6;2;3.0;3.0;1;1;0;0;2;3;3;4;18;1
206;0;0;0;2;0;0;3;1;5;2;9;2;2;7;0;3;2;6;2;3.0;3.0;1;3;2;3;3;3;3;4;18;1
354;1;0;0;2;0;2;12;1;5;2;12;2;2;6;0;3;2;6;2;3.0;3.0;1;3;2;3;3;3;3;4;1;1
354;1;0;0;2;0;4;2;1;3;2;12;0;0;4;0;3;3;6;2;2.0;3.0;1;1;0;0;2;3;3;4;1;1
354;1;1;0;2;0;4;3;1;2;2;12;2;2;6;0;3;3;6;2;2.0;3.0;9;2;0;5;2;3;3;4;13;1
78;1;1;0;2;2;2;3;3;2;2;12;0;2;6;0;3;3;6;2;2.0;3.0;1;2;0;2;2;3;3;4;0;1
78;1;1;0;3;0;1;3;1;1;2;12;3;0;4;0;3;3;6;7;2.0;3.0;1;1;0;4;2;3;3;4;16;1
307;1;0;0;2;0;1;3;1;5;2;12;2;2;4;0;3;3;6;2;2.0;1.0;9;1;0;0;2;3;3;4;13;1
307;1;0;0;2;0;3;0;1;1;2;2;2;2;4;0;3;3;6;2;2.0;1.0;9;2;1;1;2;3;3;4;6;1
514;1;0;0;2;0;1;15;1;2;2;12;0;2;5;0;3;3;1;2;2.0;1.0;1;1;0;1;1;3;3;4;6;1
831;6;0;2;2;0;1;13;2;1;2;4;2;2;5;0;3;3;1;2;2.0;1.0;1;3;2;3;3;0;3;4;10;1
831;6;0;0;3;0;2;13;1;5;2;9;3;2;4;0;3;3;6;6;2.0;2.0;1;1;0;0;2;3;3;4;17;1
831;6;0;0;2;0;4;11;3;4;2;12;2;2;4;0;3;3;6;2;2.0;2.0;1;3;2;3;3;3;3;4;16;1
461;2;1;0;2;0;2;2;1;5;2;8;2;2;6;0;3;3;6;2;2.0;1.0;1;1;0;0;2;3;3;4;6;1
461;2;0;0;2;0;1;3;1;5;2;4;6;2;6;0;3;3;6;2;2.0;1.0;1;0;0;1;2;6;3;6;13;1
461;2;0;0;2;0;2;4;1;0;2;4;3;2;6;0;3;2;6;2;2.0;1.0;1;0;1;0;2;3;3;4;6;1
461;2;0;0;0;0;1;9;1;5;2;12;2;2;4;0;3;2;6;2;2.0;1.0;1;0;1;5;2;6;3;4;16;1
543;0;1;0;2;0;2;3;2;4;2;3;2;2;4;0;3;3;6;2;2.0;2.0;1;3;2;3;3;3;3;4;0;1
49;1;1;0;2;0;0;4;1;5;2;8;4;2;5;0;3;3;6;2;2.0;2.0;1;1;0;1;2;6;3;4;1;1
49;1;3;0;2;0;1;9;1;1;2;2;0;2;6;0;3;3;6;6;2.0;2.0;5;1;0;1;2;3;3;4;16;1
1060;0;4;0;2;0;4;11;2;2;2;3;0;3;7;0;3;3;6;2;3.0;1.0;1;1;1;1;2;3;3;4;6;1
1060;0;0;0;2;0;3;13;1;4;2;8;5;2;1;0;3;3;6;2;3.0;1.0;2;2;1;1;2;6;3;4;13;1
377;6;0;0;2;0;1;12;1;1;2;12;2;4;1;0;3;3;6;2;3.0;1.0;1;1;0;0;2;0;3;4;18;1
377;6;0;0;2;0;3;3;1;0;2;8;0;2;6;0;3;3;6;2;2.0;1.0;2;0;0;1;2;1;3;7;1;1
572;1;0;0;1;0;2;14;1;1;2;8;2;3;6;0;3;3;6;0;2.0;1.0;1;3;2;3;3;0;3;4;1;1
409;3;0;0;0;0;0;3;1;5;2;12;3;8;6;0;0;3;3;2;1.0;1.0;2;1;0;0;2;3;3;4;18;1
189;3;1;0;2;0;3;5;1;0;2;8;0;0;4;0;3;3;6;2;2.0;1.0;1;1;1;0;2;0;3;4;1;1
565;0;1;0;2;0;2;15;1;5;2;9;0;2;4;0;3;3;6;6;2.0;1.0;1;3;2;3;3;3;3;4;6;1
565;0;0;0;1;0;3;4;1;5;2;12;2;2;4;0;3;3;6;2;2.0;1.0;2;1;0;5;2;0;3;4;1;1
451;4;0;0;1;0;3;13;1;1;2;8;3;2;4;0;3;3;6;2;2.0;1.0;5;2;1;0;2;0;3;4;18;1
451;4;3;0;2;0;2;2;1;2;2;8;0;3;5;0;0;3;3;2;1.0;1.0;1;3;2;3;3;0;3;4;0;0
451;4;3;0;1;0;1;3;1;5;2;8;5;2;6;0;3;3;6;6;2.0;1.0;1;0;1;1;2;3;3;6;18;1
514;5;0;0;2;0;4;14;1;2;2;12;2;0;6;0;3;3;6;6;2.0;1.0;1;1;0;0;2;3;3;4;7;1
514;5;0;0;2;0;4;15;1;5;2;2;0;2;6;0;3;3;6;2;3.0;2.0;9;0;1;0;2;2;3;4;18;1
348;1;1;0;2;0;2;14;1;5;2;4;0;2;4;0;3;3;6;2;3.0;2.0;1;1;0;4;2;3;3;4;11;1
304;2;4;0;2;0;0;3;1;0;2;8;3;2;4;0;3;3;6;6;3.0;2.0;1;3;2;3;3;6;3;4;10;1
441;0;1;0;4;0;3;12;1;5;2;2;0;2;4;0;0;3;3;6;2.0;1.0;1;3;2;3;3;3;3;4;17;1
441;0;1;0;2;0;3;12;1;5;2;8;0;2;5;0;0;3;3;2;2.0;1.0;1;1;0;0;2;3;3;4;13;1
441;0;1;0;1;0;1;14;1;5;2;8;5;2;5;0;3;3;6;7;2.0;1.0;5;2;0;4;2;3;3;4;0;0
438;2;3;0;2;2;0;15;1;5;2;9;2;2;5;0;3;3;6;2;2.0;1.0;1;2;1;1;1;3;3;4;1;0
438;2;4;0;2;0;2;15;1;2;2;8;2;2;4;0;0;3;6;2;2.0;1.0;1;1;0;0;2;3;3;4;0;1
362;6;0;0;3;0;1;14;1;2;2;9;0;2;4;0;0;3;6;2;2.0;1.0;4;3;2;3;3;3;3;4;10;1
362;6;1;0;3;2;2;16;1;1;2;8;3;2;4;0;3;3;6;2;2.0;1.0;1;0;1;1;2;3;3;0;16;1
362;6;0;0;2;0;4;14;1;1;2;8;3;2;4;0;3;3;6;2;2.0;1.0;9;0;0;0;2;3;3;7;16;1
1022;1;0;0;2;0;2;14;1;5;2;12;2;2;4;0;3;3;6;6;2.0;1.0;9;0;0;0;2;6;3;7;1;0
1022;1;0;0;1;0;2;6;1;5;2;12;2;2;4;0;3;3;6;6;2.0;1.0;1;3;2;3;3;6;3;4;0;0
1017;4;0;0;2;0;2;3;1;4;2;9;2;2;5;0;3;3;6;2;1.0;2.0;5;1;0;0;2;6;3;4;0;0
76;0;1;0;2;0;4;3;1;5;2;2;2;2;5;0;3;3;6;2;1.0;2.0;1;3;2;3;3;3;3;4;1;0
375;3;0;0;2;0;0;4;3;5;2;2;3;2;4;0;0;3;6;2;2.0;1.0;1;1;0;1;2;1;3;4;1;1
437;1;0;0;2;0;1;3;1;1;2;9;3;2;4;0;0;3;6;2;2.0;1.0;1;3;2;3;3;3;3;4;19;1
437;1;1;0;2;0;0;11;1;5;2;8;2;0;4;0;3;3;6;2;2.0;2.0;1;1;0;5;2;6;3;4;11;0
437;1;1;0;2;0;2;3;1;2;2;8;2;0;4;3;3;3;6;2;2.0;2.0;1;1;0;1;2;1;3;4;1;0
437;1;1;0;3;0;2;3;1;1;2;9;2;2;4;0;3;3;6;2;2.0;2.0;1;3;2;3;3;3;3;4;10;0
341;6;0;1;2;0;2;3;1;2;2;2;5;2;5;0;3;3;6;2;1.0;1.0;1;1;1;0;2;3;3;4;6;0
341;6;0;0;2;0;4;14;1;5;2;12;2;2;4;0;0;3;6;2;3.0;4.0;1;3;2;3;3;3;3;4;13;1
341;6;0;0;2;0;1;6;1;5;2;8;2;2;4;0;0;3;6;2;3.0;4.0;5;1;0;1;2;3;3;4;18;1
341;6;1;0;2;2;4;6;1;5;2;12;2;2;4;0;0;3;6;1;3.0;4.0;1;3;2;3;3;3;3;4;16;1
402;1;0;0;2;0;1;15;1;5;2;12;2;2;6;0;0;3;6;2;3.0;4.0;8;0;0;4;2;3;3;4;3;1
402;1;3;0;3;1;2;15;1;5;2;12;2;2;6;0;0;3;6;6;2.0;1.0;1;3;2;3;3;3;3;4;1;1
402;1;1;1;3;0;2;4;3;1;2;9;2;2;4;0;0;3;6;2;2.0;1.0;1;1;0;1;2;3;3;4;18;1
461;2;0;0;2;0;2;3;1;3;2;2;0;2;4;0;3;3;5;2;2.0;1.0;1;3;2;3;3;6;3;4;13;1
461;2;1;0;2;0;2;3;1;5;2;12;0;2;4;0;3;3;5;2;2.0;1.0;11;1;0;0;2;6;3;4;16;1
128;4;2;0;3;0;4;3;1;5;2;12;4;2;4;0;0;3;5;2;2.0;3.0;1;2;0;1;2;3;3;4;16;1
128;4;3;0;2;0;3;14;1;5;2;9;2;2;4;0;0;3;5;2;2.0;3.0;1;2;0;2;2;3;3;4;18;1
128;4;1;0;2;0;2;14;1;5;2;8;4;2;0;0;0;3;5;2;2.0;3.0;1;1;0;2;2;3;3;4;18;1
128;4;1;0;3;0;0;3;1;5;2;4;2;2;5;0;0;3;5;6;2.0;3.0;1;2;1;2;2;3;3;4;11;1
140;4;3;0;2;0;4;11;3;5;2;9;3;2;5;0;3;3;6;6;2.0;1.0;4;3;2;3;3;3;3;4;10;0
140;4;3;0;3;2;1;13;1;5;2;8;6;2;6;0;3;3;6;2;2.0;1.0;1;1;1;0;2;3;3;4;0;0
140;4;0;0;2;0;2;2;1;1;2;12;2;2;6;0;3;3;6;6;1.0;1.0;1;3;2;3;3;3;3;4;1;0
140;4;0;0;2;0;3;10;1;5;2;2;5;2;5;0;3;3;6;6;3.0;1.0;9;1;0;1;2;3;3;4;6;1
956;0;1;0;2;0;2;13;1;4;2;4;2;2;5;0;3;3;6;2;3.0;1.0;1;3;2;3;3;3;3;4;13;1
956;0;1;0;1;0;4;4;1;5;2;1;4;2;5;0;3;3;6;2;3.0;1.0;9;3;2;3;3;3;3;4;13;1
585;2;0;0;2;0;2;15;1;5;2;0;0;2;5;0;0;3;3;6;2.0;2.0;1;1;0;0;2;6;3;4;0;1
585;2;1;0;3;0;0;13;1;5;2;12;2;2;4;0;0;3;3;2;2.0;2.0;1;1;1;4;2;3;3;4;16;1
644;2;3;0;2;0;2;9;1;5;2;12;2;2;4;0;3;3;6;2;2.0;1.0;1;3;2;3;3;3;3;4;9;1
644;2;3;0;0;0;0;3;1;5;2;4;2;2;4;0;3;3;6;2;2.0;1.0;1;2;1;0;1;3;3;4;10;1
644;2;3;0;2;0;4;3;3;1;2;12;2;2;4;0;3;3;6;2;3.0;1.0;11;3;2;3;3;3;3;4;0;1
644;2;3;0;2;0;0;3;3;5;2;8;5;2;4;0;3;3;6;2;3.0;1.0;1;2;0;4;2;3;3;4;6;1
644;2;3;0;2;0;2;11;1;5;2;12;5;2;4;0;3;3;6;2;3.0;1.0;1;3;2;3;3;3;3;4;18;1
644;2;1;1;2;0;1;3;1;5;2;8;2;2;5;0;3;3;6;7;1.0;1.0;1;1;0;0;2;6;3;4;1;1
247;3;3;1;2;0;2;0;1;5;2;8;0;2;5;0;3;2;6;2;4.0;1.0;1;3;2;3;3;3;3;4;18;1
247;3;0;0;2;0;1;0;2;5;2;12;5;2;5;0;3;2;6;6;4.0;1.0;1;1;0;0;2;3;3;4;18;1
247;3;2;0;2;0;1;11;3;1;2;12;5;2;5;0;3;2;6;2;4.0;1.0;1;3;2;3;3;3;3;4;19;1
247;3;2;0;2;0;4;3;1;5;2;12;0;2;5;0;3;2;6;2;4.0;1.0;0;1;0;0;2;3;3;4;11;1
236;2;4;0;2;0;0;8;1;4;2;12;5;2;5;0;3;3;6;2;3.0;3.0;4;1;0;1;2;3;3;4;6;1
236;2;0;0;0;2;0;3;1;5;2;9;0;2;6;0;3;3;6;2;3.0;3.0;3;3;2;3;3;3;3;4;10;1
950;0;0;0;0;0;5;13;1;1;2;2;0;2;5;0;3;3;6;2;3.0;3.0;9;3;2;3;3;3;3;4;13;1
950;0;0;0;2;0;0;3;1;1;2;8;3;2;5;0;3;3;6;2;2.0;1.0;9;1;0;1;2;6;3;4;3;1
337;1;1;0;2;0;2;6;1;1;2;2;5;2;0;0;3;3;6;2;2.0;1.0;1;1;1;1;2;6;3;4;10;1
617;0;3;0;2;0;4;10;1;1;2;12;2;2;0;0;3;3;6;2;2.0;1.0;4;3;2;3;3;3;3;4;0;1
617;0;1;0;2;0;4;3;1;5;2;12;5;2;4;0;3;3;6;2;2.0;1.0;1;3;2;3;3;3;3;4;1;1
617;0;1;0;2;2;2;6;1;0;2;11;5;8;4;0;3;3;6;6;2.0;1.0;1;1;0;1;2;3;3;4;18;1
462;1;3;0;3;0;1;3;1;2;2;8;2;0;4;0;3;3;6;2;2.0;1.0;11;0;1;0;2;3;3;4;18;1
462;1;3;0;2;0;1;13;1;3;2;12;5;8;4;0;3;3;6;6;2.0;1.0;1;0;0;0;1;3;3;4;16;1
462;1;1;0;2;0;3;13;1;5;2;8;0;2;4;0;3;3;6;2;2.0;1.0;1;0;1;4;1;3;3;4;13;1
268;0;0;0;2;0;1;5;1;5;2;12;0;2;6;0;3;3;6;2;1.0;1.0;11;0;1;1;2;6;3;6;13;0
151;2;1;0;2;0;1;13;1;1;2;12;2;2;5;0;3;3;6;2;2.0;1.0;0;3;2;3;3;6;3;4;19;1
151;2;0;0;3;0;2;13;1;5;2;8;0;2;4;0;3;3;6;7;2.0;1.0;1;1;0;1;2;6;3;4;1;1
946;5;0;0;2;0;4;5;1;5;2;12;3;2;4;0;3;3;6;2;3.0;1.0;9;1;0;1;2;3;3;4;1;1
367;3;1;0;2;0;2;0;1;5;2;2;5;2;4;0;3;3;6;2;3.0;1.0;3;3;2;3;3;6;3;4;16;1
997;3;1;0;2;0;1;3;1;5;2;8;2;2;4;0;3;3;6;2;3.0;1.0;1;1;1;0;2;6;3;4;0;1
997;3;0;0;2;0;2;4;1;4;2;8;2;2;4;0;3;3;6;7;1.0;1.0;1;3;2;3;3;3;1;4;0;1
1002;3;0;0;0;0;1;11;1;1;2;12;0;3;4;0;3;3;6;6;2.0;1.0;4;3;2;3;3;3;3;4;6;1
523;5;0;0;2;0;2;2;1;1;2;9;0;2;4;0;3;3;6;2;2.0;1.0;9;1;0;0;2;6;3;4;1;1
180;0;1;0;2;0;0;3;1;5;2;9;0;2;4;0;3;3;6;2;1.0;2.0;1;0;1;0;2;6;3;8;0;0
180;0;1;1;2;0;1;3;1;2;1;12;2;2;0;0;3;3;6;2;1.0;2.0;9;3;2;3;3;3;3;4;10;0
946;3;0;0;2;0;4;11;1;5;1;12;5;2;0;0;3;3;6;2;3.0;1.0;1;1;0;1;2;3;3;4;6;1
946;3;1;0;2;0;3;4;1;5;2;8;2;8;6;0;3;3;6;2;3.0;1.0;1;3;2;3;3;3;3;4;18;1
878;2;2;0;2;0;1;13;3;5;2;11;3;2;6;0;3;3;6;2;3.0;1.0;1;0;0;1;2;3;3;4;16;1
878;2;0;0;2;0;3;3;1;5;2;12;2;8;7;0;3;3;6;2;2.0;1.0;1;1;0;0;2;3;3;4;16;1
307;4;1;0;1;0;2;3;1;2;2;12;2;1;7;0;3;3;6;6;2.0;1.0;1;3;2;3;3;2;3;4;16;1
476;3;1;0;0;0;0;13;3;5;2;2;2;2;4;0;3;3;6;6;2.0;1.0;1;1;0;0;2;0;3;4;1;1
685;1;0;0;2;0;3;13;1;5;2;8;2;0;4;0;3;3;6;2;2.0;1.0;1;3;2;3;3;3;3;4;13;1
685;1;0;0;2;0;2;13;1;5;2;12;2;0;4;0;3;3;6;2;3.0;1.0;1;1;0;2;2;1;3;4;6;1
685;1;0;0;1;0;3;4;3;5;2;9;3;2;6;0;3;3;6;2;3.0;1.0;1;1;0;0;2;3;3;4;10;1
411;0;1;1;1;0;3;4;1;5;2;8;2;2;5;0;3;3;6;2;3.0;1.0;1;3;2;3;3;3;3;4;0;1
411;0;1;1;2;0;2;3;1;5;2;8;0;2;5;0;3;3;6;2;2.0;1.0;1;0;1;0;1;3;3;4;16;1
411;0;1;0;1;0;1;2;1;3;2;8;2;2;4;0;3;3;6;0;2.0;1.0;5;3;2;3;3;0;3;4;0;1
411;0;2;0;2;0;4;3;2;0;2;2;2;2;7;0;3;2;6;2;1.0;2.0;5;1;0;0;2;3;3;4;7;0
411;0;2;0;2;0;4;3;1;5;2;8;2;2;7;0;3;2;6;6;1.0;2.0;1;0;1;0;2;3;3;6;13;0
630;6;0;0;2;0;2;9;1;0;2;8;2;0;4;0;3;3;6;7;3.0;1.0;1;0;1;0;2;3;3;4;16;1
630;6;0;0;2;0;0;3;1;5;2;8;2;0;4;0;3;3;6;2;3.0;1.0;3;3;2;3;3;6;3;4;18;1
630;6;0;0;4;0;3;3;1;2;2;8;2;2;6;0;3;3;6;2;3.0;1.0;1;1;0;0;2;3;3;4;6;1
332;5;1;0;2;0;3;5;1;5;2;12;2;2;4;0;3;2;6;2;2.0;2.0;1;1;0;0;2;1;3;4;1;1
632;1;1;0;1;0;1;14;1;5;2;9;3;2;4;0;3;2;6;2;2.0;2.0;1;3;2;3;3;3;3;4;16;1
632;1;1;0;2;2;0;3;1;5;2;2;0;2;4;0;3;3;6;2;1.0;2.0;1;1;0;1;2;3;3;4;16;0
201;2;1;0;2;0;2;3;1;5;2;12;2;2;4;0;3;3;6;2;1.0;2.0;1;3;2;3;3;6;3;4;18;0
201;2;1;0;3;0;1;0;1;5;2;1;2;2;4;0;3;3;6;2;2.0;1.0;3;3;2;3;3;6;3;4;7;1
201;2;1;0;3;2;2;4;1;5;2;12;2;2;4;0;3;3;6;6;2.0;1.0;1;1;0;0;2;6;3;4;6;1
386;5;1;0;2;0;4;13;1;5;2;4;0;0;4;0;3;2;6;0;1.0;1.0;1;1;0;1;2;3;2;4;6;2
386;5;1;0;2;0;2;3;1;5;2;12;2;2;4;0;3;3;6;2;1.0;1.0;5;1;1;0;2;3;0;4;0;1
322;6;1;0;1;0;2;6;1;5;2;12;5;2;4;0;3;3;6;7;2.0;2.0;1;1;0;5;2;3;3;4;6;1
456;3;0;0;2;0;2;3;1;2;2;2;5;2;4;0;3;3;6;2;2.0;2.0;1;1;1;0;2;6;3;4;1;1
506;5;0;0;2;0;4;0;1;2;2;2;0;2;1;0;3;3;6;2;2.0;1.0;1;3;2;3;3;3;3;4;6;1
506;5;0;0;2;0;0;5;1;5;2;12;2;2;1;0;3;3;6;7;2.0;1.0;1;3;2;3;3;3;3;4;6;1
506;5;1;0;2;0;1;3;1;5;2;12;4;2;1;0;0;3;3;7;2.0;4.0;1;1;0;5;2;3;3;4;10;2
506;5;3;0;2;0;0;13;3;1;2;1;2;2;6;0;0;3;3;2;2.0;4.0;2;1;0;0;2;3;3;4;6;2
509;4;1;0;2;0;2;3;1;1;2;12;0;2;4;0;0;3;3;2;2.0;4.0;5;3;2;3;3;3;3;4;18;2
509;4;1;0;3;0;2;4;1;2;2;8;0;2;4;0;0;3;3;2;2.0;4.0;1;1;0;4;2;3;3;4;6;2
148;0;0;0;2;0;2;5;1;2;2;2;2;2;4;0;3;3;6;2;1.0;1.0;1;3;2;3;3;3;3;4;7;1
148;0;0;0;2;0;4;3;1;1;2;8;2;2;4;0;3;3;6;2;1.0;1.0;1;1;1;4;2;0;3;4;11;1
313;6;0;0;2;0;1;3;1;5;2;8;0;3;6;0;3;3;6;6;2.0;1.0;1;3;2;3;3;3;3;4;18;1
313;6;0;0;2;2;4;3;1;1;2;12;0;2;6;0;0;3;3;2;2.0;1.0;1;1;0;0;2;3;3;4;6;1
313;6;3;0;2;0;1;11;3;5;2;9;2;2;6;0;0;2;5;2;2.0;1.0;1;3;2;3;3;6;3;4;16;1
313;6;3;0;3;1;2;2;1;1;2;8;2;0;4;0;0;2;5;2;2.0;1.0;1;3;2;3;3;6;3;4;16;1
1016;1;0;0;3;0;2;2;1;1;2;9;5;2;4;0;3;3;6;2;2.0;1.0;1;3;2;3;3;3;3;4;16;1
407;3;1;0;2;0;2;2;1;5;2;9;2;2;4;0;3;3;6;2;2.0;1.0;1;1;0;0;2;6;3;4;16;1
535;4;0;0;2;0;2;6;1;5;2;12;3;2;4;0;0;3;3;2;2.0;2.0;9;1;0;1;2;3;3;4;18;1
535;4;0;0;3;0;4;13;1;5;2;3;4;2;4;0;0;3;3;2;2.0;2.0;9;3;2;3;3;6;3;4;13;1
975;6;0;0;2;0;3;5;3;5;2;12;0;2;4;0;3;3;6;2;3.0;1.0;4;1;0;0;2;3;3;4;18;1
975;6;1;0;2;0;2;3;1;5;2;12;0;2;6;0;3;3;6;2;3.0;1.0;5;3;2;3;3;6;3;4;1;1
464;4;0;0;3;0;0;3;1;5;2;1;4;0;6;0;3;3;6;2;3.0;1.0;5;1;0;0;2;6;3;4;1;1
464;4;1;0;2;0;2;11;1;5;2;12;0;2;4;0;3;3;6;2;2.0;1.0;1;3;2;3;3;6;3;4;17;1
661;5;0;0;2;0;4;13;1;5;2;12;0;2;4;0;3;3;6;2;2.0;1.0;1;1;0;2;2;3;3;4;13;1
250;4;1;0;1;2;1;13;1;5;2;12;0;2;1;0;3;3;6;2;1.0;1.0;5;3;2;3;3;0;3;4;1;1
250;4;0;0;2;0;0;13;1;3;2;8;2;2;1;0;3;3;6;2;1.0;1.0;5;3;2;3;3;3;3;4;18;0
291;0;3;0;2;0;0;0;1;1;2;12;2;0;4;0;3;3;6;2;1.0;1.0;1;1;0;0;2;3;3;4;16;1
383;5;3;0;0;2;1;5;1;5;2;9;2;2;4;0;3;3;6;6;2.0;1.0;2;3;2;3;3;3;3;4;0;1
383;5;3;0;2;0;2;2;1;2;2;12;0;2;6;0;3;3;6;2;2.0;1.0;5;1;0;1;2;3;3;4;18;1
244;4;1;0;3;2;1;5;1;5;2;12;0;2;6;0;3;3;6;2;1.0;1.0;4;3;2;3;3;6;3;4;18;1
244;4;1;0;2;0;0;2;1;5;2;2;0;2;6;0;3;3;6;2;2.0;1.0;1;1;0;2;2;3;3;4;19;1
244;4;0;0;2;2;2;5;1;0;0;8;0;2;6;0;3;3;6;2;2.0;1.0;1;3;2;3;3;3;3;4;17;1
333;6;1;0;2;0;3;11;1;4;2;11;5;2;4;0;3;3;6;7;1.0;1.0;1;1;0;0;1;3;3;4;1;1
333;6;3;0;2;0;1;3;1;1;2;12;0;2;4;0;0;3;3;2;2.0;4.0;1;2;0;2;1;3;3;4;18;1
164;1;0;0;2;0;2;13;1;0;2;8;0;2;4;0;0;3;3;2;2.0;4.0;1;3;2;3;3;3;3;4;6;1
519;3;0;0;2;0;4;10;1;0;2;9;5;8;4;2;0;3;3;2;2.0;4.0;1;1;0;0;2;6;3;4;18;1
519;3;1;0;3;0;1;13;1;0;2;4;4;2;4;0;0;3;3;2;2.0;4.0;1;3;2;3;3;3;3;4;0;1
545;5;1;0;3;2;4;13;1;1;2;12;0;2;4;0;3;3;6;2;1.0;1.0;1;1;1;1;2;3;3;4;11;0
441;0;1;0;2;0;0;0;1;0;2;9;0;2;4;0;3;3;8;2;1.0;1.0;1;3;2;3;3;6;3;4;6;0
441;0;1;0;2;0;2;3;1;0;2;1;2;2;4;0;0;0;3;2;1.0;1.0;5;3;2;3;3;6;3;4;13;0
182;0;1;0;2;0;1;3;1;5;1;8;5;2;5;0;3;3;6;2;2.0;1.0;1;1;1;4;2;3;3;4;18;1
923;0;0;0;2;0;1;3;1;5;2;5;2;2;0;0;3;3;6;7;2.0;1.0;1;1;0;4;2;6;3;4;11;1
923;0;0;0;2;0;1;0;1;0;2;5;2;2;0;0;3;3;6;2;2.0;1.0;9;2;0;4;2;3;3;4;6;1
426;0;0;0;2;0;1;15;1;0;2;5;0;2;0;0;3;3;6;2;2.0;1.0;1;3;2;3;3;3;3;4;6;1
426;0;1;0;2;0;4;4;3;3;2;5;0;2;0;0;3;3;6;2;1.0;1.0;9;3;2;3;3;3;3;4;13;1
426;0;0;0;2;0;4;15;1;5;2;5;5;8;6;1;0;2;6;2;2.0;2.0;5;3;2;3;3;6;3;4;6;1
1026;0;1;1;3;0;2;4;1;5;2;11;5;8;6;0;0;2;6;6;2.0;2.0;1;1;0;0;2;3;3;4;7;1
1026;0;0;0;2;0;2;10;1;4;2;5;2;2;6;0;3;3;6;2;1.0;1.0;2;2;0;4;2;0;3;4;1;0
372;3;1;0;2;0;1;15;1;5;2;5;0;2;6;0;3;3;6;2;2.0;1.0;1;3;2;3;3;3;3;4;18;1
474;2;2;0;3;0;2;3;1;5;2;5;2;4;6;0;3;3;6;2;2.0;1.0;5;3;2;3;3;3;3;4;18;1
245;2;3;0;2;0;2;1;1;1;2;5;2;3;6;0;3;3;6;2;1.0;1.0;5;1;0;1;2;3;3;4;0;0
245;2;0;1;2;0;4;13;1;1;2;8;0;3;6;0;3;2;6;2;2.0;1.0;5;3;2;3;3;3;3;4;10;1
245;2;0;0;2;0;2;2;1;1;2;5;0;3;1;0;3;2;6;2;2.0;1.0;0;0;1;2;2;3;3;6;0;1
